signal_name,exit_mode,fixed_holding_bars,signal_idx,entry_idx,exit_idx,signal_time,entry_time,exit_time,entry_price,exit_price,gross_return,net_return,holding_bars,exit_reason,false_squeeze_score,breakout_level,entry_forced_cover_score,entry_buy_aggression_ratio_15m,entry_cvd_15m,entry_cvd_slope_15m,exit_buy_aggression_ratio_15m,exit_cvd_15m,exit_cvd_slope_15m,cumulative_return,win,exit_label,cost_label
breakout_forced_cover_signal,adaptive,,39,40,42,2026-05-01 03:15:00+00:00,2026-05-01 03:20:00+00:00,2026-05-01 03:30:00+00:00,77256.158142,77214.554,-0.0005385220155981196,-0.0013385220155981196,2,false_squeeze,3,76729.7,3,0.7869739978296629,151.45113,138.86171000000002,0.39919829133009777,-132.14902000000004,-192.02451000000002,-0.0013385220155981425,False,adaptive,with_cost
breakout_forced_cover_signal,adaptive,,98,99,101,2026-05-01 08:10:00+00:00,2026-05-01 08:15:00+00:00,2026-05-01 08:25:00+00:00,77265.439998,77425.24185399999,0.002068219064100596,0.001268219064100596,2,false_squeeze,3,77147.89,3,0.7791722363635174,116.18608,110.87657,0.4289625373532755,-51.40207999999998,-123.55747,-7.200049063538216e-05,True,adaptive,with_cost
breakout_forced_cover_signal,adaptive,,124,125,127,2026-05-01 10:20:00+00:00,2026-05-01 10:25:00+00:00,2026-05-01 10:35:00+00:00,77424.251754,77238.10928799999,-0.0024041881165534074,-0.0032041881165534073,2,false_squeeze,4,77377.91,3,0.6920287224066014,64.313,38.8061,0.4788974812370337,-1.9813100000000063,-42.7779,-0.003275957904072313,False,adaptive,with_cost
breakout_forced_cover_signal,adaptive,,135,136,138,2026-05-01 11:15:00+00:00,2026-05-01 11:20:00+00:00,2026-05-01 11:30:00+00:00,77449.41678599999,77359.52500000001,-0.0011606515546573881,-0.001960651554657388,2,false_squeeze,2,77433.72,3,0.8180452745725164,57.82064999999999,23.45736000000001,0.5808174083837782,37.87459999999999,-38.64442,-0.005230186446772089,False,adaptive,with_cost
breakout_forced_cover_signal,adaptive,,147,148,153,2026-05-01 12:15:00+00:00,2026-05-01 12:20:00+00:00,2026-05-01 12:45:00+00:00,77706.678228,77975.50178,0.0034594652368389323,0.0026594652368389323,5,false_squeeze,3,77677.77,3,0.6419618867039846,64.64678,24.54444,0.4565825670064961,-36.71722000000001,-172.83258,-0.0025846307089704146,True,adaptive,with_cost
breakout_forced_cover_signal,adaptive,,211,212,217,2026-05-01 17:35:00+00:00,2026-05-01 17:40:00+00:00,2026-05-01 18:05:00+00:00,78528.162492,78484.339992,-0.0005580482034642786,-0.0013580482034642786,5,false_squeeze,3,78390.0,3,0.7373911477980973,74.10553999999998,25.792930000000013,0.489172033110538,-1.713950000000028,-3.2969899999999974,-0.003939168859343756,False,adaptive,with_cost
breakout_forced_cover_signal,adaptive,,263,264,266,2026-05-01 21:55:00+00:00,2026-05-01 22:00:00+00:00,2026-05-01 22:10:00+00:00,78215.64,78266.953478,0.0006560513728455231,-0.00014394862715447698,2,false_squeeze,3,78190.98,3,0.7322119554585614,45.70058999999998,50.83796999999999,0.3218600790487031,-35.73764000000001,-80.18114,-0.004082550448548772,False,adaptive,with_cost
breakout_forced_cover_signal,adaptive,,306,307,309,2026-05-02 01:30:00+00:00,2026-05-02 01:35:00+00:00,2026-05-02 01:45:00+00:00,78439.78482,78319.12304199999,-0.0015382726798256474,-0.0023382726798256473,2,false_squeeze,2,78393.39,3,0.639542618442797,11.395239999999989,30.554000000000002,0.5023761655127305,0.5627199999999917,-42.28163000000001,-0.00641127701219657,False,adaptive,with_cost
breakout_forced_cover_signal,adaptive,,369,370,378,2026-05-02 06:45:00+00:00,2026-05-02 06:50:00+00:00,2026-05-02 07:30:00+00:00,78315.64999800001,78262.04446,-0.0006844805348786842,-0.0014844805348786841,8,false_squeeze,4,78288.0,3,0.6512873636863039,12.287949999999984,13.03249,0.44119702686320944,-2.0276500000000177,-21.43891,-0.007886240131146915,False,adaptive,with_cost
breakout_forced_cover_signal,adaptive,,437,438,440,2026-05-02 12:25:00+00:00,2026-05-02 12:30:00+00:00,2026-05-02 12:40:00+00:00,78258.508572,78212.06445800001,-0.0005934704717412975,-0.0013934704717412975,2,false_squeeze,2,78227.86,3,0.7715534839327687,32.84402999999999,10.500300000000003,0.5492649608807165,3.2047999999999845,-16.36573,-0.00926872136013246,False,adaptive,with_cost
breakout_forced_cover_signal,adaptive,,444,445,457,2026-05-02 13:00:00+00:00,2026-05-02 13:05:00+00:00,2026-05-02 14:05:00+00:00,78323.291526,78313.41418400001,-0.00012610989410111184,-0.0009261098941011119,12,false_squeeze,3,78262.37,3,0.723570859511533,17.303449999999987,10.03553,0.43592217552208795,-4.016630000000014,-6.841920000000001,-0.01018624739967633,False,adaptive,with_cost
breakout_forced_cover_signal,adaptive,,461,462,471,2026-05-02 14:25:00+00:00,2026-05-02 14:30:00+00:00,2026-05-02 15:15:00+00:00,78436.11408599999,78353.406184,-0.0010544620034248497,-0.0018544620034248497,9,false_squeeze,4,78397.11,4,0.8316016083933422,68.46145999999999,66.64376,0.38127051602184747,-7.285310000000015,-8.3524,-0.012021819394340993,False,adaptive,with_cost
breakout_forced_cover_signal,adaptive,,628,629,631,2026-05-03 04:20:00+00:00,2026-05-03 04:25:00+00:00,2026-05-03 04:35:00+00:00,78236.264124,78203.226226,-0.0004222836860874324,-0.0012222836860874323,2,false_squeeze,3,78217.59,3,0.8021692818171012,14.348459999999974,7.940040000000003,0.4970144819133151,-0.09787000000002832,-4.990470000000002,-0.013229409006705661,False,adaptive,with_cost
breakout_forced_cover_signal,adaptive,,658,659,670,2026-05-03 06:50:00+00:00,2026-05-03 06:55:00+00:00,2026-05-03 07:50:00+00:00,78346.26612,78367.92328,0.0002764287447576397,-0.0005235712552423604,11,false_squeeze,3,78254.82,3,0.7447587138242954,26.149599999999957,22.84565,0.40398646151632733,-9.50371000000004,-9.892020000000002,-0.013746053723668328,False,adaptive,with_cost
breakout_forced_cover_signal,adaptive,,688,689,696,2026-05-03 09:20:00+00:00,2026-05-03 09:25:00+00:00,2026-05-03 10:00:00+00:00,78500.62698599999,78461.60454,-0.0004970972525728534,-0.0012970972525728534,7,false_squeeze,4,78481.76,4,0.7083287415628613,27.108589999999953,19.999099999999995,0.46054276016544565,-3.7778500000000435,-6.485279999999998,-0.01502532100772247,False,adaptive,with_cost
breakout_forced_cover_signal,adaptive,,710,711,720,2026-05-03 11:10:00+00:00,2026-05-03 11:15:00+00:00,2026-05-03 12:00:00+00:00,78541.915242,78725.461758,0.002336924372603688,0.0015369243726036882,9,false_squeeze,3,78491.27,4,0.7810533345513762,44.61004999999996,24.24608,0.4317321395813997,-11.923700000000041,-45.416679999999985,-0.01351148941718161,True,adaptive,with_cost
breakout_forced_cover_signal,adaptive,,722,723,725,2026-05-03 12:10:00+00:00,2026-05-03 12:15:00+00:00,2026-05-03 12:25:00+00:00,78872.56135799999,78757.465356,-0.0014592654279043105,-0.0022592654279043104,2,false_squeeze,4,78849.22,5,0.6657468873698181,39.28422999999995,21.14203,0.42539671762446674,-7.032180000000045,-10.147480000000002,-0.015740228804166256,False,adaptive,with_cost
breakout_forced_cover_signal,adaptive,,756,757,759,2026-05-03 15:00:00+00:00,2026-05-03 15:05:00+00:00,2026-05-03 15:15:00+00:00,78815.76,78742.07843400001,-0.0009348582821504525,-0.0017348582821504525,2,false_squeeze,4,78786.57,4,0.5227683545386551,4.189649999999961,29.640620000000002,0.4212732117114372,-9.464070000000046,-20.96451,-0.017447780020012904,False,adaptive,with_cost
breakout_forced_cover_signal,adaptive,,820,821,825,2026-05-03 20:20:00+00:00,2026-05-03 20:25:00+00:00,2026-05-03 20:45:00+00:00,78945.83601,78830.340778,-0.0014629680023322544,-0.0022629680023322544,4,false_squeeze,2,78853.32,5,0.6698530679452158,35.42761999999993,37.21974999999999,0.5503047049640386,41.832129999999964,-26.745649999999998,-0.019671264254448206,False,adaptive,with_cost
breakout_forced_cover_signal,adaptive,,881,882,885,2026-05-04 01:25:00+00:00,2026-05-04 01:30:00+00:00,2026-05-04 01:45:00+00:00,78621.411138,78964.433954,0.004362969463851396,0.003562969463851396,3,false_squeeze,3,78585.86,4,0.6687443949436331,33.08244999999995,9.808639999999997,0.3720234393101028,-23.66282000000005,-36.62149000000001,-0.016178382904450728,True,adaptive,with_cost
breakout_forced_cover_signal,adaptive,,886,887,887,2026-05-04 01:50:00+00:00,2026-05-04 01:55:00+00:00,2026-05-04 01:55:00+00:00,79267.370304,79753.47611399999,0.006132483115507847,0.005332483115507847,0,extreme_vol_exit,0,79145.2,4,0.5749252803507674,29.92913999999995,53.59196,0.6177469401466189,241.71796000000003,211.78882000000007,-0.010932170742616987,True,adaptive,with_cost
breakout_forced_cover_signal,adaptive,,980,981,984,2026-05-04 09:40:00+00:00,2026-05-04 09:45:00+00:00,2026-05-04 10:00:00+00:00,79873.531512,79458.26902166911,-0.005199000000000065,-0.005999000000000065,3,stop_loss,0,79823.25,3,0.7378613781305892,74.51010999999994,6.938229999999976,0.42365856301131566,-55.17059000000002,-77.73040999999998,-0.016865588650332164,False,adaptive,with_cost
breakout_forced_cover_signal,adaptive,,1036,1037,1041,2026-05-04 14:20:00+00:00,2026-05-04 14:25:00+00:00,2026-05-04 14:45:00+00:00,79290.75498,80067.64579729404,0.009797999999999973,0.008997999999999973,4,take_profit,0,79124.83,5,0.6158765429745418,93.37189999999993,83.40274000000001,0.661325662001045,220.6781699999999,87.13828999999998,-0.008019345217007756,True,adaptive,with_cost
breakout_forced_cover_signal,adaptive,,1042,1043,1045,2026-05-04 14:50:00+00:00,2026-05-04 14:55:00+00:00,2026-05-04 15:05:00+00:00,80473.781538,80055.39834778394,-0.005198999999999954,-0.005998999999999954,2,stop_loss,0,80206.6,4,0.6031193126537627,196.12576999999987,-24.552400000000034,0.4218471892259167,-134.3477500000001,-112.50693000000001,-0.013970237165050858,False,adaptive,with_cost
breakout_forced_cover_signal,adaptive,,1120,1121,1126,2026-05-04 21:20:00+00:00,2026-05-04 21:25:00+00:00,2026-05-04 21:50:00+00:00,80291.80515,80273.852018,-0.00022359855985865096,-0.0010235985598586509,5,false_squeeze,3,80150.76,3,0.7060345879498546,34.209129999999924,26.617690000000003,0.3711149928913689,-18.87233000000009,-26.26473,-0.014979535810266453,False,adaptive,with_cost
breakout_forced_cover_signal,adaptive,,1158,1159,1166,2026-05-05 00:30:00+00:00,2026-05-05 00:35:00+00:00,2026-05-05 01:10:00+00:00,80109.97879200001,80183.580076,0.0009187530081751216,0.00011875300817512158,7,false_squeeze,3,80010.0,3,0.6523713065692767,19.00860999999991,18.52022,0.431827437469727,-17.506470000000096,-39.15831000000001,-0.014862561667029817,True,adaptive,with_cost
breakout_forced_cover_signal,adaptive,,1176,1177,1179,2026-05-05 02:00:00+00:00,2026-05-05 02:05:00+00:00,2026-05-05 02:15:00+00:00,80513.539488,80383.210142,-0.001618725829578338,-0.002418725829578338,2,false_squeeze,3,80385.06,3,0.7261319028667926,49.51484999999991,42.48997,0.3436031544522413,-28.68960000000009,-58.59994999999999,-0.017245339034810403,False,adaptive,with_cost
breakout_forced_cover_signal,adaptive,,1183,1184,1187,2026-05-05 02:35:00+00:00,2026-05-05 02:40:00+00:00,2026-05-05 02:55:00+00:00,80739.26462399999,80538.569064,-0.00248572439858874,-0.00328572439858874,3,false_squeeze,3,80530.71,3,0.6859447949890171,63.11888999999991,69.87749,0.47968857569305956,-10.766380000000062,-28.02595999999999,-0.0204744000021706,False,adaptive,with_cost
breakout_forced_cover_signal,adaptive,,1219,1220,1222,2026-05-05 05:35:00+00:00,2026-05-05 05:40:00+00:00,2026-05-05 05:50:00+00:00,81252.087168,81009.84479,-0.002981368066264256,-0.003781368066264256,2,false_squeeze,4,81188.0,3,0.49249874306421243,-5.698740000000079,10.610199999999992,0.3030939220001652,-89.46482000000009,-37.07920999999998,-0.02417834682609077,False,adaptive,with_cost
breakout_forced_cover_signal,adaptive,,1240,1241,1244,2026-05-05 07:20:00+00:00,2026-05-05 07:25:00+00:00,2026-05-05 07:40:00+00:00,81058.2084,80994.84779,-0.0007816680290704259,-0.0015816680290704258,3,false_squeeze,4,81026.7,3,0.6055143293405565,19.14145999999991,7.408669999999994,0.4466272919268901,-50.999750000000084,-64.63902999999998,-0.02572177273699061,False,adaptive,with_cost
breakout_forced_cover_signal,adaptive,,1275,1276,1281,2026-05-05 10:15:00+00:00,2026-05-05 10:20:00+00:00,2026-05-05 10:45:00+00:00,80726.14199999999,80794.207926,0.0008431708033316276,4.31708033316276e-05,5,false_squeeze,3,80707.98,3,0.7583747069477811,75.82783999999994,26.319820000000007,0.4338144784306953,-11.832310000000057,-12.13089,-0.02567971236325106,True,adaptive,with_cost
breakout_forced_cover_signal,adaptive,,1286,1287,1289,2026-05-05 11:10:00+00:00,2026-05-05 11:15:00+00:00,2026-05-05 11:25:00+00:00,80958.918546,80933.040154,-0.0003196484397860466,-0.0011196484397860466,2,false_squeeze,3,80839.76,3,0.6872047671716864,60.97903999999994,35.630239999999986,0.43629367148468107,-21.209460000000057,-19.694889999999987,-0.026770608553155495,False,adaptive,with_cost
breakout_forced_cover_signal,adaptive,,1308,1309,1313,2026-05-05 13:00:00+00:00,2026-05-05 13:05:00+00:00,2026-05-05 13:25:00+00:00,81489.774696,81443.977946,-0.0005619938227936494,-0.0013619938227936493,4,false_squeeze,3,81329.61,4,0.5912349196633157,55.834009999999935,49.74673999999999,0.47926112325377085,-14.674010000000031,-20.44798999999999,-0.028096140972467376,False,adaptive,with_cost
breakout_forced_cover_signal,adaptive,,1334,1335,1342,2026-05-05 15:10:00+00:00,2026-05-05 15:15:00+00:00,2026-05-05 15:50:00+00:00,81581.16297,81543.558026,-0.00046095131070678086,-0.0012609513107067808,7,false_squeeze,3,81500.0,4,0.6690633154925842,91.60054999999993,46.4213,0.4470268504658032,-14.29102000000006,-37.90988,-0.02932166441738915,False,adaptive,with_cost
breakout_forced_cover_signal,adaptive,,1370,1371,1373,2026-05-05 18:10:00+00:00,2026-05-05 18:15:00+00:00,2026-05-05 18:25:00+00:00,81578.382414,81443.088124,-0.0016584576207138157,-0.0024584576207138157,2,false_squeeze,3,81458.26,3,0.7269393239102274,76.38286999999994,73.19055999999999,0.37023663507042726,-25.47361000000006,-70.65562999999999,-0.03170803596876404,False,adaptive,with_cost
breakout_forced_cover_signal,adaptive,,1386,1387,1389,2026-05-05 19:30:00+00:00,2026-05-05 19:35:00+00:00,2026-05-05 19:45:00+00:00,81606.8181,81636.429448,0.0003628538483599897,-0.00043714615164001035,2,false_squeeze,3,81580.0,3,0.6968428835264642,43.95051999999994,32.754090000000005,0.473262491903143,-5.995160000000062,-56.55832000000001,-0.03213132107450423,False,adaptive,with_cost
breakout_forced_cover_signal,adaptive,,1392,1393,1395,2026-05-05 20:00:00+00:00,2026-05-05 20:05:00+00:00,2026-05-05 20:15:00+00:00,81718.400412,81609.334868,-0.0013346509898641834,-0.0021346509898641833,2,false_squeeze,2,81680.0,5,0.6810451245885505,94.40815999999992,89.6429,0.5253271282847003,9.107299999999938,-96.53576,-0.03419738290803109,False,adaptive,with_cost
breakout_forced_cover_signal,adaptive,,1455,1456,1468,2026-05-06 01:15:00+00:00,2026-05-06 01:20:00+00:00,2026-05-06 02:20:00+00:00,81303.85752,81273.502048,-0.0003733583242657712,-0.0011733583242657711,12,time_stop,1,81262.28,3,0.6651863353939748,42.08853999999991,17.0036,0.6921915468425677,32.02574999999991,-21.03199,-0.035330615448393665,False,adaptive,with_cost
breakout_forced_cover_signal,adaptive,,1480,1481,1484,2026-05-06 03:20:00+00:00,2026-05-06 03:25:00+00:00,2026-05-06 03:40:00+00:00,81667.65026400001,81527.271284,-0.0017189055831313693,-0.0025189055831313692,3,false_squeeze,3,81466.64,4,0.7611914647681888,136.44650999999993,159.43714,0.4668393999987995,-6.964110000000083,-21.675759999999983,-0.03776052654701667,False,adaptive,with_cost
breakout_forced_cover_signal,adaptive,,1542,1543,1545,2026-05-06 08:30:00+00:00,2026-05-06 08:35:00+00:00,2026-05-06 08:45:00+00:00,81731.823096,81623.681998,-0.0013231210794475423,-0.0021231210794475422,2,false_squeeze,3,81620.92,4,0.5184121982322738,13.85990999999987,8.622079999999972,0.3377186370726937,-60.8875000000001,-20.20284999999997,-0.03980347745658119,False,adaptive,with_cost
breakout_forced_cover_signal,adaptive,,1546,1547,1549,2026-05-06 08:50:00+00:00,2026-05-06 08:55:00+00:00,2026-05-06 09:05:00+00:00,81937.154154,81838.299066,-0.0012064745111136643,-0.0020064745111136643,2,false_squeeze,2,81884.42,5,0.6291198900888213,98.70287999999994,159.59038000000004,0.5105024382048906,8.80467999999992,-87.26960000000004,-0.041730087304724606,False,adaptive,with_cost
breakout_forced_cover_signal,adaptive,,1555,1556,1558,2026-05-06 09:35:00+00:00,2026-05-06 09:40:00+00:00,2026-05-06 09:50:00+00:00,82026.402,81938.818958,-0.0010677420911379132,-0.0018677420911379131,2,false_squeeze,4,81997.0,5,0.7248155520613043,179.1846899999999,148.70321000000004,0.4624855958988967,-23.023770000000077,-134.89685,-0.0435198883553366,False,adaptive,with_cost
breakout_forced_cover_signal,adaptive,,1563,1564,1569,2026-05-06 10:15:00+00:00,2026-05-06 10:20:00+00:00,2026-05-06 10:45:00+00:00,82148.82647999999,82153.226068,5.355630979209103e-05,-0.000746443690207909,5,false_squeeze,3,82131.0,4,0.6541423111861746,74.05709999999992,4.843499999999992,0.4907713201537795,-5.329680000000092,-60.64616000000002,-0.044233846899483176,False,adaptive,with_cost
breakout_forced_cover_signal,adaptive,,1570,1571,1579,2026-05-06 10:50:00+00:00,2026-05-06 10:55:00+00:00,2026-05-06 11:35:00+00:00,82363.189344,82698.666958,0.004073149870372772,0.003273149870372772,8,false_squeeze,3,82298.2,4,0.6773221319737378,98.1502399999999,103.47991999999999,0.4775392703030582,-13.536160000000088,-119.14507000000003,-0.04110548103935541,True,adaptive,with_cost
breakout_forced_cover_signal,adaptive,,1680,1681,1685,2026-05-06 20:00:00+00:00,2026-05-06 20:05:00+00:00,2026-05-06 20:25:00+00:00,81640.16476799999,81543.697998,-0.0011816092027020497,-0.0019816092027020497,4,false_squeeze,3,81522.41,3,0.6561621602052,47.96521999999986,45.88634,0.49586513757070566,-0.6746100000001363,-36.287479999999995,-0.04300563524254841,False,adaptive,with_cost
breakout_forced_cover_signal,adaptive,,1726,1727,1731,2026-05-06 23:50:00+00:00,2026-05-06 23:55:00+00:00,2026-05-07 00:15:00+00:00,81456.99814200001,81389.36886999999,-0.0008302450807495809,-0.0016302450807495809,4,false_squeeze,2,81415.0,3,0.6174124481564528,9.549299999999858,10.226379999999999,0.6951970640358586,32.45735999999985,-3.8226700000000022,-0.04456577059799938,False,adaptive,with_cost
breakout_forced_cover_signal,adaptive,,1788,1789,1797,2026-05-07 05:00:00+00:00,2026-05-07 05:05:00+00:00,2026-05-07 05:45:00+00:00,81104.127582,81037.49925800001,-0.0008215158215298946,-0.0016215158215298945,8,false_squeeze,3,80989.59,3,0.7675520498202382,57.08207999999985,35.211479999999995,0.4993472760704873,-0.08577000000013957,-13.822819999999997,-0.04611502231740594,False,adaptive,with_cost
breakout_forced_cover_signal,adaptive,,1806,1807,1819,2026-05-07 06:30:00+00:00,2026-05-07 06:35:00+00:00,2026-05-07 07:35:00+00:00,81296.796108,81605.815572,0.003801127212805344,0.0030011272128053442,12,time_stop,1,81149.95,3,0.7334144141524308,76.09209999999985,58.82285999999999,0.5824512474334212,22.403149999999865,-5.106439999999992,-0.04325229215299642,True,adaptive,with_cost
breakout_forced_cover_signal,adaptive,,1874,1875,1886,2026-05-07 12:10:00+00:00,2026-05-07 12:15:00+00:00,2026-05-07 13:10:00+00:00,81096.216,80915.533656,-0.00222799968866616,-0.00302799968866616,11,false_squeeze,4,81010.1,3,0.7434206646247793,58.773899999999855,34.16013,0.45725160120664116,-9.43734000000015,-23.177889999999998,-0.046149323914489226,False,adaptive,with_cost
breakout_forced_cover_signal,adaptive,,1943,1944,1947,2026-05-07 17:55:00+00:00,2026-05-07 18:00:00+00:00,2026-05-07 18:15:00+00:00,80110.538904,80153.966,0.0005420896750181203,-0.0002579103249818797,3,false_squeeze,3,79948.66,3,0.6189537486851147,44.76761999999988,24.85457,0.4817457741150509,-4.215260000000111,-13.231220000000004,-0.04639533185234268,False,adaptive,with_cost
breakout_forced_cover_signal,adaptive,,2012,2013,2015,2026-05-07 23:40:00+00:00,2026-05-07 23:45:00+00:00,2026-05-07 23:55:00+00:00,80028.0024,79989.9988,-0.00047487877818119806,-0.001274878778181198,2,false_squeeze,2,80006.27,3,0.66278417204309,13.702539999999884,8.411659999999998,0.5293554673177698,4.211359999999885,-9.449069999999995,-0.04761106220653866,False,adaptive,with_cost
breakout_forced_cover_signal,adaptive,,2017,2018,2021,2026-05-08 00:05:00+00:00,2026-05-08 00:10:00+00:00,2026-05-08 00:25:00+00:00,80091.55510799999,80004.625874,-0.001085373281649482,-0.001885373281649482,3,false_squeeze,2,80068.03,5,0.7315355754217582,136.91012999999992,33.34592000000001,0.7231040849871794,117.70079999999987,-49.799499999999995,-0.04940667086359296,False,adaptive,with_cost
breakout_forced_cover_signal,adaptive,,2060,2061,2063,2026-05-08 03:40:00+00:00,2026-05-08 03:45:00+00:00,2026-05-08 03:55:00+00:00,79662.059226,79562.93423000001,-0.001244318775626474,-0.002044318775626474,2,false_squeeze,4,79642.55,3,0.6304708710788978,15.850759999999879,8.35204,0.4636009804367196,-4.516220000000119,-3.4663000000000004,-0.05134998665433177,False,adaptive,with_cost
breakout_forced_cover_signal,adaptive,,2084,2085,2087,2026-05-08 05:40:00+00:00,2026-05-08 05:45:00+00:00,2026-05-08 05:55:00+00:00,79767.90039,79584.089998,-0.0023043152834826275,-0.0031043152834826274,2,false_squeeze,4,79713.02,3,0.6170471709201782,14.897379999999888,4.680700000000002,0.3427370769913461,-33.85136000000011,-12.314110000000003,-0.05429489538943677,False,adaptive,with_cost
breakout_forced_cover_signal,adaptive,,2109,2110,2122,2026-05-08 07:45:00+00:00,2026-05-08 07:50:00+00:00,2026-05-08 08:50:00+00:00,79694.655744,79934.01,0.0030033915544960266,0.0022033915544960266,12,time_stop,1,79599.0,3,0.6350671736328378,73.1951299999999,-17.448049999999995,0.7021899911240095,65.4954199999999,-39.76208,-0.052211136748893994,True,adaptive,with_cost
breakout_forced_cover_signal,adaptive,,2143,2144,2151,2026-05-08 10:35:00+00:00,2026-05-08 10:40:00+00:00,2026-05-08 11:15:00+00:00,80072.951388,80199.9568,0.0015861212781402845,0.0007861212781402844,7,false_squeeze,3,80020.0,3,0.6155008824151253,21.81834999999988,1.9285199999999918,0.39293951115661024,-37.75019000000012,-38.305719999999994,-0.0514660597563078,True,adaptive,with_cost
breakout_forced_cover_signal,adaptive,,2226,2227,2232,2026-05-08 17:30:00+00:00,2026-05-08 17:35:00+00:00,2026-05-08 18:00:00+00:00,80262.269244,80211.994392,-0.0006263821403699188,-0.0014263821403699187,5,false_squeeze,3,80045.23,5,0.7069137701070674,227.11351999999988,137.50507,0.40582706814108604,-63.017520000000076,-88.05735999999999,-0.052819031628206115,False,adaptive,with_cost
breakout_forced_cover_signal,adaptive,,2255,2256,2258,2026-05-08 19:55:00+00:00,2026-05-08 20:00:00+00:00,2026-05-08 20:10:00+00:00,80196.036,80213.944002,0.00022330283257399053,-0.0005766971674260095,2,false_squeeze,3,80168.0,3,0.638770223940002,33.337819999999894,36.101489999999984,0.36850083209328127,-25.116370000000085,-40.853369999999984,-0.053365268209705996,False,adaptive,with_cost
breakout_forced_cover_signal,adaptive,,2260,2261,2263,2026-05-08 20:20:00+00:00,2026-05-08 20:25:00+00:00,2026-05-08 20:35:00+00:00,80296.056,80212.844222,-0.0010363121446462786,-0.0018363121446462786,2,false_squeeze,2,80258.0,3,0.657494888979836,32.555799999999905,39.967099999999995,0.5966846247883768,18.05111999999991,-32.70607,-0.055103585064236515,False,adaptive,with_cost
breakout_forced_cover_signal,adaptive,,2280,2281,2285,2026-05-08 22:00:00+00:00,2026-05-08 22:05:00+00:00,2026-05-08 22:25:00+00:00,80326.372062,80332.89020800001,8.114577856188632e-05,-0.0007188542214381137,4,false_squeeze,3,80264.0,3,0.6903544329904745,45.99939999999991,36.98361,0.4483950542021156,-9.413060000000083,-43.51568,-0.0557828278409348,False,adaptive,with_cost
breakout_forced_cover_signal,adaptive,,2310,2311,2321,2026-05-09 00:30:00+00:00,2026-05-09 00:35:00+00:00,2026-05-09 01:25:00+00:00,80234.03359800001,80258.815026,0.0003088642922297602,-0.0004911357077702398,10,false_squeeze,3,80208.66,3,0.6827948142154466,16.084919999999908,14.172269999999997,0.4126776031514069,-6.69804000000009,-27.518250000000002,-0.05624656661007199,False,adaptive,with_cost
breakout_forced_cover_signal,adaptive,,2322,2323,2327,2026-05-09 01:30:00+00:00,2026-05-09 01:35:00+00:00,2026-05-09 01:55:00+00:00,80388.264438,80311.68445,-0.00095262646277261,-0.00175262646277261,4,false_squeeze,2,80349.99,3,0.6063224309018909,14.475479999999916,21.173520000000007,0.6881352167408402,29.373509999999918,-17.30106,-0.057900613851763705,False,adaptive,with_cost
breakout_forced_cover_signal,adaptive,,2353,2354,2356,2026-05-09 04:05:00+00:00,2026-05-09 04:10:00+00:00,2026-05-09 04:20:00+00:00,80616.13000199999,80500.116756,-0.0014390823027241595,-0.0022390823027241594,2,false_squeeze,2,80550.67,3,0.6492377034209139,33.54916999999991,26.95174,0.601244649606345,24.45587999999991,-29.60446,-0.06001005191469555,False,adaptive,with_cost
breakout_forced_cover_signal,adaptive,,2400,2401,2404,2026-05-09 08:00:00+00:00,2026-05-09 08:05:00+00:00,2026-05-09 08:20:00+00:00,80393.795544,80373.292126,-0.00025503731800757823,-0.0010550373180075782,3,false_squeeze,3,80309.05,3,0.738001626931917,38.105259999999916,79.14268000000001,0.3963169951076608,-7.516290000000091,-11.376010000000003,-0.06100177638847759,False,adaptive,with_cost
breakout_forced_cover_signal,adaptive,,2432,2433,2435,2026-05-09 10:40:00+00:00,2026-05-09 10:45:00+00:00,2026-05-09 10:55:00+00:00,80346.05599800001,80247.96719600001,-0.0012208290846590364,-0.0020208290846590363,2,false_squeeze,2,80323.57,3,0.7045068010755771,19.022739999999907,14.8001,0.5373711765330519,1.6539099999999058,-0.1860000000000015,-0.0628993313091949,False,adaptive,with_cost
breakout_forced_cover_signal,adaptive,,2452,2453,2455,2026-05-09 12:20:00+00:00,2026-05-09 12:25:00+00:00,2026-05-09 12:35:00+00:00,80414.0796,80313.624062,-0.0012492282259485288,-0.0020492282259485287,2,false_squeeze,2,80372.3,4,0.764012622059207,67.25324999999991,25.17293999999999,0.5331706852731464,6.969359999999913,-29.773429999999994,-0.0648196644500314,False,adaptive,with_cost
breakout_forced_cover_signal,adaptive,,2462,2463,2465,2026-05-09 13:10:00+00:00,2026-05-09 13:15:00+00:00,2026-05-09 13:25:00+00:00,80438.08439999999,80330.410704,-0.001338591002050249,-0.002138591002050249,2,false_squeeze,4,80416.21,3,0.8378367934571752,53.68027999999991,27.21584,0.3974301540835072,-17.062100000000093,-42.06735,-0.06681963270093294,False,adaptive,with_cost
breakout_forced_cover_signal,adaptive,,2491,2492,2494,2026-05-09 15:35:00+00:00,2026-05-09 15:40:00+00:00,2026-05-09 15:50:00+00:00,80542.625304,80511.424494,-0.000387382580121165,-0.001187382580121165,2,false_squeeze,3,80474.0,4,0.8301879176854029,77.38777999999989,54.59313999999999,0.44829502837858154,-11.776860000000111,-63.40606,-0.06792767481317497,False,adaptive,with_cost
breakout_forced_cover_signal,adaptive,,2500,2501,2503,2026-05-09 16:20:00+00:00,2026-05-09 16:25:00+00:00,2026-05-09 16:35:00+00:00,80744.335638,80598.317112,-0.0018084058138101433,-0.0026084058138101432,2,false_squeeze,4,80663.56,4,0.5840906607584335,34.12378999999991,22.505860000000006,0.43764712624201557,-13.622690000000093,-28.131150000000005,-0.07035889768508385,False,adaptive,with_cost
breakout_forced_cover_signal,adaptive,,2525,2526,2528,2026-05-09 18:25:00+00:00,2026-05-09 18:30:00+00:00,2026-05-09 18:40:00+00:00,81056.73810599999,80885.829598,-0.0021085046350679537,-0.0029085046350679536,2,false_squeeze,4,80928.56,5,0.7598632668703559,81.81637999999988,66.09478999999999,0.3910468183527844,-18.556250000000112,-93.78603000000001,-0.0730627631401165,False,adaptive,with_cost
breakout_forced_cover_signal,adaptive,,2542,2543,2545,2026-05-09 19:50:00+00:00,2026-05-09 19:55:00+00:00,2026-05-09 20:05:00+00:00,80947.6863,80859.684828,-0.0010871400533162268,-0.0018871400533162267,2,false_squeeze,4,80927.66,3,0.6353016242879364,12.913849999999883,25.076739999999994,0.4448249111578826,-5.80368000000011,-18.064739999999993,-0.07481202352670513,False,adaptive,with_cost
breakout_forced_cover_signal,adaptive,,2595,2596,2598,2026-05-10 00:15:00+00:00,2026-05-10 00:20:00+00:00,2026-05-10 00:30:00+00:00,80759.79873,80710.084754,-0.0006155782552926814,-0.0014155782552926813,2,false_squeeze,2,80732.51,3,0.46228990942732956,-12.163800000000123,16.659029999999994,0.7239123705723751,22.728569999999884,-1.2303300000000021,-0.07612169950825898,False,adaptive,with_cost
breakout_forced_cover_signal,adaptive,,2621,2622,2627,2026-05-10 02:25:00+00:00,2026-05-10 02:30:00+00:00,2026-05-10 02:55:00+00:00,80756.85814200001,80761.264516,5.456346496579556e-05,-0.0007454365350342045,5,false_squeeze,3,80695.15,3,0.706736068822418,24.57242999999989,37.69718,0.44466522279760895,-8.97496000000012,-10.430980000000003,-0.07681039214737084,False,adaptive,with_cost
breakout_forced_cover_signal,adaptive,,2628,2629,2631,2026-05-10 03:00:00+00:00,2026-05-10 03:05:00+00:00,2026-05-10 03:15:00+00:00,80829.402648,80756.065556,-0.0009073071134693134,-0.0017073071134693133,2,false_squeeze,4,80790.0,3,0.6422755976531959,24.869469999999883,33.84443,0.4892381920891615,-1.145670000000118,-11.45539,-0.07838656033193858,False,adaptive,with_cost
breakout_forced_cover_signal,adaptive,,2635,2636,2638,2026-05-10 03:35:00+00:00,2026-05-10 03:40:00+00:00,2026-05-10 03:50:00+00:00,80876.16199800001,80797.977172,-0.0009667227532624834,-0.0017667227532624833,2,false_squeeze,2,80832.72,3,0.8132358160677302,44.321069999999885,34.8402,0.5129111638506262,1.1212299999998834,-36.11959,-0.08001479576551263,False,adaptive,with_cost
breakout_forced_cover_signal,adaptive,,2692,2693,2698,2026-05-10 08:20:00+00:00,2026-05-10 08:25:00+00:00,2026-05-10 08:50:00+00:00,80846.155998,80822.692228,-0.00029022740426376537,-0.0010902274042637653,5,false_squeeze,3,80827.14,3,0.6121230719735077,13.745209999999885,9.98259,0.41006314480841677,-7.963520000000111,-25.84261,-0.08101778884668631,False,adaptive,with_cost
breakout_forced_cover_signal,adaptive,,2722,2723,2728,2026-05-10 10:50:00+00:00,2026-05-10 10:55:00+00:00,2026-05-10 11:20:00+00:00,80894.04557399999,80786.90938600001,-0.0013244014097671952,-0.002124401409767195,5,false_squeeze,4,80843.67,3,0.6803884529526858,22.362889999999886,13.750960000000001,0.4615801274241081,-6.24045000000012,-18.162619999999997,-0.08297007595161143,False,adaptive,with_cost
breakout_forced_cover_signal,adaptive,,2740,2741,2744,2026-05-10 12:20:00+00:00,2026-05-10 12:25:00+00:00,2026-05-10 12:40:00+00:00,80929.98276,80906.235516,-0.0002934294953506056,-0.0010934294953506055,3,false_squeeze,3,80887.82,3,0.7011261042739497,15.961789999999887,10.846990000000002,0.3224486019238289,-27.823760000000114,-38.20547,-0.08397278351868509,False,adaptive,with_cost
breakout_forced_cover_signal,adaptive,,2772,2773,2775,2026-05-10 15:00:00+00:00,2026-05-10 15:05:00+00:00,2026-05-10 15:15:00+00:00,81064.949748,80994.937772,-0.0008636528637547825,-0.0016636528637547824,2,false_squeeze,3,80999.36,5,0.7172023092191198,102.99961999999988,54.90765999999999,0.39854061427788023,-17.23144000000012,-58.154979999999995,-0.08549673482066156,False,adaptive,with_cost
breakout_forced_cover_signal,adaptive,,2780,2781,2781,2026-05-10 15:40:00+00:00,2026-05-10 15:45:00+00:00,2026-05-10 15:45:00+00:00,81157.238202,81325.64161800001,0.002075026451502149,0.0012750264515021489,0,extreme_vol_exit,0,81110.0,3,0.5339723983531253,11.569569999999892,-4.040809999999997,0.6139966093439667,83.61226999999992,72.04270000000002,-0.08433071896757272,True,adaptive,with_cost
breakout_forced_cover_signal,adaptive,,2824,2825,2827,2026-05-10 19:20:00+00:00,2026-05-10 19:25:00+00:00,2026-05-10 19:35:00+00:00,81482.913324,81391.558432,-0.0011211539729407693,-0.0019211539729407693,2,false_squeeze,2,81450.72,5,0.7492913209088086,64.15034999999989,19.711099999999995,0.5053965353904429,0.5869599999998982,-23.084190000000003,-0.08608986064472801,False,adaptive,with_cost
breakout_forced_cover_signal,adaptive,,2936,2937,2947,2026-05-11 04:40:00+00:00,2026-05-11 04:45:00+00:00,2026-05-11 05:35:00+00:00,80838.234414,80848.11714199999,0.00012225314013369903,-0.000677746859866301,10,false_squeeze,3,80814.03,3,0.669342448256634,20.88431999999989,3.18347,0.4637056752505804,-3.7876300000001137,-14.564160000000001,-0.0867092603718761,False,adaptive,with_cost
breakout_forced_cover_signal,adaptive,,2985,2986,2988,2026-05-11 08:45:00+00:00,2026-05-11 08:50:00+00:00,2026-05-11 09:00:00+00:00,80872.15119599999,80817.753216,-0.0006726416843809702,-0.00147264168438097,2,false_squeeze,2,80846.62,3,0.564872041885939,27.102879999999892,17.45895000000001,0.5140496049294833,1.100189999999893,-9.521340000000006,-0.0880542103850116,False,adaptive,with_cost
breakout_forced_cover_signal,adaptive,,2990,2991,2994,2026-05-11 09:10:00+00:00,2026-05-11 09:15:00+00:00,2026-05-11 09:30:00+00:00,80941.545072,80878.87099000001,-0.0007743128938820787,-0.0015743128938820786,3,false_squeeze,3,80866.34,3,0.6019145821961468,11.348149999999894,11.10106,0.25017981803507516,-26.97315000000011,-32.379690000000004,-0.089489898400124,False,adaptive,with_cost
breakout_forced_cover_signal,adaptive,,3001,3002,3006,2026-05-11 10:05:00+00:00,2026-05-11 10:10:00+00:00,2026-05-11 10:30:00+00:00,81084.91373999999,81066.593438,-0.00022593971128515022,-0.0010259397112851502,4,false_squeeze,3,81008.4,3,0.6679282250830301,40.454429999999896,19.310790000000004,0.3701402919379171,-31.383980000000115,-67.51671999999999,-0.09042402687088158,False,adaptive,with_cost
breakout_forced_cover_signal,adaptive,,3028,3029,3031,2026-05-11 12:20:00+00:00,2026-05-11 12:25:00+00:00,2026-05-11 12:35:00+00:00,81330.01275,81212.074336,-0.0014501216711045872,-0.002250121671104587,2,false_squeeze,2,81246.08,3,0.6817325033561354,55.8793899999999,94.92482,0.5206700761042387,3.198549999999905,-59.20508,-0.09247068347953546,False,adaptive,with_cost
breakout_forced_cover_signal,adaptive,,3065,3066,3068,2026-05-11 15:25:00+00:00,2026-05-11 15:30:00+00:00,2026-05-11 15:40:00+00:00,81359.648676,81216.433464,-0.0017602732353273476,-0.0025602732353273475,2,false_squeeze,3,81095.48,3,0.572060544699888,32.411349999999906,35.88535000000001,0.40400434564297766,-33.80491000000011,-39.65770000000001,-0.0947942064988978,False,adaptive,with_cost
breakout_forced_cover_signal,adaptive,,3071,3072,3078,2026-05-11 15:55:00+00:00,2026-05-11 16:00:00+00:00,2026-05-11 16:30:00+00:00,81462.17917799999,81883.610002,0.00517333108753637,0.00437333108753637,6,false_squeeze,3,81436.08,3,0.658340305448416,38.1233799999999,23.042930000000002,0.47251162350393694,-19.344730000000098,-23.983409999999992,-0.09083544186156134,True,adaptive,with_cost
breakout_forced_cover_signal,adaptive,,3092,3093,3095,2026-05-11 17:40:00+00:00,2026-05-11 17:45:00+00:00,2026-05-11 17:55:00+00:00,81994.405602,81924.701782,-0.0008501045832118859,-0.0016501045832118858,2,false_squeeze,3,81878.07,4,0.6729094924108476,70.1500899999999,47.463380000000015,0.45951838527032324,-14.864670000000096,-38.210340000000016,-0.09233565846583935,False,adaptive,with_cost
breakout_forced_cover_signal,adaptive,,3223,3224,3228,2026-05-12 04:35:00+00:00,2026-05-12 04:40:00+00:00,2026-05-12 05:00:00+00:00,81302.117172,81243.218106,-0.0007244468907912083,-0.0015244468907912082,4,false_squeeze,3,81227.01,3,0.7294669766379819,45.42385999999989,48.95024,0.3919794745680684,-28.554500000000118,-54.616569999999996,-0.09371934454917319,False,adaptive,with_cost
breakout_forced_cover_signal,adaptive,,3308,3309,3321,2026-05-12 11:40:00+00:00,2026-05-12 11:45:00+00:00,2026-05-12 12:45:00+00:00,80748.89655,80956.90538000001,0.002575995944058551,0.0017759959440585512,12,time_stop,1,80705.76,3,0.739650158833498,42.58173999999987,4.224540000000005,0.5581263851445873,16.752079999999864,-6.350160000000017,-0.09210979378091366,True,adaptive,with_cost
breakout_forced_cover_signal,adaptive,,3394,3395,3397,2026-05-12 18:50:00+00:00,2026-05-12 18:55:00+00:00,2026-05-12 19:05:00+00:00,80746.506072,80765.853598,0.00023960821267920984,-0.0005603917873207902,2,false_squeeze,3,80700.0,3,0.6341098846583842,19.074869999999827,12.072270000000005,0.46571125197713076,-5.7009700000001775,-8.192320000000006,-0.09261856799626789,False,adaptive,with_cost
breakout_forced_cover_signal,adaptive,,3408,3409,3411,2026-05-12 20:00:00+00:00,2026-05-12 20:05:00+00:00,2026-05-12 20:15:00+00:00,80896.18600199999,80783.110146,-0.001397789705403274,-0.002197789705403274,2,false_squeeze,2,80874.42,3,0.7007319719400118,50.98622999999982,41.046809999999994,0.60996716920436,27.91081999999984,-38.59363999999998,-0.09461280156639984,False,adaptive,with_cost
breakout_forced_cover_signal,adaptive,,3432,3433,3435,2026-05-12 22:00:00+00:00,2026-05-12 22:05:00+00:00,2026-05-12 22:15:00+00:00,80777.22221400001,80673.632046,-0.0012824180525243811,-0.002082418052524381,2,false_squeeze,4,80738.0,3,0.6212306791499113,18.667259999999832,17.21797,0.39282547979914034,-10.618740000000171,-8.519070000000003,-0.09649819621294242,False,adaptive,with_cost
breakout_forced_cover_signal,adaptive,,3469,3470,3475,2026-05-13 01:05:00+00:00,2026-05-13 01:10:00+00:00,2026-05-13 01:35:00+00:00,80854.157598,81043.788,0.0023453389118568424,0.0015453389118568425,5,false_squeeze,3,80768.95,3,0.6344657611358493,15.077669999999832,22.392220000000002,0.46539331226758524,-16.69736000000018,-56.81999,-0.09510197971861734,True,adaptive,with_cost
breakout_forced_cover_signal,adaptive,,3484,3485,3487,2026-05-13 02:20:00+00:00,2026-05-13 02:25:00+00:00,2026-05-13 02:35:00+00:00,81238.2444,81029.420874,-0.0025705076167302776,-0.0033705076167302775,2,false_squeeze,4,81195.69,3,0.6504347198290186,30.671779999999824,8.222669999999997,0.3182764724913716,-27.825830000000167,-23.190529999999995,-0.09815194538833993,False,adaptive,with_cost
breakout_forced_cover_signal,adaptive,,3501,3502,3506,2026-05-13 03:45:00+00:00,2026-05-13 03:50:00+00:00,2026-05-13 04:10:00+00:00,81283.473444,81150.67661800001,-0.0016337494003806352,-0.002433749400380635,4,false_squeeze,4,81200.0,4,0.6250738194060043,37.29201999999982,23.153779999999998,0.3623595769628616,-14.351610000000171,-18.43399,-0.10034681755048558,False,adaptive,with_cost
breakout_forced_cover_signal,adaptive,,3552,3553,3558,2026-05-13 08:00:00+00:00,2026-05-13 08:05:00+00:00,2026-05-13 08:30:00+00:00,81073.92154200001,80983.20012,-0.0011189963464764974,-0.0019189963464764973,5,false_squeeze,2,81049.01,4,0.6843273685884679,61.74957999999987,10.712730000000008,0.5787569158353026,18.086279999999864,-22.343619999999984,-0.10207324872070223,False,adaptive,with_cost
breakout_forced_cover_signal,adaptive,,3564,3565,3567,2026-05-13 09:00:00+00:00,2026-05-13 09:05:00+00:00,2026-05-13 09:15:00+00:00,81333.603468,81187.769198,-0.0017930383480105894,-0.0025930383480105893,2,false_squeeze,3,81200.0,3,0.5978752604549932,29.300949999999865,31.788310000000003,0.4598489512230301,-8.722670000000129,-52.313250000000004,-0.10440160722047398,False,adaptive,with_cost
breakout_forced_cover_signal,adaptive,,3663,3664,3671,2026-05-13 17:15:00+00:00,2026-05-13 17:20:00+00:00,2026-05-13 17:55:00+00:00,79315.86,79499.067006,0.002309840755682302,0.001509840755682302,7,false_squeeze,3,79238.6,4,0.5148592605461588,6.578969999999888,6.329630000000002,0.4575644955528459,-12.864470000000122,-14.066880000000005,-0.1030493962663318,True,adaptive,with_cost
breakout_forced_cover_signal,adaptive,,3673,3674,3680,2026-05-13 18:05:00+00:00,2026-05-13 18:10:00+00:00,2026-05-13 18:40:00+00:00,79613.649546,79631.360542,0.0002224618027308889,-0.0005775381972691111,6,false_squeeze,3,79596.27,3,0.6460493835505687,37.59474999999989,22.361250000000005,0.47507059030493065,-7.726000000000123,-52.70878999999999,-0.10356741950105164,False,adaptive,with_cost
breakout_forced_cover_signal,adaptive,,3745,3746,3758,2026-05-14 00:05:00+00:00,2026-05-14 00:10:00+00:00,2026-05-14 01:10:00+00:00,79496.236068,79604.765862,0.001365219277893459,0.0005652192778934591,12,time_stop,0,79436.72,3,0.6621103171050885,38.04413999999988,1.1940699999999964,0.694992756435158,35.79747999999988,19.89761,-0.1030607385252218,True,adaptive,with_cost
breakout_forced_cover_signal,adaptive,,3801,3802,3804,2026-05-14 04:45:00+00:00,2026-05-14 04:50:00+00:00,2026-05-14 05:00:00+00:00,79451.977218,79436.65949,-0.000192792282034282,-0.000992792282034282,2,false_squeeze,3,79385.08,3,0.6794985596769877,33.082639999999884,24.56527,0.43626221111894115,-20.026760000000102,-72.96707999999998,-0.10395121290146747,False,adaptive,with_cost
breakout_forced_cover_signal,adaptive,,3809,3810,3816,2026-05-14 05:25:00+00:00,2026-05-14 05:30:00+00:00,2026-05-14 06:00:00+00:00,79612.59933599998,79866.713462,0.0031918832963553356,0.0023918832963553357,6,false_squeeze,3,79594.75,3,0.595604855595932,40.93771999999989,14.5077,0.47185494274983536,-10.043750000000113,-44.19039000000002,-0.10180796877488696,True,adaptive,with_cost
breakout_forced_cover_signal,adaptive,,3834,3835,3839,2026-05-14 07:30:00+00:00,2026-05-14 07:35:00+00:00,2026-05-14 07:55:00+00:00,79931.27305799999,79730.030804,-0.002517691090119012,-0.003317691090119012,4,false_squeeze,4,79890.0,3,0.6640245671584657,43.04416999999988,33.62013999999999,0.3656226430685712,-37.33684000000013,-41.132750000000016,-0.10478789247409848,False,adaptive,with_cost
breakout_forced_cover_signal,adaptive,,3893,3894,3906,2026-05-14 12:25:00+00:00,2026-05-14 12:30:00+00:00,2026-05-14 13:30:00+00:00,79439.074638,79887.96921,0.005650803134925386,0.004850803134925386,12,time_stop,1,79409.44,3,0.7089217148954495,45.256249999999895,10.771170000000005,0.5466931944577479,28.29259999999989,-50.31851,-0.10044539477648862,True,adaptive,with_cost
breakout_forced_cover_signal,adaptive,,4112,4113,4115,2026-05-15 06:40:00+00:00,2026-05-15 06:45:00+00:00,2026-05-15 06:55:00+00:00,80617.700316,80563.884,-0.0006675496297842143,-0.0014675496297842142,2,false_squeeze,4,80598.21,3,0.680537071685791,82.33542999999989,61.6658,0.40809982228752545,-27.342650000000113,-94.8922,-0.1017655358043551,False,adaptive,with_cost
breakout_forced_cover_signal,adaptive,,4118,4119,4128,2026-05-15 07:10:00+00:00,2026-05-15 07:15:00+00:00,2026-05-15 08:00:00+00:00,80784.14359800001,80679.11095,-0.0013001641574944545,-0.0021001641574944544,9,false_squeeze,3,80663.0,3,0.7261289266282025,89.76028999999988,38.40539,0.45382100818041526,-12.239860000000121,-16.61636,-0.10365197563108508,False,adaptive,with_cost
breakout_forced_cover_signal,adaptive,,4321,4322,4326,2026-05-16 00:05:00+00:00,2026-05-16 00:10:00+00:00,2026-05-16 00:30:00+00:00,79191.8352,79153.37615800001,-0.00048564403013084956,-0.0012856440301308495,4,false_squeeze,3,79161.86,3,0.6637043116947872,32.2546899999999,9.542489999999976,0.47462248459212736,-5.125780000000099,-11.039939999999998,-0.10480436011753458,False,adaptive,with_cost
breakout_forced_cover_signal,adaptive,,4343,4344,4346,2026-05-16 01:55:00+00:00,2026-05-16 02:00:00+00:00,2026-05-16 02:10:00+00:00,79183.8336,79176.881456,-8.779751729515173e-05,-0.0008877975172951518,2,false_squeeze,3,79155.94,3,0.6331047869078626,17.4125099999999,18.651850000000003,0.461679017705089,-4.491400000000098,-4.15701,-0.1055991125841157,False,adaptive,with_cost
breakout_forced_cover_signal,adaptive,,4494,4495,4499,2026-05-16 14:30:00+00:00,2026-05-16 14:35:00+00:00,2026-05-16 14:55:00+00:00,78119.71081799999,78114.92389,-6.127682693479741e-05,-0.0008612768269347975,4,false_squeeze,3,78062.97,5,0.7576651297388443,144.2891899999999,30.840199999999996,0.47594263084266325,-6.866360000000098,-20.950309999999995,-0.10636943934243692,False,adaptive,with_cost
breakout_forced_cover_signal,adaptive,,4644,4645,4647,2026-05-17 03:00:00+00:00,2026-05-17 03:05:00+00:00,2026-05-17 03:15:00+00:00,77992.49538,77968.55317,-0.0003069809458376982,-0.0011069809458376981,2,false_squeeze,2,77938.0,3,0.7080604271325164,34.71533999999988,8.50516,0.49370373465764905,-0.9010200000001198,0.02732999999999919,-0.1073586713457031,False,adaptive,with_cost
breakout_forced_cover_signal,adaptive,,4659,4660,4665,2026-05-17 04:15:00+00:00,2026-05-17 04:20:00+00:00,2026-05-17 04:45:00+00:00,78099.156708,78156.495574,0.0007341803473548403,-6.581965264515976e-05,5,false_squeeze,3,78080.0,3,0.6049505768736961,14.22327999999988,10.651719999999996,0.42381572019141844,-13.551390000000122,-37.34736000000001,-0.10741742468789184,False,adaptive,with_cost
breakout_forced_cover_signal,adaptive,,4698,4699,4701,2026-05-17 07:30:00+00:00,2026-05-17 07:35:00+00:00,2026-05-17 07:45:00+00:00,78215.64,78153.01627,-0.0008006548306708217,-0.0016006548306708216,2,false_squeeze,3,78143.96,3,0.7121493658830629,16.02067999999988,11.241679999999999,0.3848492686407423,-12.910700000000121,-6.05785,-0.10884614129883774,False,adaptive,with_cost
breakout_forced_cover_signal,adaptive,,4727,4728,4735,2026-05-17 09:55:00+00:00,2026-05-17 10:00:00+00:00,2026-05-17 10:35:00+00:00,78264.979866,78449.40698000001,0.0023564449172002178,0.0015564449172002178,7,false_squeeze,3,78224.99,3,0.7067761043622028,22.38206999999988,13.700500000000002,0.4825601841222319,-4.148830000000132,-37.50638,-0.1074591094050189,True,adaptive,with_cost
breakout_forced_cover_signal,adaptive,,4805,4806,4809,2026-05-17 16:25:00+00:00,2026-05-17 16:30:00+00:00,2026-05-17 16:45:00+00:00,78156.988272,78091.38859799999,-0.0008393321627454542,-0.0016393321627454541,3,false_squeeze,4,78127.22,3,0.6346360432587586,6.825489999999873,7.986660000000002,0.4186327913944691,-6.62622000000013,-16.6541,-0.1089222803935368,False,adaptive,with_cost
breakout_forced_cover_signal,adaptive,,4824,4825,4827,2026-05-17 18:00:00+00:00,2026-05-17 18:05:00+00:00,2026-05-17 18:15:00+00:00,78205.527978,78039.299018,-0.002125539770625351,-0.002925539770625351,2,false_squeeze,4,78092.44,3,0.6328059178976222,10.841889999999868,7.8957799999999985,0.30769918725589207,-14.922320000000134,-15.06894,-0.11152916370096366,False,adaptive,with_cost
breakout_forced_cover_signal,adaptive,,4835,4836,4839,2026-05-17 18:55:00+00:00,2026-05-17 19:00:00+00:00,2026-05-17 19:15:00+00:00,78283.69360799999,78232.320406,-0.000656243971538184,-0.001456243971538184,3,false_squeeze,3,78245.15,3,0.6268938502810807,13.322729999999861,13.476129999999994,0.4107492153220859,-6.293910000000134,-19.9077,-0.11282299400021167,False,adaptive,with_cost
breakout_forced_cover_signal,adaptive,,4844,4845,4850,2026-05-17 19:40:00+00:00,2026-05-17 19:45:00+00:00,2026-05-17 20:10:00+00:00,78399.596784,78325.401786,-0.0009463696376450503,-0.0017463696376450503,5,false_squeeze,3,78300.0,3,0.6660315866853912,18.655939999999866,21.30061,0.3927357773533447,-8.089400000000133,-8.096680000000001,-0.11437233298670657,False,adaptive,with_cost
breakout_forced_cover_signal,adaptive,,4864,4865,4871,2026-05-17 21:20:00+00:00,2026-05-17 21:25:00+00:00,2026-05-17 21:55:00+00:00,78438.28452,78390.038856,-0.0006150780106326525,-0.0014150780106326525,6,false_squeeze,3,78367.49,3,0.5673000517388942,11.691259999999872,22.59276,0.29869707715705734,-17.079780000000127,-38.281119999999994,-0.11562556522390499,False,adaptive,with_cost
breakout_forced_cover_signal,adaptive,,4985,4986,4988,2026-05-18 07:25:00+00:00,2026-05-18 07:30:00+00:00,2026-05-18 07:40:00+00:00,77050.877094,76955.645792,-0.0012359535100920915,-0.0020359535100920915,2,false_squeeze,4,76989.0,3,0.515158365613187,8.416499999999893,-1.0445599999999917,0.3897256412513885,-73.0724900000001,-5.154970000000006,-0.11742611045862306,False,adaptive,with_cost
breakout_forced_cover_signal,adaptive,,4992,4993,4995,2026-05-18 08:00:00+00:00,2026-05-18 08:05:00+00:00,2026-05-18 08:15:00+00:00,77171.621238,76995.677784,-0.002279898376857936,-0.003079898376857936,2,false_squeeze,2,77089.29,3,0.41384792078629506,-43.178390000000114,4.869159999999994,0.5711813322693365,24.30162999999989,-15.024259999999998,-0.12014434834847876,False,adaptive,with_cost
breakout_forced_cover_signal,adaptive,,5036,5037,5039,2026-05-18 11:40:00+00:00,2026-05-18 11:45:00+00:00,2026-05-18 11:55:00+00:00,77371.4712,77270.37283400001,-0.0013066620607311563,-0.0021066620607311562,2,false_squeeze,3,77165.12,4,0.5753555321963312,52.7950699999999,35.22049000000001,0.4901280210950693,-2.659150000000121,-19.02561000000001,-0.12199790686873291,False,adaptive,with_cost
breakout_forced_cover_signal,adaptive,,5044,5045,5050,2026-05-18 12:20:00+00:00,2026-05-18 12:25:00+00:00,2026-05-18 12:50:00+00:00,77547.95649,77596.467602,0.0006255627381523965,-0.00017443726184760355,5,false_squeeze,3,77483.52,3,0.5999138839536945,34.63499999999989,17.72059000000001,0.4854327518654585,-6.614990000000102,-80.85841999999998,-0.12215106314975521,False,adaptive,with_cost
breakout_forced_cover_signal,adaptive,,5090,5091,5093,2026-05-18 16:10:00+00:00,2026-05-18 16:15:00+00:00,2026-05-18 16:25:00+00:00,76524.521844,76263.084332,-0.003416388703910589,-0.004216388703910589,2,false_squeeze,4,76485.29,3,0.42926045439166727,-54.29889000000012,26.859699999999982,0.3965928557650251,-79.86457000000016,-10.182390000000012,-0.12585241549083048,False,adaptive,with_cost
breakout_forced_cover_signal,adaptive,,5124,5125,5127,2026-05-18 19:00:00+00:00,2026-05-18 19:05:00+00:00,2026-05-18 19:15:00+00:00,76794.495828,76610.294876,-0.002398621802434442,-0.003198621802434442,2,false_squeeze,2,76706.38,5,0.6091963638733241,94.47666999999984,116.07041999999998,0.5091463035838215,2.9887699999998603,-104.99607999999999,-0.128648483013187,False,adaptive,with_cost
breakout_forced_cover_signal,adaptive,,5138,5139,5142,2026-05-18 20:10:00+00:00,2026-05-18 20:15:00+00:00,2026-05-18 20:30:00+00:00,77072.4114,77087.439428,0.00019498582861254832,-0.0006050141713874517,3,false_squeeze,3,77023.63,3,0.6047909256938223,23.38848999999986,18.02268,0.4787192948753723,-4.309230000000136,-14.0645,-0.129175663029224,False,adaptive,with_cost
breakout_forced_cover_signal,adaptive,,5188,5189,5191,2026-05-19 00:20:00+00:00,2026-05-19 00:25:00+00:00,2026-05-19 00:35:00+00:00,77270.521014,77160.734766,-0.0014208037756094916,-0.0022208037756094915,2,false_squeeze,4,77205.32,3,0.6020690533276764,46.03022999999985,22.557329999999993,0.36083421825275563,-23.322220000000137,-25.814189999999996,-0.1311095930046614,False,adaptive,with_cost
breakout_forced_cover_signal,adaptive,,5212,5213,5215,2026-05-19 02:20:00+00:00,2026-05-19 02:25:00+00:00,2026-05-19 02:35:00+00:00,77005.54802999999,76769.163096,-0.0030697130277924645,-0.0038697130277924644,2,false_squeeze,2,76983.02,3,0.6186532477914702,23.278499999999863,22.82286,0.551265907299122,17.529809999999856,-30.538510000000002,-0.1344719495323352,False,adaptive,with_cost
breakout_forced_cover_signal,adaptive,,5315,5316,5319,2026-05-19 10:55:00+00:00,2026-05-19 11:00:00+00:00,2026-05-19 11:15:00+00:00,77057.27837399999,76937.329456,-0.001556620224994254,-0.002356620224994254,3,false_squeeze,2,76979.49,3,0.6606426806039069,40.759529999999856,41.31702,0.5605213399283617,18.967859999999853,-11.691070000000003,-0.13651167044136714,False,adaptive,with_cost
breakout_forced_cover_signal,adaptive,,5382,5383,5394,2026-05-19 16:30:00+00:00,2026-05-19 16:35:00+00:00,2026-05-19 17:30:00+00:00,76776.262182,76754.63600200001,-0.0002816779481752407,-0.0010816779481752407,11,false_squeeze,3,76675.76,4,0.82406112013708,108.57125999999985,50.91105,0.3836958906519732,-24.35285000000015,-82.47433999999997,-0.13744568672595736,False,adaptive,with_cost
breakout_forced_cover_signal,adaptive,,5413,5414,5416,2026-05-19 19:05:00+00:00,2026-05-19 19:10:00+00:00,2026-05-19 19:20:00+00:00,76973.48161799999,76858.6252,-0.0014921556825244764,-0.0022921556825244763,2,false_squeeze,2,76947.2,3,0.7027019716317607,36.86903999999984,26.233069999999998,0.6249467530650946,24.421749999999832,-35.26034999999999,-0.13942279549661452,False,adaptive,with_cost
breakout_forced_cover_signal,adaptive,,5434,5435,5437,2026-05-19 20:50:00+00:00,2026-05-19 20:55:00+00:00,2026-05-19 21:05:00+00:00,77045.516022,76961.30466,-0.0010930079561795036,-0.0018930079561795036,2,false_squeeze,4,76996.01,3,0.650070677361018,10.884139999999846,4.929550000000001,0.4976951339237022,-0.18594000000015587,-6.68735,-0.14105187499164618,False,adaptive,with_cost
breakout_forced_cover_signal,adaptive,,5440,5441,5443,2026-05-19 21:20:00+00:00,2026-05-19 21:25:00+00:00,2026-05-19 21:35:00+00:00,77056.238166,77021.652588,-0.0004488355365270813,-0.0012488355365270812,2,false_squeeze,4,77040.24,3,0.6345207064151183,10.781839999999846,3.0414200000000005,0.42669333047636115,-10.277230000000156,-3.0466200000000008,-0.14212455993418993,False,adaptive,with_cost
breakout_forced_cover_signal,adaptive,,5463,5464,5471,2026-05-19 23:15:00+00:00,2026-05-19 23:20:00+00:00,2026-05-19 23:55:00+00:00,76872.131352,76818.993128,-0.0006912547247671652,-0.0014912547247671651,7,false_squeeze,4,76845.35,3,0.784228548105631,21.782769999999843,7.1721,0.40967562626107235,-5.303840000000157,-27.34726,-0.14340387073744976,False,adaptive,with_cost
breakout_forced_cover_signal,adaptive,,5533,5534,5537,2026-05-20 05:05:00+00:00,2026-05-20 05:10:00+00:00,2026-05-20 05:25:00+00:00,77055.408,77149.567,0.0012219648489824042,0.00042196484898240417,3,false_squeeze,3,76856.77,4,0.6232695287054397,37.112899999999854,51.54723,0.47238469504522024,-9.915600000000154,-132.39495,-0.14304241728112654,True,adaptive,with_cost
breakout_forced_cover_signal,adaptive,,5575,5576,5579,2026-05-20 08:35:00+00:00,2026-05-20 08:40:00+00:00,2026-05-20 08:55:00+00:00,77595.516,77442.548392,-0.001971345973135974,-0.002771345973135974,3,false_squeeze,3,77408.0,4,0.7659129893290582,84.37942999999984,91.18608,0.3037211837118206,-44.82521000000015,-66.73588999999998,-0.14541734322714284,False,adaptive,with_cost
breakout_forced_cover_signal,adaptive,,5592,5593,5600,2026-05-20 10:00:00+00:00,2026-05-20 10:05:00+00:00,2026-05-20 10:40:00+00:00,77560.73904599999,77539.81893400001,-0.0002697255371376661,-0.001069725537137666,7,false_squeeze,3,77543.59,3,0.6584738513708704,30.380029999999845,38.684270000000005,0.47329143955513475,-4.811060000000154,-34.878600000000006,-0.14633151211868778,False,adaptive,with_cost
breakout_forced_cover_signal,adaptive,,5627,5628,5630,2026-05-20 12:55:00+00:00,2026-05-20 13:00:00+00:00,2026-05-20 13:10:00+00:00,77632.78345199999,77450.576786,-0.0023470325022242333,-0.0031470325022242332,2,false_squeeze,4,77610.91,5,0.6908191565839327,73.66908999999985,74.15585000000002,0.4948035301780677,-0.9027800000001598,-72.91123000000002,-0.1490180345961749,False,adaptive,with_cost
breakout_forced_cover_signal,adaptive,,5655,5656,5658,2026-05-20 15:15:00+00:00,2026-05-20 15:20:00+00:00,2026-05-20 15:30:00+00:00,77636.054106,77576.36162400001,-0.0007688757844195315,-0.0015688757844195315,2,false_squeeze,3,77574.29,4,0.5559737825307781,42.49259999999986,47.52291000000002,0.47328798790114374,-7.467000000000157,-64.40167000000002,-0.15035311959467468,False,adaptive,with_cost
breakout_forced_cover_signal,adaptive,,5680,5681,5686,2026-05-20 17:20:00+00:00,2026-05-20 17:25:00+00:00,2026-05-20 17:50:00+00:00,77545.506,77538.469204,-9.074408515696852e-05,-0.0008907440851569686,5,false_squeeze,3,77474.75,3,0.643393051666767,35.364709999999846,12.449760000000005,0.48780005694777445,-3.766170000000159,-3.867449999999998,-0.15110993752786783,False,adaptive,with_cost
breakout_forced_cover_signal,adaptive,,5705,5706,5712,2026-05-20 19:25:00+00:00,2026-05-20 19:30:00+00:00,2026-05-20 20:00:00+00:00,77578.222542,77614.883918,0.00047257303401293527,-0.00032742696598706477,6,false_squeeze,3,77557.02,3,0.7964468237646315,82.40862999999985,-4.512199999999993,0.42688384024544973,-16.372830000000153,-29.52649,-0.15138788702547967,False,adaptive,with_cost
breakout_forced_cover_signal,adaptive,,5760,5761,5763,2026-05-21 00:00:00+00:00,2026-05-21 00:05:00+00:00,2026-05-21 00:15:00+00:00,77656.358166,77625.16186200001,-0.0004017224698241728,-0.0012017224698241727,2,false_squeeze,3,77559.34,4,0.6929833763054155,54.381819999999855,69.58048000000001,0.4546397070635792,-7.33008000000016,-61.77414000000001,-0.15240768326980614,False,adaptive,with_cost
breakout_forced_cover_signal,adaptive,,5769,5770,5773,2026-05-21 00:45:00+00:00,2026-05-21 00:50:00+00:00,2026-05-21 01:05:00+00:00,77964.349752,77970.22283600002,7.533037880391724e-05,-0.0007246696211960828,3,false_squeeze,3,77749.99,4,0.685635088492675,53.868209999999834,39.905919999999995,0.49682486211427596,-0.8498000000001511,-44.659620000000004,-0.1530219076728997,False,adaptive,with_cost
breakout_forced_cover_signal,adaptive,,5774,5775,5777,2026-05-21 01:10:00+00:00,2026-05-21 01:15:00+00:00,2026-05-21 01:25:00+00:00,78144.88585199999,77861.4246,-0.0036273807160822624,-0.004427380716082263,2,false_squeeze,4,78071.42,3,0.6053381046764925,29.23968999999984,30.08948999999999,0.4263476084353808,-23.081540000000153,-30.682249999999996,-0.15677180214581288,False,adaptive,with_cost
breakout_forced_cover_signal,adaptive,,5808,5809,5811,2026-05-21 04:00:00+00:00,2026-05-21 04:05:00+00:00,2026-05-21 04:15:00+00:00,78143.635602,77959.414998,-0.0023574613924833843,-0.003157461392483384,2,false_squeeze,4,78098.85,3,0.742181000305183,38.360709999999855,25.144580000000005,0.3711510305259373,-38.85552000000014,-32.438829999999996,-0.1594342626255908,False,adaptive,with_cost
breakout_forced_cover_signal,adaptive,,5854,5855,5860,2026-05-21 07:50:00+00:00,2026-05-21 07:55:00+00:00,2026-05-21 08:20:00+00:00,77832.46337999999,77980.410798,0.0019008446035901905,0.0011008446035901905,5,false_squeeze,3,77789.57,3,0.8138050987813198,37.523319999999856,13.216570000000004,0.38233254278714385,-33.88466000000016,-40.12021000000001,-0.1585089303696393,True,adaptive,with_cost
breakout_forced_cover_signal,adaptive,,5966,5967,5972,2026-05-21 17:10:00+00:00,2026-05-21 17:15:00+00:00,2026-05-21 17:40:00+00:00,77525.51200199999,77883.37021,0.004616005734870532,0.003816005734870532,5,false_squeeze,3,77344.01,4,0.6407292878263964,131.81542999999982,-88.09953000000002,0.4229172341103383,-29.75509000000016,-111.03283000000002,-0.15529779562208745,True,adaptive,with_cost
breakout_forced_cover_signal,adaptive,,5998,5999,6002,2026-05-21 19:50:00+00:00,2026-05-21 19:55:00+00:00,2026-05-21 20:10:00+00:00,77718.210534,77697.017488,-0.00027269086426950917,-0.001072690864269509,3,false_squeeze,3,77662.14,3,0.6341833861455228,19.738359999999858,15.917830000000007,0.48400899895975963,-0.8673100000001499,-8.168400000000005,-0.15620389995975192,False,adaptive,with_cost
breakout_forced_cover_signal,adaptive,,6072,6073,6075,2026-05-22 02:00:00+00:00,2026-05-22 02:05:00+00:00,2026-05-22 02:15:00+00:00,77716.370166,77693.548182,-0.0002936573588195879,-0.0010936573588195878,2,false_squeeze,3,77673.5,3,0.6098850230691901,22.601289999999857,28.70935000000001,0.36397998983275903,-13.051830000000148,-33.66953000000001,-0.15712672377390424,False,adaptive,with_cost
breakout_forced_cover_signal,adaptive,,6089,6090,6093,2026-05-22 03:25:00+00:00,2026-05-22 03:30:00+00:00,2026-05-22 03:45:00+00:00,77810.468982,77768.863116,-0.0005347078168830288,-0.0013347078168830287,3,false_squeeze,3,77779.71,3,0.6358646387085357,8.405379999999848,7.70332,0.40767102904642094,-8.647380000000148,-12.356979999999998,-0.15825171332432508,False,adaptive,with_cost
breakout_forced_cover_signal,adaptive,,6097,6098,6100,2026-05-22 04:05:00+00:00,2026-05-22 04:10:00+00:00,2026-05-22 04:20:00+00:00,77892.265338,77786.44959799999,-0.0013584884139759001,-0.0021584884139759,2,false_squeeze,4,77829.71,3,0.6822462147446999,30.31293999999984,25.820959999999992,0.4779770232051853,-3.413520000000151,-35.11167999999999,-0.16006861724859867,False,adaptive,with_cost
breakout_forced_cover_signal,adaptive,,6192,6193,6195,2026-05-22 12:00:00+00:00,2026-05-22 12:05:00+00:00,2026-05-22 12:15:00+00:00,77452.507404,77523.612176,0.0009180435131570519,0.00011804351315705187,2,false_squeeze,3,77430.55,3,0.6582622964105065,15.46673999999985,7.717740000000003,0.4777609116155497,-6.185230000000157,-14.389700000000001,-0.15996946879736773,True,adaptive,with_cost
breakout_forced_cover_signal,adaptive,,6250,6251,6253,2026-05-22 16:50:00+00:00,2026-05-22 16:55:00+00:00,2026-05-22 17:05:00+00:00,77014.85989200001,76933.79016399999,-0.0010526504639974954,-0.0018526504639974953,2,false_squeeze,4,76975.1,5,0.7377154300753295,95.95592999999985,40.94180000000001,0.3907923295647681,-20.369620000000168,-47.07983000000001,-0.16152575175077233,False,adaptive,with_cost
breakout_forced_cover_signal,adaptive,,6380,6381,6383,2026-05-23 03:40:00+00:00,2026-05-23 03:45:00+00:00,2026-05-23 03:55:00+00:00,75677.25242399999,75620.09295600001,-0.0007553058041765981,-0.001555305804176598,2,false_squeeze,4,75658.0,3,0.6885112783711196,12.266869999999827,93.74140999999999,0.4802837899292575,-1.1341600000001693,-10.38972,-0.16282983561572695,False,adaptive,with_cost
breakout_forced_cover_signal,adaptive,,6492,6493,6501,2026-05-23 13:00:00+00:00,2026-05-23 13:05:00+00:00,2026-05-23 13:45:00+00:00,74959.83897,75134.730048,0.0023331303855922414,0.0015331303855922415,8,false_squeeze,3,74798.41,4,0.7416657913015392,83.5584799999998,37.47824000000001,0.49577443252305037,-1.7000800000002059,-24.20076000000001,-0.16154634459879813,True,adaptive,with_cost
breakout_forced_cover_signal,adaptive,,6502,6503,6506,2026-05-23 13:50:00+00:00,2026-05-23 13:55:00+00:00,2026-05-23 14:10:00+00:00,75266.25024,75174.962,-0.0012128708379772757,-0.0020128708379772756,3,false_squeeze,3,75161.35,4,0.558148918322728,35.3025699999998,37.00265,0.38832590551522017,-46.8963500000002,-70.97954000000001,-0.16323404351075066,False,adaptive,with_cost
breakout_forced_cover_signal,adaptive,,6508,6509,6520,2026-05-23 14:20:00+00:00,2026-05-23 14:25:00+00:00,2026-05-23 15:20:00+00:00,75319.01079,75629.71103199999,0.004125123773415895,0.0033251237734158953,11,false_squeeze,3,75262.86,4,0.5302581896488423,16.399939999999813,8.494640000000008,0.47638120106003307,-8.670950000000204,-23.78306,-0.16045169313604313,True,adaptive,with_cost
breakout_forced_cover_signal,adaptive,,6554,6555,6557,2026-05-23 18:10:00+00:00,2026-05-23 18:15:00+00:00,2026-05-23 18:25:00+00:00,75715.230018,75819.98297,0.0013835122996401772,0.0005835122996401772,2,false_squeeze,3,75576.11,3,0.682508194549038,42.2564799999998,31.215210000000006,0.4656335502021561,-8.058340000000204,-15.696099999999998,-0.15996180637284585,True,adaptive,with_cost
breakout_forced_cover_signal,adaptive,,6578,6579,6581,2026-05-23 20:10:00+00:00,2026-05-23 20:15:00+00:00,2026-05-23 20:25:00+00:00,76101.057168,75984.809998,-0.0015275368611946671,-0.002327536861194667,2,false_squeeze,4,76012.22,4,0.6961057276634325,63.068609999999794,26.554249999999996,0.41590963022072763,-19.887100000000196,-47.255739999999996,-0.1619170262333245,False,adaptive,with_cost
breakout_forced_cover_signal,adaptive,,6582,6583,6586,2026-05-23 20:30:00+00:00,2026-05-23 20:35:00+00:00,2026-05-23 20:50:00+00:00,76305.95814,76874.631998,0.0074525485540282155,0.006652548554028215,3,false_squeeze,3,76192.23,3,0.571487558843851,28.38297999999981,48.27008000000001,0.49797782440637073,-1.2851300000002084,-73.18943999999999,-0.1563416385580373,True,adaptive,with_cost
breakout_forced_cover_signal,adaptive,,6633,6634,6637,2026-05-24 00:45:00+00:00,2026-05-24 00:50:00+00:00,2026-05-24 01:05:00+00:00,76880.33299200001,76770.372854,-0.0014302765573537268,-0.0022302765573537268,3,false_squeeze,4,76822.0,3,0.7622102518646103,57.7784799999998,44.1729,0.4457911070378426,-5.4038200000002,-12.803060000000002,-0.15822323002397676,False,adaptive,with_cost
breakout_forced_cover_signal,adaptive,,6694,6695,6699,2026-05-24 05:50:00+00:00,2026-05-24 05:55:00+00:00,2026-05-24 06:15:00+00:00,76838.984724,76781.26067599999,-0.000751233871807977,-0.0015512338718079769,4,false_squeeze,2,76818.19,3,0.680781151604064,15.415949999999809,22.17713,0.5097984079783878,0.7526699999998048,-16.92259,-0.1595290226620647,False,adaptive,with_cost
breakout_forced_cover_signal,adaptive,,6706,6707,6710,2026-05-24 06:50:00+00:00,2026-05-24 06:55:00+00:00,2026-05-24 07:10:00+00:00,77028.462612,76887.299464,-0.0018326102224194285,-0.0026326102224194284,3,false_squeeze,2,76917.56,3,0.6560857527332166,27.83337999999981,39.33605,0.5639768457788262,7.195709999999801,-0.2924099999999976,-0.16174165514865146,False,adaptive,with_cost
breakout_forced_cover_signal,adaptive,,6733,6734,6746,2026-05-24 09:05:00+00:00,2026-05-24 09:10:00+00:00,2026-05-24 10:10:00+00:00,76894.75587600001,76930.830756,0.00046914616723880975,-0.0003308538327611903,12,false_squeeze,3,76861.77,3,0.6014247859497267,10.558019999999809,9.773780000000002,0.4518601021049968,-4.549540000000189,-10.708029999999997,-0.16201899613488957,False,adaptive,with_cost
breakout_forced_cover_signal,adaptive,,6749,6750,6753,2026-05-24 10:25:00+00:00,2026-05-24 10:30:00+00:00,2026-05-24 10:45:00+00:00,77255.43799800001,77148.097294,-0.0013894258680247074,-0.0021894258680247073,3,false_squeeze,3,77046.67,5,0.6430712318171516,163.53654999999978,155.92925999999997,0.41940876406193406,-18.696630000000162,-22.492100000000008,-0.16385369342166523,False,adaptive,with_cost
breakout_forced_cover_signal,adaptive,,6816,6817,6822,2026-05-24 16:00:00+00:00,2026-05-24 16:05:00+00:00,2026-05-24 16:30:00+00:00,76584.003738,76543.418254,-0.0005299472738307109,-0.0013299472738307109,5,false_squeeze,3,76539.38,4,0.5581474276006726,20.316409999999827,21.17819,0.4380223144086861,-6.213320000000169,-27.412099999999988,-0.16496572392262276,False,adaptive,with_cost
breakout_forced_cover_signal,adaptive,,6861,6862,6864,2026-05-24 19:45:00+00:00,2026-05-24 19:50:00+00:00,2026-05-24 20:00:00+00:00,76772.28138599999,76687.469438,-0.001104720954866023,-0.001904720954866023,2,false_squeeze,2,76745.42,3,0.6767885865066111,7.33777999999983,2.41451,0.5051179176133658,0.45000999999983193,-13.201069999999998,-0.1665562312062987,False,adaptive,with_cost
breakout_forced_cover_signal,adaptive,,6889,6890,6893,2026-05-24 22:05:00+00:00,2026-05-24 22:10:00+00:00,2026-05-24 22:25:00+00:00,76916.340192,76832.46043400001,-0.0010905323601020367,-0.0018905323601020366,3,false_squeeze,3,76738.77,5,0.6009663816084865,54.27505999999982,36.85607000000001,0.4842260585089119,-2.0818000000001753,-32.83511999999999,-0.16813188362152864,False,adaptive,with_cost
breakout_forced_cover_signal,adaptive,,6937,6938,6940,2026-05-25 02:05:00+00:00,2026-05-25 02:10:00+00:00,2026-05-25 02:20:00+00:00,77414.15973599999,77203.816148,-0.0027171203397067245,-0.0035171203397067244,2,false_squeeze,4,77245.67,4,0.5518175139584932,20.648129999999817,49.45327999999999,0.30696954928645503,-20.477230000000176,-49.62429999999999,-0.1710576638935969,False,adaptive,with_cost
breakout_forced_cover_signal,adaptive,,6965,6966,6968,2026-05-25 04:25:00+00:00,2026-05-25 04:30:00+00:00,2026-05-25 04:40:00+00:00,77190.86508599999,77228.5512,0.00048821986847835674,-0.0003117801315216433,2,false_squeeze,2,77122.77,3,0.6044520104665827,10.409889999999828,4.07109,0.4618073499179206,-4.938370000000171,6.065009999999999,-0.17131611164417204,False,adaptive,with_cost
breakout_forced_cover_signal,adaptive,,6970,6971,6974,2026-05-25 04:50:00+00:00,2026-05-25 04:55:00+00:00,2026-05-25 05:10:00+00:00,77389.084722,77405.78574600001,0.00021580593774950252,-0.0005841940622504975,3,false_squeeze,3,77289.88,4,0.7487637321371455,52.33369999999982,54.744809999999994,0.4972183440316876,-0.5306500000001737,-5.279830000000004,-0.17180022385123217,False,adaptive,with_cost
breakout_forced_cover_signal,adaptive,,6985,6986,6988,2026-05-25 06:05:00+00:00,2026-05-25 06:10:00+00:00,2026-05-25 06:20:00+00:00,77592.785454,77216.023706,-0.004855628597369432,-0.005655628597369433,2,false_squeeze,4,77498.0,5,0.7107347159286511,81.97657999999983,86.86487,0.2786217500828002,-42.19032000000017,-94.38936,-0.17648421418955407,False,adaptive,with_cost
breakout_forced_cover_signal,adaptive,,7019,7020,7022,2026-05-25 08:55:00+00:00,2026-05-25 09:00:00+00:00,2026-05-25 09:10:00+00:00,77472.431388,77444.508,-0.00036042999425367483,-0.0011604299942536748,2,false_squeeze,3,77430.0,3,0.6370541133040555,22.792649999999835,11.157880000000006,0.363816505764109,-18.597060000000173,-19.248810000000006,-0.17743984660814993,False,adaptive,with_cost
breakout_forced_cover_signal,adaptive,,7026,7027,7029,2026-05-25 09:30:00+00:00,2026-05-25 09:35:00+00:00,2026-05-25 09:45:00+00:00,77642.70543599999,77592.05848400001,-0.0006523079240422502,-0.0014523079240422502,2,false_squeeze,3,77539.6,4,0.65880101313977,40.407949999999815,34.87216999999998,0.30366228785386723,-33.965470000000174,-38.73353999999999,-0.1786344572369224,False,adaptive,with_cost
breakout_forced_cover_signal,adaptive,,7081,7082,7086,2026-05-25 14:05:00+00:00,2026-05-25 14:10:00+00:00,2026-05-25 14:30:00+00:00,77488.29456,77565.793738,0.0010001404526975843,0.0002001404526975843,4,false_squeeze,3,77450.0,3,0.628483430287078,25.97751999999982,16.893330000000006,0.47759288613298223,-6.416580000000177,-18.683170000000004,-0.17847006876536353,True,adaptive,with_cost
breakout_forced_cover_signal,adaptive,,7089,7090,7092,2026-05-25 14:45:00+00:00,2026-05-25 14:50:00+00:00,2026-05-25 15:00:00+00:00,77721.59121,77684.41000999999,-0.0004783895880302591,-0.001278389588030259,2,false_squeeze,3,77620.0,3,0.3835635123375827,-53.19859000000019,7.389800000000001,0.3164245563016972,-46.36301000000019,-19.6779,-0.17952030407570907,False,adaptive,with_cost
breakout_forced_cover_signal,adaptive,,7112,7113,7115,2026-05-25 16:40:00+00:00,2026-05-25 16:45:00+00:00,2026-05-25 16:55:00+00:00,77699.13672000001,77720.14286200001,0.0002703523216183168,-0.0005296476783816832,2,false_squeeze,3,77679.71,3,0.7383996599312078,26.762659999999812,13.41396,0.46480278725027807,-9.365280000000197,-6.204599999999999,-0.1799548692418147,False,adaptive,with_cost
breakout_forced_cover_signal,adaptive,,7253,7254,7256,2026-05-26 04:25:00+00:00,2026-05-26 04:30:00+00:00,2026-05-26 04:40:00+00:00,76757.338398,76753.58621200001,-4.888374295286546e-05,-0.0008488837429528655,2,false_squeeze,3,76705.71,4,0.7318280258303019,48.160069999999806,14.281849999999991,0.4909057407688492,-1.1875100000001853,-29.78195999999999,-0.18065099222180303,False,adaptive,with_cost
breakout_forced_cover_signal,adaptive,,7263,7264,7269,2026-05-26 05:15:00+00:00,2026-05-26 05:20:00+00:00,2026-05-26 05:45:00+00:00,76864.089744,76877.631398,0.00017617660008850677,-0.0006238233999114933,5,false_squeeze,3,76836.0,4,0.5338817960717224,10.21394999999982,35.02477,0.2854054275403451,-70.64128000000018,-85.1387,-0.18116212130554932,False,adaptive,with_cost
breakout_forced_cover_signal,adaptive,,7279,7280,7282,2026-05-26 06:35:00+00:00,2026-05-26 06:40:00+00:00,2026-05-26 06:50:00+00:00,77005.408002,76914.623998,-0.0011789302382196887,-0.0019789302382196886,2,false_squeeze,2,76989.23,3,0.4653705856910158,-17.62666000000018,16.149629999999995,0.6113529806948824,21.961869999999816,-20.104429999999997,-0.1827825443438974,False,adaptive,with_cost
breakout_forced_cover_signal,adaptive,,7298,7299,7302,2026-05-26 08:10:00+00:00,2026-05-26 08:15:00+00:00,2026-05-26 08:30:00+00:00,76809.468822,76751.166696,-0.0007590486810304942,-0.001559048681030494,3,false_squeeze,2,76770.01,3,0.6067631986222011,10.05239999999981,19.31418,0.5413004827815742,6.040639999999815,-13.647759999999998,-0.1840566261402532,False,adaptive,with_cost
breakout_forced_cover_signal,adaptive,,7323,7324,7325,2026-05-26 10:15:00+00:00,2026-05-26 10:20:00+00:00,2026-05-26 10:25:00+00:00,76911.38920199999,77214.30405,0.003938491439862579,0.0031384914398625793,1,extreme_vol_exit,0,76804.0,4,0.7307012886810154,50.71134999999981,19.234260000000003,0.6596324337054562,81.88035999999981,28.105689999999996,-0.18149579484598177,True,adaptive,with_cost
breakout_forced_cover_signal,adaptive,,7483,7484,7487,2026-05-26 23:35:00+00:00,2026-05-26 23:40:00+00:00,2026-05-26 23:55:00+00:00,75968.09057999999,75914.82399799999,-0.0007011704729356083,-0.0015011704729356082,3,false_squeeze,2,75945.02,3,0.6344168346113561,24.962009999999776,7.156710000000004,0.6175328405771536,9.095929999999774,-6.644230000000002,-0.1827245091907327,False,adaptive,with_cost
breakout_forced_cover_signal,adaptive,,7499,7500,7503,2026-05-27 00:55:00+00:00,2026-05-27 01:00:00+00:00,2026-05-27 01:15:00+00:00,76100.217,75875.691826,-0.0029503880915346947,-0.0037503880915346947,3,false_squeeze,4,76066.93,5,0.6801962436471911,105.91492999999974,8.013209999999987,0.319000711351173,-30.818300000000217,-32.13493999999999,-0.18578960945896694,False,adaptive,with_cost
breakout_forced_cover_signal,adaptive,,7524,7525,7527,2026-05-27 03:00:00+00:00,2026-05-27 03:05:00+00:00,2026-05-27 03:15:00+00:00,75939.574878,75852.81640200001,-0.0011424672331833419,-0.0019424672331833418,2,false_squeeze,2,75890.59,3,0.6372275750420404,48.51650999999976,20.193089999999998,0.5268332554111431,11.238749999999783,-20.51854,-0.18737118646351036,False,adaptive,with_cost
breakout_forced_cover_signal,adaptive,,7561,7562,7564,2026-05-27 06:05:00+00:00,2026-05-27 06:10:00+00:00,2026-05-27 06:20:00+00:00,75815.16,75712.424486,-0.0013550787731635427,-0.0021550787731635427,2,false_squeeze,2,75750.02,4,0.6160448993480216,55.63081999999976,71.81141,0.5242860082337988,4.777799999999772,-72.76272,-0.189122465570024,False,adaptive,with_cost
breakout_forced_cover_signal,adaptive,,7578,7579,7587,2026-05-27 07:30:00+00:00,2026-05-27 07:35:00+00:00,2026-05-27 08:15:00+00:00,75953.557674,75897.577448,-0.0007370323091417941,-0.001537032309141794,8,false_squeeze,3,75900.0,3,0.6717369252321229,31.513529999999786,26.445150000000005,0.3925254503522312,-14.215160000000225,-14.763879999999997,-0.19036881053920007,False,adaptive,with_cost
breakout_forced_cover_signal,adaptive,,7612,7613,7615,2026-05-27 10:20:00+00:00,2026-05-27 10:25:00+00:00,2026-05-27 10:35:00+00:00,76021.781316,75876.8216,-0.0019068181972405895,-0.0027068181972405895,2,false_squeeze,2,76000.0,3,0.6850059627995705,21.281209999999767,4.082090000000004,0.5316851082234945,3.9119099999997644,-10.416630000000001,-0.1925603349758861,False,adaptive,with_cost
breakout_forced_cover_signal,adaptive,,7671,7672,7676,2026-05-27 15:15:00+00:00,2026-05-27 15:20:00+00:00,2026-05-27 15:40:00+00:00,75236.124216,75186.969598,-0.0006533379877314838,-0.0014533379877314837,4,false_squeeze,3,75172.87,3,0.6234161388794356,43.24501999999979,40.585409999999996,0.48999414947689396,-3.023720000000205,-7.7722,-0.19373381771386688,False,adaptive,with_cost
breakout_forced_cover_signal,adaptive,,7716,7717,7719,2026-05-27 19:00:00+00:00,2026-05-27 19:05:00+00:00,2026-05-27 19:15:00+00:00,75066.91037999999,74988.9992,-0.001037889791994706,-0.001837889791994706,2,false_squeeze,4,75032.01,3,0.7019501613946663,57.10097999999979,1.5047599999999974,0.47495243166520273,-5.710540000000208,-5.386859999999999,-0.19521564609992115,False,adaptive,with_cost
breakout_forced_cover_signal,adaptive,,7720,7721,7723,2026-05-27 19:20:00+00:00,2026-05-27 19:25:00+00:00,2026-05-27 19:35:00+00:00,75099.26685,75038.99919799999,-0.0008025065293963962,-0.0016025065293963961,2,false_squeeze,4,75067.91,4,0.7108930825443449,82.9004299999998,88.61097000000001,0.4000797880731509,-84.8121300000002,-220.23208,-0.19650531828180207,False,adaptive,with_cost
breakout_forced_cover_signal,adaptive,,7730,7731,7734,2026-05-27 20:10:00+00:00,2026-05-27 20:15:00+00:00,2026-05-27 20:30:00+00:00,75324.38186400001,75223.41230800001,-0.0013404631209891216,-0.0021404631209891215,3,false_squeeze,2,75272.0,3,0.6035204409029795,27.49581999999978,1.5798099999999948,0.586307003346694,21.23443999999978,-14.312359999999998,-0.1982251690159308,False,adaptive,with_cost
breakout_forced_cover_signal,adaptive,,7857,7858,7860,2026-05-28 06:45:00+00:00,2026-05-28 06:50:00+00:00,2026-05-28 07:00:00+00:00,73159.86904800001,73180.051062,0.0002758618114357958,-0.0005241381885642042,2,false_squeeze,3,73077.55,4,0.5387033420175219,28.201779999999765,76.24571999999998,0.44334023810701423,-47.88406000000023,-17.19323,-0.19864540982347922,False,adaptive,with_cost
breakout_forced_cover_signal,adaptive,,7868,7869,7872,2026-05-28 07:40:00+00:00,2026-05-28 07:45:00+00:00,2026-05-28 08:00:00+00:00,73516.710402,73363.33439799999,-0.002086274034315827,-0.002886274034315827,3,false_squeeze,4,73472.74,4,0.7538510670338878,131.31438999999978,80.04998,0.3908905952028334,-60.99425000000022,-71.24798,-0.20095833876938551,False,adaptive,with_cost
breakout_forced_cover_signal,adaptive,,7891,7892,7896,2026-05-28 09:35:00+00:00,2026-05-28 09:40:00+00:00,2026-05-28 10:00:00+00:00,73457.08847999999,73487.829494,0.0004184894151961771,-0.00038151058480382293,4,false_squeeze,3,73418.76,3,0.6874986686543604,44.71477999999977,17.198049999999995,0.33362893137727173,-39.03780000000023,-120.51725,-0.20126318162084422,False,adaptive,with_cost
breakout_forced_cover_signal,adaptive,,7898,7899,7904,2026-05-28 10:10:00+00:00,2026-05-28 10:15:00+00:00,2026-05-28 10:40:00+00:00,73594.36592999999,73495.487962,-0.001343553501011674,-0.002143553501011674,5,false_squeeze,2,73560.0,3,0.6064881943826348,16.750379999999776,41.093050000000005,0.7026631289546447,41.78858999999977,-69.05798,-0.20297531672426783,False,adaptive,with_cost
breakout_forced_cover_signal,adaptive,,7918,7919,7921,2026-05-28 11:50:00+00:00,2026-05-28 11:55:00+00:00,2026-05-28 12:05:00+00:00,73545.926244,73477.341592,-0.0009325418211807435,-0.0017325418211807434,2,false_squeeze,4,73517.65,3,0.6153738073092846,15.84793999999977,13.402090000000001,0.48692135823841604,-1.973600000000232,-9.112179999999999,-0.20435619532055638,False,adaptive,with_cost
breakout_forced_cover_signal,adaptive,,7947,7948,7948,2026-05-28 14:15:00+00:00,2026-05-28 14:20:00+00:00,2026-05-28 14:20:00+00:00,73494.275916,73112.1791755127,-0.005199000000000176,-0.005999000000000176,0,stop_loss,0,73338.35,4,0.5708889872528559,134.5526399999998,114.5762,0.5920456398224601,164.6666599999998,30.11402000000001,-0.20912926250482855,False,adaptive,with_cost
breakout_forced_cover_signal,adaptive,,7987,7988,7991,2026-05-28 17:35:00+00:00,2026-05-28 17:40:00+00:00,2026-05-28 17:55:00+00:00,73534.704,73540.10903600001,7.350319925158999e-05,-0.00072649680074841,3,false_squeeze,3,73500.0,3,0.6788359005762976,46.573739999999795,21.384430000000002,0.463921720190942,-22.63347000000023,-120.42677000000002,-0.20970382756542438,False,adaptive,with_cost
breakout_forced_cover_signal,adaptive,,8020,8021,8027,2026-05-28 20:20:00+00:00,2026-05-28 20:25:00+00:00,2026-05-28 20:55:00+00:00,73613.109678,73565.274002,-0.0006498255026751165,-0.0014498255026751164,6,false_squeeze,4,73593.26,3,0.6442521616338373,43.337699999999785,2.577529999999996,0.4814313336537181,-2.7425300000002117,-4.98377,-0.21084961911088662,False,adaptive,with_cost
breakout_forced_cover_signal,adaptive,,8032,8033,8039,2026-05-28 21:20:00+00:00,2026-05-28 21:25:00+00:00,2026-05-28 21:55:00+00:00,73760.089068,73802.546538,0.0005756157637073489,-0.00022438423629265113,6,false_squeeze,3,73734.0,3,0.6188938397612245,19.444989999999795,2.9828300000000034,0.43399254671419085,-12.984540000000209,-22.968749999999993,-0.21102669201642255,False,adaptive,with_cost
breakout_forced_cover_signal,adaptive,,8077,8078,8080,2026-05-29 01:05:00+00:00,2026-05-29 01:10:00+00:00,2026-05-29 01:20:00+00:00,73874.772,73596.337788,-0.0037690026576324698,-0.00456900265763247,2,false_squeeze,4,73854.77,3,0.7490547912466613,55.52299999999978,19.215309999999988,0.38985708118692564,-37.398810000000225,-64.3161,-0.2146315131574006,False,adaptive,with_cost
breakout_forced_cover_signal,adaptive,,8121,8122,8128,2026-05-29 04:45:00+00:00,2026-05-29 04:50:00+00:00,2026-05-29 05:20:00+00:00,73459.58897999999,73537.309596,0.0010580050484787495,0.0002580050484787495,6,false_squeeze,3,73440.67,3,0.6805301987686335,16.14764999999978,2.7945699999999967,0.4823333897374487,-10.9207600000002,-148.69265,-0.21442888412287897,True,adaptive,with_cost
breakout_forced_cover_signal,adaptive,,8133,8134,8142,2026-05-29 05:45:00+00:00,2026-05-29 05:50:00+00:00,2026-05-29 06:30:00+00:00,73696.04626199999,73696.46775800001,5.719384165159269e-06,-0.0007942806158348408,8,false_squeeze,3,73638.45,3,0.7097494236595623,64.67638999999978,59.23505,0.46374519584454493,-7.655410000000226,-22.147820000000003,-0.21505284803257996,False,adaptive,with_cost
breakout_forced_cover_signal,adaptive,,8244,8245,8248,2026-05-29 15:00:00+00:00,2026-05-29 15:05:00+00:00,2026-05-29 15:20:00+00:00,73328.602788,73587.2796,0.0035276386316516195,0.0027276386316516196,3,false_squeeze,3,73198.17,5,0.6500951573594487,139.25828999999976,35.74498,0.4658193223262545,-24.964210000000225,-213.28117000000003,-0.21291179585706865,True,adaptive,with_cost
breakout_forced_cover_signal,adaptive,,8250,8251,8252,2026-05-29 15:30:00+00:00,2026-05-29 15:35:00+00:00,2026-05-29 15:40:00+00:00,74060.67917399999,73811.22480200001,-0.00336824310527728,-0.00416824310527728,1,extreme_vol_exit,0,73756.19,5,0.6574154551017066,142.00065999999973,133.48256999999995,0.586113885312447,112.06477999999977,-81.57186,-0.21619257083723253,False,adaptive,with_cost
breakout_forced_cover_signal,adaptive,,8308,8309,8311,2026-05-29 20:20:00+00:00,2026-05-29 20:25:00+00:00,2026-05-29 20:35:00+00:00,73758.7488,73690.50895,-0.0009251763500629506,-0.0017251763500629506,2,false_squeeze,2,73727.95,3,0.6265598181076273,12.009979999999771,4.509649999999999,0.5143654272603063,1.230709999999772,-7.1018099999999995,-0.21754477687702778,False,adaptive,with_cost
breakout_forced_cover_signal,adaptive,,8318,8319,8321,2026-05-29 21:10:00+00:00,2026-05-29 21:15:00+00:00,2026-05-29 21:25:00+00:00,73818.900828,73524.152228,-0.003992860862108483,-0.004792860862108483,2,false_squeeze,4,73768.0,3,0.7314596241210638,51.89271999999977,39.20788,0.22192402630173072,-79.76428000000023,-44.11649,-0.2212949758922863,False,adaptive,with_cost
breakout_forced_cover_signal,adaptive,,8386,8387,8391,2026-05-30 02:50:00+00:00,2026-05-30 02:55:00+00:00,2026-05-30 03:15:00+00:00,73788.73479599999,73717.233604,-0.0009689987529624133,-0.0017689987529624133,4,false_squeeze,3,73727.0,3,0.6570633160262253,30.714899999999755,16.296219999999998,0.4800900751635042,-3.987150000000245,-32.18952999999999,-0.22267250410885842,False,adaptive,with_cost
breakout_forced_cover_signal,adaptive,,8413,8414,8417,2026-05-30 05:05:00+00:00,2026-05-30 05:10:00+00:00,2026-05-30 05:25:00+00:00,73531.323324,73505.305998,-0.00035382643510117884,-0.0011538264351011788,3,false_squeeze,3,73510.01,3,0.7079898285255124,90.31788999999976,79.42671000000001,0.47422062980046426,-1.3739600000002565,-3.735690000000003,-0.22356940512234869,False,adaptive,with_cost
breakout_forced_cover_signal,adaptive,,8430,8431,8433,2026-05-30 06:30:00+00:00,2026-05-30 06:35:00+00:00,2026-05-30 06:45:00+00:00,73692.225498,73598.567342,-0.0012709367286315443,-0.002070936728631544,2,false_squeeze,2,73635.0,3,0.6394581041587676,16.64615999999975,8.306080000000001,0.6008283787520307,11.005229999999749,-0.9787899999999965,-0.22517734375851406,False,adaptive,with_cost
breakout_forced_cover_signal,adaptive,,8470,8471,8477,2026-05-30 09:50:00+00:00,2026-05-30 09:55:00+00:00,2026-05-30 10:25:00+00:00,73627.15248599999,73615.353984,-0.00016024661557068054,-0.0009602466155706806,6,false_squeeze,3,73579.08,3,0.6158728203306355,8.089069999999744,5.0245700000000015,0.410763268527237,-14.600400000000255,-15.503079999999999,-0.22592136459183743,False,adaptive,with_cost
breakout_forced_cover_signal,adaptive,,8509,8510,8514,2026-05-30 13:05:00+00:00,2026-05-30 13:10:00+00:00,2026-05-30 13:30:00+00:00,73780.56316199999,73680.420968,-0.001357297772044741,-0.002157297772044741,4,false_squeeze,4,73736.0,3,0.7180563684150559,30.79009999999973,19.825329999999997,0.47049957709360113,-4.094700000000277,-27.835449999999998,-0.22759128270739093,False,adaptive,with_cost
breakout_forced_cover_signal,adaptive,,8520,8521,8530,2026-05-30 14:00:00+00:00,2026-05-30 14:05:00+00:00,2026-05-30 14:50:00+00:00,73920.7812,73914.30418199999,-8.762107075788172e-05,-0.0008876210707578818,9,false_squeeze,3,73837.06,3,0.8335511483369898,69.05880999999972,48.066739999999996,0.45910624577149606,-7.867340000000272,-9.115149999999993,-0.2282768889600969,False,adaptive,with_cost
breakout_forced_cover_signal,adaptive,,8560,8561,8563,2026-05-30 17:20:00+00:00,2026-05-30 17:25:00+00:00,2026-05-30 17:35:00+00:00,74027.78259599999,73910.554932,-0.0015835630879253992,-0.002383563087925399,2,false_squeeze,4,73985.84,4,0.8852456564740497,106.13194999999973,115.24791,0.3988369037384603,-16.67670000000027,-99.9591,-0.23011633968167056,False,adaptive,with_cost
breakout_forced_cover_signal,adaptive,,8571,8572,8574,2026-05-30 18:15:00+00:00,2026-05-30 18:20:00+00:00,2026-05-30 18:30:00+00:00,74074.80199800001,74021.172804,-0.0007239870043993513,-0.0015239870043993512,2,false_squeeze,2,74047.26,3,0.6462969682610368,12.732309999999728,15.42029,0.5971525692443242,14.334369999999737,-11.807859999999998,-0.23128963237489508,False,adaptive,with_cost
breakout_forced_cover_signal,adaptive,,8651,8652,8658,2026-05-31 00:55:00+00:00,2026-05-31 01:00:00+00:00,2026-05-31 01:30:00+00:00,74053.00764,74179.89105399999,0.0017134133783847094,0.0009134133783847094,6,extreme_vol_exit,0,74028.0,3,0.697771422483158,17.634189999999727,0.7743099999999998,0.5296437352720654,7.128929999999723,-21.125800000000005,-0.2305874820410032,True,adaptive,with_cost
breakout_forced_cover_signal,adaptive,,8825,8826,8828,2026-05-31 15:25:00+00:00,2026-05-31 15:30:00+00:00,2026-05-31 15:40:00+00:00,73763.409732,73623.732308,-0.0018935868678993106,-0.0026935868678993106,2,false_squeeze,4,73742.0,3,0.7170075872737713,28.465379999999723,20.5799,0.43208016209774935,-8.333180000000274,-25.80489,-0.23265996149537493,False,adaptive,with_cost
breakout_forced_cover_signal,adaptive,,8850,8851,8858,2026-05-31 17:30:00+00:00,2026-05-31 17:35:00+00:00,2026-05-31 18:10:00+00:00,73674.98204999999,73639.2692,-0.00048473510282986965,-0.0012847351028298696,7,false_squeeze,3,73610.36,3,0.7465909592783798,16.415209999999725,13.225670000000001,0.3123487142358246,-18.785500000000283,-19.767930000000003,-0.23364579017864862,False,adaptive,with_cost
breakout_forced_cover_signal,adaptive,,8881,8882,8885,2026-05-31 20:05:00+00:00,2026-05-31 20:10:00+00:00,2026-05-31 20:25:00+00:00,73703.007654,73667.543544,-0.0004811758858809245,-0.0012811758858809245,3,false_squeeze,3,73657.32,5,0.7985716265210122,175.48243999999974,59.07723,0.4802887350946212,-1.9205600000002665,-24.02216,-0.23462762471231513,False,adaptive,with_cost
breakout_forced_cover_signal,adaptive,,8901,8902,8904,2026-05-31 21:45:00+00:00,2026-05-31 21:50:00+00:00,2026-05-31 22:00:00+00:00,73864.77,73700.227006,-0.0022276248067922833,-0.003027624806792283,2,false_squeeze,4,73760.0,4,0.5885757977846153,20.00626999999973,6.446759999999999,0.48350873531785205,-3.673010000000275,-18.94131000000001,-0.2369448851021697,False,adaptive,with_cost
breakout_forced_cover_signal,adaptive,,8910,8911,8913,2026-05-31 22:30:00+00:00,2026-05-31 22:35:00+00:00,2026-05-31 22:45:00+00:00,74012.359512,73927.981446,-0.0011400537228691832,-0.001940053722869183,2,false_squeeze,4,73996.0,3,0.6128087082948424,13.70239999999973,8.550410000000003,0.4311224768456236,-8.070980000000265,-5.770749999999998,-0.23842525301858164,False,adaptive,with_cost
breakout_forced_cover_signal,adaptive,,8916,8917,8919,2026-05-31 23:00:00+00:00,2026-05-31 23:05:00+00:00,2026-05-31 23:15:00+00:00,74082.893616,73920.083026,-0.0021976813006781004,-0.0029976813006781003,2,false_squeeze,4,73997.56,5,0.6721067886187686,52.88895999999974,34.94981,0.32974162256015205,-24.95017000000027,-52.458600000000004,-0.24070821139667653,False,adaptive,with_cost
breakout_forced_cover_signal,adaptive,,9035,9036,9038,2026-06-01 08:55:00+00:00,2026-06-01 09:00:00+00:00,2026-06-01 09:10:00+00:00,72917.22052799999,72958.74533199999,0.0005694787006322866,-0.00023052129936771348,2,false_squeeze,3,72865.58,4,0.7317682861651428,59.93055999999973,109.96245,0.48917322914030786,-2.953170000000256,-67.61092999999998,-0.24088324432638464,False,adaptive,with_cost
breakout_forced_cover_signal,adaptive,,9129,9130,9130,2026-06-01 16:45:00+00:00,2026-06-01 16:50:00+00:00,2026-06-01 16:50:00+00:00,71394.045954,71411.86477,0.00024958406211461615,-0.0005504159378853839,0,extreme_vol_exit,0,71356.0,3,0.5819339098730052,133.02346999999975,-207.13461000000007,0.5027932667634437,2.0858999999996684,-130.93757000000008,-0.2413010742874233,False,adaptive,with_cost
breakout_forced_cover_signal,adaptive,,9137,9138,9138,2026-06-01 17:25:00+00:00,2026-06-01 17:30:00+00:00,2026-06-01 17:30:00+00:00,71747.666664,71525.692,-0.0030938241523523757,-0.0038938241523523757,0,extreme_vol_exit,0,71656.6,3,0.6784677384304081,73.91169999999966,33.45933000000001,0.6915140310878682,100.74685999999966,26.835160000000002,-0.24425531448872673,False,adaptive,with_cost
breakout_forced_cover_signal,adaptive,,9197,9198,9200,2026-06-01 22:25:00+00:00,2026-06-01 22:30:00+00:00,2026-06-01 22:40:00+00:00,71298.54685799999,71127.06174199999,-0.0024051698604956595,-0.0032051698604956594,2,false_squeeze,4,71230.0,4,0.8120380680717295,211.10087999999968,59.037830000000014,0.48371100021061036,-3.647440000000328,-81.42935000000001,-0.2466776045769572,False,adaptive,with_cost
breakout_forced_cover_signal,adaptive,,9211,9212,9214,2026-06-01 23:35:00+00:00,2026-06-01 23:40:00+00:00,2026-06-01 23:50:00+00:00,71524.302,71425.492044,-0.0013814878752678172,-0.002181487875267817,2,false_squeeze,4,71470.0,3,0.6423072683324534,64.13495999999967,66.38514999999998,0.41966559258020525,-21.208870000000335,-93.75273999999999,-0.24832096824874028,False,adaptive,with_cost
breakout_forced_cover_signal,adaptive,,9270,9271,9273,2026-06-02 04:30:00+00:00,2026-06-02 04:35:00+00:00,2026-06-02 04:45:00+00:00,71044.19599800001,70895.798004,-0.0020888123500502065,-0.0028888123500502064,2,false_squeeze,4,71028.25,3,0.6132697817007485,27.61560999999966,16.302759999999992,0.46771404636366326,-6.484730000000344,-24.44857,-0.2504924279189371,False,adaptive,with_cost
breakout_forced_cover_signal,adaptive,,9338,9339,9341,2026-06-02 10:10:00+00:00,2026-06-02 10:15:00+00:00,2026-06-02 10:25:00+00:00,69671.9316,69632.080798,-0.0005719778551396271,-0.001371977855139627,2,false_squeeze,4,69654.58,5,0.6786696240439092,152.6611799999996,58.81557999999998,0.45514207144428886,-12.561450000000374,-40.29194,-0.2515207357100918,False,adaptive,with_cost
breakout_forced_cover_signal,adaptive,,9466,9467,9469,2026-06-02 20:50:00+00:00,2026-06-02 20:55:00+00:00,2026-06-02 21:05:00+00:00,67626.862668,67632.08087800001,7.716179331906936e-05,-0.0007228382066809307,2,false_squeeze,3,67498.0,3,0.6200388017562282,57.52691999999955,23.100269999999995,0.45051039227249595,-23.123070000000446,-55.07790999999999,-0.25206176511922906,False,adaptive,with_cost
breakout_forced_cover_signal,adaptive,,9473,9474,9476,2026-06-02 21:25:00+00:00,2026-06-02 21:30:00+00:00,2026-06-02 21:40:00+00:00,67901.56759800001,67718.45360000001,-0.0026967565621474066,-0.0034967565621474065,2,false_squeeze,4,67820.0,3,0.6584001042867933,60.80417999999954,44.367479999999986,0.4040511484048681,-29.041950000000462,-38.30863,-0.25467712305012935,False,adaptive,with_cost
breakout_forced_cover_signal,adaptive,,9507,9508,9510,2026-06-03 00:15:00+00:00,2026-06-03 00:20:00+00:00,2026-06-03 00:30:00+00:00,67099.137144,66750.28872998834,-0.005198999999999843,-0.005998999999999843,2,stop_loss,0,66912.0,3,0.5548485860125352,50.51424999999954,109.22464,0.49746887362999176,-0.9977200000004736,-63.95442000000001,-0.2591483149889515,False,adaptive,with_cost
breakout_forced_cover_signal,adaptive,,9582,9583,9585,2026-06-03 06:30:00+00:00,2026-06-03 06:35:00+00:00,2026-06-03 06:45:00+00:00,67478.36297399999,67193.728566,-0.004218158168858621,-0.0050181581688586215,2,false_squeeze,4,67398.28,4,0.6068361009032858,118.23899999999952,31.49897,0.4452226817720683,-32.066320000000445,-66.49802,-0.26286602592400243,False,adaptive,with_cost
breakout_forced_cover_signal,adaptive,,9625,9626,9628,2026-06-03 10:05:00+00:00,2026-06-03 10:10:00+00:00,2026-06-03 10:20:00+00:00,67453.498002,67229.791352,-0.0033164573613863046,-0.004116457361386305,2,false_squeeze,4,67322.0,3,0.6588534506491791,71.76840999999956,36.81833000000003,0.46421401252666356,-13.30302000000042,-60.36819999999999,-0.2659004064979156,False,adaptive,with_cost
breakout_forced_cover_signal,adaptive,,9765,9766,9768,2026-06-03 21:45:00+00:00,2026-06-03 21:50:00+00:00,2026-06-03 22:00:00+00:00,65787.924954,65530.60125800001,-0.003911412256579205,-0.004711412256579206,2,false_squeeze,4,65720.01,5,0.6388608633749902,137.55079999999958,74.65532999999999,0.47576269127426557,-17.277900000000436,-97.84012000000001,-0.2693590523202911,False,adaptive,with_cost
breakout_forced_cover_signal,adaptive,,9942,9943,9948,2026-06-04 12:30:00+00:00,2026-06-04 12:35:00+00:00,2026-06-04 13:00:00+00:00,63505.558572,63687.26,0.0028611893523304843,0.0020611893523304844,5,false_squeeze,3,63400.0,3,0.5791372797162897,98.3216899999997,23.674859999999995,0.48357039042681355,-9.033670000000313,-58.54969,-0.26785306297855693,True,adaptive,with_cost
breakout_forced_cover_signal,adaptive,,9955,9956,9956,2026-06-04 13:35:00+00:00,2026-06-04 13:40:00+00:00,2026-06-04 13:40:00+00:00,64162.83,63829.247446830006,-0.005198999999999954,-0.005998999999999954,0,stop_loss,0,63966.48,5,0.6544134512071693,278.2434499999996,243.60024999999993,0.6079104318976658,218.57099999999963,-59.67244999999997,-0.27224521245374855,False,adaptive,with_cost
breakout_forced_cover_signal,adaptive,,10013,10014,10020,2026-06-04 18:25:00+00:00,2026-06-04 18:30:00+00:00,2026-06-04 19:00:00+00:00,63909.039252,63701.097232,-0.0032537184478719228,-0.004053718447871923,6,false_squeeze,3,63650.0,3,0.6490063826717783,98.9081599999997,60.98535,0.42555921641109185,-26.556090000000317,-40.52609000000001,-0.2751953254615519,False,adaptive,with_cost
breakout_forced_cover_signal,adaptive,,10025,10026,10027,2026-06-04 19:25:00+00:00,2026-06-04 19:30:00+00:00,2026-06-04 19:35:00+00:00,64140.8256,63807.3574477056,-0.005198999999999954,-0.005998999999999954,1,stop_loss,0,64110.28,3,0.6321457373917777,52.20812999999969,11.635489999999997,0.4936629852587806,-2.466520000000312,-21.810299999999998,-0.279543428704108,False,adaptive,with_cost
breakout_forced_cover_signal,adaptive,,10133,10134,10136,2026-06-05 04:25:00+00:00,2026-06-05 04:30:00+00:00,2026-06-05 04:40:00+00:00,63252.968064,63012.514976000006,-0.003801451463221528,-0.004601451463221528,2,false_squeeze,3,62980.0,3,0.6363642434260616,89.03503999999973,97.24917000000002,0.3867105381804158,-41.008320000000296,-117.32338000000001,-0.282858574648285,False,adaptive,with_cost
breakout_forced_cover_signal,adaptive,,10139,10140,10143,2026-06-05 04:55:00+00:00,2026-06-05 05:00:00+00:00,2026-06-05 05:15:00+00:00,63627.943044,63297.141368114244,-0.005198999999999954,-0.005998999999999954,3,stop_loss,0,63326.0,4,0.6300683798468086,101.4592699999997,97.63468,0.5849671172460087,39.5821099999997,35.30262999999998,-0.28716070605896993,False,adaptive,with_cost
breakout_forced_cover_signal,adaptive,,10169,10170,10171,2026-06-05 07:25:00+00:00,2026-06-05 07:30:00+00:00,2026-06-05 07:35:00+00:00,62265.390588,62755.4464,0.007870436648227619,0.0070704366482276185,1,extreme_vol_exit,0,62203.29,3,0.5833030952443384,86.53159999999971,52.9136,0.5961791145731206,151.49794999999978,14.047530000000052,-0.2821206209907925,True,adaptive,with_cost
breakout_forced_cover_signal,adaptive,,10175,10176,10177,2026-06-05 07:55:00+00:00,2026-06-05 08:00:00+00:00,2026-06-05 08:05:00+00:00,63128.613198,62800.4075379836,-0.005198999999999954,-0.005998999999999954,1,stop_loss,0,62992.52,4,0.5797846952184633,121.85538999999972,13.397170000000017,0.5459245756769537,51.95964999999972,-47.181170000000016,-0.2864271793854687,False,adaptive,with_cost
breakout_forced_cover_signal,adaptive,,10190,10191,10194,2026-06-05 09:10:00+00:00,2026-06-05 09:15:00+00:00,2026-06-05 09:30:00+00:00,63112.26993,63002.916895999995,-0.0017326747100253614,-0.0025326747100253614,3,false_squeeze,3,62932.63,3,0.6059717724668084,78.2876599999997,84.65833,0.49475012644701266,-2.136120000000272,-35.314040000000006,-0.28823442722200054,False,adaptive,with_cost
breakout_forced_cover_signal,adaptive,,10317,10318,10320,2026-06-05 19:45:00+00:00,2026-06-05 19:50:00+00:00,2026-06-05 20:00:00+00:00,60227.523096000004,60071.973202,-0.0025827044846600256,-0.0033827044846600255,2,false_squeeze,3,59972.0,3,0.515706892238713,21.315519999999736,35.86848999999998,0.43890909365980296,-62.347060000000226,-63.46847999999997,-0.29064211981706334,False,adaptive,with_cost
breakout_forced_cover_signal,adaptive,,10332,10333,10335,2026-06-05 21:00:00+00:00,2026-06-05 21:05:00+00:00,2026-06-05 21:15:00+00:00,61844.3664,61733.80077,-0.001787804394095871,-0.002587804394095871,2,false_squeeze,4,61787.01,4,0.5582104683874582,112.90935999999985,39.00491000000005,0.4951647531549856,-6.407520000000233,-41.97494000000006,-0.2924777992563873,False,adaptive,with_cost
breakout_forced_cover_signal,adaptive,,10432,10433,10442,2026-06-06 05:20:00+00:00,2026-06-06 05:25:00+00:00,2026-06-06 06:10:00+00:00,60831.083783999995,61139.829588,0.005075461175347629,0.004275461175347628,9,false_squeeze,3,60302.21,5,0.6750756778087869,346.80122999999975,341.17591,0.39894189280201137,-144.46980000000022,-155.76476,-0.28945281555641145,True,adaptive,with_cost
breakout_forced_cover_signal,adaptive,,10469,10470,10475,2026-06-06 08:25:00+00:00,2026-06-06 08:30:00+00:00,2026-06-06 08:55:00+00:00,61414.280399999996,61251.7472,-0.002646504997557475,-0.003446504997557475,5,false_squeeze,3,61166.1,3,0.705409680874278,96.46151999999977,90.58921000000002,0.4048928586272202,-24.02725000000025,-34.253949999999996,-0.2919017199785967,False,adaptive,with_cost
breakout_forced_cover_signal,adaptive,,10509,10510,10516,2026-06-06 11:45:00+00:00,2026-06-06 11:50:00+00:00,2026-06-06 12:20:00+00:00,60902.188002,60862.67503,-0.0006487939644911345,-0.0014487939644911344,6,false_squeeze,3,60870.32,3,0.6595581757614367,42.04101999999975,11.53979,0.4200140400294601,-25.488350000000253,-37.6917,-0.2929276084929583,False,adaptive,with_cost
breakout_forced_cover_signal,adaptive,,10522,10523,10525,2026-06-06 12:50:00+00:00,2026-06-06 12:55:00+00:00,2026-06-06 13:05:00+00:00,61134.214398,61013.784802,-0.0019699213801287474,-0.0027699213801287473,2,false_squeeze,2,61100.0,3,0.6237904052574856,36.816189999999736,20.22264999999999,0.5002845964898123,0.06523999999975061,-5.649069999999995,-0.2948861434274924,False,adaptive,with_cost
breakout_forced_cover_signal,adaptive,,10624,10625,10627,2026-06-06 21:20:00+00:00,2026-06-06 21:25:00+00:00,2026-06-06 21:35:00+00:00,60918.53127,60790.619444,-0.002099719466857608,-0.002899719466857608,2,false_squeeze,4,60899.65,3,0.6628535657769388,35.115589999999756,11.18724000000001,0.45355017477459336,-8.643900000000258,-23.160470000000004,-0.2969307758037468,False,adaptive,with_cost
breakout_forced_cover_signal,adaptive,,10651,10652,10658,2026-06-06 23:35:00+00:00,2026-06-06 23:40:00+00:00,2026-06-07 00:10:00+00:00,60841.745916,60799.297708,-0.0006976822798380189,-0.0014976822798380188,6,false_squeeze,3,60763.27,3,0.6668434657817612,18.42710999999975,0.009570000000003631,0.45470062109565573,-8.054900000000256,-20.843,-0.29798375012232503,False,adaptive,with_cost
breakout_forced_cover_signal,adaptive,,10668,10669,10676,2026-06-07 01:00:00+00:00,2026-06-07 01:05:00+00:00,2026-06-07 01:40:00+00:00,61077.142986,61442.718998000004,0.005985479905040725,0.0051854799050407244,7,false_squeeze,3,60987.99,4,0.7250065346994569,93.63938999999974,64.39902,0.474896717910749,-10.981370000000254,-14.98857000000001,-0.29434345896557224,True,adaptive,with_cost
breakout_forced_cover_signal,adaptive,,10712,10713,10721,2026-06-07 04:40:00+00:00,2026-06-07 04:45:00+00:00,2026-06-07 05:25:00+00:00,61753.528236,61728.141901999996,-0.0004110912319533755,-0.0012110912319533754,8,false_squeeze,3,61732.0,3,0.6462334989543523,31.23548999999975,28.252440000000014,0.4864146738593783,-9.864630000000258,-24.413750000000018,-0.29519807341518955,False,adaptive,with_cost
breakout_forced_cover_signal,adaptive,,10733,10734,10736,2026-06-07 06:25:00+00:00,2026-06-07 06:30:00+00:00,2026-06-07 06:40:00+00:00,61982.574036,62180.251462,0.003189241961542022,0.002389241961542022,2,false_squeeze,3,61937.14,4,0.5603034751676296,56.01611999999973,16.94512000000001,0.4375139776023125,-85.81567000000022,-10.915240000000011,-0.29351413107761737,True,adaptive,with_cost
breakout_forced_cover_signal,adaptive,,10750,10751,10761,2026-06-07 07:50:00+00:00,2026-06-07 07:55:00+00:00,2026-06-07 08:45:00+00:00,62326.4628,62937.1374825144,0.009797999999999973,0.008997999999999973,10,take_profit,0,62268.88,4,0.5140423681685155,9.73267999999976,94.78718000000002,0.7407200588024841,497.68979999999965,124.10871999999995,-0.2871571712290537,True,adaptive,with_cost
breakout_forced_cover_signal,adaptive,,10796,10797,10799,2026-06-07 11:40:00+00:00,2026-06-07 11:45:00+00:00,2026-06-07 11:55:00+00:00,62692.525998,62609.435608,-0.0013253635688988963,-0.002125363568898896,2,false_squeeze,4,62665.98,3,0.6266063832112136,25.374149999999773,3.629639999999995,0.2844561227834234,-199.09309000000025,-70.75728000000001,-0.28867222140767435,False,adaptive,with_cost
breakout_forced_cover_signal,adaptive,,39,40,42,2026-05-01 03:15:00+00:00,2026-05-01 03:20:00+00:00,2026-05-01 03:30:00+00:00,77240.71,77230.0,-0.00013865745149166386,-0.00013865745149166386,2,false_squeeze,3,76729.7,3,0.7869739978296629,151.45113,138.86171000000002,0.39919829133009777,-132.14902000000004,-192.02451000000002,-0.00013865745149166386,False,adaptive,no_cost
breakout_forced_cover_signal,adaptive,,98,99,101,2026-05-01 08:10:00+00:00,2026-05-01 08:15:00+00:00,2026-05-01 08:25:00+00:00,77249.99,77440.73,0.0024691265332201784,0.0024691265332201784,2,false_squeeze,3,77147.89,3,0.7791722363635174,116.18608,110.87657,0.4289625373532755,-51.40207999999998,-123.55747,0.0023301267189359542,True,adaptive,no_cost
breakout_forced_cover_signal,adaptive,,124,125,127,2026-05-01 10:20:00+00:00,2026-05-01 10:25:00+00:00,2026-05-01 10:35:00+00:00,77408.77,77253.56,-0.002005069968170403,-0.002005069968170403,2,false_squeeze,4,77377.91,3,0.6920287224066014,64.313,38.8061,0.4788974812370337,-1.9813100000000063,-42.7779,0.00032038468365946926,False,adaptive,no_cost
breakout_forced_cover_signal,adaptive,,135,136,138,2026-05-01 11:15:00+00:00,2026-05-01 11:20:00+00:00,2026-05-01 11:30:00+00:00,77433.93,77375.0,-0.0007610358921469329,-0.0007610358921469329,2,false_squeeze,2,77433.72,3,0.8180452745725164,57.82064999999999,23.45736000000001,0.5808174083837782,37.87459999999999,-38.64442,-0.0004408950327310368,False,adaptive,no_cost
breakout_forced_cover_signal,adaptive,,147,148,153,2026-05-01 12:15:00+00:00,2026-05-01 12:20:00+00:00,2026-05-01 12:45:00+00:00,77691.14,77991.1,0.0038609293157496616,0.0038609293157496616,5,false_squeeze,3,77677.77,3,0.6419618867039846,64.64678,24.54444,0.4565825670064961,-36.71722000000001,-172.83258,0.003418332018461534,True,adaptive,no_cost
breakout_forced_cover_signal,adaptive,,211,212,217,2026-05-01 17:35:00+00:00,2026-05-01 17:40:00+00:00,2026-05-01 18:05:00+00:00,78512.46,78500.04,-0.00015819145139528423,-0.00015819145139528423,5,false_squeeze,3,78390.0,3,0.7373911477980973,74.10553999999998,25.792930000000013,0.489172033110538,-1.713950000000028,-3.2969899999999974,0.0032595998161628614,False,adaptive,no_cost
breakout_forced_cover_signal,adaptive,,263,264,266,2026-05-01 21:55:00+00:00,2026-05-01 22:00:00+00:00,2026-05-01 22:10:00+00:00,78200.0,78282.61,0.0010563938618926016,0.0010563938618926016,2,false_squeeze,3,78190.98,3,0.7322119554585614,45.70058999999998,50.83796999999999,0.3218600790487031,-35.73764000000001,-80.18114,0.004319437099293388,True,adaptive,no_cost
breakout_forced_cover_signal,adaptive,,306,307,309,2026-05-02 01:30:00+00:00,2026-05-02 01:35:00+00:00,2026-05-02 01:45:00+00:00,78424.1,78334.79,-0.001138808095980881,-0.001138808095980881,2,false_squeeze,2,78393.39,3,0.639542618442797,11.395239999999989,30.554000000000002,0.5023761655127305,0.5627199999999917,-42.28163000000001,0.0031757099933737987,False,adaptive,no_cost
breakout_forced_cover_signal,adaptive,,369,370,378,2026-05-02 06:45:00+00:00,2026-05-02 06:50:00+00:00,2026-05-02 07:30:00+00:00,78299.99,78277.7,-0.0002846743658588835,-0.0002846743658588835,8,false_squeeze,4,78288.0,3,0.6512873636863039,12.287949999999984,13.03249,0.44119702686320944,-2.0276500000000177,-21.43891,0.002890131584286415,False,adaptive,no_cost
breakout_forced_cover_signal,adaptive,,437,438,440,2026-05-02 12:25:00+00:00,2026-05-02 12:30:00+00:00,2026-05-02 12:40:00+00:00,78242.86,78227.71,-0.00019362789141386116,-0.00019362789141386116,2,false_squeeze,2,78227.86,3,0.7715534839327687,32.84402999999999,10.500300000000003,0.5492649608807165,3.2047999999999845,-16.36573,0.00269594408278806,False,adaptive,no_cost
breakout_forced_cover_signal,adaptive,,444,445,457,2026-05-02 13:00:00+00:00,2026-05-02 13:05:00+00:00,2026-05-02 14:05:00+00:00,78307.63,78329.08,0.0002739196678536171,0.0002739196678536171,12,false_squeeze,3,78262.37,3,0.723570859511533,17.303449999999987,10.03553,0.43592217552208795,-4.016630000000014,-6.841920000000001,0.0029706022227493634,True,adaptive,no_cost
breakout_forced_cover_signal,adaptive,,461,462,471,2026-05-02 14:25:00+00:00,2026-05-02 14:30:00+00:00,2026-05-02 15:15:00+00:00,78420.43,78369.08,-0.0006548038565969971,-0.0006548038565969971,9,false_squeeze,4,78397.11,4,0.8316016083933422,68.46145999999999,66.64376,0.38127051602184747,-7.285310000000015,-8.3524,0.0023138532043605053,False,adaptive,no_cost
breakout_forced_cover_signal,adaptive,,628,629,631,2026-05-03 04:20:00+00:00,2026-05-03 04:25:00+00:00,2026-05-03 04:35:00+00:00,78220.62,78218.87,-2.2372617348165313e-05,-2.2372617348165313e-05,2,false_squeeze,3,78217.59,3,0.8021692818171012,14.348459999999974,7.940040000000003,0.4970144819133151,-0.09787000000002832,-4.990470000000002,0.0022914288200599486,False,adaptive,no_cost
breakout_forced_cover_signal,adaptive,,658,659,670,2026-05-03 06:50:00+00:00,2026-05-03 06:55:00+00:00,2026-05-03 07:50:00+00:00,78330.6,78383.6,0.0006766193543774612,0.0006766193543774612,11,false_squeeze,3,78254.82,3,0.7447587138242954,26.149599999999957,22.84565,0.40398646151632733,-9.50371000000004,-9.892020000000002,0.0029695985995261687,True,adaptive,no_cost
breakout_forced_cover_signal,adaptive,,688,689,696,2026-05-03 09:20:00+00:00,2026-05-03 09:25:00+00:00,2026-05-03 10:00:00+00:00,78484.93,78477.3,-9.72161152464901e-05,-9.72161152464901e-05,7,false_squeeze,4,78481.76,4,0.7083287415628613,27.108589999999953,19.999099999999995,0.46054276016544565,-3.7778500000000435,-6.485279999999998,0.0028720937914399336,False,adaptive,no_cost
breakout_forced_cover_signal,adaptive,,710,711,720,2026-05-03 11:10:00+00:00,2026-05-03 11:15:00+00:00,2026-05-03 12:00:00+00:00,78526.21,78741.21,0.0027379393453472733,0.0027379393453472733,9,false_squeeze,3,78491.27,4,0.7810533345513762,44.61004999999996,24.24608,0.4317321395813997,-11.923700000000041,-45.416679999999985,0.005617896755382379,True,adaptive,no_cost
breakout_forced_cover_signal,adaptive,,722,723,725,2026-05-03 12:10:00+00:00,2026-05-03 12:15:00+00:00,2026-05-03 12:25:00+00:00,78856.79,78773.22,-0.0010597692348368604,-0.0010597692348368604,2,false_squeeze,4,78849.22,5,0.6657468873698181,39.28422999999995,21.14203,0.42539671762446674,-7.032180000000045,-10.147480000000002,0.00455217384639961,False,adaptive,no_cost
breakout_forced_cover_signal,adaptive,,756,757,759,2026-05-03 15:00:00+00:00,2026-05-03 15:05:00+00:00,2026-05-03 15:15:00+00:00,78800.0,78757.83,-0.0005351522842639289,-0.0005351522842639289,2,false_squeeze,4,78786.57,4,0.5227683545386551,4.189649999999961,29.640620000000002,0.4212732117114372,-9.464070000000046,-20.96451,0.004014585455903497,False,adaptive,no_cost
breakout_forced_cover_signal,adaptive,,820,821,825,2026-05-03 20:20:00+00:00,2026-05-03 20:25:00+00:00,2026-05-03 20:45:00+00:00,78930.05,78846.11,-0.0010634732905908661,-0.0010634732905908661,4,false_squeeze,2,78853.32,5,0.6698530679452158,35.42761999999993,37.21974999999999,0.5503047049640386,41.832129999999964,-26.745649999999998,0.0029468427609073977,False,adaptive,no_cost
breakout_forced_cover_signal,adaptive,,881,882,885,2026-05-04 01:25:00+00:00,2026-05-04 01:30:00+00:00,2026-05-04 01:45:00+00:00,78605.69,78980.23,0.004764795016747536,0.004764795016747536,3,false_squeeze,3,78585.86,4,0.6687443949436331,33.08244999999995,9.808639999999997,0.3720234393101028,-23.66282000000005,-36.62149000000001,0.007725678879357156,True,adaptive,no_cost
breakout_forced_cover_signal,adaptive,,886,887,887,2026-05-04 01:50:00+00:00,2026-05-04 01:55:00+00:00,2026-05-04 01:55:00+00:00,79251.52,79769.43,0.006535016615454081,0.006535016615454081,0,extreme_vol_exit,0,79145.2,4,0.5749252803507674,29.92913999999995,53.59196,0.6177469401466189,241.71796000000003,211.78882000000007,0.01431118293465361,True,adaptive,no_cost
breakout_forced_cover_signal,adaptive,,980,981,984,2026-05-04 09:40:00+00:00,2026-05-04 09:45:00+00:00,2026-05-04 10:00:00+00:00,79857.56,79458.27219999999,-0.0050000000000001155,-0.0050000000000001155,3,stop_loss,0,79823.25,3,0.7378613781305892,74.51010999999994,6.938229999999976,0.42365856301131566,-55.17059000000002,-77.73040999999998,0.009239627019980157,False,adaptive,no_cost
breakout_forced_cover_signal,adaptive,,1036,1037,1041,2026-05-04 14:20:00+00:00,2026-05-04 14:25:00+00:00,2026-05-04 14:45:00+00:00,79274.9,80067.64899999999,0.010000000000000009,0.010000000000000009,4,take_profit,0,79124.83,5,0.6158765429745418,93.37189999999993,83.40274000000001,0.661325662001045,220.6781699999999,87.13828999999998,0.01933202329017991,True,adaptive,no_cost
breakout_forced_cover_signal,adaptive,,1042,1043,1045,2026-05-04 14:50:00+00:00,2026-05-04 14:55:00+00:00,2026-05-04 15:05:00+00:00,80457.69,80055.40155,-0.0050000000000001155,-0.0050000000000001155,2,stop_loss,0,80206.6,4,0.6031193126537627,196.12576999999987,-24.552400000000034,0.4218471892259167,-134.3477500000001,-112.50693000000001,0.014235363173728866,False,adaptive,no_cost
breakout_forced_cover_signal,adaptive,,1120,1121,1126,2026-05-04 21:20:00+00:00,2026-05-04 21:25:00+00:00,2026-05-04 21:50:00+00:00,80275.75,80289.91,0.00017639199882912848,0.00017639199882912848,5,false_squeeze,3,80150.76,3,0.7060345879498546,34.209129999999924,26.617690000000003,0.3711149928913689,-18.87233000000009,-26.26473,0.014414266176722368,True,adaptive,no_cost
breakout_forced_cover_signal,adaptive,,1158,1159,1166,2026-05-05 00:30:00+00:00,2026-05-05 00:35:00+00:00,2026-05-05 01:10:00+00:00,80093.96,80199.62,0.0013192005988964528,0.0013192005988964528,7,false_squeeze,3,80010.0,3,0.6523713065692767,19.00860999999991,18.52022,0.431827437469727,-17.506470000000096,-39.15831000000001,0.015752482084191888,True,adaptive,no_cost
breakout_forced_cover_signal,adaptive,,1176,1177,1179,2026-05-05 02:00:00+00:00,2026-05-05 02:05:00+00:00,2026-05-05 02:15:00+00:00,80497.44,80399.29,-0.001219293433431079,-0.001219293433431079,2,false_squeeze,3,80385.06,3,0.7261319028667926,49.51484999999991,42.48997,0.3436031544522413,-28.68960000000009,-58.59994999999999,0.01451398175279528,False,adaptive,no_cost
breakout_forced_cover_signal,adaptive,,1183,1184,1187,2026-05-05 02:35:00+00:00,2026-05-05 02:40:00+00:00,2026-05-05 02:55:00+00:00,80723.12,80554.68,-0.0020866388712428297,-0.0020866388712428297,3,false_squeeze,3,80530.71,3,0.6859447949890171,63.11888999999991,69.87749,0.47968857569305956,-10.766380000000062,-28.02595999999999,0.01239705744305053,False,adaptive,no_cost
breakout_forced_cover_signal,adaptive,,1219,1220,1222,2026-05-05 05:35:00+00:00,2026-05-05 05:40:00+00:00,2026-05-05 05:50:00+00:00,81235.84,81026.05,-0.0025824808360447316,-0.0025824808360447316,2,false_squeeze,4,81188.0,3,0.49249874306421243,-5.698740000000079,10.610199999999992,0.3030939220001652,-89.46482000000009,-37.07920999999998,0.009782561443735682,False,adaptive,no_cost
breakout_forced_cover_signal,adaptive,,1240,1241,1244,2026-05-05 07:20:00+00:00,2026-05-05 07:25:00+00:00,2026-05-05 07:40:00+00:00,81042.0,81011.05,-0.0003819007428246257,-0.0003819007428246257,3,false_squeeze,4,81026.7,3,0.6055143293405565,19.14145999999991,7.408669999999994,0.4466272919268901,-50.999750000000084,-64.63902999999998,0.009396924733428902,False,adaptive,no_cost
breakout_forced_cover_signal,adaptive,,1275,1276,1281,2026-05-05 10:15:00+00:00,2026-05-05 10:20:00+00:00,2026-05-05 10:45:00+00:00,80710.0,80810.37,0.0012435881551231542,0.0012435881551231542,5,false_squeeze,3,80707.98,3,0.7583747069477811,75.82783999999994,26.319820000000007,0.4338144784306953,-11.832310000000057,-12.13089,0.01065219879284518,True,adaptive,no_cost
breakout_forced_cover_signal,adaptive,,1286,1287,1289,2026-05-05 11:10:00+00:00,2026-05-05 11:15:00+00:00,2026-05-05 11:25:00+00:00,80942.73,80949.23,8.030369126421633e-05,8.030369126421633e-05,2,false_squeeze,3,80839.76,3,0.6872047671716864,60.97903999999994,35.630239999999986,0.43629367148468107,-21.209460000000057,-19.694889999999987,0.010733357894992634,True,adaptive,no_cost
breakout_forced_cover_signal,adaptive,,1308,1309,1313,2026-05-05 13:00:00+00:00,2026-05-05 13:05:00+00:00,2026-05-05 13:25:00+00:00,81473.48,81460.27,-0.0001621386492879351,-0.0001621386492879351,4,false_squeeze,3,81329.61,4,0.5912349196633157,55.834009999999935,49.74673999999999,0.47926112325377085,-14.674010000000031,-20.44798999999999,0.010569478953553313,False,adaptive,no_cost
breakout_forced_cover_signal,adaptive,,1334,1335,1342,2026-05-05 15:10:00+00:00,2026-05-05 15:15:00+00:00,2026-05-05 15:50:00+00:00,81564.85,81559.87,-6.105571211145744e-05,-6.105571211145744e-05,7,false_squeeze,3,81500.0,4,0.6690633154925842,91.60054999999993,46.4213,0.4470268504658032,-14.29102000000006,-37.90988,0.010507777914377625,False,adaptive,no_cost
breakout_forced_cover_signal,adaptive,,1370,1371,1373,2026-05-05 18:10:00+00:00,2026-05-05 18:15:00+00:00,2026-05-05 18:25:00+00:00,81562.07,81459.38,-0.0012590411204620455,-0.0012590411204620455,2,false_squeeze,3,81458.26,3,0.7269393239102274,76.38286999999994,73.19055999999999,0.37023663507042726,-25.47361000000006,-70.65562999999999,0.009235507069436766,False,adaptive,no_cost
breakout_forced_cover_signal,adaptive,,1386,1387,1389,2026-05-05 19:30:00+00:00,2026-05-05 19:35:00+00:00,2026-05-05 19:45:00+00:00,81590.5,81652.76,0.0007630790349366645,0.0007630790349366645,2,false_squeeze,3,81580.0,3,0.6968428835264642,43.95051999999994,32.754090000000005,0.473262491903143,-5.995160000000062,-56.55832000000001,0.010005633526195101,True,adaptive,no_cost
breakout_forced_cover_signal,adaptive,,1392,1393,1395,2026-05-05 20:00:00+00:00,2026-05-05 20:05:00+00:00,2026-05-05 20:15:00+00:00,81702.06,81625.66,-0.0009351049410504242,-0.0009351049410504242,2,false_squeeze,2,81680.0,5,0.6810451245885505,94.40815999999992,89.6429,0.5253271282847003,9.107299999999938,-96.53576,0.009061172267796014,False,adaptive,no_cost
breakout_forced_cover_signal,adaptive,,1455,1456,1468,2026-05-06 01:15:00+00:00,2026-05-06 01:20:00+00:00,2026-05-06 02:20:00+00:00,81287.6,81289.76,2.6572318533091277e-05,2.6572318533091277e-05,12,time_stop,1,81262.28,3,0.6651863353939748,42.08853999999991,17.0036,0.6921915468425677,32.02574999999991,-21.03199,0.009087985362684847,True,adaptive,no_cost
breakout_forced_cover_signal,adaptive,,1480,1481,1484,2026-05-06 03:20:00+00:00,2026-05-06 03:25:00+00:00,2026-05-06 03:40:00+00:00,81651.32,81543.58,-0.0013195132669012732,-0.0013195132669012732,3,false_squeeze,3,81466.64,4,0.7611914647681888,136.44650999999993,159.43714,0.4668393999987995,-6.964110000000083,-21.675759999999983,0.007756480378528163,False,adaptive,no_cost
breakout_forced_cover_signal,adaptive,,1542,1543,1545,2026-05-06 08:30:00+00:00,2026-05-06 08:35:00+00:00,2026-05-06 08:45:00+00:00,81715.48,81640.01,-0.0009235704177470438,-0.0009235704177470438,2,false_squeeze,3,81620.92,4,0.5184121982322738,13.85990999999987,8.622079999999972,0.3377186370726937,-60.8875000000001,-20.20284999999997,0.006825746304957692,False,adaptive,no_cost
breakout_forced_cover_signal,adaptive,,1546,1547,1549,2026-05-06 08:50:00+00:00,2026-05-06 08:55:00+00:00,2026-05-06 09:05:00+00:00,81920.77,81854.67,-0.0008068771814523368,-0.0008068771814523368,2,false_squeeze,2,81884.42,5,0.6291198900888213,98.70287999999994,159.59038000000004,0.5105024382048906,8.80467999999992,-87.26960000000004,0.0060133615845654464,False,adaptive,no_cost
breakout_forced_cover_signal,adaptive,,1555,1556,1558,2026-05-06 09:35:00+00:00,2026-05-06 09:40:00+00:00,2026-05-06 09:50:00+00:00,82010.0,81955.21,-0.0006680892574075781,-0.0006680892574075781,2,false_squeeze,4,81997.0,5,0.7248155520613043,179.1846899999999,148.70321000000004,0.4624855958988967,-23.023770000000077,-134.89685,0.00534125486488235,False,adaptive,no_cost
breakout_forced_cover_signal,adaptive,,1563,1564,1569,2026-05-06 10:15:00+00:00,2026-05-06 10:20:00+00:00,2026-05-06 10:45:00+00:00,82132.4,82169.66,0.00045365775260441943,0.00045365775260441943,5,false_squeeze,3,82131.0,4,0.6541423111861746,74.05709999999992,4.843499999999992,0.4907713201537795,-5.329680000000092,-60.64616000000002,0.005797335719164964,True,adaptive,no_cost
breakout_forced_cover_signal,adaptive,,1570,1571,1579,2026-05-06 10:50:00+00:00,2026-05-06 10:55:00+00:00,2026-05-06 11:35:00+00:00,82346.72,82715.21,0.004474859472241244,0.004474859472241244,8,false_squeeze,3,82298.2,4,0.6773221319737378,98.1502399999999,103.47991999999999,0.4775392703030582,-13.536160000000088,-119.14507000000003,0.010298137454062939,True,adaptive,no_cost
breakout_forced_cover_signal,adaptive,,1680,1681,1685,2026-05-06 20:00:00+00:00,2026-05-06 20:05:00+00:00,2026-05-06 20:25:00+00:00,81623.84,81560.01,-0.0007820019249278332,-0.0007820019249278332,4,false_squeeze,3,81522.41,3,0.6561621602052,47.96521999999986,45.88634,0.49586513757070566,-0.6746100000001363,-36.287479999999995,0.0095080823658229,False,adaptive,no_cost
breakout_forced_cover_signal,adaptive,,1726,1727,1731,2026-05-06 23:50:00+00:00,2026-05-06 23:55:00+00:00,2026-05-07 00:15:00+00:00,81440.71,81405.65,-0.00043049722921140177,-0.00043049722921140177,4,false_squeeze,2,81415.0,3,0.6174124481564528,9.549299999999858,10.226379999999999,0.6951970640358586,32.45735999999985,-3.8226700000000022,0.009073491933497824,False,adaptive,no_cost
breakout_forced_cover_signal,adaptive,,1788,1789,1797,2026-05-07 05:00:00+00:00,2026-05-07 05:05:00+00:00,2026-05-07 05:45:00+00:00,81087.91,81053.71,-0.0004217644775897922,-0.0004217644775897922,8,false_squeeze,3,80989.59,3,0.7675520498202382,57.08207999999985,35.211479999999995,0.4993472760704873,-0.08577000000013957,-13.822819999999997,0.008647900579322743,False,adaptive,no_cost
breakout_forced_cover_signal,adaptive,,1806,1807,1819,2026-05-07 06:30:00+00:00,2026-05-07 06:35:00+00:00,2026-05-07 07:35:00+00:00,81280.54,81622.14,0.004202727983844579,0.004202727983844579,12,time_stop,1,81149.95,3,0.7334144141524308,76.09209999999985,58.82285999999999,0.5824512474334212,22.403149999999865,-5.106439999999992,0.01288697333693345,True,adaptive,no_cost
breakout_forced_cover_signal,adaptive,,1874,1875,1886,2026-05-07 12:10:00+00:00,2026-05-07 12:15:00+00:00,2026-05-07 13:10:00+00:00,81080.0,80931.72,-0.0018288110508140054,-0.0018288110508140054,11,false_squeeze,4,81010.1,3,0.7434206646247793,58.773899999999855,34.16013,0.45725160120664116,-9.43734000000015,-23.177889999999998,0.011034594446869272,False,adaptive,no_cost
breakout_forced_cover_signal,adaptive,,1943,1944,1947,2026-05-07 17:55:00+00:00,2026-05-07 18:00:00+00:00,2026-05-07 18:15:00+00:00,80094.52,80170.0,0.0009423865702671286,0.0009423865702671286,3,false_squeeze,3,79948.66,3,0.6189537486851147,44.76761999999988,24.85457,0.4817457741150509,-4.215260000000111,-13.231220000000004,0.011987379870751491,True,adaptive,no_cost
breakout_forced_cover_signal,adaptive,,2012,2013,2015,2026-05-07 23:40:00+00:00,2026-05-07 23:45:00+00:00,2026-05-07 23:55:00+00:00,80012.0,80006.0,-7.498875168721053e-05,-7.498875168721053e-05,2,false_squeeze,2,80006.27,3,0.66278417204309,13.702539999999884,8.411659999999998,0.5293554673177698,4.211359999999885,-9.449069999999995,0.011911492200411766,False,adaptive,no_cost
breakout_forced_cover_signal,adaptive,,2017,2018,2021,2026-05-08 00:05:00+00:00,2026-05-08 00:10:00+00:00,2026-05-08 00:25:00+00:00,80075.54,80020.63,-0.000685727501806288,-0.000685727501806288,3,false_squeeze,2,80068.03,5,0.7315355754217582,136.91012999999992,33.34592000000001,0.7231040849871794,117.70079999999987,-49.799499999999995,0.01121759666081612,False,adaptive,no_cost
breakout_forced_cover_signal,adaptive,,2060,2061,2063,2026-05-08 03:40:00+00:00,2026-05-08 03:45:00+00:00,2026-05-08 03:55:00+00:00,79646.13,79578.85,-0.0008447365866991463,-0.0008447365866991463,2,false_squeeze,4,79642.55,3,0.6304708710788978,15.850759999999879,8.35204,0.4636009804367196,-4.516220000000119,-3.4663000000000004,0.010363384159802758,False,adaptive,no_cost
breakout_forced_cover_signal,adaptive,,2084,2085,2087,2026-05-08 05:40:00+00:00,2026-05-08 05:45:00+00:00,2026-05-08 05:55:00+00:00,79751.95,79600.01,-0.0019051571779750143,-0.0019051571779750143,2,false_squeeze,4,79713.02,3,0.6170471709201782,14.897379999999888,4.680700000000002,0.3427370769913461,-33.85136000000011,-12.314110000000003,0.008438483106107508,False,adaptive,no_cost
breakout_forced_cover_signal,adaptive,,2109,2110,2122,2026-05-08 07:45:00+00:00,2026-05-08 07:50:00+00:00,2026-05-08 08:50:00+00:00,79678.72,79950.0,0.0034046731674404196,0.0034046731674404196,12,time_stop,1,79599.0,3,0.6350671736328378,73.1951299999999,-17.448049999999995,0.7021899911240095,65.4954199999999,-39.76208,0.011871886550553157,True,adaptive,no_cost
breakout_forced_cover_signal,adaptive,,2143,2144,2151,2026-05-08 10:35:00+00:00,2026-05-08 10:40:00+00:00,2026-05-08 11:15:00+00:00,80056.94,80216.0,0.001986835869569825,0.001986835869569825,7,false_squeeze,3,80020.0,3,0.6155008824151253,21.81834999999988,1.9285199999999918,0.39293951115661024,-37.75019000000012,-38.305719999999994,0.01388230991016104,True,adaptive,no_cost
breakout_forced_cover_signal,adaptive,,2226,2227,2232,2026-05-08 17:30:00+00:00,2026-05-08 17:35:00+00:00,2026-05-08 18:00:00+00:00,80246.22,80228.04,-0.00022655272734350973,-0.00022655272734350973,5,false_squeeze,3,80045.23,5,0.7069137701070674,227.11351999999988,137.50507,0.40582706814108604,-63.017520000000076,-88.05735999999999,0.013652612107645457,False,adaptive,no_cost
breakout_forced_cover_signal,adaptive,,2255,2256,2258,2026-05-08 19:55:00+00:00,2026-05-08 20:00:00+00:00,2026-05-08 20:10:00+00:00,80180.0,80229.99,0.000623472187577967,0.000623472187577967,2,false_squeeze,3,80168.0,3,0.638770223940002,33.337819999999894,36.101489999999984,0.36850083209328127,-25.116370000000085,-40.853369999999984,0.014284596319160237,True,adaptive,no_cost
breakout_forced_cover_signal,adaptive,,2260,2261,2263,2026-05-08 20:20:00+00:00,2026-05-08 20:25:00+00:00,2026-05-08 20:35:00+00:00,80280.0,80228.89,-0.000636646736422497,-0.000636646736422497,2,false_squeeze,2,80258.0,3,0.657494888979836,32.555799999999905,39.967099999999995,0.5966846247883768,18.05111999999991,-32.70607,0.013638855341109979,False,adaptive,no_cost
breakout_forced_cover_signal,adaptive,,2280,2281,2285,2026-05-08 22:00:00+00:00,2026-05-08 22:05:00+00:00,2026-05-08 22:25:00+00:00,80310.31,80348.96,0.00048125825936939925,0.00048125825936939925,4,false_squeeze,3,80264.0,3,0.6903544329904745,45.99939999999991,36.98361,0.4483950542021156,-9.413060000000083,-43.51568,0.014126677412260591,True,adaptive,no_cost
breakout_forced_cover_signal,adaptive,,2310,2311,2321,2026-05-09 00:30:00+00:00,2026-05-09 00:35:00+00:00,2026-05-09 01:25:00+00:00,80217.99,80274.87,0.0007090678786640936,0.0007090678786640936,10,false_squeeze,3,80208.66,3,0.6827948142154466,16.084919999999908,14.172269999999997,0.4126776031514069,-6.69804000000009,-27.518250000000002,0.014845762064110035,True,adaptive,no_cost
breakout_forced_cover_signal,adaptive,,2322,2323,2327,2026-05-09 01:30:00+00:00,2026-05-09 01:35:00+00:00,2026-05-09 01:55:00+00:00,80372.19,80327.75,-0.0005529275735799422,-0.0005529275735799422,4,false_squeeze,2,80349.99,3,0.6063224309018909,14.475479999999916,21.173520000000007,0.6881352167408402,29.373509999999918,-17.30106,0.014284625859334099,False,adaptive,no_cost
breakout_forced_cover_signal,adaptive,,2353,2354,2356,2026-05-09 04:05:00+00:00,2026-05-09 04:10:00+00:00,2026-05-09 04:20:00+00:00,80600.01,80516.22,-0.0010395780347917105,-0.0010395780347917105,2,false_squeeze,2,80550.67,3,0.6492377034209139,33.54916999999991,26.95174,0.601244649606345,24.45587999999991,-29.60446,0.013230197841263891,False,adaptive,no_cost
breakout_forced_cover_signal,adaptive,,2400,2401,2404,2026-05-09 08:00:00+00:00,2026-05-09 08:05:00+00:00,2026-05-09 08:20:00+00:00,80377.72,80389.37,0.0001449406626612415,0.0001449406626612415,3,false_squeeze,3,80309.05,3,0.738001626931917,38.105259999999916,79.14268000000001,0.3963169951076608,-7.516290000000091,-11.376010000000003,0.013377056097567452,True,adaptive,no_cost
breakout_forced_cover_signal,adaptive,,2432,2433,2435,2026-05-09 10:40:00+00:00,2026-05-09 10:45:00+00:00,2026-05-09 10:55:00+00:00,80329.99,80264.02,-0.0008212374979755799,-0.0008212374979755799,2,false_squeeze,2,80323.57,3,0.7045068010755771,19.022739999999907,14.8001,0.5373711765330519,1.6539099999999058,-0.1860000000000015,0.012544832859512134,False,adaptive,no_cost
breakout_forced_cover_signal,adaptive,,2452,2453,2455,2026-05-09 12:20:00+00:00,2026-05-09 12:25:00+00:00,2026-05-09 12:35:00+00:00,80398.0,80329.69,-0.0008496480011940255,-0.0008496480011940255,2,false_squeeze,2,80372.3,4,0.764012622059207,67.25324999999991,25.17293999999999,0.5331706852731464,6.969359999999913,-29.773429999999994,0.011684526166153786,False,adaptive,no_cost
breakout_forced_cover_signal,adaptive,,2462,2463,2465,2026-05-09 13:10:00+00:00,2026-05-09 13:15:00+00:00,2026-05-09 13:25:00+00:00,80422.0,80346.48,-0.0009390465295566752,-0.0009390465295566752,2,false_squeeze,4,80416.21,3,0.8378367934571752,53.68027999999991,27.21584,0.3974301540835072,-17.062100000000093,-42.06735,0.010734507322851305,False,adaptive,no_cost
breakout_forced_cover_signal,adaptive,,2491,2492,2494,2026-05-09 15:35:00+00:00,2026-05-09 15:40:00+00:00,2026-05-09 15:50:00+00:00,80526.52,80527.53,1.2542451853114756e-05,1.2542451853114756e-05,2,false_squeeze,3,80474.0,4,0.8301879176854029,77.38777999999989,54.59313999999999,0.44829502837858154,-11.776860000000111,-63.40606,0.010747184411745714,True,adaptive,no_cost
breakout_forced_cover_signal,adaptive,,2500,2501,2503,2026-05-09 16:20:00+00:00,2026-05-09 16:25:00+00:00,2026-05-09 16:35:00+00:00,80728.19,80614.44,-0.001409049304833876,-0.001409049304833876,2,false_squeeze,4,80663.56,4,0.5840906607584335,34.12378999999991,22.505860000000006,0.43764712624201557,-13.622690000000093,-28.131150000000005,0.009322991794187496,False,adaptive,no_cost
breakout_forced_cover_signal,adaptive,,2525,2526,2528,2026-05-09 18:25:00+00:00,2026-05-09 18:30:00+00:00,2026-05-09 18:40:00+00:00,81040.53,80902.01,-0.0017092681896330175,-0.0017092681896330175,2,false_squeeze,4,80928.56,5,0.7598632668703559,81.81637999999988,66.09478999999999,0.3910468183527844,-18.556250000000112,-93.78603000000001,0.00759778811124856,False,adaptive,no_cost
breakout_forced_cover_signal,adaptive,,2542,2543,2545,2026-05-09 19:50:00+00:00,2026-05-09 19:55:00+00:00,2026-05-09 20:05:00+00:00,80931.5,80875.86,-0.0006874949803228336,-0.0006874949803228336,2,false_squeeze,4,80927.66,3,0.6353016242879364,12.913849999999883,25.076739999999994,0.4448249111578826,-5.80368000000011,-18.064739999999993,0.006905069689737697,False,adaptive,no_cost
breakout_forced_cover_signal,adaptive,,2595,2596,2598,2026-05-10 00:15:00+00:00,2026-05-10 00:20:00+00:00,2026-05-10 00:30:00+00:00,80743.65,80726.23,-0.0002157445198476271,-0.0002157445198476271,2,false_squeeze,2,80732.51,3,0.46228990942732956,-12.163800000000123,16.659029999999994,0.7239123705723751,22.728569999999884,-1.2303300000000021,0.006687835438945244,False,adaptive,no_cost
breakout_forced_cover_signal,adaptive,,2621,2622,2627,2026-05-10 02:25:00+00:00,2026-05-10 02:30:00+00:00,2026-05-10 02:55:00+00:00,80740.71,80777.42,0.00045466531072113625,0.00045466531072113625,5,false_squeeze,3,80695.15,3,0.706736068822418,24.57242999999989,37.69718,0.44466522279760895,-8.97496000000012,-10.430980000000003,0.007145541476444306,True,adaptive,no_cost
breakout_forced_cover_signal,adaptive,,2628,2629,2631,2026-05-10 03:00:00+00:00,2026-05-10 03:05:00+00:00,2026-05-10 03:15:00+00:00,80813.24,80772.22,-0.0005075900929105703,-0.0005075900929105703,2,false_squeeze,4,80790.0,3,0.6422755976531959,24.869469999999883,33.84443,0.4892381920891615,-1.145670000000118,-11.45539,0.006634324377471801,False,adaptive,no_cost
breakout_forced_cover_signal,adaptive,,2635,2636,2638,2026-05-10 03:35:00+00:00,2026-05-10 03:40:00+00:00,2026-05-10 03:50:00+00:00,80859.99,80814.14,-0.0005670295037137896,-0.0005670295037137896,2,false_squeeze,2,80832.72,3,0.8132358160677302,44.321069999999885,34.8402,0.5129111638506262,1.1212299999998834,-36.11959,0.006063533016098743,False,adaptive,no_cost
breakout_forced_cover_signal,adaptive,,2692,2693,2698,2026-05-10 08:20:00+00:00,2026-05-10 08:25:00+00:00,2026-05-10 08:50:00+00:00,80829.99,80838.86,0.00010973649755485759,0.00010973649755485759,5,false_squeeze,3,80827.14,3,0.6121230719735077,13.745209999999885,9.98259,0.41006314480841677,-7.963520000000111,-25.84261,0.006173934904529554,True,adaptive,no_cost
breakout_forced_cover_signal,adaptive,,2722,2723,2728,2026-05-10 10:50:00+00:00,2026-05-10 10:55:00+00:00,2026-05-10 11:20:00+00:00,80877.87,80803.07,-0.0009248512603013959,-0.0009248512603013959,5,false_squeeze,4,80843.67,3,0.6803884529526858,22.362889999999886,13.750960000000001,0.4615801274241081,-6.24045000000012,-18.162619999999997,0.005243373672750629,False,adaptive,no_cost
breakout_forced_cover_signal,adaptive,,2740,2741,2744,2026-05-10 12:20:00+00:00,2026-05-10 12:25:00+00:00,2026-05-10 12:40:00+00:00,80913.8,80922.42,0.00010653312537534099,0.00010653312537534099,3,false_squeeze,3,80887.82,3,0.7011261042739497,15.961789999999887,10.846990000000002,0.3224486019238289,-27.823760000000114,-38.20547,0.005350465391110948,True,adaptive,no_cost
breakout_forced_cover_signal,adaptive,,2772,2773,2775,2026-05-10 15:00:00+00:00,2026-05-10 15:05:00+00:00,2026-05-10 15:15:00+00:00,81048.74,81011.14,-0.0004639183780031919,-0.0004639183780031919,2,false_squeeze,3,80999.36,5,0.7172023092191198,102.99961999999988,54.90765999999999,0.39854061427788023,-17.23144000000012,-58.154979999999995,0.004884064833881929,False,adaptive,no_cost
breakout_forced_cover_signal,adaptive,,2780,2781,2781,2026-05-10 15:40:00+00:00,2026-05-10 15:45:00+00:00,2026-05-10 15:45:00+00:00,81141.01,81341.91,0.002475936644121157,0.002475936644121157,0,extreme_vol_exit,0,81110.0,3,0.5339723983531253,11.569569999999892,-4.040809999999997,0.6139966093439667,83.61226999999992,72.04270000000002,0.0073720941130974715,True,adaptive,no_cost
breakout_forced_cover_signal,adaptive,,2824,2825,2827,2026-05-10 19:20:00+00:00,2026-05-10 19:25:00+00:00,2026-05-10 19:35:00+00:00,81466.62,81407.84,-0.0007215225082370935,-0.0007215225082370935,2,false_squeeze,2,81450.72,5,0.7492913209088086,64.15034999999989,19.711099999999995,0.5053965353904429,0.5869599999998982,-23.084190000000003,0.006645252473024943,False,adaptive,no_cost
breakout_forced_cover_signal,adaptive,,2936,2937,2947,2026-05-11 04:40:00+00:00,2026-05-11 04:45:00+00:00,2026-05-11 05:35:00+00:00,80822.07,80864.29,0.0005223820671753643,0.0005223820671753643,10,false_squeeze,3,80814.03,3,0.669342448256634,20.88431999999989,3.18347,0.4637056752505804,-3.7876300000001137,-14.564160000000001,0.0071711059009240685,True,adaptive,no_cost
breakout_forced_cover_signal,adaptive,,2985,2986,2988,2026-05-11 08:45:00+00:00,2026-05-11 08:50:00+00:00,2026-05-11 09:00:00+00:00,80855.98,80833.92,-0.00027283077887374496,-0.00027283077887374496,2,false_squeeze,2,80846.62,3,0.564872041885939,27.102879999999892,17.45895000000001,0.5140496049294833,1.100189999999893,-9.521340000000006,0.006896318623641928,False,adaptive,no_cost
breakout_forced_cover_signal,adaptive,,2990,2991,2994,2026-05-11 09:10:00+00:00,2026-05-11 09:15:00+00:00,2026-05-11 09:30:00+00:00,80925.36,80895.05,-0.00037454266499403754,-0.00037454266499403754,3,false_squeeze,3,80866.34,3,0.6019145821961468,11.348149999999894,11.10106,0.25017981803507516,-26.97315000000011,-32.379690000000004,0.0065191929930918935,False,adaptive,no_cost
breakout_forced_cover_signal,adaptive,,3001,3002,3006,2026-05-11 10:05:00+00:00,2026-05-11 10:10:00+00:00,2026-05-11 10:30:00+00:00,81068.7,81082.81,0.00017404991075475884,0.00017404991075475884,4,false_squeeze,3,81008.4,3,0.6679282250830301,40.454429999999896,19.310790000000004,0.3701402919379171,-31.383980000000115,-67.51671999999999,0.00669437756880531,True,adaptive,no_cost
breakout_forced_cover_signal,adaptive,,3028,3029,3031,2026-05-11 12:20:00+00:00,2026-05-11 12:25:00+00:00,2026-05-11 12:35:00+00:00,81313.75,81228.32,-0.001050621819802866,-0.001050621819802866,2,false_squeeze,2,81246.08,3,0.6817325033561354,55.8793899999999,94.92482,0.5206700761042387,3.198549999999905,-59.20508,0.005636722489858581,False,adaptive,no_cost
breakout_forced_cover_signal,adaptive,,3065,3066,3068,2026-05-11 15:25:00+00:00,2026-05-11 15:30:00+00:00,2026-05-11 15:40:00+00:00,81343.38,81232.68,-0.0013608974694684361,-0.0013608974694684361,2,false_squeeze,3,81095.48,3,0.572060544699888,32.411349999999906,35.88535000000001,0.40400434564297766,-33.80491000000011,-39.65770000000001,0.0042681540190177,False,adaptive,no_cost
breakout_forced_cover_signal,adaptive,,3071,3072,3078,2026-05-11 15:55:00+00:00,2026-05-11 16:00:00+00:00,2026-05-11 16:30:00+00:00,81445.89,81899.99,0.005575480849923764,0.005575480849923764,6,false_squeeze,3,81436.08,3,0.658340305448416,38.1233799999999,23.042930000000002,0.47251162350393694,-19.344730000000098,-23.983409999999992,0.009867431879938993,True,adaptive,no_cost
breakout_forced_cover_signal,adaptive,,3092,3093,3095,2026-05-11 17:40:00+00:00,2026-05-11 17:45:00+00:00,2026-05-11 17:55:00+00:00,81978.01,81941.09,-0.00045036467706394134,-0.00045036467706394134,2,false_squeeze,3,81878.07,4,0.6729094924108476,70.1500899999999,47.463380000000015,0.45951838527032324,-14.864670000000096,-38.210340000000016,0.009412623260103059,False,adaptive,no_cost
breakout_forced_cover_signal,adaptive,,3223,3224,3228,2026-05-12 04:35:00+00:00,2026-05-12 04:40:00+00:00,2026-05-12 05:00:00+00:00,81285.86,81259.47,-0.00032465671151171716,-0.00032465671151171716,4,false_squeeze,3,81227.01,3,0.7294669766379819,45.42385999999989,48.95024,0.3919794745680684,-28.554500000000118,-54.616569999999996,0.009084910677277014,False,adaptive,no_cost
breakout_forced_cover_signal,adaptive,,3308,3309,3321,2026-05-12 11:40:00+00:00,2026-05-12 11:45:00+00:00,2026-05-12 12:45:00+00:00,80732.75,80973.1,0.0029771065645602945,0.0029771065645602945,12,time_stop,1,80705.76,3,0.739650158833498,42.58173999999987,4.224540000000005,0.5581263851445873,16.752079999999864,-6.350160000000017,0.012089063989053184,True,adaptive,no_cost
breakout_forced_cover_signal,adaptive,,3394,3395,3397,2026-05-12 18:50:00+00:00,2026-05-12 18:55:00+00:00,2026-05-12 19:05:00+00:00,80730.36,80782.01,0.00063978409113985,0.00063978409113985,2,false_squeeze,3,80700.0,3,0.6341098846583842,19.074869999999827,12.072270000000005,0.46571125197713076,-5.7009700000001775,-8.192320000000006,0.01273658247100995,True,adaptive,no_cost
breakout_forced_cover_signal,adaptive,,3408,3409,3411,2026-05-12 20:00:00+00:00,2026-05-12 20:05:00+00:00,2026-05-12 20:15:00+00:00,80880.01,80799.27,-0.0009982689171278425,-0.0009982689171278425,2,false_squeeze,2,80874.42,3,0.7007319719400118,50.98622999999982,41.046809999999994,0.60996716920436,27.91081999999984,-38.59363999999998,0.011725599019490884,False,adaptive,no_cost
breakout_forced_cover_signal,adaptive,,3432,3433,3435,2026-05-12 22:00:00+00:00,2026-05-12 22:05:00+00:00,2026-05-12 22:15:00+00:00,80761.07,80689.77,-0.0008828511063561084,-0.0008828511063561084,2,false_squeeze,4,80738.0,3,0.6212306791499113,18.667259999999832,17.21797,0.39282547979914034,-10.618740000000171,-8.519070000000003,0.010832395955067797,False,adaptive,no_cost
breakout_forced_cover_signal,adaptive,,3469,3470,3475,2026-05-13 01:05:00+00:00,2026-05-13 01:10:00+00:00,2026-05-13 01:35:00+00:00,80837.99,81060.0,0.002746357251089515,0.002746357251089515,5,false_squeeze,3,80768.95,3,0.6344657611358493,15.077669999999832,22.392220000000002,0.46539331226758524,-16.69736000000018,-56.81999,0.013608502835335212,True,adaptive,no_cost
breakout_forced_cover_signal,adaptive,,3484,3485,3487,2026-05-13 02:20:00+00:00,2026-05-13 02:25:00+00:00,2026-05-13 02:35:00+00:00,81222.0,81045.63,-0.0021714560094555635,-0.0021714560094555635,2,false_squeeze,4,81195.69,3,0.6504347198290186,30.671779999999824,8.222669999999997,0.3182764724913716,-27.825830000000167,-23.190529999999995,0.011407496560618124,False,adaptive,no_cost
breakout_forced_cover_signal,adaptive,,3501,3502,3506,2026-05-13 03:45:00+00:00,2026-05-13 03:50:00+00:00,2026-05-13 04:10:00+00:00,81267.22,81166.91,-0.001234323014863814,-0.001234323014863814,4,false_squeeze,4,81200.0,4,0.6250738194060043,37.29201999999982,23.153779999999998,0.3623595769628616,-14.351610000000171,-18.43399,0.010159093010207565,False,adaptive,no_cost
breakout_forced_cover_signal,adaptive,,3552,3553,3558,2026-05-13 08:00:00+00:00,2026-05-13 08:05:00+00:00,2026-05-13 08:30:00+00:00,81057.71,80999.4,-0.0007193640185494399,-0.0007193640185494399,5,false_squeeze,2,81049.01,4,0.6843273685884679,61.74957999999987,10.712730000000008,0.5787569158353026,18.086279999999864,-22.343619999999984,0.009432420905685523,False,adaptive,no_cost
breakout_forced_cover_signal,adaptive,,3564,3565,3567,2026-05-13 09:00:00+00:00,2026-05-13 09:05:00+00:00,2026-05-13 09:15:00+00:00,81317.34,81204.01,-0.0013936756908182746,-0.0013936756908182746,2,false_squeeze,3,81200.0,3,0.5978752604549932,29.300949999999865,31.788310000000003,0.4598489512230301,-8.722670000000129,-52.313250000000004,0.008025599479145384,False,adaptive,no_cost
breakout_forced_cover_signal,adaptive,,3663,3664,3671,2026-05-13 17:15:00+00:00,2026-05-13 17:20:00+00:00,2026-05-13 17:55:00+00:00,79300.0,79514.97,0.0027108448928121476,0.0027108448928121476,7,false_squeeze,3,79238.6,4,0.5148592605461588,6.578969999999888,6.329630000000002,0.4575644955528459,-12.864470000000122,-14.066880000000005,0.010758200527317241,True,adaptive,no_cost
breakout_forced_cover_signal,adaptive,,3673,3674,3680,2026-05-13 18:05:00+00:00,2026-05-13 18:10:00+00:00,2026-05-13 18:40:00+00:00,79597.73,79647.29,0.0006226308212557985,0.0006226308212557985,6,false_squeeze,3,79596.27,3,0.6460493835505687,37.59474999999989,22.361250000000005,0.47507059030493065,-7.726000000000123,-52.70878999999999,0.011387529735802593,True,adaptive,no_cost
breakout_forced_cover_signal,adaptive,,3745,3746,3758,2026-05-14 00:05:00+00:00,2026-05-14 00:10:00+00:00,2026-05-14 01:10:00+00:00,79480.34,79620.69,0.0017658454908473509,0.0017658454908473509,12,time_stop,0,79436.72,3,0.6621103171050885,38.04413999999988,1.1940699999999964,0.694992756435158,35.79747999999988,19.89761,0.013173483844685752,True,adaptive,no_cost
breakout_forced_cover_signal,adaptive,,3801,3802,3804,2026-05-14 04:45:00+00:00,2026-05-14 04:50:00+00:00,2026-05-14 05:00:00+00:00,79436.09,79452.55,0.0002072106016295372,0.0002072106016295372,2,false_squeeze,3,79385.08,3,0.6794985596769877,33.082639999999884,24.56527,0.43626221111894115,-20.026760000000102,-72.96707999999998,0.013383424131828248,True,adaptive,no_cost
breakout_forced_cover_signal,adaptive,,3809,3810,3816,2026-05-14 05:25:00+00:00,2026-05-14 05:30:00+00:00,2026-05-14 06:00:00+00:00,79596.68,79882.69,0.0035932403210787722,0.0035932403210787722,6,false_squeeze,3,79594.75,3,0.595604855595932,40.93771999999989,14.5077,0.47185494274983536,-10.043750000000113,-44.19039000000002,0.017024754312131574,True,adaptive,no_cost
breakout_forced_cover_signal,adaptive,,3834,3835,3839,2026-05-14 07:30:00+00:00,2026-05-14 07:35:00+00:00,2026-05-14 07:55:00+00:00,79915.29,79745.98,-0.0021186183520074398,-0.0021186183520074398,4,false_squeeze,4,79890.0,3,0.6640245671584657,43.04416999999988,33.62013999999999,0.3656226430685712,-37.33684000000013,-41.132750000000016,0.014870067003200038,False,adaptive,no_cost
breakout_forced_cover_signal,adaptive,,3893,3894,3906,2026-05-14 12:25:00+00:00,2026-05-14 12:30:00+00:00,2026-05-14 13:30:00+00:00,79423.19,79903.95,0.006053143924337423,0.006053143924337423,12,time_stop,1,79409.44,3,0.7089217148954495,45.256249999999895,10.771170000000005,0.5466931944577479,28.29259999999989,-50.31851,0.021013221583272346,True,adaptive,no_cost
breakout_forced_cover_signal,adaptive,,4112,4113,4115,2026-05-15 06:40:00+00:00,2026-05-15 06:45:00+00:00,2026-05-15 06:55:00+00:00,80601.58,80580.0,-0.0002677366870476039,-0.0002677366870476039,2,false_squeeze,4,80598.21,3,0.680537071685791,82.33542999999989,61.6658,0.40809982228752545,-27.342650000000113,-94.8922,0.020739858885893803,False,adaptive,no_cost
breakout_forced_cover_signal,adaptive,,4118,4119,4128,2026-05-15 07:10:00+00:00,2026-05-15 07:15:00+00:00,2026-05-15 08:00:00+00:00,80767.99,80695.25,-0.0009006043111882134,-0.0009006043111882134,9,false_squeeze,3,80663.0,3,0.7261289266282025,89.76028999999988,38.40539,0.45382100818041526,-12.239860000000121,-16.61636,0.019820576168379622,False,adaptive,no_cost
breakout_forced_cover_signal,adaptive,,4321,4322,4326,2026-05-16 00:05:00+00:00,2026-05-16 00:10:00+00:00,2026-05-16 00:30:00+00:00,79176.0,79169.21,-8.575831059909333e-05,-8.575831059909333e-05,4,false_squeeze,3,79161.86,3,0.6637043116947872,32.2546899999999,9.542489999999976,0.47462248459212736,-5.125780000000099,-11.039939999999998,0.0197331180786533,False,adaptive,no_cost
breakout_forced_cover_signal,adaptive,,4343,4344,4346,2026-05-16 01:55:00+00:00,2026-05-16 02:00:00+00:00,2026-05-16 02:10:00+00:00,79168.0,79192.72,0.00031224737267576685,0.00031224737267576685,2,false_squeeze,3,79155.94,3,0.6331047869078626,17.4125099999999,18.651850000000003,0.461679017705089,-4.491400000000098,-4.15701,0.02005152706560387,True,adaptive,no_cost
breakout_forced_cover_signal,adaptive,,4494,4495,4499,2026-05-16 14:30:00+00:00,2026-05-16 14:35:00+00:00,2026-05-16 14:55:00+00:00,78104.09,78130.55,0.0003387786734345699,0.0003387786734345699,4,false_squeeze,3,78062.97,5,0.7576651297388443,144.2891899999999,30.840199999999996,0.47594263084266325,-6.866360000000098,-20.950309999999995,0.020397098768778044,True,adaptive,no_cost
breakout_forced_cover_signal,adaptive,,4644,4645,4647,2026-05-17 03:00:00+00:00,2026-05-17 03:05:00+00:00,2026-05-17 03:15:00+00:00,77976.9,77984.15,9.297625322379766e-05,9.297625322379766e-05,2,false_squeeze,2,77938.0,3,0.7080604271325164,34.71533999999988,8.50516,0.49370373465764905,-0.9010200000001198,0.02732999999999919,0.020491971467822,True,adaptive,no_cost
breakout_forced_cover_signal,adaptive,,4659,4660,4665,2026-05-17 04:15:00+00:00,2026-05-17 04:20:00+00:00,2026-05-17 04:45:00+00:00,78083.54,78172.13,0.0011345540942433452,0.0011345540942433452,5,false_squeeze,3,78080.0,3,0.6049505768736961,14.22327999999988,10.651719999999996,0.42381572019141844,-13.551390000000122,-37.34736000000001,0.021649774812193323,True,adaptive,no_cost
breakout_forced_cover_signal,adaptive,,4698,4699,4701,2026-05-17 07:30:00+00:00,2026-05-17 07:35:00+00:00,2026-05-17 07:45:00+00:00,78200.0,78168.65,-0.0004008951406649919,-0.0004008951406649919,2,false_squeeze,3,78143.96,3,0.7121493658830629,16.02067999999988,11.241679999999999,0.3848492686407423,-12.910700000000121,-6.05785,0.021240200382009577,False,adaptive,no_cost
breakout_forced_cover_signal,adaptive,,4727,4728,4735,2026-05-17 09:55:00+00:00,2026-05-17 10:00:00+00:00,2026-05-17 10:35:00+00:00,78249.33,78465.1,0.002757467699723515,0.002757467699723515,7,false_squeeze,3,78224.99,3,0.7067761043622028,22.38206999999988,13.700500000000002,0.4825601841222319,-4.148830000000132,-37.50638,0.024056237248222034,True,adaptive,no_cost
breakout_forced_cover_signal,adaptive,,4805,4806,4809,2026-05-17 16:25:00+00:00,2026-05-17 16:30:00+00:00,2026-05-17 16:45:00+00:00,78141.36,78107.01,-0.00043958794676735025,-0.00043958794676735025,3,false_squeeze,4,78127.22,3,0.6346360432587586,6.825489999999873,7.986660000000002,0.4186327913944691,-6.62622000000013,-16.6541,0.02360607446951568,False,adaptive,no_cost
breakout_forced_cover_signal,adaptive,,4824,4825,4827,2026-05-17 18:00:00+00:00,2026-05-17 18:05:00+00:00,2026-05-17 18:15:00+00:00,78189.89,78054.91,-0.0017263101406076453,-0.0017263101406076453,2,false_squeeze,4,78092.44,3,0.6328059178976222,10.841889999999868,7.8957799999999985,0.30769918725589207,-14.922320000000134,-15.06894,0.021839012923171364,False,adaptive,no_cost
breakout_forced_cover_signal,adaptive,,4835,4836,4839,2026-05-17 18:55:00+00:00,2026-05-17 19:00:00+00:00,2026-05-17 19:15:00+00:00,78268.04,78247.97,-0.00025642650563362235,-0.00025642650563362235,3,false_squeeze,3,78245.15,3,0.6268938502810807,13.322729999999861,13.476129999999994,0.4107492153220859,-6.293910000000134,-19.9077,0.02157698631576732,False,adaptive,no_cost
breakout_forced_cover_signal,adaptive,,4844,4845,4850,2026-05-17 19:40:00+00:00,2026-05-17 19:45:00+00:00,2026-05-17 20:10:00+00:00,78383.92,78341.07,-0.0005466682452216487,-0.0005466682452216487,5,false_squeeze,3,78300.0,3,0.6660315866853912,18.655939999999866,21.30061,0.3927357773533447,-8.089400000000133,-8.096680000000001,0.021018522617299196,False,adaptive,no_cost
breakout_forced_cover_signal,adaptive,,4864,4865,4871,2026-05-17 21:20:00+00:00,2026-05-17 21:25:00+00:00,2026-05-17 21:55:00+00:00,78422.6,78405.72,-0.00021524407504980303,-0.00021524407504980303,6,false_squeeze,3,78367.49,3,0.5673000517388942,11.691259999999872,22.59276,0.29869707715705734,-17.079780000000127,-38.281119999999994,0.020798754429789623,False,adaptive,no_cost
breakout_forced_cover_signal,adaptive,,4985,4986,4988,2026-05-18 07:25:00+00:00,2026-05-18 07:30:00+00:00,2026-05-18 07:40:00+00:00,77035.47,76971.04,-0.0008363679743890184,-0.0008363679743890184,2,false_squeeze,4,76989.0,3,0.515158365613187,8.416499999999893,-1.0445599999999917,0.3897256412513885,-73.0724900000001,-5.154970000000006,0.019944991043288285,False,adaptive,no_cost
breakout_forced_cover_signal,adaptive,,4992,4993,4995,2026-05-18 08:00:00+00:00,2026-05-18 08:05:00+00:00,2026-05-18 08:15:00+00:00,77156.19,77011.08,-0.0018807305026337096,-0.0018807305026337096,2,false_squeeze,2,77089.29,3,0.41384792078629506,-43.178390000000114,4.869159999999994,0.5711813322693365,24.30162999999989,-15.024259999999998,0.01802674938762472,False,adaptive,no_cost
breakout_forced_cover_signal,adaptive,,5036,5037,5039,2026-05-18 11:40:00+00:00,2026-05-18 11:45:00+00:00,2026-05-18 11:55:00+00:00,77356.0,77285.83,-0.0009071048141061633,-0.0009071048141061633,2,false_squeeze,3,77165.12,4,0.5753555321963312,52.7950699999999,35.22049000000001,0.4901280210950693,-2.659150000000121,-19.02561000000001,0.017103292422366412,False,adaptive,no_cost
breakout_forced_cover_signal,adaptive,,5044,5045,5050,2026-05-18 12:20:00+00:00,2026-05-18 12:25:00+00:00,2026-05-18 12:50:00+00:00,77532.45,77611.99,0.001025893029305891,0.001025893029305891,5,false_squeeze,3,77483.52,3,0.5999138839536945,34.63499999999989,17.72059000000001,0.4854327518654585,-6.614990000000102,-80.85841999999998,0.01814673160014668,True,adaptive,no_cost
breakout_forced_cover_signal,adaptive,,5090,5091,5093,2026-05-18 16:10:00+00:00,2026-05-18 16:15:00+00:00,2026-05-18 16:25:00+00:00,76509.22,76278.34,-0.003017675516754803,-0.003017675516754803,2,false_squeeze,4,76485.29,3,0.42926045439166727,-54.29889000000012,26.859699999999982,0.3965928557650251,-79.86457000000016,-10.182390000000012,0.015074295135732996,False,adaptive,no_cost
breakout_forced_cover_signal,adaptive,,5124,5125,5127,2026-05-18 19:00:00+00:00,2026-05-18 19:05:00+00:00,2026-05-18 19:15:00+00:00,76779.14,76625.62,-0.0019995014270803857,-0.0019995014270803857,2,false_squeeze,2,76706.38,5,0.6091963638733241,94.47666999999984,116.07041999999998,0.5091463035838215,2.9887699999998603,-104.99607999999999,0.01304465263401644,False,adaptive,no_cost
breakout_forced_cover_signal,adaptive,,5138,5139,5142,2026-05-18 20:10:00+00:00,2026-05-18 20:15:00+00:00,2026-05-18 20:30:00+00:00,77057.0,77102.86,0.0005951438545492849,0.0005951438545492849,3,false_squeeze,3,77023.63,3,0.6047909256938223,23.38848999999986,18.02268,0.4787192948753723,-4.309230000000136,-14.0645,0.013647559933415598,True,adaptive,no_cost
breakout_forced_cover_signal,adaptive,,5188,5189,5191,2026-05-19 00:20:00+00:00,2026-05-19 00:25:00+00:00,2026-05-19 00:35:00+00:00,77255.07,77176.17,-0.0010212921948036247,-0.0010212921948036247,2,false_squeeze,4,77205.32,3,0.6020690533276764,46.03022999999985,22.557329999999993,0.36083421825275563,-23.322220000000137,-25.814189999999996,0.012612329592173843,False,adaptive,no_cost
breakout_forced_cover_signal,adaptive,,5212,5213,5215,2026-05-19 02:20:00+00:00,2026-05-19 02:25:00+00:00,2026-05-19 02:35:00+00:00,76990.15,76784.52,-0.0026708611426266016,-0.0026708611426266016,2,false_squeeze,2,76983.02,3,0.6186532477914702,23.278499999999863,22.82286,0.551265907299122,17.529809999999856,-30.538510000000002,0.009907782668521437,False,adaptive,no_cost
breakout_forced_cover_signal,adaptive,,5315,5316,5319,2026-05-19 10:55:00+00:00,2026-05-19 11:00:00+00:00,2026-05-19 11:15:00+00:00,77041.87,76952.72,-0.0011571629816357065,-0.0011571629816357065,3,false_squeeze,2,76979.49,3,0.6606426806039069,40.759529999999856,41.31702,0.5605213399283617,18.967859999999853,-11.691070000000003,0.008739154767551716,False,adaptive,no_cost
breakout_forced_cover_signal,adaptive,,5382,5383,5394,2026-05-19 16:30:00+00:00,2026-05-19 16:35:00+00:00,2026-05-19 17:30:00+00:00,76760.91,76769.99,0.00011828937410984786,0.00011828937410984786,11,false_squeeze,3,76675.76,4,0.82406112013708,108.57125999999985,50.91105,0.3836958906519732,-24.35285000000015,-82.47433999999997,0.00885847789080918,True,adaptive,no_cost
breakout_forced_cover_signal,adaptive,,5413,5414,5416,2026-05-19 19:05:00+00:00,2026-05-19 19:10:00+00:00,2026-05-19 19:20:00+00:00,76958.09,76874.0,-0.0010926726481906845,-0.0010926726481906845,2,false_squeeze,2,76947.2,3,0.7027019716317607,36.86903999999984,26.233069999999998,0.6249467530650946,24.421749999999832,-35.26034999999999,0.007756125826122506,False,adaptive,no_cost
breakout_forced_cover_signal,adaptive,,5434,5435,5437,2026-05-19 20:50:00+00:00,2026-05-19 20:55:00+00:00,2026-05-19 21:05:00+00:00,77030.11,76976.7,-0.000693365230816978,-0.000693365230816978,2,false_squeeze,4,76996.01,3,0.650070677361018,10.884139999999846,4.929550000000001,0.4976951339237022,-0.18594000000015587,-6.68735,0.007057382767331921,False,adaptive,no_cost
breakout_forced_cover_signal,adaptive,,5440,5441,5443,2026-05-19 21:20:00+00:00,2026-05-19 21:25:00+00:00,2026-05-19 21:35:00+00:00,77040.83,77037.06,-4.893509065262425e-05,-4.893509065262425e-05,2,false_squeeze,4,77040.24,3,0.6345207064151183,10.781839999999846,3.0414200000000005,0.42669333047636115,-10.277230000000156,-3.0466200000000008,0.007008102323013743,False,adaptive,no_cost
breakout_forced_cover_signal,adaptive,,5463,5464,5471,2026-05-19 23:15:00+00:00,2026-05-19 23:20:00+00:00,2026-05-19 23:55:00+00:00,76856.76,76834.36,-0.00029145126596530346,-0.00029145126596530346,7,false_squeeze,4,76845.35,3,0.784228548105631,21.782769999999843,7.1721,0.40967562626107235,-5.303840000000157,-27.34726,0.0067146085367544295,False,adaptive,no_cost
breakout_forced_cover_signal,adaptive,,5533,5534,5537,2026-05-20 05:05:00+00:00,2026-05-20 05:10:00+00:00,2026-05-20 05:25:00+00:00,77040.0,77165.0,0.0016225337487019154,0.0016225337487019154,3,false_squeeze,3,76856.77,4,0.6232695287054397,37.112899999999854,51.54723,0.47238469504522024,-9.915600000000154,-132.39495,0.00834803696441666,True,adaptive,no_cost
breakout_forced_cover_signal,adaptive,,5575,5576,5579,2026-05-20 08:35:00+00:00,2026-05-20 08:40:00+00:00,2026-05-20 08:55:00+00:00,77580.0,77458.04,-0.0015720546532612678,-0.0015720546532612678,3,false_squeeze,3,77408.0,4,0.7659129893290582,84.37942999999984,91.18608,0.3037211837118206,-44.82521000000015,-66.73588999999998,0.00676285874079996,False,adaptive,no_cost
breakout_forced_cover_signal,adaptive,,5592,5593,5600,2026-05-20 10:00:00+00:00,2026-05-20 10:05:00+00:00,2026-05-20 10:40:00+00:00,77545.23,77555.33,0.0001302465670680597,0.0001302465670680597,7,false_squeeze,3,77543.59,3,0.6584738513708704,30.380029999999845,38.684270000000005,0.47329143955513475,-4.811060000000154,-34.878600000000006,0.00689398614700254,True,adaptive,no_cost
breakout_forced_cover_signal,adaptive,,5627,5628,5630,2026-05-20 12:55:00+00:00,2026-05-20 13:00:00+00:00,2026-05-20 13:10:00+00:00,77617.26,77466.07,-0.0019478914870222352,-0.0019478914870222352,2,false_squeeze,4,77610.91,5,0.6908191565839327,73.66908999999985,74.15585000000002,0.4948035301780677,-0.9027800000001598,-72.91123000000002,0.004932665923052859,False,adaptive,no_cost
breakout_forced_cover_signal,adaptive,,5655,5656,5658,2026-05-20 15:15:00+00:00,2026-05-20 15:20:00+00:00,2026-05-20 15:30:00+00:00,77620.53,77591.88,-0.0003691033802525334,-0.0003691033802525334,2,false_squeeze,3,77574.29,4,0.5559737825307781,42.49259999999986,47.52291000000002,0.47328798790114374,-7.467000000000157,-64.40167000000002,0.0045617418791343844,False,adaptive,no_cost
breakout_forced_cover_signal,adaptive,,5680,5681,5686,2026-05-20 17:20:00+00:00,2026-05-20 17:25:00+00:00,2026-05-20 17:50:00+00:00,77530.0,77553.98,0.0003092996259512759,0.0003092996259512759,5,false_squeeze,3,77474.75,3,0.643393051666767,35.364709999999846,12.449760000000005,0.48780005694777445,-3.766170000000159,-3.867449999999998,0.0048724524501426725,True,adaptive,no_cost
breakout_forced_cover_signal,adaptive,,5705,5706,5712,2026-05-20 19:25:00+00:00,2026-05-20 19:30:00+00:00,2026-05-20 20:00:00+00:00,77562.71,77630.41,0.0008728421170429712,0.0008728421170429712,6,false_squeeze,3,77557.02,3,0.7964468237646315,82.40862999999985,-4.512199999999993,0.42688384024544973,-16.372830000000153,-29.52649,0.00574954744889733,True,adaptive,no_cost
breakout_forced_cover_signal,adaptive,,5760,5761,5763,2026-05-21 00:00:00+00:00,2026-05-21 00:05:00+00:00,2026-05-21 00:15:00+00:00,77640.83,77640.69,-1.8031749531299823e-06,-1.8031749531299823e-06,2,false_squeeze,3,77559.34,4,0.6929833763054155,54.381819999999855,69.58048000000001,0.4546397070635792,-7.33008000000016,-61.77414000000001,0.005747733906504182,False,adaptive,no_cost
breakout_forced_cover_signal,adaptive,,5769,5770,5773,2026-05-21 00:45:00+00:00,2026-05-21 00:50:00+00:00,2026-05-21 01:05:00+00:00,77948.76,77985.82,0.00047544053298609334,0.00047544053298609334,3,false_squeeze,3,77749.99,4,0.685635088492675,53.868209999999834,39.905919999999995,0.49682486211427596,-0.8498000000001511,-44.659620000000004,0.006225907145162246,True,adaptive,no_cost
breakout_forced_cover_signal,adaptive,,5774,5775,5777,2026-05-21 01:10:00+00:00,2026-05-21 01:15:00+00:00,2026-05-21 01:25:00+00:00,78129.26,77877.0,-0.003228751942613961,-0.003228751942613961,2,false_squeeze,4,78071.42,3,0.6053381046764925,29.23968999999984,30.08948999999999,0.4263476084353808,-23.081540000000153,-30.682249999999996,0.00297705329275888,False,adaptive,no_cost
breakout_forced_cover_signal,adaptive,,5808,5809,5811,2026-05-21 04:00:00+00:00,2026-05-21 04:05:00+00:00,2026-05-21 04:15:00+00:00,78128.01,77975.01,-0.0019583245496717083,-0.0019583245496717083,2,false_squeeze,4,78098.85,3,0.742181000305183,38.360709999999855,25.144580000000005,0.3711510305259373,-38.85552000000014,-32.438829999999996,0.0010128987065383122,False,adaptive,no_cost
breakout_forced_cover_signal,adaptive,,5854,5855,5860,2026-05-21 07:50:00+00:00,2026-05-21 07:55:00+00:00,2026-05-21 08:20:00+00:00,77816.9,77996.01,0.0023016851095327695,0.0023016851095327695,5,false_squeeze,3,77789.57,3,0.8138050987813198,37.523319999999856,13.216570000000004,0.38233254278714385,-33.88466000000016,-40.12021000000001,0.003316915189941483,True,adaptive,no_cost
breakout_forced_cover_signal,adaptive,,5966,5967,5972,2026-05-21 17:10:00+00:00,2026-05-21 17:15:00+00:00,2026-05-21 17:40:00+00:00,77510.01,77898.95,0.005017932522521917,0.005017932522521917,5,false_squeeze,3,77344.01,4,0.6407292878263964,131.81542999999982,-88.09953000000002,0.4229172341103383,-29.75509000000016,-111.03283000000002,0.008351491769069463,True,adaptive,no_cost
breakout_forced_cover_signal,adaptive,,5998,5999,6002,2026-05-21 19:50:00+00:00,2026-05-21 19:55:00+00:00,2026-05-21 20:10:00+00:00,77702.67,77712.56,0.00012728005356832384,0.00012728005356832384,3,false_squeeze,3,77662.14,3,0.6341833861455228,19.738359999999858,15.917830000000007,0.48400899895975963,-0.8673100000001499,-8.168400000000005,0.008479834800957597,True,adaptive,no_cost
breakout_forced_cover_signal,adaptive,,6072,6073,6075,2026-05-22 02:00:00+00:00,2026-05-22 02:05:00+00:00,2026-05-22 02:15:00+00:00,77700.83,77709.09,0.00010630517074261547,0.00010630517074261547,2,false_squeeze,3,77673.5,3,0.6098850230691901,22.601289999999857,28.70935000000001,0.36397998983275903,-13.051830000000148,-33.66953000000001,0.00858704142198663,True,adaptive,no_cost
breakout_forced_cover_signal,adaptive,,6089,6090,6093,2026-05-22 03:25:00+00:00,2026-05-22 03:30:00+00:00,2026-05-22 03:45:00+00:00,77794.91,77784.42,-0.00013484172679167905,-0.00013484172679167905,3,false_squeeze,3,77779.71,3,0.6358646387085357,8.405379999999848,7.70332,0.40767102904642094,-8.647380000000148,-12.356979999999998,0.008451041803701598,False,adaptive,no_cost
breakout_forced_cover_signal,adaptive,,6097,6098,6100,2026-05-22 04:05:00+00:00,2026-05-22 04:10:00+00:00,2026-05-22 04:20:00+00:00,77876.69,77802.01,-0.0009589519020390957,-0.0009589519020390957,2,false_squeeze,4,77829.71,3,0.6822462147446999,30.31293999999984,25.820959999999992,0.4779770232051853,-3.413520000000151,-35.11167999999999,0.0074839857590507375,False,adaptive,no_cost
breakout_forced_cover_signal,adaptive,,6192,6193,6195,2026-05-22 12:00:00+00:00,2026-05-22 12:05:00+00:00,2026-05-22 12:15:00+00:00,77437.02,77539.12,0.0013184908200236656,0.0013184908200236656,2,false_squeeze,3,77430.55,3,0.6582622964105065,15.46673999999985,7.717740000000003,0.4777609116155497,-6.185230000000157,-14.389700000000001,0.008812344145594952,True,adaptive,no_cost
breakout_forced_cover_signal,adaptive,,6250,6251,6253,2026-05-22 16:50:00+00:00,2026-05-22 16:55:00+00:00,2026-05-22 17:05:00+00:00,76999.46,76949.18,-0.0006529915924087248,-0.0006529915924087248,2,false_squeeze,4,76975.1,5,0.7377154300753295,95.95592999999985,40.94180000000001,0.3907923295647681,-20.369620000000168,-47.07983000000001,0.008153598166549703,False,adaptive,no_cost
breakout_forced_cover_signal,adaptive,,6380,6381,6383,2026-05-23 03:40:00+00:00,2026-05-23 03:45:00+00:00,2026-05-23 03:55:00+00:00,75662.12,75635.22,-0.00035552797093174604,-0.00035552797093174604,2,false_squeeze,4,75658.0,3,0.6885112783711196,12.266869999999827,93.74140999999999,0.4802837899292575,-1.1341600000001693,-10.38972,0.007795171363405906,False,adaptive,no_cost
breakout_forced_cover_signal,adaptive,,6492,6493,6501,2026-05-23 13:00:00+00:00,2026-05-23 13:05:00+00:00,2026-05-23 13:45:00+00:00,74944.85,75149.76,0.002734143840437131,0.002734143840437131,8,false_squeeze,3,74798.41,4,0.7416657913015392,83.5584799999998,37.47824000000001,0.49577443252305037,-1.7000800000002059,-24.20076000000001,0.010550628323611422,True,adaptive,no_cost
breakout_forced_cover_signal,adaptive,,6502,6503,6506,2026-05-23 13:50:00+00:00,2026-05-23 13:55:00+00:00,2026-05-23 14:10:00+00:00,75251.2,75190.0,-0.0008132760673583705,-0.0008132760673583705,3,false_squeeze,3,75161.35,4,0.558148918322728,35.3025699999998,37.00265,0.38832590551522017,-46.8963500000002,-70.97954000000001,0.009728771682741888,False,adaptive,no_cost
breakout_forced_cover_signal,adaptive,,6508,6509,6520,2026-05-23 14:20:00+00:00,2026-05-23 14:25:00+00:00,2026-05-23 15:20:00+00:00,75303.95,75644.84,0.004526854169004446,0.004526854169004446,11,false_squeeze,3,75262.86,4,0.5302581896488423,16.399939999999813,8.494640000000008,0.47638120106003307,-8.670950000000204,-23.78306,0.014299666582397563,True,adaptive,no_cost
breakout_forced_cover_signal,adaptive,,6554,6555,6557,2026-05-23 18:10:00+00:00,2026-05-23 18:15:00+00:00,2026-05-23 18:25:00+00:00,75700.09,75835.15,0.0017841458312664038,0.0017841458312664038,2,false_squeeze,3,75576.11,3,0.682508194549038,42.2564799999998,31.215210000000006,0.4656335502021561,-8.058340000000204,-15.696099999999998,0.0161093251041855,True,adaptive,no_cost
breakout_forced_cover_signal,adaptive,,6578,6579,6581,2026-05-23 20:10:00+00:00,2026-05-23 20:15:00+00:00,2026-05-23 20:25:00+00:00,76085.84,76000.01,-0.001128067982163361,-0.001128067982163361,2,false_squeeze,4,76012.22,4,0.6961057276634325,63.068609999999794,26.554249999999996,0.41590963022072763,-19.887100000000196,-47.255739999999996,0.014963084708157881,False,adaptive,no_cost
breakout_forced_cover_signal,adaptive,,6582,6583,6586,2026-05-23 20:30:00+00:00,2026-05-23 20:35:00+00:00,2026-05-23 20:50:00+00:00,76290.7,76890.01,0.007855610185776296,0.007855610185776296,3,false_squeeze,3,76192.23,3,0.571487558843851,28.38297999999981,48.27008000000001,0.49797782440637073,-1.2851300000002084,-73.18943999999999,0.0229362390545782,True,adaptive,no_cost
breakout_forced_cover_signal,adaptive,,6633,6634,6637,2026-05-24 00:45:00+00:00,2026-05-24 00:50:00+00:00,2026-05-24 01:05:00+00:00,76864.96,76785.73,-0.0010307687664184995,-0.0010307687664184995,3,false_squeeze,4,76822.0,3,0.7622102518646103,57.7784799999998,44.1729,0.4457911070378426,-5.4038200000002,-12.803060000000002,0.021881828329323172,False,adaptive,no_cost
breakout_forced_cover_signal,adaptive,,6694,6695,6699,2026-05-24 05:50:00+00:00,2026-05-24 05:55:00+00:00,2026-05-24 06:15:00+00:00,76823.62,76796.62,-0.00035145440946415807,-0.00035145440946415807,4,false_squeeze,2,76818.19,3,0.680781151604064,15.415949999999809,22.17713,0.5097984079783878,0.7526699999998048,-16.92259,0.021522683454805458,False,adaptive,no_cost
breakout_forced_cover_signal,adaptive,,6706,6707,6710,2026-05-24 06:50:00+00:00,2026-05-24 06:55:00+00:00,2026-05-24 07:10:00+00:00,77013.06,76902.68,-0.0014332633971433362,-0.0014332633971433362,3,false_squeeze,2,76917.56,3,0.6560857527332166,27.83337999999981,39.33605,0.5639768457788262,7.195709999999801,-0.2924099999999976,0.020058572383258033,False,adaptive,no_cost
breakout_forced_cover_signal,adaptive,,6733,6734,6746,2026-05-24 09:05:00+00:00,2026-05-24 09:10:00+00:00,2026-05-24 10:10:00+00:00,76879.38,76946.22,0.0008694138792482153,0.0008694138792482153,12,false_squeeze,3,76861.77,3,0.6014247859497267,10.558019999999809,9.773780000000002,0.4518601021049968,-4.549540000000189,-10.708029999999997,0.020945425463734235,True,adaptive,no_cost
breakout_forced_cover_signal,adaptive,,6749,6750,6753,2026-05-24 10:25:00+00:00,2026-05-24 10:30:00+00:00,2026-05-24 10:45:00+00:00,77239.99,77163.53,-0.0009899017335450733,-0.0009899017335450733,3,false_squeeze,3,77046.67,5,0.6430712318171516,163.53654999999978,155.92925999999997,0.41940876406193406,-18.696630000000162,-22.492100000000008,0.01993478981721286,False,adaptive,no_cost
breakout_forced_cover_signal,adaptive,,6816,6817,6822,2026-05-24 16:00:00+00:00,2026-05-24 16:05:00+00:00,2026-05-24 16:30:00+00:00,76568.69,76558.73,-0.00013007927914143735,-0.00013007927914143735,5,false_squeeze,3,76539.38,4,0.5581474276006726,20.316409999999827,21.17819,0.4380223144086861,-6.213320000000169,-27.412099999999988,0.01980211743498206,False,adaptive,no_cost
breakout_forced_cover_signal,adaptive,,6861,6862,6864,2026-05-24 19:45:00+00:00,2026-05-24 19:50:00+00:00,2026-05-24 20:00:00+00:00,76756.93,76702.81,-0.0007050829156403093,-0.0007050829156403093,2,false_squeeze,2,76745.42,3,0.6767885865066111,7.33777999999983,2.41451,0.5051179176133658,0.45000999999983193,-13.201069999999998,0.019083072384644906,False,adaptive,no_cost
breakout_forced_cover_signal,adaptive,,6889,6890,6893,2026-05-24 22:05:00+00:00,2026-05-24 22:10:00+00:00,2026-05-24 22:25:00+00:00,76900.96,76847.83,-0.0006908886443031115,-0.0006908886443031115,3,false_squeeze,3,76738.77,5,0.6009663816084865,54.27505999999982,36.85607000000001,0.4842260585089119,-2.0818000000001753,-32.83511999999999,0.0183789994623329,False,adaptive,no_cost
breakout_forced_cover_signal,adaptive,,6937,6938,6940,2026-05-25 02:05:00+00:00,2026-05-25 02:10:00+00:00,2026-05-25 02:20:00+00:00,77398.68,77219.26,-0.0023181273892526333,-0.0023181273892526333,2,false_squeeze,4,77245.67,4,0.5518175139584932,20.648129999999817,49.45327999999999,0.30696954928645503,-20.477230000000176,-49.62429999999999,0.016018267211039605,False,adaptive,no_cost
breakout_forced_cover_signal,adaptive,,6965,6966,6968,2026-05-25 04:25:00+00:00,2026-05-25 04:30:00+00:00,2026-05-25 04:40:00+00:00,77175.43,77244.0,0.0008884952114942557,0.0008884952114942557,2,false_squeeze,2,77122.77,3,0.6044520104665827,10.409889999999828,4.07109,0.4618073499179206,-4.938370000000171,6.065009999999999,0.016920994576247406,True,adaptive,no_cost
breakout_forced_cover_signal,adaptive,,6970,6971,6974,2026-05-25 04:50:00+00:00,2026-05-25 04:55:00+00:00,2026-05-25 05:10:00+00:00,77373.61,77421.27,0.0006159722933956058,0.0006159722933956058,3,false_squeeze,3,77289.88,4,0.7487637321371455,52.33369999999982,54.744809999999994,0.4972183440316876,-0.5306500000001737,-5.279830000000004,0.01754738973347858,True,adaptive,no_cost
breakout_forced_cover_signal,adaptive,,6985,6986,6988,2026-05-25 06:05:00+00:00,2026-05-25 06:10:00+00:00,2026-05-25 06:20:00+00:00,77577.27,77231.47,-0.004457491221333321,-0.004457491221333321,2,false_squeeze,4,77498.0,5,0.7107347159286511,81.97657999999983,86.86487,0.2786217500828002,-42.19032000000017,-94.38936,0.013011681176450907,False,adaptive,no_cost
breakout_forced_cover_signal,adaptive,,7019,7020,7022,2026-05-25 08:55:00+00:00,2026-05-25 09:00:00+00:00,2026-05-25 09:10:00+00:00,77456.94,77460.0,3.950582091150068e-05,3.950582091150068e-05,2,false_squeeze,3,77430.0,3,0.6370541133040555,22.792649999999835,11.157880000000006,0.363816505764109,-18.597060000000173,-19.248810000000006,0.013051701034508811,True,adaptive,no_cost
breakout_forced_cover_signal,adaptive,,7026,7027,7029,2026-05-25 09:30:00+00:00,2026-05-25 09:35:00+00:00,2026-05-25 09:45:00+00:00,77627.18,77607.58,-0.00025248888340390074,-0.00025248888340390074,2,false_squeeze,3,77539.6,4,0.65880101313977,40.407949999999815,34.87216999999998,0.30366228785386723,-33.965470000000174,-38.73353999999999,0.012795916741684232,False,adaptive,no_cost
breakout_forced_cover_signal,adaptive,,7081,7082,7086,2026-05-25 14:05:00+00:00,2026-05-25 14:10:00+00:00,2026-05-25 14:30:00+00:00,77472.8,77581.31,0.0014006206049090864,0.0014006206049090864,4,false_squeeze,3,77450.0,3,0.628483430287078,25.97751999999982,16.893330000000006,0.47759288613298223,-6.416580000000177,-18.683170000000004,0.014214459571240345,True,adaptive,no_cost
breakout_forced_cover_signal,adaptive,,7089,7090,7092,2026-05-25 14:45:00+00:00,2026-05-25 14:50:00+00:00,2026-05-25 15:00:00+00:00,77706.05,77699.95,-7.850096614103741e-05,-7.850096614103741e-05,2,false_squeeze,3,77620.0,3,0.3835635123375827,-53.19859000000019,7.389800000000001,0.3164245563016972,-46.36301000000019,-19.6779,0.014134842756289734,False,adaptive,no_cost
breakout_forced_cover_signal,adaptive,,7112,7113,7115,2026-05-25 16:40:00+00:00,2026-05-25 16:45:00+00:00,2026-05-25 16:55:00+00:00,77683.6,77735.69,0.0006705405001827813,0.0006705405001827813,2,false_squeeze,3,77679.71,3,0.7383996599312078,26.762659999999812,13.41396,0.46480278725027807,-9.365280000000197,-6.204599999999999,0.014814861241004396,True,adaptive,no_cost
breakout_forced_cover_signal,adaptive,,7253,7254,7256,2026-05-26 04:25:00+00:00,2026-05-26 04:30:00+00:00,2026-05-26 04:40:00+00:00,76741.99,76768.94,0.00035117671564166564,0.00035117671564166564,2,false_squeeze,3,76705.71,4,0.7318280258303019,48.160069999999806,14.281849999999991,0.4909057407688492,-1.1875100000001853,-29.78195999999999,0.015171240590959423,True,adaptive,no_cost
breakout_forced_cover_signal,adaptive,,7263,7264,7269,2026-05-26 05:15:00+00:00,2026-05-26 05:20:00+00:00,2026-05-26 05:45:00+00:00,76848.72,76893.01,0.0005763271008285553,0.0005763271008285553,5,false_squeeze,3,76836.0,4,0.5338817960717224,10.21394999999982,35.02477,0.2854054275403451,-70.64128000000018,-85.1387,0.015756311288893654,True,adaptive,no_cost
breakout_forced_cover_signal,adaptive,,7279,7280,7282,2026-05-26 06:35:00+00:00,2026-05-26 06:40:00+00:00,2026-05-26 06:50:00+00:00,76990.01,76930.01,-0.0007793218886450459,-0.0007793218886450459,2,false_squeeze,2,76989.23,3,0.4653705856910158,-17.62666000000018,16.149629999999995,0.6113529806948824,21.961869999999816,-20.104429999999997,0.014964710161976758,False,adaptive,no_cost
breakout_forced_cover_signal,adaptive,,7298,7299,7302,2026-05-26 08:10:00+00:00,2026-05-26 08:15:00+00:00,2026-05-26 08:30:00+00:00,76794.11,76766.52,-0.000359272345235806,-0.000359272345235806,3,false_squeeze,2,76770.01,3,0.6067631986222011,10.05239999999981,19.31418,0.5413004827815742,6.040639999999815,-13.647759999999998,0.014600061410225296,False,adaptive,no_cost
breakout_forced_cover_signal,adaptive,,7323,7324,7325,2026-05-26 10:15:00+00:00,2026-05-26 10:20:00+00:00,2026-05-26 10:25:00+00:00,76896.01,77229.75,0.004340147167583908,0.004340147167583908,1,extreme_vol_exit,0,76804.0,4,0.7307012886810154,50.71134999999981,19.234260000000003,0.6596324337054562,81.88035999999981,28.105689999999996,0.019003574992985328,True,adaptive,no_cost
breakout_forced_cover_signal,adaptive,,7483,7484,7487,2026-05-26 23:35:00+00:00,2026-05-26 23:40:00+00:00,2026-05-26 23:55:00+00:00,75952.9,75930.01,-0.00030137098122651196,-0.00030137098122651196,3,false_squeeze,2,75945.02,3,0.6344168346113561,24.962009999999776,7.156710000000004,0.6175328405771536,9.095929999999774,-6.644230000000002,0.018696476885716296,False,adaptive,no_cost
breakout_forced_cover_signal,adaptive,,7499,7500,7503,2026-05-27 00:55:00+00:00,2026-05-27 01:00:00+00:00,2026-05-27 01:15:00+00:00,76085.0,75890.87,-0.0025514884668463855,-0.0025514884668463855,3,false_squeeze,4,76066.93,5,0.6801962436471911,105.91492999999974,8.013209999999987,0.319000711351173,-30.818300000000217,-32.13493999999999,0.01609728457372528,False,adaptive,no_cost
breakout_forced_cover_signal,adaptive,,7524,7525,7527,2026-05-27 03:00:00+00:00,2026-05-27 03:05:00+00:00,2026-05-27 03:15:00+00:00,75924.39,75867.99,-0.0007428442954892089,-0.0007428442954892089,2,false_squeeze,2,75890.59,3,0.6372275750420404,48.51650999999976,20.193089999999998,0.5268332554111431,11.238749999999783,-20.51854,0.015342482502217702,False,adaptive,no_cost
breakout_forced_cover_signal,adaptive,,7561,7562,7564,2026-05-27 06:05:00+00:00,2026-05-27 06:10:00+00:00,2026-05-27 06:20:00+00:00,75800.0,75727.57,-0.0009555408970974844,-0.0009555408970974844,2,false_squeeze,2,75750.02,4,0.6160448993480216,55.63081999999976,71.81141,0.5242860082337988,4.777799999999772,-72.76272,0.014372281235626394,False,adaptive,no_cost
breakout_forced_cover_signal,adaptive,,7578,7579,7587,2026-05-27 07:30:00+00:00,2026-05-27 07:35:00+00:00,2026-05-27 08:15:00+00:00,75938.37,75912.76,-0.0003372471650365805,-0.0003372471650365805,8,false_squeeze,3,75900.0,3,0.6717369252321229,31.513529999999786,26.445150000000005,0.3925254503522312,-14.215160000000225,-14.763879999999997,0.014030187059487886,False,adaptive,no_cost
breakout_forced_cover_signal,adaptive,,7612,7613,7615,2026-05-27 10:20:00+00:00,2026-05-27 10:25:00+00:00,2026-05-27 10:35:00+00:00,76006.58,75892.0,-0.00150750106109232,-0.00150750106109232,2,false_squeeze,2,76000.0,3,0.6850059627995705,21.281209999999767,4.082090000000004,0.5316851082234945,3.9119099999997644,-10.416630000000001,0.012501535476516112,False,adaptive,no_cost
breakout_forced_cover_signal,adaptive,,7671,7672,7676,2026-05-27 15:15:00+00:00,2026-05-27 15:20:00+00:00,2026-05-27 15:40:00+00:00,75221.08,75202.01,-0.00025351935920103763,-0.00025351935920103763,4,false_squeeze,3,75172.87,3,0.6234161388794356,43.24501999999979,40.585409999999996,0.48999414947689396,-3.023720000000205,-7.7722,0.012244846736052084,False,adaptive,no_cost
breakout_forced_cover_signal,adaptive,,7716,7717,7719,2026-05-27 19:00:00+00:00,2026-05-27 19:05:00+00:00,2026-05-27 19:15:00+00:00,75051.9,75004.0,-0.0006382250149562507,-0.0006382250149562507,2,false_squeeze,4,75032.01,3,0.7019501613946663,57.10097999999979,1.5047599999999974,0.47495243166520273,-5.710540000000208,-5.386859999999999,0.011598806753604585,False,adaptive,no_cost
breakout_forced_cover_signal,adaptive,,7720,7721,7723,2026-05-27 19:20:00+00:00,2026-05-27 19:25:00+00:00,2026-05-27 19:35:00+00:00,75084.25,75054.01,-0.00040274758021829893,-0.00040274758021829893,2,false_squeeze,4,75067.91,4,0.7108930825443449,82.9004299999998,88.61097000000001,0.4000797880731509,-84.8121300000002,-220.23208,0.01119138778203288,False,adaptive,no_cost
breakout_forced_cover_signal,adaptive,,7730,7731,7734,2026-05-27 20:10:00+00:00,2026-05-27 20:15:00+00:00,2026-05-27 20:30:00+00:00,75309.32,75238.46,-0.0009409193974928565,-0.0009409193974928565,3,false_squeeze,2,75272.0,3,0.6035204409029795,27.49581999999978,1.5798099999999948,0.586307003346694,21.23443999999978,-14.312359999999998,0.010239938190691023,False,adaptive,no_cost
breakout_forced_cover_signal,adaptive,,7857,7858,7860,2026-05-28 06:45:00+00:00,2026-05-28 06:50:00+00:00,2026-05-28 07:00:00+00:00,73145.24,73194.69,0.0006760521942370534,0.0006760521942370534,2,false_squeeze,3,73077.55,4,0.5387033420175219,28.201779999999765,76.24571999999998,0.44334023810701423,-47.88406000000023,-17.19323,0.010922913117610733,True,adaptive,no_cost
breakout_forced_cover_signal,adaptive,,7868,7869,7872,2026-05-28 07:40:00+00:00,2026-05-28 07:45:00+00:00,2026-05-28 08:00:00+00:00,73502.01,73378.01,-0.001687028694861592,-0.001687028694861592,3,false_squeeze,4,73472.74,4,0.7538510670338878,131.31438999999978,80.04998,0.3908905952028334,-60.99425000000022,-71.24798,0.009217457154888198,False,adaptive,no_cost
breakout_forced_cover_signal,adaptive,,7891,7892,7896,2026-05-28 09:35:00+00:00,2026-05-28 09:40:00+00:00,2026-05-28 10:00:00+00:00,73442.4,73502.53,0.0008187368604513079,0.0008187368604513079,4,false_squeeze,3,73418.76,3,0.6874986686543604,44.71477999999977,17.198049999999995,0.33362893137727173,-39.03780000000023,-120.51725,0.010043740687271763,True,adaptive,no_cost
breakout_forced_cover_signal,adaptive,,7898,7899,7904,2026-05-28 10:10:00+00:00,2026-05-28 10:15:00+00:00,2026-05-28 10:40:00+00:00,73579.65,73510.19,-0.0009440110139147251,-0.0009440110139147251,5,false_squeeze,2,73560.0,3,0.6064881943826348,16.750379999999776,41.093050000000005,0.7026631289546447,41.78858999999977,-69.05798,0.009090248271527379,False,adaptive,no_cost
breakout_forced_cover_signal,adaptive,,7918,7919,7921,2026-05-28 11:50:00+00:00,2026-05-28 11:55:00+00:00,2026-05-28 12:05:00+00:00,73531.22,73492.04,-0.0005328348965243368,-0.0005328348965243368,2,false_squeeze,4,73517.65,3,0.6153738073092846,15.84793999999977,13.402090000000001,0.48692135823841604,-1.973600000000232,-9.112179999999999,0.008552569773505825,False,adaptive,no_cost
breakout_forced_cover_signal,adaptive,,7947,7948,7948,2026-05-28 14:15:00+00:00,2026-05-28 14:20:00+00:00,2026-05-28 14:20:00+00:00,73479.58,73112.1821,-0.0050000000000000044,-0.0050000000000000044,0,stop_loss,0,73338.35,4,0.5708889872528559,134.5526399999998,114.5762,0.5920456398224601,164.6666599999998,30.11402000000001,0.0035098069246382035,False,adaptive,no_cost
breakout_forced_cover_signal,adaptive,,7987,7988,7991,2026-05-28 17:35:00+00:00,2026-05-28 17:40:00+00:00,2026-05-28 17:55:00+00:00,73520.0,73554.82,0.0004736126224158532,0.0004736126224158532,3,false_squeeze,3,73500.0,3,0.6788359005762976,46.573739999999795,21.384430000000002,0.463921720190942,-22.63347000000023,-120.42677000000002,0.003985081835915727,True,adaptive,no_cost
breakout_forced_cover_signal,adaptive,,8020,8021,8027,2026-05-28 20:20:00+00:00,2026-05-28 20:25:00+00:00,2026-05-28 20:55:00+00:00,73598.39,73579.99,-0.0002500054688695519,-0.0002500054688695519,6,false_squeeze,4,73593.26,3,0.6442521616338373,43.337699999999785,2.577529999999996,0.4814313336537181,-2.7425300000002117,-4.98377,0.0037340800747933667,False,adaptive,no_cost
breakout_forced_cover_signal,adaptive,,8032,8033,8039,2026-05-28 21:20:00+00:00,2026-05-28 21:25:00+00:00,2026-05-28 21:55:00+00:00,73745.34,73817.31,0.0009759260720745289,0.0009759260720745289,6,false_squeeze,3,73734.0,3,0.6188938397612245,19.444989999999795,2.9828300000000034,0.43399254671419085,-12.984540000000209,-22.968749999999993,0.004713650332968111,True,adaptive,no_cost
breakout_forced_cover_signal,adaptive,,8077,8078,8080,2026-05-29 01:05:00+00:00,2026-05-29 01:10:00+00:00,2026-05-29 01:20:00+00:00,73860.0,73611.06,-0.0033704305442729954,-0.0033704305442729954,2,false_squeeze,4,73854.77,3,0.7490547912466613,55.52299999999978,19.215309999999988,0.38985708118692564,-37.398810000000225,-64.3161,0.0013273327576379668,False,adaptive,no_cost
breakout_forced_cover_signal,adaptive,,8121,8122,8128,2026-05-29 04:45:00+00:00,2026-05-29 04:50:00+00:00,2026-05-29 05:20:00+00:00,73444.9,73552.02,0.0014585083511586827,0.0014585083511586827,6,false_squeeze,3,73440.67,3,0.6805301987686335,16.14764999999978,2.7945699999999967,0.4823333897374487,-10.9207600000002,-148.69265,0.0027877770347084496,True,adaptive,no_cost
breakout_forced_cover_signal,adaptive,,8133,8134,8142,2026-05-29 05:45:00+00:00,2026-05-29 05:50:00+00:00,2026-05-29 06:30:00+00:00,73681.31,73711.21,0.00040580168837944797,0.00040580168837944797,8,false_squeeze,3,73638.45,3,0.7097494236595623,64.67638999999978,59.23505,0.46374519584454493,-7.655410000000226,-22.147820000000003,0.003194710007715429,True,adaptive,no_cost
breakout_forced_cover_signal,adaptive,,8244,8245,8248,2026-05-29 15:00:00+00:00,2026-05-29 15:05:00+00:00,2026-05-29 15:20:00+00:00,73313.94,73602.0,0.0039291299853752015,0.0039291299853752015,3,false_squeeze,3,73198.17,5,0.6500951573594487,139.25828999999976,35.74498,0.4658193223262545,-24.964210000000225,-213.28117000000003,0.0071363924239764565,True,adaptive,no_cost
breakout_forced_cover_signal,adaptive,,8250,8251,8252,2026-05-29 15:30:00+00:00,2026-05-29 15:35:00+00:00,2026-05-29 15:40:00+00:00,74045.87,73825.99,-0.0029695106560296836,-0.0029695106560296836,1,extreme_vol_exit,0,73756.19,5,0.6574154551017066,142.00065999999973,133.48256999999995,0.586113885312447,112.06477999999977,-81.57186,0.0041456901745982044,False,adaptive,no_cost
breakout_forced_cover_signal,adaptive,,8308,8309,8311,2026-05-29 20:20:00+00:00,2026-05-29 20:25:00+00:00,2026-05-29 20:35:00+00:00,73744.0,73705.25,-0.0005254664786287222,-0.0005254664786287222,2,false_squeeze,2,73727.95,3,0.6265598181076273,12.009979999999771,4.509649999999999,0.5143654272603063,1.230709999999772,-7.1018099999999995,0.0036180452747518466,False,adaptive,no_cost
breakout_forced_cover_signal,adaptive,,8318,8319,8321,2026-05-29 21:10:00+00:00,2026-05-29 21:15:00+00:00,2026-05-29 21:25:00+00:00,73804.14,73538.86,-0.003594378309943025,-0.003594378309943025,2,false_squeeze,4,73768.0,3,0.7314596241210638,51.89271999999977,39.20788,0.22192402630173072,-79.76428000000023,-44.11649,1.0662341348943727e-05,False,adaptive,no_cost
breakout_forced_cover_signal,adaptive,,8386,8387,8391,2026-05-30 02:50:00+00:00,2026-05-30 02:55:00+00:00,2026-05-30 03:15:00+00:00,73773.98,73731.98,-0.0005693064139957738,-0.0005693064139957738,4,false_squeeze,3,73727.0,3,0.6570633160262253,30.714899999999755,16.296219999999998,0.4800900751635042,-3.987150000000245,-32.18952999999999,-0.0005586501427861101,False,adaptive,no_cost
breakout_forced_cover_signal,adaptive,,8413,8414,8417,2026-05-30 05:05:00+00:00,2026-05-30 05:10:00+00:00,2026-05-30 05:25:00+00:00,73516.62,73520.01,4.611202201632025e-05,4.611202201632025e-05,3,false_squeeze,3,73510.01,3,0.7079898285255124,90.31788999999976,79.42671000000001,0.47422062980046426,-1.3739600000002565,-3.735690000000003,-0.0005125638812574218,True,adaptive,no_cost
breakout_forced_cover_signal,adaptive,,8430,8431,8433,2026-05-30 06:30:00+00:00,2026-05-30 06:35:00+00:00,2026-05-30 06:45:00+00:00,73677.49,73613.29,-0.0008713651890150942,-0.0008713651890150942,2,false_squeeze,2,73635.0,3,0.6394581041587676,16.64615999999975,8.306080000000001,0.6008283787520307,11.005229999999749,-0.9787899999999965,-0.0013834824399492351,False,adaptive,no_cost
breakout_forced_cover_signal,adaptive,,8470,8471,8477,2026-05-30 09:50:00+00:00,2026-05-30 09:55:00+00:00,2026-05-30 10:25:00+00:00,73612.43,73630.08,0.00023976928896396466,0.00023976928896396466,6,false_squeeze,3,73579.08,3,0.6158728203306355,8.089069999999744,5.0245700000000015,0.410763268527237,-14.600400000000255,-15.503079999999999,-0.0011440448675862358,True,adaptive,no_cost
breakout_forced_cover_signal,adaptive,,8509,8510,8514,2026-05-30 13:05:00+00:00,2026-05-30 13:10:00+00:00,2026-05-30 13:30:00+00:00,73765.81,73695.16,-0.0009577607837559787,-0.0009577607837559787,4,false_squeeze,4,73736.0,3,0.7180563684150559,30.79009999999973,19.825329999999997,0.47049957709360113,-4.094700000000277,-27.835449999999998,-0.0021007099300331955,False,adaptive,no_cost
breakout_forced_cover_signal,adaptive,,8520,8521,8530,2026-05-30 14:00:00+00:00,2026-05-30 14:05:00+00:00,2026-05-30 14:50:00+00:00,73906.0,73929.09,0.00031242388980601277,0.00031242388980601277,9,false_squeeze,3,73837.06,3,0.8335511483369898,69.05880999999972,48.066739999999996,0.45910624577149606,-7.867340000000272,-9.115149999999993,-0.0017889423521948444,True,adaptive,no_cost
breakout_forced_cover_signal,adaptive,,8560,8561,8563,2026-05-30 17:20:00+00:00,2026-05-30 17:25:00+00:00,2026-05-30 17:35:00+00:00,74012.98,73925.34,-0.001184116623867859,-0.001184116623867859,2,false_squeeze,4,73985.84,4,0.8852456564740497,106.13194999999973,115.24791,0.3988369037384603,-16.67670000000027,-99.9591,-0.0029709406596842847,False,adaptive,no_cost
breakout_forced_cover_signal,adaptive,,8571,8572,8574,2026-05-30 18:15:00+00:00,2026-05-30 18:20:00+00:00,2026-05-30 18:30:00+00:00,74059.99,74035.98,-0.00032419664112848245,-0.00032419664112848245,2,false_squeeze,2,74047.26,3,0.6462969682610368,12.732309999999728,15.42029,0.5971525692443242,14.334369999999737,-11.807859999999998,-0.0032941741318298634,False,adaptive,no_cost
breakout_forced_cover_signal,adaptive,,8651,8652,8658,2026-05-31 00:55:00+00:00,2026-05-31 01:00:00+00:00,2026-05-31 01:30:00+00:00,74038.2,74194.73,0.0021141788968397357,0.0021141788968397357,6,extreme_vol_exit,0,74028.0,3,0.697771422483158,17.634189999999727,0.7743099999999998,0.5296437352720654,7.128929999999723,-21.125800000000005,-0.0011869597084221972,True,adaptive,no_cost
breakout_forced_cover_signal,adaptive,,8825,8826,8828,2026-05-31 15:25:00+00:00,2026-05-31 15:30:00+00:00,2026-05-31 15:40:00+00:00,73748.66,73638.46,-0.0014942644381605863,-0.0014942644381605863,2,false_squeeze,4,73742.0,3,0.7170075872737713,28.465379999999723,20.5799,0.43208016209774935,-8.333180000000274,-25.80489,-0.0026794505149009273,False,adaptive,no_cost
breakout_forced_cover_signal,adaptive,,8850,8851,8858,2026-05-31 17:30:00+00:00,2026-05-31 17:35:00+00:00,2026-05-31 18:10:00+00:00,73660.25,73654.0,-8.484901965444269e-05,-8.484901965444269e-05,7,false_squeeze,3,73610.36,3,0.7465909592783798,16.415209999999725,13.225670000000001,0.3123487142358246,-18.785500000000283,-19.767930000000003,-0.002764072185805988,False,adaptive,no_cost
breakout_forced_cover_signal,adaptive,,8881,8882,8885,2026-05-31 20:05:00+00:00,2026-05-31 20:10:00+00:00,2026-05-31 20:25:00+00:00,73688.27,73682.28,-8.128837873389028e-05,-8.128837873389028e-05,3,false_squeeze,3,73657.32,5,0.7985716265210122,175.48243999999974,59.07723,0.4802887350946212,-1.9205600000002665,-24.02216,-0.0028451358775931634,False,adaptive,no_cost
breakout_forced_cover_signal,adaptive,,8901,8902,8904,2026-05-31 21:45:00+00:00,2026-05-31 21:50:00+00:00,2026-05-31 22:00:00+00:00,73850.0,73714.97,-0.0018284360189573245,-0.0018284360189573245,2,false_squeeze,4,73760.0,4,0.5885757977846153,20.00626999999973,6.446759999999999,0.48350873531785205,-3.673010000000275,-18.94131000000001,-0.004668369747633072,False,adaptive,no_cost
breakout_forced_cover_signal,adaptive,,8910,8911,8913,2026-05-31 22:30:00+00:00,2026-05-31 22:35:00+00:00,2026-05-31 22:45:00+00:00,73997.56,73942.77,-0.0007404298195777814,-0.0007404298195777814,2,false_squeeze,4,73996.0,3,0.6128087082948424,13.70239999999973,8.550410000000003,0.4311224768456236,-8.070980000000265,-5.770749999999998,-0.0054053429670408715,False,adaptive,no_cost
breakout_forced_cover_signal,adaptive,,8916,8917,8919,2026-05-31 23:00:00+00:00,2026-05-31 23:05:00+00:00,2026-05-31 23:15:00+00:00,74068.08,73934.87,-0.0017984805330447662,-0.0017984805330447662,2,false_squeeze,4,73997.56,5,0.6721067886187686,52.88895999999974,34.94981,0.32974162256015205,-24.95017000000027,-52.458600000000004,-0.007194102095985033,False,adaptive,no_cost
breakout_forced_cover_signal,adaptive,,9035,9036,9038,2026-06-01 08:55:00+00:00,2026-06-01 09:00:00+00:00,2026-06-01 09:10:00+00:00,72902.64,72973.34,0.0009697865536830719,0.0009697865536830719,2,false_squeeze,3,72865.58,4,0.7317682861651428,59.93055999999973,109.96245,0.48917322914030786,-2.953170000000256,-67.61092999999998,-0.006231292285780454,True,adaptive,no_cost
breakout_forced_cover_signal,adaptive,,9129,9130,9130,2026-06-01 16:45:00+00:00,2026-06-01 16:50:00+00:00,2026-06-01 16:50:00+00:00,71379.77,71426.15,0.000649763931713343,0.000649763931713343,0,extreme_vol_exit,0,71356.0,3,0.5819339098730052,133.02346999999975,-207.13461000000007,0.5027932667634437,2.0858999999996684,-130.93757000000008,-0.005585577223042426,True,adaptive,no_cost
breakout_forced_cover_signal,adaptive,,9137,9138,9138,2026-06-01 17:25:00+00:00,2026-06-01 17:30:00+00:00,2026-06-01 17:30:00+00:00,71733.32,71540.0,-0.0026949819135655417,-0.0026949819135655417,0,extreme_vol_exit,0,71656.6,3,0.6784677384304081,73.91169999999966,33.45933000000001,0.6915140310878682,100.74685999999966,26.835160000000002,-0.008265506107015042,False,adaptive,no_cost
breakout_forced_cover_signal,adaptive,,9197,9198,9200,2026-06-01 22:25:00+00:00,2026-06-01 22:30:00+00:00,2026-06-01 22:40:00+00:00,71284.29,71141.29,-0.0020060521048888003,-0.0020060521048888003,2,false_squeeze,4,71230.0,4,0.8120380680717295,211.10087999999968,59.037830000000014,0.48371100021061036,-3.647440000000328,-81.42935000000001,-0.010254977175979896,False,adaptive,no_cost
breakout_forced_cover_signal,adaptive,,9211,9212,9214,2026-06-01 23:35:00+00:00,2026-06-01 23:40:00+00:00,2026-06-01 23:50:00+00:00,71510.0,71439.78,-0.0009819605649559193,-0.0009819605649559193,2,false_squeeze,4,71470.0,3,0.6423072683324534,64.13495999999967,66.38514999999998,0.41966559258020525,-21.208870000000335,-93.75273999999999,-0.0112268677577545,False,adaptive,no_cost
breakout_forced_cover_signal,adaptive,,9270,9271,9273,2026-06-02 04:30:00+00:00,2026-06-02 04:35:00+00:00,2026-06-02 04:45:00+00:00,71029.99,70909.98,-0.0016895680261254098,-0.0016895680261254098,2,false_squeeze,4,71028.25,3,0.6132697817007485,27.61560999999966,16.302759999999992,0.46771404636366326,-6.484730000000344,-24.44857,-0.012897467227082848,False,adaptive,no_cost
breakout_forced_cover_signal,adaptive,,9338,9339,9341,2026-06-02 10:10:00+00:00,2026-06-02 10:15:00+00:00,2026-06-02 10:25:00+00:00,69658.0,69646.01,-0.00017212667604593612,-0.00017212667604593612,2,false_squeeze,4,69654.58,5,0.6786696240439092,152.6611799999996,58.81557999999998,0.45514207144428886,-12.561450000000374,-40.29194,-0.013067373904965596,False,adaptive,no_cost
breakout_forced_cover_signal,adaptive,,9466,9467,9469,2026-06-02 20:50:00+00:00,2026-06-02 20:55:00+00:00,2026-06-02 21:05:00+00:00,67613.34,67645.61,0.00047727268021380276,0.00047727268021380276,2,false_squeeze,3,67498.0,3,0.6200388017562282,57.52691999999955,23.100269999999995,0.45051039227249595,-23.123070000000446,-55.07790999999999,-0.012596337925318779,True,adaptive,no_cost
breakout_forced_cover_signal,adaptive,,9473,9474,9476,2026-06-02 21:25:00+00:00,2026-06-02 21:30:00+00:00,2026-06-02 21:40:00+00:00,67887.99,67732.0,-0.0022977554645527976,-0.0022977554645527976,2,false_squeeze,4,67820.0,3,0.6584001042867933,60.80417999999954,44.367479999999986,0.4040511484048681,-29.041950000000462,-38.30863,-0.014865150085570322,False,adaptive,no_cost
breakout_forced_cover_signal,adaptive,,9507,9508,9510,2026-06-03 00:15:00+00:00,2026-06-03 00:20:00+00:00,2026-06-03 00:30:00+00:00,67085.72,66750.2914,-0.0050000000000000044,-0.0050000000000000044,2,stop_loss,0,66912.0,3,0.5548485860125352,50.51424999999954,109.22464,0.49746887362999176,-0.9977200000004736,-63.95442000000001,-0.019790824335142454,False,adaptive,no_cost
breakout_forced_cover_signal,adaptive,,9582,9583,9585,2026-06-03 06:30:00+00:00,2026-06-03 06:35:00+00:00,2026-06-03 06:45:00+00:00,67464.87,67207.17,-0.0038197657536432894,-0.0038197657536432894,2,false_squeeze,4,67398.28,4,0.6068361009032858,118.23899999999952,31.49897,0.4452226817720683,-32.066320000000445,-66.49802,-0.023534993775753965,False,adaptive,no_cost
breakout_forced_cover_signal,adaptive,,9625,9626,9628,2026-06-03 10:05:00+00:00,2026-06-03 10:10:00+00:00,2026-06-03 10:20:00+00:00,67440.01,67243.24,-0.0029177041936973014,-0.0029177041936973014,2,false_squeeze,4,67322.0,3,0.6588534506491791,71.76840999999956,36.81833000000003,0.46421401252666356,-13.30302000000042,-60.36819999999999,-0.026384029819413124,False,adaptive,no_cost
breakout_forced_cover_signal,adaptive,,9765,9766,9768,2026-06-03 21:45:00+00:00,2026-06-03 21:50:00+00:00,2026-06-03 22:00:00+00:00,65774.77,65543.71,-0.0035128971184543722,-0.0035128971184543722,2,false_squeeze,4,65720.01,5,0.6388608633749902,137.55079999999958,74.65532999999999,0.47576269127426557,-17.277900000000436,-97.84012000000001,-0.029804242555541705,False,adaptive,no_cost
breakout_forced_cover_signal,adaptive,,9942,9943,9948,2026-06-04 12:30:00+00:00,2026-06-04 12:35:00+00:00,2026-06-04 13:00:00+00:00,63492.86,63700.0,0.0032624140730155293,0.0032624140730155293,5,false_squeeze,3,63400.0,3,0.5791372797162897,98.3216899999997,23.674859999999995,0.48357039042681355,-9.033670000000313,-58.54969,-0.026639062262874935,True,adaptive,no_cost
breakout_forced_cover_signal,adaptive,,9955,9956,9956,2026-06-04 13:35:00+00:00,2026-06-04 13:40:00+00:00,2026-06-04 13:40:00+00:00,64150.0,63829.25,-0.0050000000000000044,-0.0050000000000000044,0,stop_loss,0,63966.48,5,0.6544134512071693,278.2434499999996,243.60024999999993,0.6079104318976658,218.57099999999963,-59.67244999999997,-0.031505866951560546,False,adaptive,no_cost
breakout_forced_cover_signal,adaptive,,10013,10014,10020,2026-06-04 18:25:00+00:00,2026-06-04 18:30:00+00:00,2026-06-04 19:00:00+00:00,63896.26,63713.84,-0.0028549401795974205,-0.0028549401795974205,6,false_squeeze,3,63650.0,3,0.6490063826717783,98.9081599999997,60.98535,0.42555921641109185,-26.556090000000317,-40.52609000000001,-0.034270859765704875,False,adaptive,no_cost
breakout_forced_cover_signal,adaptive,,10025,10026,10027,2026-06-04 19:25:00+00:00,2026-06-04 19:30:00+00:00,2026-06-04 19:35:00+00:00,64128.0,63807.36,-0.0050000000000000044,-0.0050000000000000044,1,stop_loss,0,64110.28,3,0.6321457373917777,52.20812999999969,11.635489999999997,0.4936629852587806,-2.466520000000312,-21.810299999999998,-0.03909950546687635,False,adaptive,no_cost
breakout_forced_cover_signal,adaptive,,10133,10134,10136,2026-06-05 04:25:00+00:00,2026-06-05 04:30:00+00:00,2026-06-05 04:40:00+00:00,63240.32,63025.12,-0.003402892331980545,-0.003402892331980545,2,false_squeeze,3,62980.0,3,0.6363642434260616,89.03503999999973,97.24917000000002,0.3867105381804158,-41.008320000000296,-117.32338000000001,-0.04236934639151946,False,adaptive,no_cost
breakout_forced_cover_signal,adaptive,,10139,10140,10143,2026-06-05 04:55:00+00:00,2026-06-05 05:00:00+00:00,2026-06-05 05:15:00+00:00,63615.22,63297.1439,-0.0050000000000000044,-0.0050000000000000044,3,stop_loss,0,63326.0,4,0.6300683798468086,101.4592699999997,97.63468,0.5849671172460087,39.5821099999997,35.30262999999998,-0.04715749965956184,False,adaptive,no_cost
breakout_forced_cover_signal,adaptive,,10169,10170,10171,2026-06-05 07:25:00+00:00,2026-06-05 07:30:00+00:00,2026-06-05 07:35:00+00:00,62252.94,62768.0,0.008273665468650826,0.008273665468650826,1,extreme_vol_exit,0,62203.29,3,0.5833030952443384,86.53159999999971,52.9136,0.5961791145731206,151.49794999999978,14.047530000000052,-0.03927399956743227,True,adaptive,no_cost
breakout_forced_cover_signal,adaptive,,10175,10176,10177,2026-06-05 07:55:00+00:00,2026-06-05 08:00:00+00:00,2026-06-05 08:05:00+00:00,63115.99,62800.41005,-0.0050000000000000044,-0.0050000000000000044,1,stop_loss,0,62992.52,4,0.5797846952184633,121.85538999999972,13.397170000000017,0.5459245756769537,51.95964999999972,-47.181170000000016,-0.044077629569595156,False,adaptive,no_cost
breakout_forced_cover_signal,adaptive,,10190,10191,10194,2026-06-05 09:10:00+00:00,2026-06-05 09:15:00+00:00,2026-06-05 09:30:00+00:00,63099.65,63015.52,-0.0013332879025478306,-0.0013332879025478306,3,false_squeeze,3,62932.63,3,0.6059717724668084,78.2876599999997,84.65833,0.49475012644701266,-2.136120000000272,-35.314040000000006,-0.04535214930186482,False,adaptive,no_cost
breakout_forced_cover_signal,adaptive,,10317,10318,10320,2026-06-05 19:45:00+00:00,2026-06-05 19:50:00+00:00,2026-06-05 20:00:00+00:00,60215.48,60083.99,-0.0021836577571083815,-0.0021836577571083815,2,false_squeeze,3,59972.0,3,0.515706892238713,21.315519999999736,35.86848999999998,0.43890909365980296,-62.347060000000226,-63.46847999999997,-0.04743677348634867,False,adaptive,no_cost
breakout_forced_cover_signal,adaptive,,10332,10333,10335,2026-06-05 21:00:00+00:00,2026-06-05 21:05:00+00:00,2026-06-05 21:15:00+00:00,61832.0,61746.15,-0.0013884396429033607,-0.0013884396429033607,2,false_squeeze,4,61787.01,4,0.5582104683874582,112.90935999999985,39.00491000000005,0.4951647531549856,-6.407520000000233,-41.97494000000006,-0.04875935003241216,False,adaptive,no_cost
breakout_forced_cover_signal,adaptive,,10432,10433,10442,2026-06-06 05:20:00+00:00,2026-06-06 05:25:00+00:00,2026-06-06 06:10:00+00:00,60818.92,61152.06,0.005477571781938861,0.005477571781938861,9,false_squeeze,3,60302.21,5,0.6750756778087869,346.80122999999975,341.17591,0.39894189280201137,-144.46980000000022,-155.76476,-0.043548861090316526,True,adaptive,no_cost
breakout_forced_cover_signal,adaptive,,10469,10470,10475,2026-06-06 08:25:00+00:00,2026-06-06 08:30:00+00:00,2026-06-06 08:55:00+00:00,61402.0,61264.0,-0.002247483795316141,-0.002247483795316141,5,false_squeeze,3,61166.1,3,0.705409680874278,96.46151999999977,90.58921000000002,0.4048928586272202,-24.02725000000025,-34.253949999999996,-0.04569846952602774,False,adaptive,no_cost
breakout_forced_cover_signal,adaptive,,10509,10510,10516,2026-06-06 11:45:00+00:00,2026-06-06 11:50:00+00:00,2026-06-06 12:20:00+00:00,60890.01,60874.85,-0.00024897351798769396,-0.00024897351798769396,6,false_squeeze,3,60870.32,3,0.6595581757614367,42.04101999999975,11.53979,0.4200140400294601,-25.488350000000253,-37.6917,-0.04593606533529093,False,adaptive,no_cost
breakout_forced_cover_signal,adaptive,,10522,10523,10525,2026-06-06 12:50:00+00:00,2026-06-06 12:55:00+00:00,2026-06-06 13:05:00+00:00,61121.99,61025.99,-0.001570629490302955,-0.001570629490302955,2,false_squeeze,2,61100.0,3,0.6237904052574856,36.816189999999736,20.22264999999999,0.5002845964898123,0.06523999999975061,-5.649069999999995,-0.047434546286709844,False,adaptive,no_cost
breakout_forced_cover_signal,adaptive,,10624,10625,10627,2026-06-06 21:20:00+00:00,2026-06-06 21:25:00+00:00,2026-06-06 21:35:00+00:00,60906.35,60802.78,-0.0017004795066524192,-0.0017004795066524192,2,false_squeeze,4,60899.65,3,0.6628535657769388,35.115589999999756,11.18724000000001,0.45355017477459336,-8.643900000000258,-23.160470000000004,-0.04905436431949439,False,adaptive,no_cost
breakout_forced_cover_signal,adaptive,,10651,10652,10658,2026-06-06 23:35:00+00:00,2026-06-06 23:40:00+00:00,2026-06-07 00:10:00+00:00,60829.58,60811.46,-0.0002978813925725854,-0.0002978813925725854,6,false_squeeze,3,60763.27,3,0.6668434657817612,18.42710999999975,0.009570000000003631,0.45470062109565573,-8.054900000000256,-20.843,-0.04933763332971175,False,adaptive,no_cost
breakout_forced_cover_signal,adaptive,,10668,10669,10676,2026-06-07 01:00:00+00:00,2026-06-07 01:05:00+00:00,2026-06-07 01:40:00+00:00,61064.93,61455.01,0.0063879545919400815,0.0063879545919400815,7,false_squeeze,3,60987.99,4,0.7250065346994569,93.63938999999974,64.39902,0.474896717910749,-10.981370000000254,-14.98857000000001,-0.04326484529915564,True,adaptive,no_cost
breakout_forced_cover_signal,adaptive,,10712,10713,10721,2026-06-07 04:40:00+00:00,2026-06-07 04:45:00+00:00,2026-06-07 05:25:00+00:00,61741.18,61740.49,-1.1175685336817232e-05,-1.1175685336817232e-05,8,false_squeeze,3,61732.0,3,0.6462334989543523,31.23548999999975,28.252440000000014,0.4864146738593783,-9.864630000000258,-24.413750000000018,-0.0432755374701953,False,adaptive,no_cost
breakout_forced_cover_signal,adaptive,,10733,10734,10736,2026-06-07 06:25:00+00:00,2026-06-07 06:30:00+00:00,2026-06-07 06:40:00+00:00,61970.18,62192.69,0.0035905979295203228,0.0035905979295203228,2,false_squeeze,3,61937.14,4,0.5603034751676296,56.01611999999973,16.94512000000001,0.4375139776023125,-85.81567000000022,-10.915240000000011,-0.039840324595914356,True,adaptive,no_cost
breakout_forced_cover_signal,adaptive,,10750,10751,10761,2026-06-07 07:50:00+00:00,2026-06-07 07:55:00+00:00,2026-06-07 08:45:00+00:00,62314.0,62937.14,0.010000000000000009,0.010000000000000009,10,take_profit,0,62268.88,4,0.5140423681685155,9.73267999999976,94.78718000000002,0.7407200588024841,497.68979999999965,124.10871999999995,-0.030238727841873536,True,adaptive,no_cost
breakout_forced_cover_signal,adaptive,,10796,10797,10799,2026-06-07 11:40:00+00:00,2026-06-07 11:45:00+00:00,2026-06-07 11:55:00+00:00,62679.99,62621.96,-0.0009258138043736208,-0.0009258138043736208,2,false_squeeze,4,62665.98,3,0.6266063832112136,25.374149999999773,3.629639999999995,0.2844561227834234,-199.09309000000025,-70.75728000000001,-0.031136546214584504,False,adaptive,no_cost
breakout_forced_cover_signal,fixed_horizon,6,39,40,46,2026-05-01 03:15:00+00:00,2026-05-01 03:20:00+00:00,2026-05-01 03:50:00+00:00,77256.158142,77134.130088,-0.0015795252693733275,-0.0023795252693733274,6,fixed_6b_exit,0,76729.7,3,0.7869739978296629,151.45113,138.86171000000002,0.4737777207669845,-3.2871299999999986,14.339600000000004,-0.0023795252693733504,False,fixed_6b,with_cost
breakout_forced_cover_signal,fixed_horizon,6,98,99,105,2026-05-01 08:10:00+00:00,2026-05-01 08:15:00+00:00,2026-05-01 08:45:00+00:00,77265.439998,77346.347636,0.0010471387725494719,0.0002471387725494718,6,fixed_6b_exit,0,77147.89,3,0.7791722363635174,116.18608,110.87657,0.5637131592373351,8.921560000000003,3.7194900000000004,-0.0021329745697781233,True,fixed_6b,with_cost
breakout_forced_cover_signal,fixed_horizon,6,124,125,131,2026-05-01 10:20:00+00:00,2026-05-01 10:25:00+00:00,2026-05-01 10:55:00+00:00,77424.251754,77288.879132,-0.0017484524413631242,-0.002548452441363124,6,fixed_6b_exit,0,77377.91,3,0.6920287224066014,64.313,38.8061,0.6857151170656727,27.700289999999995,9.901560000000003,-0.0046759912268915516,False,fixed_6b,with_cost
breakout_forced_cover_signal,fixed_horizon,6,135,136,142,2026-05-01 11:15:00+00:00,2026-05-01 11:20:00+00:00,2026-05-01 11:50:00+00:00,77449.41678599999,77385.639776,-0.0008234666269497648,-0.0016234666269497647,6,fixed_6b_exit,0,77433.72,3,0.8180452745725164,57.82064999999999,23.45736000000001,0.6636664437864169,25.701360000000008,14.125160000000001,-0.006291866538136626,False,fixed_6b,with_cost
breakout_forced_cover_signal,fixed_horizon,6,147,148,154,2026-05-01 12:15:00+00:00,2026-05-01 12:20:00+00:00,2026-05-01 12:50:00+00:00,77706.678228,77934.899902,0.0029369634528755295,0.0021369634528755296,6,fixed_6b_exit,0,77677.77,3,0.6419618867039846,64.64678,24.54444,0.3173414666281681,-110.76945000000002,-74.05223000000001,-0.00416834857410342,True,fixed_6b,with_cost
breakout_forced_cover_signal,fixed_horizon,6,211,212,218,2026-05-01 17:35:00+00:00,2026-05-01 17:40:00+00:00,2026-05-01 18:10:00+00:00,78528.162492,78511.654528,-0.00021021711798852039,-0.0010102171179885203,6,fixed_6b_exit,0,78390.0,3,0.7373911477980973,74.10553999999998,25.792930000000013,0.5758450858156793,13.969649999999977,15.683600000000006,-0.005174354755008714,False,fixed_6b,with_cost
breakout_forced_cover_signal,fixed_horizon,6,263,264,270,2026-05-01 21:55:00+00:00,2026-05-01 22:00:00+00:00,2026-05-01 22:30:00+00:00,78215.64,78275.64174,0.0007671322512992074,-3.286774870079267e-05,6,fixed_6b_exit,0,78190.98,3,0.7322119554585614,45.70058999999998,50.83796999999999,0.5107914721608307,2.655389999999981,-0.9753300000000014,-0.005207052434317738,False,fixed_6b,with_cost
breakout_forced_cover_signal,fixed_horizon,6,306,307,313,2026-05-02 01:30:00+00:00,2026-05-02 01:35:00+00:00,2026-05-02 02:05:00+00:00,78439.78482,78285.53976,-0.0019664136044477143,-0.0027664136044477142,6,fixed_6b_exit,0,78393.39,3,0.639542618442797,11.395239999999989,30.554000000000002,0.44638418905293326,-17.444570000000013,-49.27561000000001,-0.007959061178072102,False,fixed_6b,with_cost
breakout_forced_cover_signal,fixed_horizon,6,369,370,376,2026-05-02 06:45:00+00:00,2026-05-02 06:50:00+00:00,2026-05-02 07:20:00+00:00,78315.64999800001,78312.074452,-4.56555745894649e-05,-0.0008456555745894649,6,fixed_6b_exit,0,78288.0,3,0.6512873636863039,12.287949999999984,13.03249,0.7344616551062697,31.83917999999998,2.528699999999997,-0.008797986128207813,False,fixed_6b,with_cost
breakout_forced_cover_signal,fixed_horizon,6,437,438,444,2026-05-02 12:25:00+00:00,2026-05-02 12:30:00+00:00,2026-05-02 13:00:00+00:00,78258.508572,78291.96847400001,0.00042755609083977575,-0.0003724439091602243,6,fixed_6b_exit,0,78227.86,3,0.7715534839327687,32.84402999999999,10.500300000000003,0.723570859511533,17.303449999999987,10.03553,-0.00916715328102169,False,fixed_6b,with_cost
breakout_forced_cover_signal,fixed_horizon,6,445,446,452,2026-05-02 13:05:00+00:00,2026-05-02 13:10:00+00:00,2026-05-02 13:40:00+00:00,78327.26232000001,78345.667732,0.00023498091794404985,-0.0005650190820559502,6,fixed_6b_exit,0,78307.63,4,0.9007317655577206,93.64356,76.34011000000001,0.604124555732691,4.271459999999986,0.05385000000000062,-0.00972699274654576,False,fixed_6b,with_cost
breakout_forced_cover_signal,fixed_horizon,6,461,462,468,2026-05-02 14:25:00+00:00,2026-05-02 14:30:00+00:00,2026-05-02 15:00:00+00:00,78436.11408599999,78417.323398,-0.00023956678908632068,-0.0010395667890863206,6,fixed_6b_exit,0,78397.11,4,0.8316016083933422,68.46145999999999,66.64376,0.6182904986294377,8.322689999999984,-4.391010000000001,-0.010756447677015113,False,fixed_6b,with_cost
breakout_forced_cover_signal,fixed_horizon,6,628,629,635,2026-05-03 04:20:00+00:00,2026-05-03 04:25:00+00:00,2026-05-03 04:55:00+00:00,78236.264124,78147.557362,-0.0011338317721739655,-0.0019338317721739654,6,fixed_6b_exit,0,78217.59,3,0.8021692818171012,14.348459999999974,7.940040000000003,0.4203548521037228,-4.764720000000027,-5.264839999999999,-0.012669478288915514,False,fixed_6b,with_cost
breakout_forced_cover_signal,fixed_horizon,6,658,659,665,2026-05-03 06:50:00+00:00,2026-05-03 06:55:00+00:00,2026-05-03 07:25:00+00:00,78346.26612,78397.077448,0.0006485481761462353,-0.00015145182385376476,6,fixed_6b_exit,0,78254.82,3,0.7447587138242954,26.149599999999957,22.84565,0.8966904214003195,93.12935999999996,92.44506000000001,-0.01281901129717522,False,fixed_6b,with_cost
breakout_forced_cover_signal,fixed_horizon,6,688,689,695,2026-05-03 09:20:00+00:00,2026-05-03 09:25:00+00:00,2026-05-03 09:55:00+00:00,78500.62698599999,78513.86408600002,0.00016862413089246964,-0.0006313758691075304,6,fixed_6b_exit,0,78481.76,4,0.7083287415628613,27.108589999999953,19.999099999999995,0.5269506665124396,2.7074299999999543,0.06867999999999874,-0.013442293551883866,False,fixed_6b,with_cost
breakout_forced_cover_signal,fixed_horizon,6,710,711,717,2026-05-03 11:10:00+00:00,2026-05-03 11:15:00+00:00,2026-05-03 11:45:00+00:00,78541.915242,78784.23000200001,0.0030851648989382863,0.0022851648989382863,6,fixed_6b_exit,0,78491.27,4,0.7810533345513762,44.61004999999996,24.24608,0.7877808889186013,125.17937999999995,31.68661999999999,-0.011187846510331445,True,fixed_6b,with_cost
breakout_forced_cover_signal,fixed_horizon,6,722,723,729,2026-05-03 12:10:00+00:00,2026-05-03 12:15:00+00:00,2026-05-03 12:45:00+00:00,78872.56135799999,78776.521544,-0.001217658110075459,-0.002017658110075459,6,fixed_6b_exit,0,78849.22,5,0.6657468873698181,39.28422999999995,21.14203,0.6091288137898627,17.105109999999968,4.161050000000005,-0.01318293137116111,False,fixed_6b,with_cost
breakout_forced_cover_signal,fixed_horizon,6,756,757,763,2026-05-03 15:00:00+00:00,2026-05-03 15:05:00+00:00,2026-05-03 15:35:00+00:00,78815.76,78678.51115,-0.0017413883974473077,-0.0025413883974473076,6,fixed_6b_exit,0,78786.57,4,0.5227683545386551,4.189649999999961,29.640620000000002,0.4682571795437197,-2.4068600000000444,0.7507399999999977,-0.015690816819777464,False,fixed_6b,with_cost
breakout_forced_cover_signal,fixed_horizon,6,820,821,827,2026-05-03 20:20:00+00:00,2026-05-03 20:25:00+00:00,2026-05-03 20:55:00+00:00,78945.83601,78900.206802,-0.0005779811869269791,-0.001377981186926979,6,fixed_6b_exit,0,78853.32,5,0.6698530679452158,35.42761999999993,37.21974999999999,0.4011432286172104,-17.335820000000037,21.450279999999996,-0.01704717635631925,False,fixed_6b,with_cost
breakout_forced_cover_signal,fixed_horizon,6,881,882,888,2026-05-04 01:25:00+00:00,2026-05-04 01:30:00+00:00,2026-05-04 02:00:00+00:00,78621.411138,79714.063998,0.013897650069929712,0.013097650069929712,6,fixed_6b_exit,0,78585.86,4,0.6687443949436331,33.08244999999995,9.808639999999997,0.6352006666777386,469.0757900000001,227.35783000000006,-0.004172804236984851,True,fixed_6b,with_cost
breakout_forced_cover_signal,fixed_horizon,6,980,981,987,2026-05-04 09:40:00+00:00,2026-05-04 09:45:00+00:00,2026-05-04 10:15:00+00:00,79873.531512,78375.44177599999,-0.01875577187638111,-0.01955577187638111,6,fixed_6b_exit,0,79823.25,3,0.7378613781305892,74.51010999999994,6.938229999999976,0.4159765772356263,-239.32614000000012,31.616849999999886,-0.023646973705622742,False,fixed_6b,with_cost
breakout_forced_cover_signal,fixed_horizon,6,1036,1037,1043,2026-05-04 14:20:00+00:00,2026-05-04 14:25:00+00:00,2026-05-04 14:55:00+00:00,79290.75498,80200.116768,0.011468698819041112,0.010668698819041112,6,fixed_6b_exit,0,79124.83,5,0.6158765429745418,93.37189999999993,83.40274000000001,0.5532669984244782,128.36848999999984,-67.75728000000004,-0.013230557327028603,True,fixed_6b,with_cost
breakout_forced_cover_signal,fixed_horizon,6,1120,1121,1127,2026-05-04 21:20:00+00:00,2026-05-04 21:25:00+00:00,2026-05-04 21:55:00+00:00,80291.80515,80243.118166,-0.0006063755063053788,-0.0014063755063053788,6,fixed_6b_exit,0,80150.76,3,0.7060345879498546,34.209129999999924,26.617690000000003,0.4918640908562524,-1.4362200000000875,17.436110000000003,-0.014618325701574508,False,fixed_6b,with_cost
breakout_forced_cover_signal,fixed_horizon,6,1158,1159,1165,2026-05-05 00:30:00+00:00,2026-05-05 00:35:00+00:00,2026-05-05 01:05:00+00:00,80109.97879200001,80193.588074,0.0010436812399747808,0.00024368123997478076,6,fixed_6b_exit,0,80010.0,3,0.6523713065692767,19.00860999999991,18.52022,0.6465664927513611,21.65183999999991,11.561849999999996,-0.014378206673333005,True,fixed_6b,with_cost
breakout_forced_cover_signal,fixed_horizon,6,1176,1177,1183,2026-05-05 02:00:00+00:00,2026-05-05 02:05:00+00:00,2026-05-05 02:35:00+00:00,80513.539488,80706.225526,0.0023932128586734436,0.0015932128586734436,6,fixed_6b_exit,0,80385.06,3,0.7261319028667926,49.51484999999991,42.48997,0.6859447949890171,63.11888999999991,69.87749,-0.01280790135841614,True,fixed_6b,with_cost
breakout_forced_cover_signal,fixed_horizon,6,1184,1185,1191,2026-05-05 02:40:00+00:00,2026-05-05 02:45:00+00:00,2026-05-05 03:15:00+00:00,80825.201808,80739.738822,-0.0010573804220497252,-0.001857380422049725,6,fixed_6b_exit,0,80766.74,3,0.7092864491263158,110.4759499999999,47.35705999999999,0.7666272269451136,52.62724999999992,13.51715,-0.014641492635235176,False,fixed_6b,with_cost
breakout_forced_cover_signal,fixed_horizon,6,1219,1220,1226,2026-05-05 05:35:00+00:00,2026-05-05 05:40:00+00:00,2026-05-05 06:10:00+00:00,81252.087168,80942.738214,-0.003807273939442024,-0.0046072739394420244,6,fixed_6b_exit,0,81188.0,3,0.49249874306421243,-5.698740000000079,10.610199999999992,0.3525535587006704,-35.51065000000008,20.392390000000006,-0.019181309207224384,False,fixed_6b,with_cost
breakout_forced_cover_signal,fixed_horizon,6,1240,1241,1247,2026-05-05 07:20:00+00:00,2026-05-05 07:25:00+00:00,2026-05-05 07:55:00+00:00,81058.2084,80839.418882,-0.002699165480198329,-0.003499165480198329,6,fixed_6b_exit,0,81026.7,3,0.6055143293405565,19.14145999999991,7.408669999999994,0.35696048020534793,-106.84391000000006,97.67315999999998,-0.0226133561123798,False,fixed_6b,with_cost
breakout_forced_cover_signal,fixed_horizon,6,1275,1276,1282,2026-05-05 10:15:00+00:00,2026-05-05 10:20:00+00:00,2026-05-05 10:50:00+00:00,80726.14199999999,80708.795012,-0.00021488687022841457,-0.0010148868702284145,6,fixed_6b_exit,0,80707.98,3,0.7583747069477811,75.82783999999994,26.319820000000007,0.4370889253549984,-8.707240000000057,3.125069999999999,-0.023605292984397952,False,fixed_6b,with_cost
breakout_forced_cover_signal,fixed_horizon,6,1286,1287,1293,2026-05-05 11:10:00+00:00,2026-05-05 11:15:00+00:00,2026-05-05 11:45:00+00:00,80958.918546,80982.45027,0.0002906625288803255,-0.0005093374711196745,6,fixed_6b_exit,0,80839.76,3,0.6872047671716864,60.97903999999994,35.630239999999986,0.45234368311269973,-14.438990000000063,-18.04609,-0.024102607395283915,False,fixed_6b,with_cost
breakout_forced_cover_signal,fixed_horizon,6,1308,1309,1315,2026-05-05 13:00:00+00:00,2026-05-05 13:05:00+00:00,2026-05-05 13:35:00+00:00,81489.774696,81339.348876,-0.0018459471824674445,-0.0026459471824674444,6,fixed_6b_exit,0,81329.61,4,0.5912349196633157,55.834009999999935,49.74673999999999,0.5627431281418179,47.17189999999994,12.95565999999998,-0.026684780351623694,False,fixed_6b,with_cost
breakout_forced_cover_signal,fixed_horizon,6,1334,1335,1341,2026-05-05 15:10:00+00:00,2026-05-05 15:15:00+00:00,2026-05-05 15:45:00+00:00,81581.16297,81632.03032800001,0.0006235184220002576,-0.0001764815779997424,6,fixed_6b_exit,0,81500.0,4,0.6690633154925842,91.60054999999993,46.4213,0.5743989021946774,23.61885999999994,15.727020000000003,-0.02685655255747843,False,fixed_6b,with_cost
breakout_forced_cover_signal,fixed_horizon,6,1370,1371,1377,2026-05-05 18:10:00+00:00,2026-05-05 18:15:00+00:00,2026-05-05 18:45:00+00:00,81578.382414,81515.913556,-0.0007657525946394017,-0.0015657525946394016,6,fixed_6b_exit,0,81458.26,3,0.7269393239102274,76.38286999999994,73.19055999999999,0.6008535547888567,17.431479999999944,11.175780000000003,-0.028380254435267926,False,fixed_6b,with_cost
breakout_forced_cover_signal,fixed_horizon,6,1386,1387,1393,2026-05-05 19:30:00+00:00,2026-05-05 19:35:00+00:00,2026-05-05 20:05:00+00:00,81606.8181,81641.1685,0.0004209256138121287,-0.00037907438618787136,6,fixed_6b_exit,0,81580.0,3,0.6968428835264642,43.95051999999994,32.754090000000005,0.6671467161512652,104.51395999999993,10.105800000000002,-0.028748570593925882,False,fixed_6b,with_cost
breakout_forced_cover_signal,fixed_horizon,6,1455,1456,1462,2026-05-06 01:15:00+00:00,2026-05-06 01:20:00+00:00,2026-05-06 01:50:00+00:00,81303.85752,81430.400662,0.0015564223624797702,0.0007564223624797701,6,fixed_6b_exit,0,81262.28,3,0.6651863353939748,42.08853999999991,17.0036,0.7336136632052164,113.39374999999993,50.06621000000001,-0.028013894293132613,True,fixed_6b,with_cost
breakout_forced_cover_signal,fixed_horizon,6,1480,1481,1487,2026-05-06 03:20:00+00:00,2026-05-06 03:25:00+00:00,2026-05-06 03:55:00+00:00,81667.65026400001,81565.373662,-0.0012523514717197592,-0.002052351471719759,6,fixed_6b_exit,0,81466.64,4,0.7611914647681888,136.44650999999993,159.43714,0.5205679679685524,3.235349999999915,26.779229999999995,-0.03000875140767123,False,fixed_6b,with_cost
breakout_forced_cover_signal,fixed_horizon,6,1542,1543,1549,2026-05-06 08:30:00+00:00,2026-05-06 08:35:00+00:00,2026-05-06 09:05:00+00:00,81731.823096,81838.299066,0.001302748011321686,0.000502748011321686,6,fixed_6b_exit,0,81620.92,4,0.5184121982322738,13.85990999999987,8.622079999999972,0.5105024382048906,8.80467999999992,-87.26960000000004,-0.029521090236441894,True,fixed_6b,with_cost
breakout_forced_cover_signal,fixed_horizon,6,1555,1556,1562,2026-05-06 09:35:00+00:00,2026-05-06 09:40:00+00:00,2026-05-06 10:10:00+00:00,82026.402,82026.371444,-3.725142058152997e-07,-0.0008003725142058153,6,fixed_6b_exit,0,81997.0,5,0.7248155520613043,179.1846899999999,148.70321000000004,0.636120855344392,69.21359999999993,54.89423000000001,-0.030297834881433117,False,fixed_6b,with_cost
breakout_forced_cover_signal,fixed_horizon,6,1563,1564,1570,2026-05-06 10:15:00+00:00,2026-05-06 10:20:00+00:00,2026-05-06 10:50:00+00:00,82148.82647999999,82330.250656,0.0022084816518248562,0.0014084816518248563,6,fixed_6b_exit,0,82131.0,4,0.6541423111861746,74.05709999999992,4.843499999999992,0.6773221319737378,98.1502399999999,103.47991999999999,-0.028932027174128683,True,fixed_6b,with_cost
breakout_forced_cover_signal,fixed_horizon,6,1572,1573,1579,2026-05-06 11:00:00+00:00,2026-05-06 11:05:00+00:00,2026-05-06 11:35:00+00:00,82423.88148,82698.666958,0.0033338090012986488,0.002533809001298649,6,fixed_6b_exit,0,82390.0,5,0.7427284575180607,142.66050999999993,52.691830000000024,0.4775392703030582,-13.536160000000088,-119.14507000000003,-0.026471526403709533,True,fixed_6b,with_cost
breakout_forced_cover_signal,fixed_horizon,6,1680,1681,1687,2026-05-06 20:00:00+00:00,2026-05-06 20:05:00+00:00,2026-05-06 20:35:00+00:00,81640.16476799999,81365.963552,-0.003358655837836566,-0.0041586558378365664,6,fixed_6b_exit,0,81522.41,3,0.6561621602052,47.96521999999986,45.88634,0.4281710429213725,-17.331010000000138,5.843329999999998,-0.030520096273730868,False,fixed_6b,with_cost
breakout_forced_cover_signal,fixed_horizon,6,1726,1727,1733,2026-05-06 23:50:00+00:00,2026-05-06 23:55:00+00:00,2026-05-07 00:25:00+00:00,81456.99814200001,81211.024546,-0.003019674203697198,-0.003819674203697198,6,fixed_6b_exit,0,81415.0,3,0.6174124481564528,9.549299999999858,10.226379999999999,0.45097487853596646,-6.5031000000001455,-18.494539999999997,-0.034223193652996975,False,fixed_6b,with_cost
breakout_forced_cover_signal,fixed_horizon,6,1788,1789,1795,2026-05-07 05:00:00+00:00,2026-05-07 05:05:00+00:00,2026-05-07 05:35:00+00:00,81104.127582,81041.77840200001,-0.0007687547090245994,-0.0015687547090245993,6,fixed_6b_exit,0,80989.59,3,0.7675520498202382,57.08207999999985,35.211479999999995,0.5480904405068929,8.647169999999853,3.844580000000003,-0.035738260565820634,False,fixed_6b,with_cost
breakout_forced_cover_signal,fixed_horizon,6,1806,1807,1813,2026-05-07 06:30:00+00:00,2026-05-07 06:35:00+00:00,2026-05-07 07:05:00+00:00,81296.796108,81411.61442,0.0014123350180672567,0.0006123350180672567,6,fixed_6b_exit,0,81149.95,3,0.7334144141524308,76.09209999999985,58.82285999999999,0.5891416886474808,31.69116999999985,-4.0719800000000035,-0.035147809336182556,True,fixed_6b,with_cost
breakout_forced_cover_signal,fixed_horizon,6,1874,1875,1881,2026-05-07 12:10:00+00:00,2026-05-07 12:15:00+00:00,2026-05-07 12:45:00+00:00,81096.216,81041.74840800001,-0.0006716415966928624,-0.0014716415966928623,6,fixed_6b_exit,0,81010.1,3,0.7434206646247793,58.773899999999855,34.16013,0.5774457531134038,13.989789999999857,3.3596399999999917,-0.03656772595462365,False,fixed_6b,with_cost
breakout_forced_cover_signal,fixed_horizon,6,1883,1884,1890,2026-05-07 12:55:00+00:00,2026-05-07 13:00:00+00:00,2026-05-07 13:30:00+00:00,81178.2324,80799.046958,-0.004671023632684901,-0.005471023632684901,6,fixed_6b_exit,0,81160.84,3,0.6151086360518809,26.446809999999857,10.36354,0.43701364474915694,-21.608710000000148,-7.334249999999997,-0.04183868669441726,False,fixed_6b,with_cost
breakout_forced_cover_signal,fixed_horizon,6,1943,1944,1950,2026-05-07 17:55:00+00:00,2026-05-07 18:00:00+00:00,2026-05-07 18:30:00+00:00,80110.538904,80167.543284,0.0007115715457650662,-8.842845423493383e-05,6,fixed_6b_exit,0,79948.66,3,0.6189537486851147,44.76761999999988,24.85457,0.381618218752479,-19.751020000000118,1.8678599999999967,-0.04192341541826061,False,fixed_6b,with_cost
breakout_forced_cover_signal,fixed_horizon,6,2012,2013,2019,2026-05-07 23:40:00+00:00,2026-05-07 23:45:00+00:00,2026-05-08 00:15:00+00:00,80028.0024,80085.119772,0.0007137173275240105,-8.628267247598952e-05,6,fixed_6b_exit,0,80006.27,3,0.66278417204309,13.702539999999884,8.411659999999998,0.7792073466567025,186.20347999999987,5.2398499999999615,-0.04200608082641499,False,fixed_6b,with_cost
breakout_forced_cover_signal,fixed_horizon,6,2020,2021,2027,2026-05-08 00:20:00+00:00,2026-05-08 00:25:00+00:00,2026-05-08 00:55:00+00:00,80147.86636799999,79816.023602,-0.004140381784791702,-0.004940381784791703,6,fixed_6b_exit,0,80121.78,4,0.809265938023881,167.50029999999987,-18.703180000000003,0.2725635268158494,-99.18435000000011,-49.17260999999999,-0.04673893653464145,False,fixed_6b,with_cost
breakout_forced_cover_signal,fixed_horizon,6,2060,2061,2067,2026-05-08 03:40:00+00:00,2026-05-08 03:45:00+00:00,2026-05-08 04:15:00+00:00,79662.059226,79710.15478000001,0.0006037447998119561,-0.00019625520018804398,6,fixed_6b_exit,0,79642.55,3,0.6304708710788978,15.850759999999879,8.35204,0.6133239405128232,17.556919999999888,5.44652,-0.04692601897548332,False,fixed_6b,with_cost
breakout_forced_cover_signal,fixed_horizon,6,2084,2085,2091,2026-05-08 05:40:00+00:00,2026-05-08 05:45:00+00:00,2026-05-08 06:15:00+00:00,79767.90039,79577.051406,-0.002392553684714027,-0.003192553684714027,6,fixed_6b_exit,0,79713.02,3,0.6170471709201782,14.897379999999888,4.680700000000002,0.31053543423926866,-66.90566000000013,-31.094840000000005,-0.04996875882540819,False,fixed_6b,with_cost
breakout_forced_cover_signal,fixed_horizon,6,2109,2110,2116,2026-05-08 07:45:00+00:00,2026-05-08 07:50:00+00:00,2026-05-08 08:20:00+00:00,79694.655744,79723.332144,0.0003598283941663727,-0.00044017160583362735,6,fixed_6b_exit,0,79599.0,3,0.6350671736328378,73.1951299999999,-17.448049999999995,0.7046501985764164,44.166819999999895,2.6085799999999963,-0.05038693560242813,False,fixed_6b,with_cost
breakout_forced_cover_signal,fixed_horizon,6,2119,2120,2126,2026-05-08 08:35:00+00:00,2026-05-08 08:40:00+00:00,2026-05-08 09:10:00+00:00,79865.959998,79964.313938,0.0012314876075172343,0.00043148760751723426,6,fixed_6b_exit,0,79805.16,4,0.7017609104328076,85.69671999999989,23.768550000000005,0.6183212073388714,24.069519999999883,20.913679999999992,-0.04997718933320405,True,fixed_6b,with_cost
breakout_forced_cover_signal,fixed_horizon,6,2143,2144,2150,2026-05-08 10:35:00+00:00,2026-05-08 10:40:00+00:00,2026-05-08 11:10:00+00:00,80072.951388,80211.924406,0.0017355800628180429,0.0009355800628180429,6,fixed_6b_exit,0,80020.0,3,0.6155008824151253,21.81834999999988,1.9285199999999918,0.5010941641362403,0.5555299999998766,-2.7254899999999935,-0.04908836693232177,True,fixed_6b,with_cost
breakout_forced_cover_signal,fixed_horizon,6,2226,2227,2233,2026-05-08 17:30:00+00:00,2026-05-08 17:35:00+00:00,2026-05-08 18:05:00+00:00,80262.269244,80154.725848,-0.0013398997687575909,-0.002139899768757591,6,fixed_6b_exit,0,80045.23,5,0.7069137701070674,227.11351999999988,137.50507,0.38612976031615165,-49.984280000000076,13.03324,-0.051123222516032185,False,fixed_6b,with_cost
breakout_forced_cover_signal,fixed_horizon,6,2255,2256,2262,2026-05-08 19:55:00+00:00,2026-05-08 20:00:00+00:00,2026-05-08 20:30:00+00:00,80196.036,80249.05697800001,0.0006611421292694875,-0.00013885787073051258,6,fixed_6b_exit,0,80168.0,3,0.638770223940002,33.337819999999894,36.101489999999984,0.7163791271082879,50.7571899999999,9.66787,-0.051254981524939236,False,fixed_6b,with_cost
breakout_forced_cover_signal,fixed_horizon,6,2280,2281,2287,2026-05-08 22:00:00+00:00,2026-05-08 22:05:00+00:00,2026-05-08 22:35:00+00:00,80326.372062,80279.030982,-0.0005893591206068693,-0.0013893591206068693,6,fixed_6b_exit,0,80264.0,3,0.6903544329904745,45.99939999999991,36.98361,0.3988889847122771,-9.473180000000085,-7.551230000000004,-0.05257312906948797,False,fixed_6b,with_cost
breakout_forced_cover_signal,fixed_horizon,6,2310,2311,2317,2026-05-09 00:30:00+00:00,2026-05-09 00:35:00+00:00,2026-05-09 01:05:00+00:00,80234.03359800001,80247.35731800001,0.00016606070270319684,-0.0006339392972968032,6,fixed_6b_exit,0,80208.66,3,0.6827948142154466,16.084919999999908,14.172269999999997,0.5646689541127281,5.952039999999913,-2.302699999999996,-0.05317374019428578,False,fixed_6b,with_cost
breakout_forced_cover_signal,fixed_horizon,6,2318,2319,2325,2026-05-09 01:10:00+00:00,2026-05-09 01:15:00+00:00,2026-05-09 01:45:00+00:00,80336.62411199999,80383.910002,0.0005885969260308599,-0.00021140307396914015,6,fixed_6b_exit,0,80263.41,3,0.7402189659733861,31.833629999999914,25.881590000000003,0.6995804645768628,21.910609999999906,-7.348240000000008,-0.05337390217612348,False,fixed_6b,with_cost
breakout_forced_cover_signal,fixed_horizon,6,2326,2327,2333,2026-05-09 01:50:00+00:00,2026-05-09 01:55:00+00:00,2026-05-09 02:25:00+00:00,80440.524888,80412.56427,-0.00034759367916770145,-0.0011475936791677014,6,fixed_6b_exit,0,80400.0,3,0.7742046347384355,46.67456999999992,24.76396000000001,0.5211803420171139,1.7709099999999118,-6.208029999999999,-0.05446024430252139,False,fixed_6b,with_cost
breakout_forced_cover_signal,fixed_horizon,6,2353,2354,2360,2026-05-09 04:05:00+00:00,2026-05-09 04:10:00+00:00,2026-05-09 04:40:00+00:00,80616.13000199999,80393.90800200001,-0.0027565451230971982,-0.003556545123097198,6,fixed_6b_exit,0,80550.67,3,0.6492377034209139,33.54916999999991,26.95174,0.43068576531562475,-10.121320000000091,-2.536450000000004,-0.0578230991093418,False,fixed_6b,with_cost
breakout_forced_cover_signal,fixed_horizon,6,2400,2401,2407,2026-05-09 08:00:00+00:00,2026-05-09 08:05:00+00:00,2026-05-09 08:35:00+00:00,80393.795544,80416.01358000001,0.00027636505839390146,-0.0005236349416060986,6,fixed_6b_exit,0,80309.05,3,0.738001626931917,38.105259999999916,79.14268000000001,0.4752898134759503,-5.648590000000091,19.34945,-0.05831645585582235,False,fixed_6b,with_cost
breakout_forced_cover_signal,fixed_horizon,6,2432,2433,2439,2026-05-09 10:40:00+00:00,2026-05-09 10:45:00+00:00,2026-05-09 11:15:00+00:00,80346.05599800001,80325.221742,-0.0002593065178025933,-0.0010593065178025932,6,fixed_6b_exit,0,80323.57,3,0.7045068010755771,19.022739999999907,14.8001,0.7148918183664468,49.497669999999914,9.571100000000001,-0.05931398737184179,False,fixed_6b,with_cost
breakout_forced_cover_signal,fixed_horizon,6,2452,2453,2459,2026-05-09 12:20:00+00:00,2026-05-09 12:25:00+00:00,2026-05-09 12:55:00+00:00,80414.0796,80381.890406,-0.0004002930103795821,-0.001200293010379582,6,fixed_6b_exit,0,80372.3,4,0.764012622059207,67.25324999999991,25.17293999999999,0.8366122914702591,37.7553299999999,-22.36629,-0.06044308621776118,False,fixed_6b,with_cost
breakout_forced_cover_signal,fixed_horizon,6,2462,2463,2469,2026-05-09 13:10:00+00:00,2026-05-09 13:15:00+00:00,2026-05-09 13:45:00+00:00,80438.08439999999,80340.798626,-0.0012094491648534378,-0.0020094491648534377,6,fixed_6b_exit,0,80416.21,3,0.8378367934571752,53.68027999999991,27.21584,0.7798234896508703,50.77047999999991,15.186190000000003,-0.06233107807349314,False,fixed_6b,with_cost
breakout_forced_cover_signal,fixed_horizon,6,2491,2492,2498,2026-05-09 15:35:00+00:00,2026-05-09 15:40:00+00:00,2026-05-09 16:10:00+00:00,80542.625304,80561.844408,0.00023862028245869027,-0.0005613797175413098,6,fixed_6b_exit,0,80474.0,4,0.8301879176854029,77.38777999999989,54.59313999999999,0.5742769581561605,16.61087999999991,14.58981,-0.06285746638803158,False,fixed_6b,with_cost
breakout_forced_cover_signal,fixed_horizon,6,2500,2501,2507,2026-05-09 16:20:00+00:00,2026-05-09 16:25:00+00:00,2026-05-09 16:55:00+00:00,80744.335638,80608.884998,-0.0016775249796749936,-0.0024775249796749935,6,fixed_6b_exit,0,80663.56,4,0.5840906607584335,34.12378999999991,22.505860000000006,0.5774791975229732,22.779709999999888,-13.592480000000009,-0.06517926042457112,False,fixed_6b,with_cost
breakout_forced_cover_signal,fixed_horizon,6,2525,2526,2532,2026-05-09 18:25:00+00:00,2026-05-09 18:30:00+00:00,2026-05-09 19:00:00+00:00,81056.73810599999,80866.063552,-0.0023523590814946704,-0.0031523590814946704,6,fixed_6b_exit,0,80928.56,5,0.7598632668703559,81.81637999999988,66.09478999999999,0.3001383502092006,-13.813330000000114,-5.107360000000002,-0.06812615107254127,False,fixed_6b,with_cost
breakout_forced_cover_signal,fixed_horizon,6,2542,2543,2549,2026-05-09 19:50:00+00:00,2026-05-09 19:55:00+00:00,2026-05-09 20:25:00+00:00,80947.6863,80780.980572,-0.00205942548354221,-0.00285942548354221,6,fixed_6b_exit,0,80927.66,3,0.6353016242879364,12.913849999999883,25.076739999999994,0.5375516096054159,3.081059999999889,10.45925,-0.07079077490361108,False,fixed_6b,with_cost
breakout_forced_cover_signal,fixed_horizon,6,2595,2596,2602,2026-05-10 00:15:00+00:00,2026-05-10 00:20:00+00:00,2026-05-10 00:50:00+00:00,80759.79873,80646.727428,-0.0014000939053603334,-0.0022000939053603333,6,fixed_6b_exit,0,80732.51,3,0.46228990942732956,-12.163800000000123,16.659029999999994,0.2589959505612992,-26.08918000000012,-17.095220000000005,-0.07283512245655022,False,fixed_6b,with_cost
breakout_forced_cover_signal,fixed_horizon,6,2621,2622,2628,2026-05-10 02:25:00+00:00,2026-05-10 02:30:00+00:00,2026-05-10 03:00:00+00:00,80756.85814200001,80797.067354,0.0004979046105197948,-0.0003020953894802052,6,fixed_6b_exit,0,80695.15,3,0.706736068822418,24.57242999999989,37.69718,0.6422755976531959,24.869469999999883,33.84443,-0.07311521469134408,False,fixed_6b,with_cost
breakout_forced_cover_signal,fixed_horizon,6,2635,2636,2642,2026-05-10 03:35:00+00:00,2026-05-10 03:40:00+00:00,2026-05-10 04:10:00+00:00,80876.16199800001,80765.99356999999,-0.0013621866478127354,-0.0021621866478127353,6,fixed_6b_exit,0,80832.72,3,0.8132358160677302,44.321069999999885,34.8402,0.6511950754683035,38.824569999999866,65.55678999999999,-0.07511931259819926,False,fixed_6b,with_cost
breakout_forced_cover_signal,fixed_horizon,6,2692,2693,2699,2026-05-10 08:20:00+00:00,2026-05-10 08:25:00+00:00,2026-05-10 08:55:00+00:00,80846.155998,80814.163934,-0.0003957153386587864,-0.0011957153386587863,6,fixed_6b_exit,0,80827.14,3,0.6121230719735077,13.745209999999885,9.98259,0.44407270024557843,-3.082130000000112,4.881389999999999,-0.07622520662255494,False,fixed_6b,with_cost
breakout_forced_cover_signal,fixed_horizon,6,2722,2723,2729,2026-05-10 10:50:00+00:00,2026-05-10 10:55:00+00:00,2026-05-10 11:25:00+00:00,80894.04557399999,80776.78141200001,-0.0014496018979877068,-0.0022496018979877067,6,fixed_6b_exit,0,80843.67,3,0.6803884529526858,22.362889999999886,13.750960000000001,0.32749884464920914,-35.05712000000012,-28.81667,-0.07830333215105012,False,fixed_6b,with_cost
breakout_forced_cover_signal,fixed_horizon,6,2740,2741,2747,2026-05-10 12:20:00+00:00,2026-05-10 12:25:00+00:00,2026-05-10 12:55:00+00:00,80929.98276,80911.53445600001,-0.00022795388520835402,-0.001027953885208354,6,fixed_6b_exit,0,80887.82,3,0.7011261042739497,15.961789999999887,10.846990000000002,0.38341772650453226,-14.38563000000011,17.246220000000005,-0.07925079382174904,False,fixed_6b,with_cost
breakout_forced_cover_signal,fixed_horizon,6,2772,2773,2779,2026-05-10 15:00:00+00:00,2026-05-10 15:05:00+00:00,2026-05-10 15:35:00+00:00,81064.949748,81080.990558,0.0001978760247167699,-0.0006021239752832301,6,fixed_6b_exit,0,80999.36,5,0.7172023092191198,102.99961999999988,54.90765999999999,0.5827277554667338,15.61037999999989,25.840720000000005,-0.07980519899401195,False,fixed_6b,with_cost
breakout_forced_cover_signal,fixed_horizon,6,2780,2781,2787,2026-05-10 15:40:00+00:00,2026-05-10 15:45:00+00:00,2026-05-10 16:15:00+00:00,81157.238202,81341.568432,0.0022712728289400186,0.0014712728289400187,6,fixed_6b_exit,0,81110.0,3,0.5339723983531253,11.569569999999892,-4.040809999999997,0.5290154781420287,9.622709999999897,-3.0399899999999764,-0.07845134138595988,True,fixed_6b,with_cost
breakout_forced_cover_signal,fixed_horizon,6,2824,2825,2831,2026-05-10 19:20:00+00:00,2026-05-10 19:25:00+00:00,2026-05-10 19:55:00+00:00,81482.913324,81421.542434,-0.0007531749602025517,-0.0015531749602025516,6,fixed_6b_exit,0,81450.72,5,0.7492913209088086,64.15034999999989,19.711099999999995,0.5932100204443728,10.147869999999894,18.44354,-0.07988266768712748,False,fixed_6b,with_cost
breakout_forced_cover_signal,fixed_horizon,6,2936,2937,2943,2026-05-11 04:40:00+00:00,2026-05-11 04:45:00+00:00,2026-05-11 05:15:00+00:00,80838.234414,80876.34149600001,0.00047139923671313255,-0.0003286007632868675,6,fixed_6b_exit,0,80814.03,3,0.669342448256634,20.88431999999989,3.18347,0.6514963113523758,15.765499999999886,2.868940000000002,-0.08018501894483898,False,fixed_6b,with_cost
breakout_forced_cover_signal,fixed_horizon,6,2945,2946,2952,2026-05-11 05:25:00+00:00,2026-05-11 05:30:00+00:00,2026-05-11 06:00:00+00:00,80979.802722,80844.44787599999,-0.0016714642596088458,-0.0024714642596088457,6,fixed_6b_exit,0,80934.57,3,0.7657204379199767,21.73868999999989,11.093860000000003,0.34347321890594207,-81.70183000000009,-6.49212,-0.0824583087959696,False,fixed_6b,with_cost
breakout_forced_cover_signal,fixed_horizon,6,2985,2986,2992,2026-05-11 08:45:00+00:00,2026-05-11 08:50:00+00:00,2026-05-11 09:20:00+00:00,80872.15119599999,80906.875388,0.00042937143981558457,-0.00037062856018441547,6,fixed_6b_exit,0,80846.62,3,0.564872041885939,27.102879999999892,17.45895000000001,0.6771438021627639,18.284389999999895,2.1126900000000006,-0.08279837595188977,False,fixed_6b,with_cost
breakout_forced_cover_signal,fixed_horizon,6,3001,3002,3008,2026-05-11 10:05:00+00:00,2026-05-11 10:10:00+00:00,2026-05-11 10:40:00+00:00,81084.91373999999,81053.14612800001,-0.00039178202867484746,-0.0011917820286748474,6,fixed_6b_exit,0,81008.4,3,0.6679282250830301,40.454429999999896,19.310790000000004,0.2506280721392811,-80.23454000000012,8.89439999999999,-0.08389148036410166,False,fixed_6b,with_cost
breakout_forced_cover_signal,fixed_horizon,6,3028,3029,3035,2026-05-11 12:20:00+00:00,2026-05-11 12:25:00+00:00,2026-05-11 12:55:00+00:00,81330.01275,81038.43907,-0.0035850686621219374,-0.004385068662121938,6,fixed_6b_exit,0,81246.08,3,0.6817325033561354,55.8793899999999,94.92482,0.4444709134634729,-9.100180000000105,4.3361199999999975,-0.08790867912465994,False,fixed_6b,with_cost
breakout_forced_cover_signal,fixed_horizon,6,3065,3066,3072,2026-05-11 15:25:00+00:00,2026-05-11 15:30:00+00:00,2026-05-11 16:00:00+00:00,81359.648676,81337.909164,-0.00026720262874502243,-0.0010672026287450224,6,fixed_6b_exit,0,81095.48,3,0.572060544699888,32.411349999999906,35.88535000000001,0.5981242539172839,30.619329999999888,-7.50405000000001,-0.08888206537995369,False,fixed_6b,with_cost
breakout_forced_cover_signal,fixed_horizon,6,3073,3074,3080,2026-05-11 16:05:00+00:00,2026-05-11 16:10:00+00:00,2026-05-11 16:40:00+00:00,81590.804898,81563.324072,-0.000336812782204543,-0.001136812782204543,6,fixed_6b_exit,0,81458.0,3,0.574608190038949,35.14540999999989,4.526080000000004,0.401416556898262,-59.93048000000011,-26.401320000000005,-0.08991783589412561,False,fixed_6b,with_cost
breakout_forced_cover_signal,fixed_horizon,6,3092,3093,3099,2026-05-11 17:40:00+00:00,2026-05-11 17:45:00+00:00,2026-05-11 18:15:00+00:00,81994.405602,81871.61240200001,-0.001497580220241157,-0.002297580220241157,6,fixed_6b_exit,0,81878.07,4,0.6729094924108476,70.1500899999999,47.463380000000015,0.4353421438501428,-22.9730100000001,-38.44336,-0.09200882267316957,False,fixed_6b,with_cost
breakout_forced_cover_signal,fixed_horizon,6,3223,3224,3230,2026-05-12 04:35:00+00:00,2026-05-12 04:40:00+00:00,2026-05-12 05:10:00+00:00,81302.117172,81217.26329799999,-0.0010436859082094685,-0.0018436859082094684,6,fixed_6b_exit,0,81227.01,3,0.7294669766379819,45.42385999999989,48.95024,0.1848873352766575,-53.45587000000012,-23.09634,-0.09368287321158564,False,fixed_6b,with_cost
breakout_forced_cover_signal,fixed_horizon,6,3308,3309,3315,2026-05-12 11:40:00+00:00,2026-05-12 11:45:00+00:00,2026-05-12 12:15:00+00:00,80748.89655,80820.452676,0.0008861560845687677,8.615608456876767e-05,6,fixed_6b_exit,0,80705.76,3,0.739650158833498,42.58173999999987,4.224540000000005,0.5927324060640201,24.277699999999868,13.369539999999994,-0.09360478847656384,True,fixed_6b,with_cost
breakout_forced_cover_signal,fixed_horizon,6,3319,3320,3326,2026-05-12 12:35:00+00:00,2026-05-12 12:40:00+00:00,2026-05-12 13:10:00+00:00,81000.726906,80783.84,-0.002677592094348702,-0.003477592094348702,6,fixed_6b_exit,0,80898.7,4,0.5516383105348533,26.361529999999888,18.010180000000002,0.4746150296386822,-6.260020000000132,-15.4012,-0.09675686129851324,False,fixed_6b,with_cost
breakout_forced_cover_signal,fixed_horizon,6,3394,3395,3401,2026-05-12 18:50:00+00:00,2026-05-12 18:55:00+00:00,2026-05-12 19:25:00+00:00,80746.506072,80700.00676999999,-0.0005758676661321571,-0.001375867666132157,6,fixed_6b_exit,0,80700.0,3,0.6341098846583842,19.074869999999827,12.072270000000005,0.34898054194285905,-27.560000000000176,-9.299290000000003,-0.09799960432770838,False,fixed_6b,with_cost
breakout_forced_cover_signal,fixed_horizon,6,3408,3409,3415,2026-05-12 20:00:00+00:00,2026-05-12 20:05:00+00:00,2026-05-12 20:35:00+00:00,80896.18600199999,80651.256522,-0.003027701207000466,-0.003827701207000466,6,fixed_6b_exit,0,80874.42,3,0.7007319719400118,50.98622999999982,41.046809999999994,0.21598182158289528,-20.58858000000017,-4.011090000000003,-0.10145219233093816,False,fixed_6b,with_cost
breakout_forced_cover_signal,fixed_horizon,6,3432,3433,3439,2026-05-12 22:00:00+00:00,2026-05-12 22:05:00+00:00,2026-05-12 22:35:00+00:00,80777.22221400001,80652.246324,-0.0015471674634826016,-0.0023471674634826015,6,fixed_6b_exit,0,80738.0,3,0.6212306791499113,18.667259999999832,17.21797,0.3341953767567158,-13.393210000000165,-3.3060699999999983,-0.10356123450948262,False,fixed_6b,with_cost
breakout_forced_cover_signal,fixed_horizon,6,3469,3470,3476,2026-05-13 01:05:00+00:00,2026-05-13 01:10:00+00:00,2026-05-13 01:40:00+00:00,80854.157598,81094.557844,0.0029732576918954923,0.0021732576918954923,6,fixed_6b_exit,0,80768.95,3,0.6344657611358493,15.077669999999832,22.392220000000002,0.4817157488088682,-8.276280000000185,8.421079999999996,-0.101613042067067,True,fixed_6b,with_cost
breakout_forced_cover_signal,fixed_horizon,6,3484,3485,3491,2026-05-13 02:20:00+00:00,2026-05-13 02:25:00+00:00,2026-05-13 02:55:00+00:00,81238.2444,81033.79000000001,-0.0025167259769093286,-0.0033167259769093286,6,fixed_6b_exit,0,81195.69,3,0.6504347198290186,30.671779999999824,8.222669999999997,0.29405869885270974,-20.439600000000166,7.938980000000001,-0.10459274542775976,False,fixed_6b,with_cost
breakout_forced_cover_signal,fixed_horizon,6,3501,3502,3508,2026-05-13 03:45:00+00:00,2026-05-13 03:50:00+00:00,2026-05-13 04:20:00+00:00,81283.473444,81179.7608,-0.0012759376488931107,-0.0020759376488931106,6,fixed_6b_exit,0,81200.0,4,0.6250738194060043,37.29201999999982,23.153779999999998,0.459330740384191,-6.116350000000169,11.463189999999999,-0.10645155505861836,False,fixed_6b,with_cost
breakout_forced_cover_signal,fixed_horizon,6,3552,3553,3559,2026-05-13 08:00:00+00:00,2026-05-13 08:05:00+00:00,2026-05-13 08:35:00+00:00,81073.92154200001,81013.784002,-0.0007417618249643265,-0.0015417618249643265,6,fixed_6b_exit,0,81049.01,4,0.6843273685884679,61.74957999999987,10.712730000000008,0.5512750489327983,11.002599999999866,-7.0836799999999975,-0.1078291939397853,False,fixed_6b,with_cost
breakout_forced_cover_signal,fixed_horizon,6,3564,3565,3571,2026-05-13 09:00:00+00:00,2026-05-13 09:05:00+00:00,2026-05-13 09:35:00+00:00,81333.603468,81271.14252,-0.0007679599247631952,-0.0015679599247631951,6,fixed_6b_exit,0,81200.0,3,0.5978752604549932,29.300949999999865,31.788310000000003,0.47363750803278193,-5.090990000000129,8.672010000000004,-0.10922808200973144,False,fixed_6b,with_cost
breakout_forced_cover_signal,fixed_horizon,6,3663,3664,3670,2026-05-13 17:15:00+00:00,2026-05-13 17:20:00+00:00,2026-05-13 17:50:00+00:00,79315.86,79450.166788,0.001693315662214312,0.0008933156622143119,6,fixed_6b_exit,0,79238.6,4,0.5148592605461588,6.578969999999888,6.329630000000002,0.5044565417775443,1.2024099999998832,-0.3366399999999956,-0.10843234150393,True,fixed_6b,with_cost
breakout_forced_cover_signal,fixed_horizon,6,3673,3674,3680,2026-05-13 18:05:00+00:00,2026-05-13 18:10:00+00:00,2026-05-13 18:40:00+00:00,79613.649546,79631.360542,0.0002224618027308889,-0.0005775381972691111,6,fixed_6b_exit,0,79596.27,3,0.6460493835505687,37.59474999999989,22.361250000000005,0.47507059030493065,-7.726000000000123,-52.70878999999999,-0.10894725588216125,False,fixed_6b,with_cost
breakout_forced_cover_signal,fixed_horizon,6,3745,3746,3752,2026-05-14 00:05:00+00:00,2026-05-14 00:10:00+00:00,2026-05-14 00:40:00+00:00,79496.236068,79631.880438,0.0017062992754017792,0.0009062992754017791,6,fixed_6b_exit,0,79436.72,3,0.6621103171050885,38.04413999999988,1.1940699999999964,0.7354914645678183,54.32472999999989,17.848780000000005,-0.10813969542582236,True,fixed_6b,with_cost
breakout_forced_cover_signal,fixed_horizon,6,3801,3802,3808,2026-05-14 04:45:00+00:00,2026-05-14 04:50:00+00:00,2026-05-14 05:20:00+00:00,79451.977218,79572.312354,0.0015145643974323608,0.0007145643974323608,6,fixed_6b_exit,0,79385.08,3,0.6794985596769877,33.082639999999884,24.56527,0.5683509875119757,26.430019999999892,48.3299,-0.10750240380469034,True,fixed_6b,with_cost
breakout_forced_cover_signal,fixed_horizon,6,3809,3810,3816,2026-05-14 05:25:00+00:00,2026-05-14 05:30:00+00:00,2026-05-14 06:00:00+00:00,79612.59933599998,79866.713462,0.0031918832963553356,0.0023918832963553357,6,fixed_6b_exit,0,79594.75,3,0.595604855595932,40.93771999999989,14.5077,0.47185494274983536,-10.043750000000113,-44.19039000000002,-0.10536765371231338,True,fixed_6b,with_cost
breakout_forced_cover_signal,fixed_horizon,6,3834,3835,3841,2026-05-14 07:30:00+00:00,2026-05-14 07:35:00+00:00,2026-05-14 08:05:00+00:00,79931.27305799999,79751.19657,-0.0022528915293182905,-0.0030528915293182904,6,fixed_6b_exit,0,79890.0,3,0.6640245671584657,43.04416999999988,33.62013999999999,0.4574085998141826,-15.442450000000118,-2.5847999999999978,-0.10809886922414924,False,fixed_6b,with_cost
breakout_forced_cover_signal,fixed_horizon,6,3893,3894,3900,2026-05-14 12:25:00+00:00,2026-05-14 12:30:00+00:00,2026-05-14 13:00:00+00:00,79439.074638,79832.560294,0.004953301102676333,0.004153301102676333,6,fixed_6b_exit,0,79409.44,3,0.7089217148954495,45.256249999999895,10.771170000000005,0.5715791519529954,28.601409999999895,9.642699999999998,-0.1043945352742196,True,fixed_6b,with_cost
breakout_forced_cover_signal,fixed_horizon,6,3904,3905,3911,2026-05-14 13:20:00+00:00,2026-05-14 13:25:00+00:00,2026-05-14 13:55:00+00:00,80035.613922,79685.789654,-0.004370857557748464,-0.005170857557748465,6,fixed_6b_exit,0,79975.16,5,0.6535146909828112,87.3327299999999,65.77979,0.494426554555294,-2.712420000000108,-16.041459999999997,-0.10902558356025771,False,fixed_6b,with_cost
breakout_forced_cover_signal,fixed_horizon,6,4112,4113,4119,2026-05-15 06:40:00+00:00,2026-05-15 06:45:00+00:00,2026-05-15 07:15:00+00:00,80617.700316,80710.15474,0.0011468253700812614,0.00034682537008126136,6,fixed_6b_exit,0,80598.21,3,0.680537071685791,82.33542999999989,61.6658,0.6733630693256941,63.120279999999866,-26.640010000000018,-0.10871657102854293,True,fixed_6b,with_cost
breakout_forced_cover_signal,fixed_horizon,6,4120,4121,4127,2026-05-15 07:20:00+00:00,2026-05-15 07:25:00+00:00,2026-05-15 07:55:00+00:00,80924.28162000001,80798.71702400001,-0.0015516306538204683,-0.002351630653820468,6,fixed_6b_exit,0,80810.0,3,0.7766638364184829,111.29447999999988,48.17420000000001,0.5151722231936822,4.376499999999879,-14.799620000000012,-0.11081254046135447,False,fixed_6b,with_cost
breakout_forced_cover_signal,fixed_horizon,6,4321,4322,4328,2026-05-16 00:05:00+00:00,2026-05-16 00:10:00+00:00,2026-05-16 00:40:00+00:00,79191.8352,79149.196994,-0.000538416692735022,-0.001338416692735022,6,fixed_6b_exit,0,79161.86,3,0.6637043116947872,32.2546899999999,9.542489999999976,0.3043557787736446,-31.895760000000095,-25.943599999999996,-0.11200264380017166,False,fixed_6b,with_cost
breakout_forced_cover_signal,fixed_horizon,6,4343,4344,4350,2026-05-16 01:55:00+00:00,2026-05-16 02:00:00+00:00,2026-05-16 02:30:00+00:00,79183.8336,79077.31137400001,-0.0013452521955187313,-0.0021452521955187312,6,fixed_6b_exit,0,79155.94,3,0.6331047869078626,17.4125099999999,18.651850000000003,0.3588188836805298,-11.8197000000001,-17.31678,-0.11390762207817418,False,fixed_6b,with_cost
breakout_forced_cover_signal,fixed_horizon,6,4494,4495,4501,2026-05-16 14:30:00+00:00,2026-05-16 14:35:00+00:00,2026-05-16 15:05:00+00:00,78119.71081799999,78106.735528,-0.00016609495688246767,-0.0009660949568824677,6,fixed_6b_exit,0,78062.97,5,0.7576651297388443,144.2891899999999,30.840199999999996,0.498300607582924,-0.340660000000101,-7.624759999999998,-0.11476367145581645,False,fixed_6b,with_cost
breakout_forced_cover_signal,fixed_horizon,6,4644,4645,4651,2026-05-17 03:00:00+00:00,2026-05-17 03:05:00+00:00,2026-05-17 03:35:00+00:00,77992.49538,78033.310216,0.0005233174781900107,-0.0002766825218099893,6,fixed_6b_exit,0,77938.0,3,0.7080604271325164,34.71533999999988,8.50516,0.5698815608136788,4.466219999999883,3.4247400000000017,-0.11500860087559595,False,fixed_6b,with_cost
breakout_forced_cover_signal,fixed_horizon,6,4659,4660,4666,2026-05-17 04:15:00+00:00,2026-05-17 04:20:00+00:00,2026-05-17 04:50:00+00:00,78099.156708,78167.843304,0.0008794793554149916,7.947935541499152e-05,6,fixed_6b_exit,0,78080.0,3,0.6049505768736961,14.22327999999988,10.651719999999996,0.6391248882652735,45.72137999999988,59.27277000000001,-0.11493826232964566,True,fixed_6b,with_cost
breakout_forced_cover_signal,fixed_horizon,6,4698,4699,4705,2026-05-17 07:30:00+00:00,2026-05-17 07:35:00+00:00,2026-05-17 08:05:00+00:00,78215.64,78153.16624,-0.0007987374392128821,-0.001598737439212882,6,fixed_6b_exit,0,78143.96,3,0.7121493658830629,16.02067999999988,11.241679999999999,0.5568719843395517,5.0812899999998775,-3.2105799999999975,-0.11635324366567412,False,fixed_6b,with_cost
breakout_forced_cover_signal,fixed_horizon,6,4727,4728,4734,2026-05-17 09:55:00+00:00,2026-05-17 10:00:00+00:00,2026-05-17 10:30:00+00:00,78264.979866,78459.814898,0.0024894279961942267,0.0016894279961942268,6,fixed_6b_exit,0,78224.99,3,0.7067761043622028,22.38206999999988,13.700500000000002,0.63068099593441,33.35754999999987,-37.293290000000006,-0.11486038609677662,True,fixed_6b,with_cost
breakout_forced_cover_signal,fixed_horizon,6,4805,4806,4812,2026-05-17 16:25:00+00:00,2026-05-17 16:30:00+00:00,2026-05-17 17:00:00+00:00,78156.988272,78013.37420399999,-0.0018375077030886589,-0.0026375077030886588,6,fixed_6b_exit,0,78127.22,3,0.6346360432587586,6.825489999999873,7.986660000000002,0.41237948926568513,-16.644960000000125,1.8955500000000036,-0.11719494864675528,False,fixed_6b,with_cost
breakout_forced_cover_signal,fixed_horizon,6,4824,4825,4831,2026-05-17 18:00:00+00:00,2026-05-17 18:05:00+00:00,2026-05-17 18:35:00+00:00,78205.527978,78130.790716,-0.0009556519076378001,-0.0017556519076378,6,fixed_6b_exit,0,78092.44,3,0.6328059178976222,10.841889999999868,7.8957799999999985,0.6620164736466904,7.23178999999987,13.523830000000004,-0.11874484701923593,False,fixed_6b,with_cost
breakout_forced_cover_signal,fixed_horizon,6,4835,4836,4842,2026-05-17 18:55:00+00:00,2026-05-17 19:00:00+00:00,2026-05-17 19:30:00+00:00,78283.69360799999,78212.524366,-0.0009091196227449805,-0.0017091196227449804,6,fixed_6b_exit,0,78245.15,3,0.6268938502810807,13.322729999999861,13.476129999999994,0.31728884001021523,-14.194640000000131,-5.105039999999999,-0.12025101749384048,False,fixed_6b,with_cost
breakout_forced_cover_signal,fixed_horizon,6,4844,4845,4851,2026-05-17 19:40:00+00:00,2026-05-17 19:45:00+00:00,2026-05-17 20:15:00+00:00,78399.596784,78284.34999799999,-0.0014699920755654183,-0.0022699920755654183,6,fixed_6b_exit,0,78300.0,3,0.6660315866853912,18.655939999999866,21.30061,0.3798968374277755,-9.20799000000013,-1.1185899999999975,-0.12224804071261619,False,fixed_6b,with_cost
breakout_forced_cover_signal,fixed_horizon,6,4864,4865,4871,2026-05-17 21:20:00+00:00,2026-05-17 21:25:00+00:00,2026-05-17 21:55:00+00:00,78438.28452,78390.038856,-0.0006150780106326525,-0.0014150780106326525,6,fixed_6b_exit,0,78367.49,3,0.5673000517388942,11.691259999999872,22.59276,0.29869707715705734,-17.079780000000127,-38.281119999999994,-0.12349012820899352,False,fixed_6b,with_cost
breakout_forced_cover_signal,fixed_horizon,6,4985,4986,4992,2026-05-18 07:25:00+00:00,2026-05-18 07:30:00+00:00,2026-05-18 08:00:00+00:00,77050.877094,77140.758762,0.0011665236190672168,0.00036652361906721676,6,fixed_6b_exit,0,76989.0,3,0.515158365613187,8.416499999999893,-1.0445599999999917,0.41384792078629506,-43.178390000000114,4.869159999999994,-0.12316886663863647,True,fixed_6b,with_cost
breakout_forced_cover_signal,fixed_horizon,6,5036,5037,5043,2026-05-18 11:40:00+00:00,2026-05-18 11:45:00+00:00,2026-05-18 12:15:00+00:00,77371.4712,77431.540594,0.0007763765257187139,-2.3623474281286188e-05,6,fixed_6b_exit,0,77165.12,4,0.5753555321963312,52.7950699999999,35.22049000000001,0.5559481748681756,16.914409999999883,0.97654,-0.12318958043636452,False,fixed_6b,with_cost
breakout_forced_cover_signal,fixed_horizon,6,5044,5045,5051,2026-05-18 12:20:00+00:00,2026-05-18 12:25:00+00:00,2026-05-18 12:55:00+00:00,77547.95649,77624.45200399999,0.0009864284948613022,0.0001864284948613022,6,fixed_6b_exit,0,77483.52,3,0.5999138839536945,34.63499999999989,17.72059000000001,0.43778400698104103,-25.524360000000097,-18.909369999999996,-0.12302611798956653,True,fixed_6b,with_cost
breakout_forced_cover_signal,fixed_horizon,6,5090,5091,5097,2026-05-18 16:10:00+00:00,2026-05-18 16:15:00+00:00,2026-05-18 16:45:00+00:00,76524.521844,76418.78318600002,-0.0013817617601785681,-0.002181761760178568,6,fixed_6b_exit,0,76485.29,3,0.42926045439166727,-54.29889000000012,26.859699999999982,0.4037640648923462,-50.009200000000135,-33.01601,-0.12493946607001227,False,fixed_6b,with_cost
breakout_forced_cover_signal,fixed_horizon,6,5124,5125,5131,2026-05-18 19:00:00+00:00,2026-05-18 19:05:00+00:00,2026-05-18 19:35:00+00:00,76794.495828,76708.145302,-0.0011244363944181712,-0.0019244363944181712,6,fixed_6b_exit,0,76706.38,5,0.6091963638733241,94.47666999999984,116.07041999999998,0.5778993714018408,14.551089999999853,-3.69482,-0.1266234644088261,False,fixed_6b,with_cost
breakout_forced_cover_signal,fixed_horizon,6,5138,5139,5145,2026-05-18 20:10:00+00:00,2026-05-18 20:15:00+00:00,2026-05-18 20:45:00+00:00,77072.4114,76872.852354,-0.002589240979684604,-0.003389240979684604,6,fixed_6b_exit,0,77023.63,3,0.6047909256938223,23.38848999999986,18.02268,0.293942409624601,-47.610550000000146,-4.339590000000001,-0.12958354795394667,False,fixed_6b,with_cost
breakout_forced_cover_signal,fixed_horizon,6,5188,5189,5195,2026-05-19 00:20:00+00:00,2026-05-19 00:25:00+00:00,2026-05-19 00:55:00+00:00,77270.521014,77125.441826,-0.001877548981114252,-0.002677548981114252,6,fixed_6b_exit,0,77205.32,3,0.6020690533276764,46.03022999999985,22.557329999999993,0.5281757914658713,3.622729999999862,12.085260000000002,-0.13191413063826762,False,fixed_6b,with_cost
breakout_forced_cover_signal,fixed_horizon,6,5212,5213,5219,2026-05-19 02:20:00+00:00,2026-05-19 02:25:00+00:00,2026-05-19 02:55:00+00:00,77005.54802999999,76602.146506,-0.0052386033775492225,-0.006038603377549223,6,fixed_6b_exit,0,76983.02,3,0.6186532477914702,23.278499999999863,22.82286,0.2991004269142172,-33.59697000000014,6.324889999999996,-0.13715615690099814,False,fixed_6b,with_cost
breakout_forced_cover_signal,fixed_horizon,6,5315,5316,5322,2026-05-19 10:55:00+00:00,2026-05-19 11:00:00+00:00,2026-05-19 11:30:00+00:00,77057.27837399999,76866.19368600001,-0.0024797746823154165,-0.0032797746823154165,6,fixed_6b_exit,0,76979.49,3,0.6606426806039069,40.759529999999856,41.31702,0.5052773706770877,0.8235299999998595,17.9402,-0.13998609029238596,False,fixed_6b,with_cost
breakout_forced_cover_signal,fixed_horizon,6,5382,5383,5389,2026-05-19 16:30:00+00:00,2026-05-19 16:35:00+00:00,2026-05-19 17:05:00+00:00,76776.262182,76881.980528,0.0013769665648659668,0.0005769665648659668,6,fixed_6b_exit,0,76675.76,4,0.82406112013708,108.57125999999985,50.91105,0.658624793801541,37.77559999999984,-13.898060000000008,-0.13948989102116494,True,fixed_6b,with_cost
breakout_forced_cover_signal,fixed_horizon,6,5391,5392,5398,2026-05-19 17:15:00+00:00,2026-05-19 17:20:00+00:00,2026-05-19 17:50:00+00:00,77027.40239999999,76799.756976,-0.002955382330275591,-0.003755382330275591,6,fixed_6b_exit,0,76968.58,4,0.6997525697073254,59.49378999999983,39.71960999999999,0.5156028764438156,2.6123299999998437,-9.504030000000004,-0.1427214354794476,False,fixed_6b,with_cost
breakout_forced_cover_signal,fixed_horizon,6,5413,5414,5420,2026-05-19 19:05:00+00:00,2026-05-19 19:10:00+00:00,2026-05-19 19:40:00+00:00,76973.48161799999,76861.684588,-0.0014524096825294652,-0.002252409682529465,6,fixed_6b_exit,0,76947.2,3,0.7027019716317607,36.86903999999984,26.233069999999998,0.49224183907707014,-1.0101200000001604,11.73547,-0.1446523780187987,False,fixed_6b,with_cost
breakout_forced_cover_signal,fixed_horizon,6,5434,5435,5441,2026-05-19 20:50:00+00:00,2026-05-19 20:55:00+00:00,2026-05-19 21:25:00+00:00,77045.516022,76982.510418,-0.0008177711988066605,-0.0016177711988066604,6,fixed_6b_exit,0,76996.01,3,0.650070677361018,10.884139999999846,4.929550000000001,0.40685042801250787,-12.710410000000156,-23.492250000000002,-0.1460361347666077,False,fixed_6b,with_cost
breakout_forced_cover_signal,fixed_horizon,6,5463,5464,5470,2026-05-19 23:15:00+00:00,2026-05-19 23:20:00+00:00,2026-05-19 23:50:00+00:00,76872.131352,76832.110504,-0.0005206158239160485,-0.0013206158239160485,6,fixed_6b_exit,0,76845.35,3,0.784228548105631,21.782769999999843,7.1721,0.6960025593749374,22.04341999999984,-2.8054999999999986,-0.14716389296008747,False,fixed_6b,with_cost
breakout_forced_cover_signal,fixed_horizon,6,5533,5534,5540,2026-05-20 05:05:00+00:00,2026-05-20 05:10:00+00:00,2026-05-20 05:40:00+00:00,77055.408,77139.569,0.0010922140597842134,0.00029221405978421334,6,fixed_6b_exit,0,76856.77,4,0.6232695287054397,37.112899999999854,51.54723,0.46126610797865464,-18.69241000000015,-24.517979999999994,-0.14691468225891868,True,fixed_6b,with_cost
breakout_forced_cover_signal,fixed_horizon,6,5575,5576,5582,2026-05-20 08:35:00+00:00,2026-05-20 08:40:00+00:00,2026-05-20 09:10:00+00:00,77595.516,77408.81514,-0.0024060779491432704,-0.0032060779491432704,6,fixed_6b_exit,0,77408.0,4,0.7659129893290582,84.37942999999984,91.18608,0.4433269190485777,-11.038420000000158,21.855229999999985,-0.14964974028486622,False,fixed_6b,with_cost
breakout_forced_cover_signal,fixed_horizon,6,5592,5593,5599,2026-05-20 10:00:00+00:00,2026-05-20 10:05:00+00:00,2026-05-20 10:35:00+00:00,77560.73904599999,77543.21825399999,-0.00022589769276959437,-0.0010258976927695943,6,fixed_6b_exit,0,77543.59,3,0.6584738513708704,30.380029999999845,38.684270000000005,0.614143589578502,30.06753999999985,-30.945449999999997,-0.150522112654354,False,fixed_6b,with_cost
breakout_forced_cover_signal,fixed_horizon,6,5627,5628,5634,2026-05-20 12:55:00+00:00,2026-05-20 13:00:00+00:00,2026-05-20 13:30:00+00:00,77632.78345199999,77239.229064,-0.005069435494906904,-0.005869435494906905,6,fixed_6b_exit,0,77610.91,5,0.6908191565839327,73.66908999999985,74.15585000000002,0.39955172470375433,-32.07710000000015,-16.66749999999999,-0.15550806831847908,False,fixed_6b,with_cost
breakout_forced_cover_signal,fixed_horizon,6,5655,5656,5662,2026-05-20 15:15:00+00:00,2026-05-20 15:20:00+00:00,2026-05-20 15:50:00+00:00,77636.054106,77464.014098,-0.002215980834949449,-0.003015980834949449,6,fixed_6b_exit,0,77574.29,4,0.5559737825307781,42.49259999999986,47.52291000000002,0.5070184876445236,1.5162699999998406,31.04862,-0.15805503979970004,False,fixed_6b,with_cost
breakout_forced_cover_signal,fixed_horizon,6,5680,5681,5687,2026-05-20 17:20:00+00:00,2026-05-20 17:25:00+00:00,2026-05-20 17:55:00+00:00,77545.506,77553.43621,0.00010226524281109484,-0.0006977347571889052,6,fixed_6b_exit,0,77474.75,3,0.643393051666767,35.364709999999846,12.449760000000005,0.5377934197929076,14.410119999999843,18.17629,-0.15864249406207187,False,fixed_6b,with_cost
breakout_forced_cover_signal,fixed_horizon,6,5705,5706,5712,2026-05-20 19:25:00+00:00,2026-05-20 19:30:00+00:00,2026-05-20 20:00:00+00:00,77578.222542,77614.883918,0.00047257303401293527,-0.00032742696598706477,6,fixed_6b_exit,0,77557.02,3,0.7964468237646315,82.40862999999985,-4.512199999999993,0.42688384024544973,-16.372830000000153,-29.52649,-0.15891797719755163,False,fixed_6b,with_cost
breakout_forced_cover_signal,fixed_horizon,6,5760,5761,5767,2026-05-21 00:00:00+00:00,2026-05-21 00:05:00+00:00,2026-05-21 00:35:00+00:00,77656.358166,77720.962698,0.0008319284283444528,3.192842834445276e-05,6,fixed_6b_exit,0,77559.34,4,0.6929833763054155,54.381819999999855,69.58048000000001,0.5094632109419517,1.1148199999998392,-1.8138100000000001,-0.1588911227704547,True,fixed_6b,with_cost
breakout_forced_cover_signal,fixed_horizon,6,5769,5770,5776,2026-05-21 00:45:00+00:00,2026-05-21 00:50:00+00:00,2026-05-21 01:20:00+00:00,77964.349752,77880.69074600001,-0.0010730417975152173,-0.0018730417975152173,6,fixed_6b_exit,0,77749.99,4,0.685635088492675,53.868209999999834,39.905919999999995,0.5241592983981405,7.600709999999843,-6.941420000000004,-0.1604665548537667,False,fixed_6b,with_cost
breakout_forced_cover_signal,fixed_horizon,6,5808,5809,5815,2026-05-21 04:00:00+00:00,2026-05-21 04:05:00+00:00,2026-05-21 04:35:00+00:00,78143.635602,77984.40000000001,-0.002037729634323693,-0.0028377296343236927,6,fixed_6b_exit,0,78098.85,3,0.742181000305183,38.360709999999855,25.144580000000005,0.3919410178928729,-20.27523000000015,-6.438869999999996,-0.1628489237900641,False,fixed_6b,with_cost
breakout_forced_cover_signal,fixed_horizon,6,5854,5855,5861,2026-05-21 07:50:00+00:00,2026-05-21 07:55:00+00:00,2026-05-21 08:25:00+00:00,77832.46337999999,78039.73893,0.002663098930687058,0.001863098930687058,6,fixed_6b_exit,0,77789.57,3,0.8138050987813198,37.523319999999856,13.216570000000004,0.3744146918140107,-28.165110000000155,5.719550000000005,-0.16128922851515382,True,fixed_6b,with_cost
breakout_forced_cover_signal,fixed_horizon,6,5966,5967,5973,2026-05-21 17:10:00+00:00,2026-05-21 17:15:00+00:00,2026-05-21 17:45:00+00:00,77525.51200199999,77889.209042,0.0046913207098926435,0.0038913207098926436,6,fixed_6b_exit,0,77344.01,4,0.6407292878263964,131.81542999999982,-88.09953000000002,0.3404948245922787,-56.20273000000016,-26.44764,-0.15802553592046475,True,fixed_6b,with_cost
breakout_forced_cover_signal,fixed_horizon,6,5998,5999,6005,2026-05-21 19:50:00+00:00,2026-05-21 19:55:00+00:00,2026-05-21 20:25:00+00:00,77718.210534,77676.471598,-0.0005370547740768394,-0.0013370547740768394,6,fixed_6b_exit,0,77662.14,3,0.6341833861455228,19.738359999999858,15.917830000000007,0.3934804858770064,-5.045480000000149,5.92315,-0.15915130189731308,False,fixed_6b,with_cost
breakout_forced_cover_signal,fixed_horizon,6,6072,6073,6079,2026-05-22 02:00:00+00:00,2026-05-22 02:05:00+00:00,2026-05-22 02:35:00+00:00,77716.370166,77630.17086,-0.0011091524966474475,-0.0019091524966474475,6,fixed_6b_exit,0,77673.5,3,0.6098850230691901,22.601289999999857,28.70935000000001,0.4017666013347833,-6.1758100000001495,3.777890000000001,-0.16075661028859856,False,fixed_6b,with_cost
breakout_forced_cover_signal,fixed_horizon,6,6089,6090,6096,2026-05-22 03:25:00+00:00,2026-05-22 03:30:00+00:00,2026-05-22 04:00:00+00:00,77810.468982,77801.4366,-0.00011608183472189282,-0.0009160818347218929,6,fixed_6b_exit,0,77779.71,3,0.6358646387085357,8.405379999999848,7.70332,0.5455274641697677,4.491979999999849,10.641659999999998,-0.1615254259128236,False,fixed_6b,with_cost
breakout_forced_cover_signal,fixed_horizon,6,6097,6098,6104,2026-05-22 04:05:00+00:00,2026-05-22 04:10:00+00:00,2026-05-22 04:40:00+00:00,77892.265338,77677.041484,-0.0027630966061401585,-0.0035630966061401584,6,fixed_6b_exit,0,77829.71,3,0.6822462147446999,30.31293999999984,25.820959999999992,0.7105965942162483,74.53341999999985,-44.416160000000005,-0.16451299182208845,False,fixed_6b,with_cost
breakout_forced_cover_signal,fixed_horizon,6,6192,6193,6199,2026-05-22 12:00:00+00:00,2026-05-22 12:05:00+00:00,2026-05-22 12:35:00+00:00,77452.507404,77437.789344,-0.00019002690155955904,-0.000990026901559559,6,fixed_6b_exit,0,77430.55,3,0.6582622964105065,15.46673999999985,7.717740000000003,0.39313254975759604,-12.248040000000149,13.030380000000001,-0.16534014643608808,False,fixed_6b,with_cost
breakout_forced_cover_signal,fixed_horizon,6,6250,6251,6257,2026-05-22 16:50:00+00:00,2026-05-22 16:55:00+00:00,2026-05-22 17:25:00+00:00,77014.85989200001,77044.72797200001,0.00038782229873413065,-0.0004121777012658694,6,fixed_6b_exit,0,76975.1,5,0.7377154300753295,95.95592999999985,40.94180000000001,0.4570672019247461,-12.081480000000163,17.928110000000004,-0.16568417461586893,False,fixed_6b,with_cost
breakout_forced_cover_signal,fixed_horizon,6,6380,6381,6387,2026-05-23 03:40:00+00:00,2026-05-23 03:45:00+00:00,2026-05-23 04:15:00+00:00,75677.25242399999,75570.492878,-0.0014107217503330771,-0.002210721750333077,6,fixed_6b_exit,0,75658.0,3,0.6885112783711196,12.266869999999827,93.74140999999999,0.43887581036968515,-4.168880000000169,0.7151800000000001,-0.16752861475769276,False,fixed_6b,with_cost
breakout_forced_cover_signal,fixed_horizon,6,6492,6493,6499,2026-05-23 13:00:00+00:00,2026-05-23 13:05:00+00:00,2026-05-23 13:35:00+00:00,74959.83897,74924.92201800001,-0.0004658087914778397,-0.0012658087914778396,6,fixed_6b_exit,0,74798.41,4,0.7416657913015392,83.5584799999998,37.47824000000001,0.5671302285928187,28.299539999999794,-0.029330000000001633,-0.16858236435578622,False,fixed_6b,with_cost
breakout_forced_cover_signal,fixed_horizon,6,6502,6503,6509,2026-05-23 13:50:00+00:00,2026-05-23 13:55:00+00:00,2026-05-23 14:25:00+00:00,75266.25024,75307.98539,0.0005545001892206525,-0.00024549981077934757,6,fixed_6b_exit,0,75161.35,4,0.558148918322728,35.3025699999998,37.00265,0.7109235394007554,82.82283999999981,66.4229,-0.16878647722801554,False,fixed_6b,with_cost
breakout_forced_cover_signal,fixed_horizon,6,6510,6511,6517,2026-05-23 14:30:00+00:00,2026-05-23 14:35:00+00:00,2026-05-23 15:05:00+00:00,75387.184422,75591.058764,0.002704363394960607,0.0019043633949606073,6,fixed_6b_exit,0,75350.0,3,0.6284322368783357,51.774039999999815,-31.0488,0.7295379153714879,151.04136999999977,13.713989999999995,-0.16720354462185227,True,fixed_6b,with_cost
breakout_forced_cover_signal,fixed_horizon,6,6554,6555,6561,2026-05-23 18:10:00+00:00,2026-05-23 18:15:00+00:00,2026-05-23 18:45:00+00:00,75715.230018,75767.223524,0.0006866981185640331,-0.00011330188143596697,6,fixed_6b_exit,0,75576.11,3,0.682508194549038,42.2564799999998,31.215210000000006,0.3820503899003515,-23.3838900000002,-32.51382999999999,-0.16729790202709982,False,fixed_6b,with_cost
breakout_forced_cover_signal,fixed_horizon,6,6578,6579,6585,2026-05-23 20:10:00+00:00,2026-05-23 20:15:00+00:00,2026-05-23 20:45:00+00:00,76101.057168,76825.31186399999,0.009517012285402693,0.008717012285402692,6,fixed_6b_exit,0,76012.22,4,0.6961057276634325,63.068609999999794,26.554249999999996,0.5740390497876896,71.90430999999978,-53.23385000000002,-0.16003922760898937,True,fixed_6b,with_cost
breakout_forced_cover_signal,fixed_horizon,6,6633,6634,6640,2026-05-24 00:45:00+00:00,2026-05-24 00:50:00+00:00,2026-05-24 01:20:00+00:00,76880.33299200001,76891.078708,0.00013977197524761564,-0.0006602280247523844,6,fixed_6b_exit,0,76822.0,3,0.7622102518646103,57.7784799999998,44.1729,0.7179496081728313,22.4737299999998,29.86841,-0.16059379325061462,False,fixed_6b,with_cost
breakout_forced_cover_signal,fixed_horizon,6,6694,6695,6701,2026-05-24 05:50:00+00:00,2026-05-24 05:55:00+00:00,2026-05-24 06:25:00+00:00,76838.984724,76727.6514,-0.0014489171662001032,-0.002248917166200103,6,fixed_6b_exit,0,76818.19,3,0.680781151604064,15.415949999999809,22.17713,0.42730128925786687,-4.156700000000193,-5.985539999999998,-0.16248154827838823,False,fixed_6b,with_cost
breakout_forced_cover_signal,fixed_horizon,6,6706,6707,6713,2026-05-24 06:50:00+00:00,2026-05-24 06:55:00+00:00,2026-05-24 07:25:00+00:00,77028.462612,76883.410242,-0.0018831009354379757,-0.0026831009354379757,6,fixed_6b_exit,0,76917.56,3,0.6560857527332166,27.83337999999981,39.33605,0.41681922007745864,-2.9198500000001957,1.7212800000000001,-0.16472869481964902,False,fixed_6b,with_cost
breakout_forced_cover_signal,fixed_horizon,6,6733,6734,6740,2026-05-24 09:05:00+00:00,2026-05-24 09:10:00+00:00,2026-05-24 09:40:00+00:00,76894.75587600001,76971.80256,0.0010019757930466167,0.00020197579304661662,6,fixed_6b_exit,0,76861.77,3,0.6014247859497267,10.558019999999809,9.773780000000002,0.6351910450603243,17.578969999999813,-56.174220000000005,-0.16455999023537604,True,fixed_6b,with_cost
breakout_forced_cover_signal,fixed_horizon,6,6749,6750,6756,2026-05-24 10:25:00+00:00,2026-05-24 10:30:00+00:00,2026-05-24 11:00:00+00:00,77255.43799800001,77274.532002,0.0002471541744477612,-0.0005528458255522388,6,fixed_6b_exit,0,77046.67,5,0.6430712318171516,163.53654999999978,155.92925999999997,0.49739485350263657,-0.49395000000016687,16.316680000000005,-0.1650218597572738,False,fixed_6b,with_cost
breakout_forced_cover_signal,fixed_horizon,6,6816,6817,6823,2026-05-24 16:00:00+00:00,2026-05-24 16:05:00+00:00,2026-05-24 16:35:00+00:00,76584.003738,76499.886962,-0.001098359603759591,-0.001898359603759591,6,fixed_6b_exit,0,76539.38,4,0.5581474276006726,20.316409999999827,21.17819,0.38474529050023554,-14.652730000000169,-8.439409999999999,-0.16660694852873292,False,fixed_6b,with_cost
breakout_forced_cover_signal,fixed_horizon,6,6861,6862,6868,2026-05-24 19:45:00+00:00,2026-05-24 19:50:00+00:00,2026-05-24 20:20:00+00:00,76772.28138599999,76657.335466,-0.0014972320468380484,-0.0022972320468380484,6,fixed_6b_exit,0,76745.42,3,0.6767885865066111,7.33777999999983,2.41451,0.3427476369025485,-7.4869800000001705,0.4779100000000023,-0.16852144575418493,False,fixed_6b,with_cost
breakout_forced_cover_signal,fixed_horizon,6,6889,6890,6896,2026-05-24 22:05:00+00:00,2026-05-24 22:10:00+00:00,2026-05-24 22:40:00+00:00,76916.340192,76767.273474,-0.001938037062448661,-0.002738037062448661,6,fixed_6b_exit,0,76738.77,5,0.6009663816084865,54.27505999999982,36.85607000000001,0.3553345907359653,-21.994680000000173,5.96631,-0.17079806485234117,False,fixed_6b,with_cost
breakout_forced_cover_signal,fixed_horizon,6,6937,6938,6944,2026-05-25 02:05:00+00:00,2026-05-25 02:10:00+00:00,2026-05-25 02:40:00+00:00,77414.15973599999,77148.797154,-0.0034278300365842007,-0.004227830036584201,6,fixed_6b_exit,0,77245.67,4,0.5518175139584932,20.648129999999817,49.45327999999999,0.5273961163676535,1.3647999999998262,17.365249999999996,-0.17430378970015226,False,fixed_6b,with_cost
breakout_forced_cover_signal,fixed_horizon,6,6965,6966,6972,2026-05-25 04:25:00+00:00,2026-05-25 04:30:00+00:00,2026-05-25 05:00:00+00:00,77190.86508599999,77324.532,0.0017316416113628552,0.0009316416113628552,6,fixed_6b_exit,0,77122.77,3,0.6044520104665827,10.409889999999828,4.07109,0.6451796090815651,33.77663999999983,-11.816189999999992,-0.17353453675229225,True,fixed_6b,with_cost
breakout_forced_cover_signal,fixed_horizon,6,6985,6986,6992,2026-05-25 06:05:00+00:00,2026-05-25 06:10:00+00:00,2026-05-25 06:40:00+00:00,77592.785454,77397.547394,-0.002516188313870349,-0.003316188313870349,6,fixed_6b_exit,0,77498.0,5,0.7107347159286511,81.97657999999983,86.86487,0.613062038710748,11.110999999999828,-2.276880000000002,-0.1762752518633317,False,fixed_6b,with_cost
breakout_forced_cover_signal,fixed_horizon,6,7019,7020,7026,2026-05-25 08:55:00+00:00,2026-05-25 09:00:00+00:00,2026-05-25 09:30:00+00:00,77472.431388,77611.654564,0.0017970673374472224,0.0009970673374472224,6,fixed_6b_exit,0,77430.0,3,0.6370541133040555,22.792649999999835,11.157880000000006,0.65880101313977,40.407949999999815,34.87216999999998,-0.17545394282191762,True,fixed_6b,with_cost
breakout_forced_cover_signal,fixed_horizon,6,7081,7082,7088,2026-05-25 14:05:00+00:00,2026-05-25 14:10:00+00:00,2026-05-25 14:40:00+00:00,77488.29456,77561.80453600001,0.0009486591028673441,0.00014865910286734408,6,fixed_6b_exit,0,77450.0,3,0.628483430287078,25.97751999999982,16.893330000000006,0.28627114548517124,-60.58839000000019,-48.56773000000001,-0.17533136654478465,True,fixed_6b,with_cost
breakout_forced_cover_signal,fixed_horizon,6,7089,7090,7096,2026-05-25 14:45:00+00:00,2026-05-25 14:50:00+00:00,2026-05-25 15:20:00+00:00,77721.59121,77604.246046,-0.0015098142250193902,-0.00230981422501939,6,fixed_6b_exit,0,77620.0,3,0.3835635123375827,-53.19859000000019,7.389800000000001,0.49551759234880743,-1.9609100000001973,-37.66028000000001,-0.1772361978852668,False,fixed_6b,with_cost
breakout_forced_cover_signal,fixed_horizon,6,7112,7113,7119,2026-05-25 16:40:00+00:00,2026-05-25 16:45:00+00:00,2026-05-25 17:15:00+00:00,77699.13672000001,77633.96010200001,-0.0008388332322774028,-0.0016388332322774027,6,fixed_6b_exit,0,77679.71,3,0.7383996599312078,26.762659999999812,13.41396,0.29618444561788354,-53.81327000000019,0.9088100000000026,-0.17858457054648735,False,fixed_6b,with_cost
breakout_forced_cover_signal,fixed_horizon,6,7253,7254,7260,2026-05-26 04:25:00+00:00,2026-05-26 04:30:00+00:00,2026-05-26 05:00:00+00:00,76757.338398,76749.607008,-0.00010072509236724869,-0.0009007250923672487,6,fixed_6b_exit,0,76705.71,4,0.7318280258303019,48.160069999999806,14.281849999999991,0.5055910556971679,0.4517099999998164,5.372500000000001,-0.17932444003505377,False,fixed_6b,with_cost
breakout_forced_cover_signal,fixed_horizon,6,7263,7264,7270,2026-05-26 05:15:00+00:00,2026-05-26 05:20:00+00:00,2026-05-26 05:50:00+00:00,76864.089744,76837.849356,-0.00034138683079942833,-0.0011413868307994283,6,fixed_6b_exit,0,76836.0,4,0.5338817960717224,10.21394999999982,35.02477,0.2016849098289389,-92.8186700000002,-22.177390000000017,-0.1802611483115567,False,fixed_6b,with_cost
breakout_forced_cover_signal,fixed_horizon,6,7279,7280,7286,2026-05-26 06:35:00+00:00,2026-05-26 06:40:00+00:00,2026-05-26 07:10:00+00:00,77005.408002,76664.733986,-0.004424027153925869,-0.0052240271539258695,6,fixed_6b_exit,0,76989.23,3,0.4653705856910158,-17.62666000000018,16.149629999999995,0.2871488283910121,-31.268680000000185,-29.00018,-0.1845434863319052,False,fixed_6b,with_cost
breakout_forced_cover_signal,fixed_horizon,6,7298,7299,7305,2026-05-26 08:10:00+00:00,2026-05-26 08:15:00+00:00,2026-05-26 08:45:00+00:00,76809.468822,76745.84776,-0.0008282971224216062,-0.0016282971224216062,6,fixed_6b_exit,0,76770.01,3,0.6067631986222011,10.05239999999981,19.31418,0.43124696460379913,-7.208500000000187,-6.47232,-0.18587129182657092,False,fixed_6b,with_cost
breakout_forced_cover_signal,fixed_horizon,6,7323,7324,7330,2026-05-26 10:15:00+00:00,2026-05-26 10:20:00+00:00,2026-05-26 10:50:00+00:00,76911.38920199999,77459.984904,0.007132827890537374,0.006332827890537374,6,fixed_6b_exit,0,76804.0,4,0.7307012886810154,50.71134999999981,19.234260000000003,0.6403066474356778,70.12782999999982,-17.34405000000001,-0.180715554836963,True,fixed_6b,with_cost
breakout_forced_cover_signal,fixed_horizon,6,7483,7484,7490,2026-05-26 23:35:00+00:00,2026-05-26 23:40:00+00:00,2026-05-27 00:10:00+00:00,75968.09057999999,75966.163728,-2.5363965123759158e-05,-0.0008253639651237592,6,fixed_6b_exit,0,75945.02,3,0.6344168346113561,24.962009999999776,7.156710000000004,0.47000849777076226,-19.438180000000237,18.521980000000006,-0.18139176269518698,False,fixed_6b,with_cost
breakout_forced_cover_signal,fixed_horizon,6,7499,7500,7506,2026-05-27 00:55:00+00:00,2026-05-27 01:00:00+00:00,2026-05-27 01:30:00+00:00,76100.217,75848.817202,-0.0033035358887346655,-0.004103535888734666,6,fixed_6b_exit,0,76066.93,5,0.6801962436471911,105.91492999999974,8.013209999999987,0.4680346309209356,-5.745380000000225,34.32454,-0.1847509509757811,False,fixed_6b,with_cost
breakout_forced_cover_signal,fixed_horizon,6,7524,7525,7531,2026-05-27 03:00:00+00:00,2026-05-27 03:05:00+00:00,2026-05-27 03:35:00+00:00,75939.574878,75737.289512,-0.0026637674272601553,-0.003463767427260155,6,fixed_6b_exit,0,75890.59,3,0.6372275750420404,48.51650999999976,20.193089999999998,0.5289914463055992,4.331789999999774,0.8891099999999952,-0.18757478407689598,False,fixed_6b,with_cost
breakout_forced_cover_signal,fixed_horizon,6,7561,7562,7568,2026-05-27 06:05:00+00:00,2026-05-27 06:10:00+00:00,2026-05-27 06:40:00+00:00,75815.16,75811.494668,-4.834563430322625e-05,-0.0008483456343032263,6,fixed_6b_exit,0,75750.02,4,0.6160448993480216,55.63081999999976,71.81141,0.39029785354912355,-26.21351000000022,13.545520000000003,-0.18826400146202227,False,fixed_6b,with_cost
breakout_forced_cover_signal,fixed_horizon,6,7578,7579,7585,2026-05-27 07:30:00+00:00,2026-05-27 07:35:00+00:00,2026-05-27 08:05:00+00:00,75953.557674,75917.51346,-0.0004745559668803967,-0.0012745559668803966,6,fixed_6b_exit,0,75900.0,3,0.6717369252321229,31.513529999999786,26.445150000000005,0.5781451328608281,13.752539999999765,-26.767970000000002,-0.18929860442249047,False,fixed_6b,with_cost
breakout_forced_cover_signal,fixed_horizon,6,7612,7613,7619,2026-05-27 10:20:00+00:00,2026-05-27 10:25:00+00:00,2026-05-27 10:55:00+00:00,76021.781316,75894.638036,-0.001672458574359048,-0.002472458574359048,6,fixed_6b_exit,0,76000.0,3,0.6850059627995705,21.281209999999767,4.082090000000004,0.8174856626291684,104.94005999999978,-10.533640000000005,-0.191303030039231,False,fixed_6b,with_cost
breakout_forced_cover_signal,fixed_horizon,6,7671,7672,7678,2026-05-27 15:15:00+00:00,2026-05-27 15:20:00+00:00,2026-05-27 15:50:00+00:00,75236.124216,75261.09477,0.00033189580484371817,-0.00046810419515628187,6,fixed_6b_exit,0,75172.87,3,0.6234161388794356,43.24501999999979,40.585409999999996,0.5754489452816749,36.38804999999978,26.26462999999999,-0.19168158448347983,False,fixed_6b,with_cost
breakout_forced_cover_signal,fixed_horizon,6,7716,7717,7723,2026-05-27 19:00:00+00:00,2026-05-27 19:05:00+00:00,2026-05-27 19:35:00+00:00,75066.91037999999,75038.99919799999,-0.00037181738077007864,-0.0011718173807700786,6,fixed_6b_exit,0,75032.01,3,0.7019501613946663,57.10097999999979,1.5047599999999974,0.4000797880731509,-84.8121300000002,-220.23208,-0.19262878605197864,False,fixed_6b,with_cost
breakout_forced_cover_signal,fixed_horizon,6,7730,7731,7737,2026-05-27 20:10:00+00:00,2026-05-27 20:15:00+00:00,2026-05-27 20:45:00+00:00,75324.38186400001,75275.161956,-0.0006534392554177204,-0.0014534392554177203,6,fixed_6b_exit,0,75272.0,3,0.6035204409029795,27.49581999999978,1.5798099999999948,0.5942927868819601,9.036899999999786,2.0366,-0.19380225106802496,False,fixed_6b,with_cost
breakout_forced_cover_signal,fixed_horizon,6,7857,7858,7864,2026-05-28 06:45:00+00:00,2026-05-28 06:50:00+00:00,2026-05-28 07:20:00+00:00,73159.86904800001,73296.917684,0.0018732761250581653,0.0010732761250581654,6,fixed_6b_exit,0,73077.55,4,0.5387033420175219,28.201779999999765,76.24571999999998,0.40280841690459235,-36.79858000000022,-69.71482,-0.1929369782720206,True,fixed_6b,with_cost
breakout_forced_cover_signal,fixed_horizon,6,7868,7869,7875,2026-05-28 07:40:00+00:00,2026-05-28 07:45:00+00:00,2026-05-28 08:15:00+00:00,73516.710402,73424.092244,-0.0012598245690476073,-0.0020598245690476072,6,fixed_6b_exit,0,73472.74,4,0.7538510670338878,131.31438999999978,80.04998,0.5670731609859737,13.42889999999977,65.03633999999998,-0.19459938651294573,False,fixed_6b,with_cost
breakout_forced_cover_signal,fixed_horizon,6,7891,7892,7898,2026-05-28 09:35:00+00:00,2026-05-28 09:40:00+00:00,2026-05-28 10:10:00+00:00,73457.08847999999,73564.94406800001,0.0014682801923109334,0.0006682801923109334,6,fixed_6b_exit,0,73418.76,3,0.6874986686543604,44.71477999999977,17.198049999999995,0.6064881943826348,16.750379999999776,41.093050000000005,-0.1940611532360772,True,fixed_6b,with_cost
breakout_forced_cover_signal,fixed_horizon,6,7918,7919,7925,2026-05-28 11:50:00+00:00,2026-05-28 11:55:00+00:00,2026-05-28 12:25:00+00:00,73545.926244,73363.734318,-0.0024772538100281682,-0.003277253810028168,6,fixed_6b_exit,0,73517.65,3,0.6153738073092846,15.84793999999977,13.402090000000001,0.4627113059715866,-8.55154000000023,21.66007,-0.19670241939228394,False,fixed_6b,with_cost
breakout_forced_cover_signal,fixed_horizon,6,7947,7948,7954,2026-05-28 14:15:00+00:00,2026-05-28 14:20:00+00:00,2026-05-28 14:50:00+00:00,73494.275916,72944.548172,-0.007479871556640871,-0.008279871556640872,6,fixed_6b_exit,0,73338.35,4,0.5708889872528559,134.5526399999998,114.5762,0.6214265965632124,110.45522999999974,110.22965999999998,-0.20335362018147618,False,fixed_6b,with_cost
breakout_forced_cover_signal,fixed_horizon,6,7987,7988,7994,2026-05-28 17:35:00+00:00,2026-05-28 17:40:00+00:00,2026-05-28 18:10:00+00:00,73534.704,73624.032248,0.0012147767399730558,0.00041477673997305576,6,fixed_6b_exit,0,73500.0,3,0.6788359005762976,46.573739999999795,21.384430000000002,0.6916939973292732,73.21438999999978,151.97282,-0.2030231897931436,True,fixed_6b,with_cost
breakout_forced_cover_signal,fixed_horizon,6,8020,8021,8027,2026-05-28 20:20:00+00:00,2026-05-28 20:25:00+00:00,2026-05-28 20:55:00+00:00,73613.109678,73565.274002,-0.0006498255026751165,-0.0014498255026751164,6,fixed_6b_exit,0,73593.26,3,0.6442521616338373,43.337699999999785,2.577529999999996,0.4814313336537181,-2.7425300000002117,-4.98377,-0.20417866709762222,False,fixed_6b,with_cost
breakout_forced_cover_signal,fixed_horizon,6,8032,8033,8039,2026-05-28 21:20:00+00:00,2026-05-28 21:25:00+00:00,2026-05-28 21:55:00+00:00,73760.089068,73802.546538,0.0005756157637073489,-0.00022438423629265113,6,fixed_6b_exit,0,73734.0,3,0.6188938397612245,19.444989999999795,2.9828300000000034,0.43399254671419085,-12.984540000000209,-22.968749999999993,-0.20435723685963092,False,fixed_6b,with_cost
breakout_forced_cover_signal,fixed_horizon,6,8077,8078,8084,2026-05-29 01:05:00+00:00,2026-05-29 01:10:00+00:00,2026-05-29 01:40:00+00:00,73874.772,73511.304798,-0.004920044991813977,-0.005720044991813977,6,fixed_6b_exit,0,73854.77,3,0.7490547912466613,55.52299999999978,19.215309999999988,0.3266094410804357,-57.7314200000002,6.673310000000001,-0.20890834926220503,False,fixed_6b,with_cost
breakout_forced_cover_signal,fixed_horizon,6,8121,8122,8128,2026-05-29 04:45:00+00:00,2026-05-29 04:50:00+00:00,2026-05-29 05:20:00+00:00,73459.58897999999,73537.309596,0.0010580050484787495,0.0002580050484787495,6,fixed_6b_exit,0,73440.67,3,0.6805301987686335,16.14764999999978,2.7945699999999967,0.4823333897374487,-10.9207600000002,-148.69265,-0.20870424362250517,True,fixed_6b,with_cost
breakout_forced_cover_signal,fixed_horizon,6,8133,8134,8140,2026-05-29 05:45:00+00:00,2026-05-29 05:50:00+00:00,2026-05-29 06:20:00+00:00,73696.04626199999,73821.55273600001,0.0017030285933363754,0.0009030285933363753,6,fixed_6b_exit,0,73638.45,3,0.7097494236595623,64.67638999999978,59.23505,0.6731039235091834,34.42542999999978,15.241080000000004,-0.2079896809287105,True,fixed_6b,with_cost
breakout_forced_cover_signal,fixed_horizon,6,8244,8245,8251,2026-05-29 15:00:00+00:00,2026-05-29 15:05:00+00:00,2026-05-29 15:35:00+00:00,73328.602788,74096.10781399999,0.010466652804212329,0.009666652804212328,6,fixed_6b_exit,0,73198.17,5,0.6500951573594487,139.25828999999976,35.74498,0.6700885234598339,193.63663999999977,51.635980000000046,-0.20033359215689484,True,fixed_6b,with_cost
breakout_forced_cover_signal,fixed_horizon,6,8308,8309,8315,2026-05-29 20:20:00+00:00,2026-05-29 20:25:00+00:00,2026-05-29 20:55:00+00:00,73758.7488,73658.875278,-0.001354056618704358,-0.002154056618704358,6,fixed_6b_exit,0,73727.95,3,0.6265598181076273,12.009979999999771,4.509649999999999,0.49156399104203763,-0.41263000000022654,0.7232600000000007,-0.20205611887546482,False,fixed_6b,with_cost
breakout_forced_cover_signal,fixed_horizon,6,8318,8319,8325,2026-05-29 21:10:00+00:00,2026-05-29 21:15:00+00:00,2026-05-29 21:45:00+00:00,73818.900828,73482.830494,-0.0045526325945038915,-0.005352632594503892,6,fixed_6b_exit,0,73768.0,3,0.7314596241210638,51.89271999999977,39.20788,0.5953236452608046,14.611459999999774,6.008810000000004,-0.20632721930215692,False,fixed_6b,with_cost
breakout_forced_cover_signal,fixed_horizon,6,8386,8387,8393,2026-05-30 02:50:00+00:00,2026-05-30 02:55:00+00:00,2026-05-30 03:25:00+00:00,73788.73479599999,73649.457162,-0.0018875189334122133,-0.0026875189334122133,6,fixed_6b_exit,0,73727.0,3,0.6570633160262253,30.714899999999755,16.296219999999998,0.2581288450211921,-46.19116000000024,-14.388359999999999,-0.20846022992721636,False,fixed_6b,with_cost
breakout_forced_cover_signal,fixed_horizon,6,8413,8414,8420,2026-05-30 05:05:00+00:00,2026-05-30 05:10:00+00:00,2026-05-30 05:40:00+00:00,73531.323324,73564.53415,0.0004516554918190252,-0.00034834450818097484,6,fixed_6b_exit,0,73510.01,3,0.7079898285255124,90.31788999999976,79.42671000000001,0.4426412692662752,-4.560260000000257,3.0590300000000017,-0.20873595845912807,False,fixed_6b,with_cost
breakout_forced_cover_signal,fixed_horizon,6,8430,8431,8437,2026-05-30 06:30:00+00:00,2026-05-30 06:35:00+00:00,2026-05-30 07:05:00+00:00,73692.225498,73522.632532,-0.002301368493812128,-0.003101368493812128,6,fixed_6b_exit,0,73635.0,3,0.6394581041587676,16.64615999999975,8.306080000000001,0.3487295458401265,-25.16181000000026,-21.781290000000006,-0.21118995982784938,False,fixed_6b,with_cost
breakout_forced_cover_signal,fixed_horizon,6,8470,8471,8477,2026-05-30 09:50:00+00:00,2026-05-30 09:55:00+00:00,2026-05-30 10:25:00+00:00,73627.15248599999,73615.353984,-0.00016024661557068054,-0.0009602466155706806,6,fixed_6b_exit,0,73579.08,3,0.6158728203306355,8.089069999999744,5.0245700000000015,0.410763268527237,-14.600400000000255,-15.503079999999999,-0.21194741199925293,False,fixed_6b,with_cost
breakout_forced_cover_signal,fixed_horizon,6,8509,8510,8516,2026-05-30 13:05:00+00:00,2026-05-30 13:10:00+00:00,2026-05-30 13:40:00+00:00,73780.56316199999,73733.2504,-0.0006412632266861173,-0.0014412632266861173,6,fixed_6b_exit,0,73736.0,3,0.7180563684150559,30.79009999999973,19.825329999999997,0.47726637213871914,-2.1398200000002685,10.716020000000002,-0.21308320321503327,False,fixed_6b,with_cost
breakout_forced_cover_signal,fixed_horizon,6,8520,8521,8527,2026-05-30 14:00:00+00:00,2026-05-30 14:05:00+00:00,2026-05-30 14:35:00+00:00,73920.7812,74020.023034,0.0013425430898990065,0.0005425430898990065,6,fixed_6b_exit,0,73837.06,3,0.8335511483369898,69.05880999999972,48.066739999999996,0.5861112988788676,35.21069999999973,-1.9277700000000024,-0.21265626694461204,True,fixed_6b,with_cost
breakout_forced_cover_signal,fixed_horizon,6,8560,8561,8567,2026-05-30 17:20:00+00:00,2026-05-30 17:25:00+00:00,2026-05-30 17:55:00+00:00,74027.78259599999,74005.26598600001,-0.00030416431791369103,-0.001104164317913691,6,fixed_6b_exit,0,73985.84,4,0.8852456564740497,106.13194999999973,115.24791,0.6141461235886493,6.665119999999731,9.4005,-0.21352562380058482,False,fixed_6b,with_cost
breakout_forced_cover_signal,fixed_horizon,6,8571,8572,8578,2026-05-30 18:15:00+00:00,2026-05-30 18:20:00+00:00,2026-05-30 18:50:00+00:00,74074.80199800001,74005.196,-0.0009396717388713283,-0.0017396717388713282,6,fixed_6b_exit,0,74047.26,3,0.6462969682610368,12.732309999999728,15.42029,0.46943041807657215,-2.6742900000002665,-4.057310000000001,-0.2148938310462054,False,fixed_6b,with_cost
breakout_forced_cover_signal,fixed_horizon,6,8651,8652,8658,2026-05-31 00:55:00+00:00,2026-05-31 01:00:00+00:00,2026-05-31 01:30:00+00:00,74053.00764,74179.89105399999,0.0017134133783847094,0.0009134133783847094,6,fixed_6b_exit,0,74028.0,3,0.697771422483158,17.634189999999727,0.7743099999999998,0.5296437352720654,7.128929999999723,-21.125800000000005,-0.21417670456803062,True,fixed_6b,with_cost
breakout_forced_cover_signal,fixed_horizon,6,8825,8826,8832,2026-05-31 15:25:00+00:00,2026-05-31 15:30:00+00:00,2026-05-31 16:00:00+00:00,73763.409732,73674.252202,-0.0012086958876212917,-0.0020086958876212916,6,fixed_6b_exit,0,73742.0,3,0.7170075872737713,28.465379999999723,20.5799,0.21056103304236523,-42.24683000000027,5.352170000000001,-0.2157551845899618,False,fixed_6b,with_cost
breakout_forced_cover_signal,fixed_horizon,6,8850,8851,8857,2026-05-31 17:30:00+00:00,2026-05-31 17:35:00+00:00,2026-05-31 18:05:00+00:00,73674.98204999999,73618.143426,-0.0007714779483952716,-0.0015714779483952715,6,fixed_6b_exit,0,73610.36,3,0.7465909592783798,16.415209999999725,13.225670000000001,0.5059296214537568,0.9824299999997201,-15.763330000000007,-0.21698760802352202,False,fixed_6b,with_cost
breakout_forced_cover_signal,fixed_horizon,6,8881,8882,8888,2026-05-31 20:05:00+00:00,2026-05-31 20:10:00+00:00,2026-05-31 20:40:00+00:00,73703.007654,73678.101432,-0.0003379268064191976,-0.0011379268064191975,6,fixed_6b_exit,0,73657.32,5,0.7985716265210122,175.48243999999974,59.07723,0.434157024604896,-7.3905000000002685,12.847559999999994,-0.21787861881411053,False,fixed_6b,with_cost
breakout_forced_cover_signal,fixed_horizon,6,8901,8902,8908,2026-05-31 21:45:00+00:00,2026-05-31 21:50:00+00:00,2026-05-31 22:20:00+00:00,73864.77,73848.257394,-0.0002235518502258227,-0.0010235518502258226,6,fixed_6b_exit,0,73760.0,4,0.5885757977846153,20.00626999999973,6.446759999999999,0.6462355659794436,20.316319999999727,-13.058060000000005,-0.21867916060092452,False,fixed_6b,with_cost
breakout_forced_cover_signal,fixed_horizon,6,8910,8911,8917,2026-05-31 22:30:00+00:00,2026-05-31 22:35:00+00:00,2026-05-31 23:05:00+00:00,74012.359512,73975.202,-0.0005020446888194252,-0.0013020446888194251,6,fixed_6b_exit,0,73996.0,3,0.6128087082948424,13.70239999999973,8.550410000000003,0.6338762277503993,44.91898999999974,-7.9699700000000036,-0.21969647525012803,False,fixed_6b,with_cost
breakout_forced_cover_signal,fixed_horizon,6,9035,9036,9042,2026-06-01 08:55:00+00:00,2026-06-01 09:00:00+00:00,2026-06-01 09:30:00+00:00,72917.22052799999,72979.041272,0.0008478209063971232,4.7820906397123115e-05,6,fixed_6b_exit,0,72865.58,4,0.7317682861651428,59.93055999999973,109.96245,0.5325592914498196,15.698449999999735,5.016929999999999,-0.21965916042830957,True,fixed_6b,with_cost
breakout_forced_cover_signal,fixed_horizon,6,9129,9130,9136,2026-06-01 16:45:00+00:00,2026-06-01 16:50:00+00:00,2026-06-01 17:20:00+00:00,71394.045954,71531.370864,0.0019234784660961957,0.0011234784660961957,6,fixed_6b_exit,0,71356.0,3,0.5819339098730052,133.02346999999975,-207.13461000000007,0.6233784913838664,40.45236999999965,4.242449999999998,-0.2187824642988353,True,fixed_6b,with_cost
breakout_forced_cover_signal,fixed_horizon,6,9137,9138,9144,2026-06-01 17:25:00+00:00,2026-06-01 17:30:00+00:00,2026-06-01 18:00:00+00:00,71747.666664,71585.689998,-0.0022575879262882736,-0.0030575879262882736,6,fixed_6b_exit,0,71656.6,3,0.6784677384304081,73.91169999999966,33.45933000000001,0.6024801703021109,34.58021999999967,-16.23926999999999,-0.22117110560379982,False,fixed_6b,with_cost
breakout_forced_cover_signal,fixed_horizon,6,9197,9198,9204,2026-06-01 22:25:00+00:00,2026-06-01 22:30:00+00:00,2026-06-01 23:00:00+00:00,71298.54685799999,71367.7236,0.000970240559569735,0.00017024055956973495,6,fixed_6b_exit,0,71230.0,4,0.8120380680717295,211.10087999999968,59.037830000000014,0.5196900069677711,4.733329999999675,-27.278169999999996,-0.22103851733700863,True,fixed_6b,with_cost
breakout_forced_cover_signal,fixed_horizon,6,9211,9212,9218,2026-06-01 23:35:00+00:00,2026-06-01 23:40:00+00:00,2026-06-02 00:10:00+00:00,71524.302,71253.756398,-0.0037825689232171555,-0.004582568923217156,6,fixed_6b_exit,0,71470.0,3,0.6423072683324534,64.13495999999967,66.38514999999998,0.4281322989760736,-32.15300000000033,16.80529,-0.22460816201984324,False,fixed_6b,with_cost
breakout_forced_cover_signal,fixed_horizon,6,9270,9271,9277,2026-06-02 04:30:00+00:00,2026-06-02 04:35:00+00:00,2026-06-02 05:05:00+00:00,71044.19599800001,70667.87359799999,-0.0052970182111795605,-0.006097018211179561,6,fixed_6b_exit,0,71028.25,3,0.6132697817007485,27.61560999999966,16.302759999999992,0.40255366661089714,-31.719450000000343,-2.1985699999999895,-0.22933574017680824,False,fixed_6b,with_cost
breakout_forced_cover_signal,fixed_horizon,6,9338,9339,9345,2026-06-02 10:10:00+00:00,2026-06-02 10:15:00+00:00,2026-06-02 10:45:00+00:00,69671.9316,69466.104,-0.0029542398965151095,-0.0037542398965151095,6,fixed_6b_exit,0,69654.58,5,0.6786696240439092,152.6611799999996,58.81557999999998,0.44913758294979805,-18.718580000000383,-14.560300000000005,-0.23222899868785474,False,fixed_6b,with_cost
breakout_forced_cover_signal,fixed_horizon,6,9466,9467,9473,2026-06-02 20:50:00+00:00,2026-06-02 20:55:00+00:00,2026-06-02 21:25:00+00:00,67626.862668,67874.412402,0.0036605237066118512,0.0028605237066118513,6,fixed_6b_exit,0,67498.0,3,0.6200388017562282,57.52691999999955,23.100269999999995,0.6584001042867933,60.80417999999954,44.367479999999986,-0.23003277153735213,True,fixed_6b,with_cost
breakout_forced_cover_signal,fixed_horizon,6,9507,9508,9514,2026-06-03 00:15:00+00:00,2026-06-03 00:20:00+00:00,2026-06-03 00:50:00+00:00,67099.137144,67011.185082,-0.001310777839232835,-0.002110777839232835,6,fixed_6b_exit,0,66912.0,3,0.5548485860125352,50.51424999999954,109.22464,0.4939070214571006,-2.679870000000463,-25.42908,-0.2316580013001266,False,fixed_6b,with_cost
breakout_forced_cover_signal,fixed_horizon,6,9582,9583,9589,2026-06-03 06:30:00+00:00,2026-06-03 06:35:00+00:00,2026-06-03 07:05:00+00:00,67478.36297399999,67036.580002,-0.006547031559882566,-0.007347031559882566,6,fixed_6b_exit,0,67398.28,4,0.6068361009032858,118.23899999999952,31.49897,0.4443249730518221,-23.642310000000457,33.558069999999994,-0.23730303421335786,False,fixed_6b,with_cost
breakout_forced_cover_signal,fixed_horizon,6,9625,9626,9632,2026-06-03 10:05:00+00:00,2026-06-03 10:10:00+00:00,2026-06-03 10:40:00+00:00,67453.498002,67220.70317,-0.00345118991446669,-0.004251189914466691,6,fixed_6b_exit,0,67322.0,3,0.6588534506491791,71.76840999999956,36.81833000000003,0.46673086717873785,-9.349830000000416,-4.444969999999998,-0.24054540386210443,False,fixed_6b,with_cost
breakout_forced_cover_signal,fixed_horizon,6,9765,9766,9772,2026-06-03 21:45:00+00:00,2026-06-03 21:50:00+00:00,2026-06-03 22:20:00+00:00,65787.924954,65220.963198000005,-0.008618021565453327,-0.009418021565453327,6,fixed_6b_exit,0,65720.01,5,0.6388608633749902,137.55079999999958,74.65532999999999,0.3813576444816891,-63.67558000000041,-9.375589999999988,-0.24769796362651375,False,fixed_6b,with_cost
breakout_forced_cover_signal,fixed_horizon,6,9942,9943,9949,2026-06-04 12:30:00+00:00,2026-06-04 12:35:00+00:00,2026-06-04 13:05:00+00:00,63505.558572,63614.274600000004,0.0017119135780334638,0.0009119135780334637,6,fixed_6b_exit,0,63400.0,3,0.5791372797162897,98.3216899999997,23.674859999999995,0.4484520500126265,-24.374210000000303,-15.34053999999999,-0.24701192918476245,True,fixed_6b,with_cost
breakout_forced_cover_signal,fixed_horizon,6,9955,9956,9962,2026-06-04 13:35:00+00:00,2026-06-04 13:40:00+00:00,2026-06-04 14:10:00+00:00,64162.83,64352.856854000005,0.0029616345476033423,0.0021616345476033424,6,fixed_6b_exit,0,63966.48,5,0.6544134512071693,278.2434499999996,243.60024999999993,0.4769658465837116,-25.777610000000323,-61.4597,-0.24538424415695492,True,fixed_6b,with_cost
breakout_forced_cover_signal,fixed_horizon,6,10013,10014,10020,2026-06-04 18:25:00+00:00,2026-06-04 18:30:00+00:00,2026-06-04 19:00:00+00:00,63909.039252,63701.097232,-0.0032537184478719228,-0.004053718447871923,6,fixed_6b_exit,0,63650.0,3,0.6490063826717783,98.9081599999997,60.98535,0.42555921641109185,-26.556090000000317,-40.52609000000001,-0.24844324396747075,False,fixed_6b,with_cost
breakout_forced_cover_signal,fixed_horizon,6,10025,10026,10032,2026-06-04 19:25:00+00:00,2026-06-04 19:30:00+00:00,2026-06-04 20:00:00+00:00,64140.8256,63380.401384000004,-0.011855541441611717,-0.012655541441611717,6,fixed_6b_exit,0,64110.28,3,0.6321457373917777,52.20812999999969,11.635489999999997,0.34223667827951004,-63.94031000000032,-13.49551000000001,-0.2579546016391637,False,fixed_6b,with_cost
breakout_forced_cover_signal,fixed_horizon,6,10133,10134,10140,2026-06-05 04:25:00+00:00,2026-06-05 04:30:00+00:00,2026-06-05 05:00:00+00:00,63252.968064,63406.196224,0.0024224659283176297,0.0016224659283176298,6,fixed_6b_exit,0,62980.0,3,0.6363642434260616,89.03503999999973,97.24917000000002,0.6029053192909841,95.20950999999972,-6.249759999999981,-0.2567506582630583,True,fixed_6b,with_cost
breakout_forced_cover_signal,fixed_horizon,6,10169,10170,10176,2026-06-05 07:25:00+00:00,2026-06-05 07:30:00+00:00,2026-06-05 08:00:00+00:00,62265.390588,62861.385208,0.009571844235967353,0.008771844235967352,6,fixed_6b_exit,0,62203.29,3,0.5833030952443384,86.53159999999971,52.9136,0.5706435064290614,99.14081999999974,-22.71456999999998,-0.2502309908088566,True,fixed_6b,with_cost
breakout_forced_cover_signal,fixed_horizon,6,10190,10191,10197,2026-06-05 09:10:00+00:00,2026-06-05 09:15:00+00:00,2026-06-05 09:45:00+00:00,63112.26993,62825.44239800001,-0.004544718995500019,-0.005344718995500019,6,fixed_6b_exit,0,62932.63,3,0.6059717724668084,78.2876599999997,84.65833,0.3940304537429625,-23.99482000000028,2.4363499999999974,-0.2542382954745177,False,fixed_6b,with_cost
breakout_forced_cover_signal,fixed_horizon,6,10317,10318,10324,2026-06-05 19:45:00+00:00,2026-06-05 19:50:00+00:00,2026-06-05 20:20:00+00:00,60227.523096000004,60881.831198,0.010863938418272046,0.010063938418272045,6,fixed_6b_exit,0,59972.0,3,0.515706892238713,21.315519999999736,35.86848999999998,0.49031358837980454,-11.882350000000216,-179.24836999999997,-0.24673299560546758,True,fixed_6b,with_cost
breakout_forced_cover_signal,fixed_horizon,6,10332,10333,10339,2026-06-05 21:00:00+00:00,2026-06-05 21:05:00+00:00,2026-06-05 21:35:00+00:00,61844.3664,61821.413244,-0.0003711438460139993,-0.0011711438460139992,6,fixed_6b_exit,0,61787.01,4,0.5582104683874582,112.90935999999985,39.00491000000005,0.5265150263733369,17.094849999999767,69.7235,-0.2476151796220697,False,fixed_6b,with_cost
breakout_forced_cover_signal,fixed_horizon,6,10432,10433,10439,2026-06-06 05:20:00+00:00,2026-06-06 05:25:00+00:00,2026-06-06 05:55:00+00:00,60831.083783999995,60930.191524,0.0016292285758365832,0.0008292285758365832,6,fixed_6b_exit,0,60302.21,5,0.6750756778087869,346.80122999999975,341.17591,0.5530337982279007,28.67759999999977,-2.1695100000000025,-0.24699128062898656,True,fixed_6b,with_cost
breakout_forced_cover_signal,fixed_horizon,6,10469,10470,10476,2026-06-06 08:25:00+00:00,2026-06-06 08:30:00+00:00,2026-06-06 09:00:00+00:00,61414.280399999996,61198.617828,-0.0035116030114714647,-0.004311603011471465,6,fixed_6b_exit,0,61166.1,3,0.705409680874278,96.46151999999977,90.58921000000002,0.4301480341338124,-18.489610000000248,5.537640000000003,-0.25023795529109094,False,fixed_6b,with_cost
breakout_forced_cover_signal,fixed_horizon,6,10509,10510,10516,2026-06-06 11:45:00+00:00,2026-06-06 11:50:00+00:00,2026-06-06 12:20:00+00:00,60902.188002,60862.67503,-0.0006487939644911345,-0.0014487939644911344,6,fixed_6b_exit,0,60870.32,3,0.6595581757614367,42.04101999999975,11.53979,0.4200140400294601,-25.488350000000253,-37.6917,-0.2513242060162698,False,fixed_6b,with_cost
breakout_forced_cover_signal,fixed_horizon,6,10522,10523,10529,2026-06-06 12:50:00+00:00,2026-06-06 12:55:00+00:00,2026-06-06 13:25:00+00:00,61134.214398,60866.05435400001,-0.004386415146421907,-0.005186415146421907,6,fixed_6b_exit,0,61100.0,3,0.6237904052574856,36.816189999999736,20.22264999999999,0.37565412165657475,-23.87320000000025,-14.59771,-0.2552071494939465,False,fixed_6b,with_cost
breakout_forced_cover_signal,fixed_horizon,6,10624,10625,10631,2026-06-06 21:20:00+00:00,2026-06-06 21:25:00+00:00,2026-06-06 21:55:00+00:00,60918.53127,60739.059758,-0.0029460905944129756,-0.0037460905944129755,6,fixed_6b_exit,0,60899.65,3,0.6628535657769388,35.115589999999756,11.18724000000001,0.46284814493616927,-4.267670000000258,-5.657370000000004,-0.25799721098601325,False,fixed_6b,with_cost
breakout_forced_cover_signal,fixed_horizon,6,10651,10652,10658,2026-06-06 23:35:00+00:00,2026-06-06 23:40:00+00:00,2026-06-07 00:10:00+00:00,60841.745916,60799.297708,-0.0006976822798380189,-0.0014976822798380188,6,fixed_6b_exit,0,60763.27,3,0.6668434657817612,18.42710999999975,0.009570000000003631,0.45470062109565573,-8.054900000000256,-20.843,-0.2591084954147099,False,fixed_6b,with_cost
breakout_forced_cover_signal,fixed_horizon,6,10668,10669,10675,2026-06-07 01:00:00+00:00,2026-06-07 01:05:00+00:00,2026-06-07 01:35:00+00:00,61077.142986,61424.172708,0.005681826376187082,0.004881826376187082,6,fixed_6b_exit,0,60987.99,4,0.7250065346994569,93.63938999999974,64.39902,0.5087040194619715,4.007199999999756,-61.26221999999997,-0.25549159172573244,True,fixed_6b,with_cost
breakout_forced_cover_signal,fixed_horizon,6,10712,10713,10719,2026-06-07 04:40:00+00:00,2026-06-07 04:45:00+00:00,2026-06-07 05:15:00+00:00,61753.528236,61977.621996,0.0036288414022855875,0.0028288414022855876,6,fixed_6b_exit,0,61732.0,3,0.6462334989543523,31.23548999999975,28.252440000000014,0.5502027260331417,34.478429999999754,22.746770000000005,-0.2533854955160564,True,fixed_6b,with_cost
breakout_forced_cover_signal,fixed_horizon,6,10733,10734,10740,2026-06-07 06:25:00+00:00,2026-06-07 06:30:00+00:00,2026-06-07 07:00:00+00:00,61982.574036,62134.440626,0.00245014977777136,0.00165014977777136,6,fixed_6b_exit,0,61937.14,4,0.5603034751676296,56.01611999999973,16.94512000000001,0.37529661837028677,-114.47217000000026,77.09271000000001,-0.25215346975740127,True,fixed_6b,with_cost
breakout_forced_cover_signal,fixed_horizon,6,10750,10751,10757,2026-06-07 07:50:00+00:00,2026-06-07 07:55:00+00:00,2026-06-07 08:25:00+00:00,62326.4628,62524.082682,0.0031707219232726125,0.0023707219232726126,6,fixed_6b_exit,0,62268.88,4,0.5140423681685155,9.73267999999976,94.78718000000002,0.6639686760105482,69.93346999999973,2.938559999999981,-0.2503805335929117,True,fixed_6b,with_cost
breakout_forced_cover_signal,fixed_horizon,6,10761,10762,10768,2026-06-07 08:45:00+00:00,2026-06-07 08:50:00+00:00,2026-06-07 09:20:00+00:00,62778.60321,62649.457602,-0.0020571596275883453,-0.002857159627588345,6,fixed_6b_exit,0,62666.0,5,0.7407200588024841,497.68979999999965,124.10871999999995,0.5692947722476037,51.10081999999977,-17.402659999999997,-0.2525223160683844,False,fixed_6b,with_cost
breakout_forced_cover_signal,fixed_horizon,6,10796,10797,10803,2026-06-07 11:40:00+00:00,2026-06-07 11:45:00+00:00,2026-06-07 12:15:00+00:00,62692.525998,61987.749970000004,-0.011241787067607922,-0.012041787067607923,6,fixed_6b_exit,0,62665.98,3,0.6266063832112136,25.374149999999773,3.629639999999995,0.33063608379231096,-211.0350000000002,-47.481750000000034,-0.26152328317607765,False,fixed_6b,with_cost
breakout_forced_cover_signal,fixed_horizon,6,39,40,46,2026-05-01 03:15:00+00:00,2026-05-01 03:20:00+00:00,2026-05-01 03:50:00+00:00,77240.71,77149.56,-0.0011800771898654583,-0.0011800771898654583,6,fixed_6b_exit,0,76729.7,3,0.7869739978296629,151.45113,138.86171000000002,0.4737777207669845,-3.2871299999999986,14.339600000000004,-0.0011800771898654583,False,fixed_6b,no_cost
breakout_forced_cover_signal,fixed_horizon,6,98,99,105,2026-05-01 08:10:00+00:00,2026-05-01 08:15:00+00:00,2026-05-01 08:45:00+00:00,77249.99,77361.82,0.0014476377278496155,0.0014476377278496155,6,fixed_6b_exit,0,77147.89,3,0.7791722363635174,116.18608,110.87657,0.5637131592373351,8.921560000000003,3.7194900000000004,0.0002658522137224395,True,fixed_6b,no_cost
breakout_forced_cover_signal,fixed_horizon,6,124,125,131,2026-05-01 10:20:00+00:00,2026-05-01 10:25:00+00:00,2026-05-01 10:55:00+00:00,77408.77,77304.34,-0.0013490719462407874,-0.0013490719462407874,6,fixed_6b_exit,0,77377.91,3,0.6920287224066014,64.313,38.8061,0.6857151170656727,27.700289999999995,9.901560000000003,-0.0010835783862817028,False,fixed_6b,no_cost
breakout_forced_cover_signal,fixed_horizon,6,135,136,142,2026-05-01 11:15:00+00:00,2026-05-01 11:20:00+00:00,2026-05-01 11:50:00+00:00,77433.93,77401.12,-0.00042371606348790003,-0.00042371606348790003,6,fixed_6b_exit,0,77433.72,3,0.8180452745725164,57.82064999999999,23.45736000000001,0.6636664437864169,25.701360000000008,14.125160000000001,-0.0015068353202012386,False,fixed_6b,no_cost
breakout_forced_cover_signal,fixed_horizon,6,147,148,154,2026-05-01 12:15:00+00:00,2026-05-01 12:20:00+00:00,2026-05-01 12:50:00+00:00,77691.14,77950.49,0.0033382184892640776,0.0033382184892640776,6,fixed_6b_exit,0,77677.77,3,0.6419618867039846,64.64678,24.54444,0.3173414666281681,-110.76945000000002,-74.05223000000001,0.001826353023536731,True,fixed_6b,no_cost
breakout_forced_cover_signal,fixed_horizon,6,211,212,218,2026-05-01 17:35:00+00:00,2026-05-01 17:40:00+00:00,2026-05-01 18:10:00+00:00,78512.46,78527.36,0.00018977879434678435,0.00018977879434678435,6,fixed_6b_exit,0,78390.0,3,0.7373911477980973,74.10553999999998,25.792930000000013,0.5758450858156793,13.969649999999977,15.683600000000006,0.002016478420958423,True,fixed_6b,no_cost
breakout_forced_cover_signal,fixed_horizon,6,263,264,270,2026-05-01 21:55:00+00:00,2026-05-01 22:00:00+00:00,2026-05-01 22:30:00+00:00,78200.0,78291.3,0.0011675191815856412,0.0011675191815856412,6,fixed_6b_exit,0,78190.98,3,0.7322119554585614,45.70058999999998,50.83796999999999,0.5107914721608307,2.655389999999981,-0.9753300000000014,0.0031863518797798918,True,fixed_6b,no_cost
breakout_forced_cover_signal,fixed_horizon,6,306,307,313,2026-05-02 01:30:00+00:00,2026-05-02 01:35:00+00:00,2026-05-02 02:05:00+00:00,78424.1,78301.2,-0.0015671203112309628,-0.0015671203112309628,6,fixed_6b_exit,0,78393.39,3,0.639542618442797,11.395239999999989,30.554000000000002,0.44638418905293326,-17.444570000000013,-49.27561000000001,0.001614238171799398,False,fixed_6b,no_cost
breakout_forced_cover_signal,fixed_horizon,6,369,370,376,2026-05-02 06:45:00+00:00,2026-05-02 06:50:00+00:00,2026-05-02 07:20:00+00:00,78299.99,78327.74,0.0003544061755307304,0.0003544061755307304,6,fixed_6b_exit,0,78288.0,3,0.6512873636863039,12.287949999999984,13.03249,0.7344616551062697,31.83917999999998,2.528699999999997,0.0019692164433069426,True,fixed_6b,no_cost
breakout_forced_cover_signal,fixed_horizon,6,437,438,444,2026-05-02 12:25:00+00:00,2026-05-02 12:30:00+00:00,2026-05-02 13:00:00+00:00,78242.86,78307.63,0.0008278071634908457,0.0008278071634908457,6,fixed_6b_exit,0,78227.86,3,0.7715534839327687,32.84402999999999,10.500300000000003,0.723570859511533,17.303449999999987,10.03553,0.0027986537382760357,True,fixed_6b,no_cost
breakout_forced_cover_signal,fixed_horizon,6,445,446,452,2026-05-02 13:05:00+00:00,2026-05-02 13:10:00+00:00,2026-05-02 13:40:00+00:00,78311.6,78361.34,0.0006351549451166782,0.0006351549451166782,6,fixed_6b_exit,0,78307.63,4,0.9007317655577206,93.64356,76.34011000000001,0.604124555732691,4.271459999999986,0.05385000000000062,0.0034355862621542332,True,fixed_6b,no_cost
breakout_forced_cover_signal,fixed_horizon,6,461,462,468,2026-05-02 14:25:00+00:00,2026-05-02 14:30:00+00:00,2026-05-02 15:00:00+00:00,78420.43,78433.01,0.0001604173810318965,0.0001604173810318965,6,fixed_6b_exit,0,78397.11,4,0.8316016083933422,68.46145999999999,66.64376,0.6182904986294377,8.322689999999984,-4.391010000000001,0.0035965547709366774,True,fixed_6b,no_cost
breakout_forced_cover_signal,fixed_horizon,6,628,629,635,2026-05-03 04:20:00+00:00,2026-05-03 04:25:00+00:00,2026-05-03 04:55:00+00:00,78220.62,78163.19,-0.0007342053796044468,-0.0007342053796044468,6,fixed_6b_exit,0,78217.59,3,0.8021692818171012,14.348459999999974,7.940040000000003,0.4203548521037228,-4.764720000000027,-5.264839999999999,0.0028597087814714595,False,fixed_6b,no_cost
breakout_forced_cover_signal,fixed_horizon,6,658,659,665,2026-05-03 06:50:00+00:00,2026-05-03 06:55:00+00:00,2026-05-03 07:25:00+00:00,78330.6,78412.76,0.0010488876633141242,0.0010488876633141242,6,fixed_6b_exit,0,78254.82,3,0.7447587138242954,26.149599999999957,22.84565,0.8966904214003195,93.12935999999996,92.44506000000001,0.0039115959580471316,True,fixed_6b,no_cost
breakout_forced_cover_signal,fixed_horizon,6,688,689,695,2026-05-03 09:20:00+00:00,2026-05-03 09:25:00+00:00,2026-05-03 09:55:00+00:00,78484.93,78529.57,0.0005687716100404305,0.0005687716100404305,6,fixed_6b_exit,0,78481.76,4,0.7083287415628613,27.108589999999953,19.999099999999995,0.5269506665124396,2.7074299999999543,0.06867999999999874,0.00448259237281845,True,fixed_6b,no_cost
breakout_forced_cover_signal,fixed_horizon,6,710,711,717,2026-05-03 11:10:00+00:00,2026-05-03 11:15:00+00:00,2026-05-03 11:45:00+00:00,78526.21,78799.99,0.0034864792277635726,0.0034864792277635726,6,fixed_6b_exit,0,78491.27,4,0.7810533345513762,44.61004999999996,24.24608,0.7877808889186013,125.17937999999995,31.68661999999999,0.007984700065776451,True,fixed_6b,no_cost
breakout_forced_cover_signal,fixed_horizon,6,722,723,729,2026-05-03 12:10:00+00:00,2026-05-03 12:15:00+00:00,2026-05-03 12:45:00+00:00,78856.79,78792.28,-0.000818065254748479,-0.000818065254748479,6,fixed_6b_exit,0,78849.22,5,0.6657468873698181,39.28422999999995,21.14203,0.6091288137898627,17.105109999999968,4.161050000000005,0.007160102805334523,False,fixed_6b,no_cost
breakout_forced_cover_signal,fixed_horizon,6,756,757,763,2026-05-03 15:00:00+00:00,2026-05-03 15:05:00+00:00,2026-05-03 15:35:00+00:00,78800.0,78694.25,-0.0013420050761421276,-0.0013420050761421276,6,fixed_6b_exit,0,78786.57,4,0.5227683545386551,4.189649999999961,29.640620000000002,0.4682571795437197,-2.4068600000000444,0.7507399999999977,0.005808488834881942,False,fixed_6b,no_cost
breakout_forced_cover_signal,fixed_horizon,6,820,821,827,2026-05-03 20:20:00+00:00,2026-05-03 20:25:00+00:00,2026-05-03 20:55:00+00:00,78930.05,78915.99,-0.00017813240964625887,-0.00017813240964625887,6,fixed_6b_exit,0,78853.32,5,0.6698530679452158,35.42761999999993,37.21974999999999,0.4011432286172104,-17.335820000000037,21.450279999999996,0.005629321745123095,False,fixed_6b,no_cost
breakout_forced_cover_signal,fixed_horizon,6,881,882,888,2026-05-04 01:25:00+00:00,2026-05-04 01:30:00+00:00,2026-05-04 02:00:00+00:00,78605.69,79730.01,0.01430329025799515,0.01430329025799515,6,fixed_6b_exit,0,78585.86,4,0.6687443949436331,33.08244999999995,9.808639999999997,0.6352006666777386,469.0757900000001,227.35783000000006,0.020013129825994458,True,fixed_6b,no_cost
breakout_forced_cover_signal,fixed_horizon,6,980,981,987,2026-05-04 09:40:00+00:00,2026-05-04 09:45:00+00:00,2026-05-04 10:15:00+00:00,79857.56,78391.12,-0.01836319566989031,-0.01836319566989031,6,fixed_6b_exit,0,79823.25,3,0.7378613781305892,74.51010999999994,6.938229999999976,0.4159765772356263,-239.32614000000012,31.616849999999886,0.0012824291371424934,False,fixed_6b,no_cost
breakout_forced_cover_signal,fixed_horizon,6,1036,1037,1043,2026-05-04 14:20:00+00:00,2026-05-04 14:25:00+00:00,2026-05-04 14:55:00+00:00,79274.9,80216.16,0.01187336723225152,0.01187336723225152,6,fixed_6b_exit,0,79124.83,5,0.6158765429745418,93.37189999999993,83.40274000000001,0.5532669984244782,128.36848999999984,-67.75728000000004,0.013171023121488545,True,fixed_6b,no_cost
breakout_forced_cover_signal,fixed_horizon,6,1120,1121,1127,2026-05-04 21:20:00+00:00,2026-05-04 21:25:00+00:00,2026-05-04 21:55:00+00:00,80275.75,80259.17,-0.00020653808902437731,-0.00020653808902437731,6,fixed_6b_exit,0,80150.76,3,0.7060345879498546,34.209129999999924,26.617690000000003,0.4918640908562524,-1.4362200000000875,17.436110000000003,0.012961764714518154,False,fixed_6b,no_cost
breakout_forced_cover_signal,fixed_horizon,6,1158,1159,1165,2026-05-05 00:30:00+00:00,2026-05-05 00:35:00+00:00,2026-05-05 01:05:00+00:00,80093.96,80209.63,0.0014441788119852195,0.0014441788119852195,6,fixed_6b_exit,0,80010.0,3,0.6523713065692767,19.00860999999991,18.52022,0.6465664927513611,21.65183999999991,11.561849999999996,0.014424662632469998,True,fixed_6b,no_cost
breakout_forced_cover_signal,fixed_horizon,6,1176,1177,1183,2026-05-05 02:00:00+00:00,2026-05-05 02:05:00+00:00,2026-05-05 02:35:00+00:00,80497.44,80722.37,0.0027942503513154193,0.0027942503513154193,6,fixed_6b_exit,0,80385.06,3,0.7261319028667926,49.51484999999991,42.48997,0.6859447949890171,63.11888999999991,69.87749,0.017259219102413903,True,fixed_6b,no_cost
breakout_forced_cover_signal,fixed_horizon,6,1184,1185,1191,2026-05-05 02:40:00+00:00,2026-05-05 02:45:00+00:00,2026-05-05 03:15:00+00:00,80809.04,80755.89,-0.0006577234428226664,-0.0006577234428226664,6,fixed_6b_exit,0,80766.74,3,0.7092864491263158,110.4759499999999,47.35705999999999,0.7666272269451136,52.62724999999992,13.51715,0.01659014386658275,False,fixed_6b,no_cost
breakout_forced_cover_signal,fixed_horizon,6,1219,1220,1226,2026-05-05 05:35:00+00:00,2026-05-05 05:40:00+00:00,2026-05-05 06:10:00+00:00,81235.84,80958.93,-0.0034087171376575576,-0.0034087171376575576,6,fixed_6b_exit,0,81188.0,3,0.49249874306421243,-5.698740000000079,10.610199999999992,0.3525535587006704,-35.51065000000008,20.392390000000006,0.013124875621211007,False,fixed_6b,no_cost
breakout_forced_cover_signal,fixed_horizon,6,1240,1241,1247,2026-05-05 07:20:00+00:00,2026-05-05 07:25:00+00:00,2026-05-05 07:55:00+00:00,81042.0,80855.59,-0.0023001653463636806,-0.0023001653463636806,6,fixed_6b_exit,0,81026.7,3,0.6055143293405565,19.14145999999991,7.408669999999994,0.35696048020534793,-106.84391000000006,97.67315999999998,0.010794520890768045,False,fixed_6b,no_cost
breakout_forced_cover_signal,fixed_horizon,6,1275,1276,1282,2026-05-05 10:15:00+00:00,2026-05-05 10:20:00+00:00,2026-05-05 10:50:00+00:00,80710.0,80724.94,0.0001851071738323551,0.0001851071738323551,6,fixed_6b_exit,0,80707.98,3,0.7583747069477811,75.82783999999994,26.319820000000007,0.4370889253549984,-8.707240000000057,3.125069999999999,0.010981626207855255,True,fixed_6b,no_cost
breakout_forced_cover_signal,fixed_horizon,6,1286,1287,1293,2026-05-05 11:10:00+00:00,2026-05-05 11:15:00+00:00,2026-05-05 11:45:00+00:00,80942.73,80998.65,0.0006908588331526744,0.0006908588331526744,6,fixed_6b_exit,0,80839.76,3,0.6872047671716864,60.97903999999994,35.630239999999986,0.45234368311269973,-14.438990000000063,-18.04609,0.011680071794476055,True,fixed_6b,no_cost
breakout_forced_cover_signal,fixed_horizon,6,1308,1309,1315,2026-05-05 13:00:00+00:00,2026-05-05 13:05:00+00:00,2026-05-05 13:35:00+00:00,81473.48,81355.62,-0.0014466056930426685,-0.0014466056930426685,6,fixed_6b_exit,0,81329.61,4,0.5912349196633157,55.834009999999935,49.74673999999999,0.5627431281418179,47.17189999999994,12.95565999999998,0.010216569643080264,False,fixed_6b,no_cost
breakout_forced_cover_signal,fixed_horizon,6,1334,1335,1341,2026-05-05 15:10:00+00:00,2026-05-05 15:15:00+00:00,2026-05-05 15:45:00+00:00,81564.85,81648.36,0.0010238478952635521,0.0010238478952635521,6,fixed_6b_exit,0,81500.0,4,0.6690633154925842,91.60054999999993,46.4213,0.5743989021946774,23.61885999999994,15.727020000000003,0.011250877751669774,True,fixed_6b,no_cost
breakout_forced_cover_signal,fixed_horizon,6,1370,1371,1377,2026-05-05 18:10:00+00:00,2026-05-05 18:15:00+00:00,2026-05-05 18:45:00+00:00,81562.07,81532.22,-0.00036597894094647643,-0.00036597894094647643,6,fixed_6b_exit,0,81458.26,3,0.7269393239102274,76.38286999999994,73.19055999999999,0.6008535547888567,17.431479999999944,11.175780000000003,0.010880781226399128,False,fixed_6b,no_cost
breakout_forced_cover_signal,fixed_horizon,6,1386,1387,1393,2026-05-05 19:30:00+00:00,2026-05-05 19:35:00+00:00,2026-05-05 20:05:00+00:00,81590.5,81657.5,0.0008211740337416007,0.0008211740337416007,6,fixed_6b_exit,0,81580.0,3,0.6968428835264642,43.95051999999994,32.754090000000005,0.6671467161512652,104.51395999999993,10.105800000000002,0.011710890275150598,True,fixed_6b,no_cost
breakout_forced_cover_signal,fixed_horizon,6,1455,1456,1462,2026-05-06 01:15:00+00:00,2026-05-06 01:20:00+00:00,2026-05-06 01:50:00+00:00,81287.6,81446.69,0.001957125071966548,0.001957125071966548,6,fixed_6b_exit,0,81262.28,3,0.6651863353939748,42.08853999999991,17.0036,0.7336136632052164,113.39374999999993,50.06621000000001,0.01369093502408969,True,fixed_6b,no_cost
breakout_forced_cover_signal,fixed_horizon,6,1480,1481,1487,2026-05-06 03:20:00+00:00,2026-05-06 03:25:00+00:00,2026-05-06 03:55:00+00:00,81651.32,81581.69,-0.0008527724965132766,-0.0008527724965132766,6,fixed_6b_exit,0,81466.64,4,0.7611914647681888,136.44650999999993,159.43714,0.5205679679685524,3.235349999999915,26.779229999999995,0.012826487274736342,False,fixed_6b,no_cost
breakout_forced_cover_signal,fixed_horizon,6,1542,1543,1549,2026-05-06 08:30:00+00:00,2026-05-06 08:35:00+00:00,2026-05-06 09:05:00+00:00,81715.48,81854.67,0.0017033492307700904,0.0017033492307700904,6,fixed_6b_exit,0,81620.92,4,0.5184121982322738,13.85990999999987,8.622079999999972,0.5105024382048906,8.80467999999992,-87.26960000000004,0.014551684492739358,True,fixed_6b,no_cost
breakout_forced_cover_signal,fixed_horizon,6,1555,1556,1562,2026-05-06 09:35:00+00:00,2026-05-06 09:40:00+00:00,2026-05-06 10:10:00+00:00,82010.0,82042.78,0.00039970735276173563,0.00039970735276173563,6,fixed_6b_exit,0,81997.0,5,0.7248155520613043,179.1846899999999,148.70321000000004,0.636120855344392,69.21359999999993,54.89423000000001,0.014957208260787835,True,fixed_6b,no_cost
breakout_forced_cover_signal,fixed_horizon,6,1563,1564,1570,2026-05-06 10:15:00+00:00,2026-05-06 10:20:00+00:00,2026-05-06 10:50:00+00:00,82132.4,82346.72,0.0026094452372025234,0.0026094452372025234,6,fixed_6b_exit,0,82131.0,4,0.6541423111861746,74.05709999999992,4.843499999999992,0.6773221319737378,98.1502399999999,103.47991999999999,0.01760568351384828,True,fixed_6b,no_cost
breakout_forced_cover_signal,fixed_horizon,6,1572,1573,1579,2026-05-06 11:00:00+00:00,2026-05-06 11:05:00+00:00,2026-05-06 11:35:00+00:00,82407.4,82715.21,0.0037352228076605876,0.0037352228076605876,6,fixed_6b_exit,0,82390.0,5,0.7427284575180607,142.66050999999993,52.691830000000024,0.4775392703030582,-13.536160000000088,-119.14507000000003,0.021406667472114282,True,fixed_6b,no_cost
breakout_forced_cover_signal,fixed_horizon,6,1680,1681,1687,2026-05-06 20:00:00+00:00,2026-05-06 20:05:00+00:00,2026-05-06 20:35:00+00:00,81623.84,81382.24,-0.002959919552914858,-0.002959919552914858,6,fixed_6b_exit,0,81522.41,3,0.6561621602052,47.96521999999986,45.88634,0.4281710429213725,-17.331010000000138,5.843329999999998,0.01838338590558597,False,fixed_6b,no_cost
breakout_forced_cover_signal,fixed_horizon,6,1726,1727,1733,2026-05-06 23:50:00+00:00,2026-05-06 23:55:00+00:00,2026-05-07 00:25:00+00:00,81440.71,81227.27,-0.0026208022989976376,-0.0026208022989976376,6,fixed_6b_exit,0,81415.0,3,0.6174124481564528,9.549299999999858,10.226379999999999,0.45097487853596646,-6.5031000000001455,-18.494539999999997,0.01571440438654359,False,fixed_6b,no_cost
breakout_forced_cover_signal,fixed_horizon,6,1788,1789,1795,2026-05-07 05:00:00+00:00,2026-05-07 05:05:00+00:00,2026-05-07 05:35:00+00:00,81087.91,81057.99,-0.00036898225641768256,-0.00036898225641768256,6,fixed_6b_exit,0,80989.59,3,0.7675520498202382,57.08207999999985,35.211479999999995,0.5480904405068929,8.647169999999853,3.844580000000003,0.0153396237937371,False,fixed_6b,no_cost
breakout_forced_cover_signal,fixed_horizon,6,1806,1807,1813,2026-05-07 06:30:00+00:00,2026-05-07 06:35:00+00:00,2026-05-07 07:05:00+00:00,81280.54,81427.9,0.001812980081087101,0.001812980081087101,6,fixed_6b_exit,0,81149.95,3,0.7334144141524308,76.09209999999985,58.82285999999999,0.5891416886474808,31.69116999999985,-4.0719800000000035,0.01718041430721362,True,fixed_6b,no_cost
breakout_forced_cover_signal,fixed_horizon,6,1874,1875,1881,2026-05-07 12:10:00+00:00,2026-05-07 12:15:00+00:00,2026-05-07 12:45:00+00:00,81080.0,81057.96,-0.00027183029107047396,-0.00027183029107047396,6,fixed_6b_exit,0,81010.1,3,0.7434206646247793,58.773899999999855,34.16013,0.5774457531134038,13.989789999999857,3.3596399999999917,0.016903913859121378,False,fixed_6b,no_cost
breakout_forced_cover_signal,fixed_horizon,6,1883,1884,1890,2026-05-07 12:55:00+00:00,2026-05-07 13:00:00+00:00,2026-05-07 13:30:00+00:00,81162.0,80815.21,-0.0042728123998915235,-0.0042728123998915235,6,fixed_6b_exit,0,81160.84,3,0.6151086360518809,26.446809999999857,10.36354,0.43701364474915694,-21.608710000000148,-7.334249999999997,0.012558874206485937,False,fixed_6b,no_cost
breakout_forced_cover_signal,fixed_horizon,6,1943,1944,1950,2026-05-07 17:55:00+00:00,2026-05-07 18:00:00+00:00,2026-05-07 18:30:00+00:00,80094.52,80183.58,0.0011119362473237526,0.0011119362473237526,6,fixed_6b_exit,0,79948.66,3,0.6189537486851147,44.76761999999988,24.85457,0.381618218752479,-19.751020000000118,1.8678599999999967,0.013684775121265425,True,fixed_6b,no_cost
breakout_forced_cover_signal,fixed_horizon,6,2012,2013,2019,2026-05-07 23:40:00+00:00,2026-05-07 23:45:00+00:00,2026-05-08 00:15:00+00:00,80012.0,80101.14,0.0011140828875668696,0.0011140828875668696,6,fixed_6b_exit,0,80006.27,3,0.66278417204309,13.702539999999884,8.411659999999998,0.7792073466567025,186.20347999999987,5.2398499999999615,0.014814103982615068,True,fixed_6b,no_cost
breakout_forced_cover_signal,fixed_horizon,6,2020,2021,2027,2026-05-08 00:20:00+00:00,2026-05-08 00:25:00+00:00,2026-05-08 00:55:00+00:00,80131.84,79831.99,-0.0037419582527993267,-0.0037419582527993267,6,fixed_6b_exit,0,80121.78,4,0.809265938023881,167.50029999999987,-18.703180000000003,0.2725635268158494,-99.18435000000011,-49.17260999999999,0.011016711971160165,False,fixed_6b,no_cost
breakout_forced_cover_signal,fixed_horizon,6,2060,2061,2067,2026-05-08 03:40:00+00:00,2026-05-08 03:45:00+00:00,2026-05-08 04:15:00+00:00,79646.13,79726.1,0.001004066362044309,0.001004066362044309,6,fixed_6b_exit,0,79642.55,3,0.6304708710788978,15.850759999999879,8.35204,0.6133239405128232,17.556919999999888,5.44652,0.012031839843114955,True,fixed_6b,no_cost
breakout_forced_cover_signal,fixed_horizon,6,2084,2085,2091,2026-05-08 05:40:00+00:00,2026-05-08 05:45:00+00:00,2026-05-08 06:15:00+00:00,79751.95,79592.97,-0.0019934308816272894,-0.0019934308816272894,6,fixed_6b_exit,0,79713.02,3,0.6170471709201782,14.897379999999888,4.680700000000002,0.31053543423926866,-66.90566000000013,-31.094840000000005,0.010014424320381687,False,fixed_6b,no_cost
breakout_forced_cover_signal,fixed_horizon,6,2109,2110,2116,2026-05-08 07:45:00+00:00,2026-05-08 07:50:00+00:00,2026-05-08 08:20:00+00:00,79678.72,79739.28,0.0007600523703190643,0.0007600523703190643,6,fixed_6b_exit,0,79599.0,3,0.6350671736328378,73.1951299999999,-17.448049999999995,0.7046501985764164,44.166819999999895,2.6085799999999963,0.010782088177642812,True,fixed_6b,no_cost
breakout_forced_cover_signal,fixed_horizon,6,2119,2120,2126,2026-05-08 08:35:00+00:00,2026-05-08 08:40:00+00:00,2026-05-08 09:10:00+00:00,79849.99,79980.31,0.0016320603171020576,0.0016320603171020576,6,fixed_6b_exit,0,79805.16,4,0.7017609104328076,85.69671999999989,23.768550000000005,0.6183212073388714,24.069519999999883,20.913679999999992,0.012431745512995196,True,fixed_6b,no_cost
breakout_forced_cover_signal,fixed_horizon,6,2143,2144,2150,2026-05-08 10:35:00+00:00,2026-05-08 10:40:00+00:00,2026-05-08 11:10:00+00:00,80056.94,80227.97,0.002136354449720379,0.002136354449720379,6,fixed_6b_exit,0,80020.0,3,0.6155008824151253,21.81834999999988,1.9285199999999918,0.5010941641362403,0.5555299999998766,-2.7254899999999935,0.014594658577560038,True,fixed_6b,no_cost
breakout_forced_cover_signal,fixed_horizon,6,2226,2227,2233,2026-05-08 17:30:00+00:00,2026-05-08 17:35:00+00:00,2026-05-08 18:05:00+00:00,80246.22,80170.76,-0.0009403558198755047,-0.0009403558198755047,6,fixed_6b_exit,0,80045.23,5,0.7069137701070674,227.11351999999988,137.50507,0.38612976031615165,-49.984280000000076,13.03324,0.01364057858555201,False,fixed_6b,no_cost
breakout_forced_cover_signal,fixed_horizon,6,2255,2256,2262,2026-05-08 19:55:00+00:00,2026-05-08 20:00:00+00:00,2026-05-08 20:30:00+00:00,80180.0,80265.11,0.0010614866550262558,0.0010614866550262558,6,fixed_6b_exit,0,80168.0,3,0.638770223940002,33.337819999999894,36.101489999999984,0.7163791271082879,50.7571899999999,9.66787,0.01471654453271376,True,fixed_6b,no_cost
breakout_forced_cover_signal,fixed_horizon,6,2280,2281,2287,2026-05-08 22:00:00+00:00,2026-05-08 22:05:00+00:00,2026-05-08 22:35:00+00:00,80310.31,80295.09,-0.00018951489541008115,-0.00018951489541008115,6,fixed_6b_exit,0,80264.0,3,0.6903544329904745,45.99939999999991,36.98361,0.3988889847122771,-9.473180000000085,-7.551230000000004,0.014524240632905805,False,fixed_6b,no_cost
breakout_forced_cover_signal,fixed_horizon,6,2310,2311,2317,2026-05-09 00:30:00+00:00,2026-05-09 00:35:00+00:00,2026-05-09 01:05:00+00:00,80217.99,80263.41,0.0005662071562750892,0.0005662071562750892,6,fixed_6b_exit,0,80208.66,3,0.6827948142154466,16.084919999999908,14.172269999999997,0.5646689541127281,5.952039999999913,-2.302699999999996,0.015098671518166684,True,fixed_6b,no_cost
breakout_forced_cover_signal,fixed_horizon,6,2318,2319,2325,2026-05-09 01:10:00+00:00,2026-05-09 01:15:00+00:00,2026-05-09 01:45:00+00:00,80320.56,80399.99,0.000988912427901445,0.000988912427901445,6,fixed_6b_exit,0,80263.41,3,0.7402189659733861,31.833629999999914,25.881590000000003,0.6995804645768628,21.910609999999906,-7.348240000000008,0.016102515209977186,True,fixed_6b,no_cost
breakout_forced_cover_signal,fixed_horizon,6,2326,2327,2333,2026-05-09 01:50:00+00:00,2026-05-09 01:55:00+00:00,2026-05-09 02:25:00+00:00,80424.44,80428.65,5.234727155079e-05,5.234727155079e-05,6,fixed_6b_exit,0,80400.0,3,0.7742046347384355,46.67456999999992,24.76396000000001,0.5211803420171139,1.7709099999999118,-6.208029999999999,0.016155705404264253,True,fixed_6b,no_cost
breakout_forced_cover_signal,fixed_horizon,6,2353,2354,2360,2026-05-09 04:05:00+00:00,2026-05-09 04:10:00+00:00,2026-05-09 04:40:00+00:00,80600.01,80409.99,-0.00235756794571107,-0.00235756794571107,6,fixed_6b_exit,0,80550.67,3,0.6492377034209139,33.54916999999991,26.95174,0.43068576531562475,-10.121320000000091,-2.536450000000004,0.013760049285351794,False,fixed_6b,no_cost
breakout_forced_cover_signal,fixed_horizon,6,2400,2401,2407,2026-05-09 08:00:00+00:00,2026-05-09 08:05:00+00:00,2026-05-09 08:35:00+00:00,80377.72,80432.1,0.0006765556425338826,0.0006765556425338826,6,fixed_6b_exit,0,80309.05,3,0.738001626931917,38.105259999999916,79.14268000000001,0.4752898134759503,-5.648590000000091,19.34945,0.014445914366871149,True,fixed_6b,no_cost
breakout_forced_cover_signal,fixed_horizon,6,2432,2433,2439,2026-05-09 10:40:00+00:00,2026-05-09 10:45:00+00:00,2026-05-09 11:15:00+00:00,80329.99,80341.29,0.00014066975484494648,0.00014066975484494648,6,fixed_6b_exit,0,80323.57,3,0.7045068010755771,19.022739999999907,14.8001,0.7148918183664468,49.497669999999914,9.571100000000001,0.01458861622494867,True,fixed_6b,no_cost
breakout_forced_cover_signal,fixed_horizon,6,2452,2453,2459,2026-05-09 12:20:00+00:00,2026-05-09 12:25:00+00:00,2026-05-09 12:55:00+00:00,80398.0,80397.97,-3.7314361056584033e-07,-3.7314361056584033e-07,6,fixed_6b_exit,0,80372.3,4,0.764012622059207,67.25324999999991,25.17293999999999,0.8366122914702591,37.7553299999999,-22.36629,0.014588237637689128,False,fixed_6b,no_cost
breakout_forced_cover_signal,fixed_horizon,6,2462,2463,2469,2026-05-09 13:10:00+00:00,2026-05-09 13:15:00+00:00,2026-05-09 13:45:00+00:00,80422.0,80356.87,-0.0008098530252916847,-0.0008098530252916847,6,fixed_6b_exit,0,80416.21,3,0.8378367934571752,53.68027999999991,27.21584,0.7798234896508703,50.77047999999991,15.186190000000003,0.013766570284012847,False,fixed_6b,no_cost
breakout_forced_cover_signal,fixed_horizon,6,2491,2492,2498,2026-05-09 15:35:00+00:00,2026-05-09 15:40:00+00:00,2026-05-09 16:10:00+00:00,80526.52,80577.96,0.0006387957656683874,0.0006387957656683874,6,fixed_6b_exit,0,80474.0,4,0.8301879176854029,77.38777999999989,54.59313999999999,0.5742769581561605,16.61087999999991,14.58981,0.014414160076486437,True,fixed_6b,no_cost
breakout_forced_cover_signal,fixed_horizon,6,2500,2501,2507,2026-05-09 16:20:00+00:00,2026-05-09 16:25:00+00:00,2026-05-09 16:55:00+00:00,80728.19,80625.01,-0.001278116107892524,-0.001278116107892524,6,fixed_6b_exit,0,80663.56,4,0.5840906607584335,34.12378999999991,22.505860000000006,0.5774791975229732,22.779709999999888,-13.592480000000009,0.013117620998418511,False,fixed_6b,no_cost
breakout_forced_cover_signal,fixed_horizon,6,2525,2526,2532,2026-05-09 18:25:00+00:00,2026-05-09 18:30:00+00:00,2026-05-09 19:00:00+00:00,81040.53,80882.24,-0.001953220197350558,-0.001953220197350558,6,fixed_6b_exit,0,80928.56,5,0.7598632668703559,81.81637999999988,66.09478999999999,0.3001383502092006,-13.813330000000114,-5.107360000000002,0.011138779198792692,False,fixed_6b,no_cost
breakout_forced_cover_signal,fixed_horizon,6,2542,2543,2549,2026-05-09 19:50:00+00:00,2026-05-09 19:55:00+00:00,2026-05-09 20:25:00+00:00,80931.5,80797.14,-0.0016601694025194513,-0.0016601694025194513,6,fixed_6b_exit,0,80927.66,3,0.6353016242879364,12.913849999999883,25.076739999999994,0.5375516096054159,3.081059999999889,10.45925,0.009460117535865953,False,fixed_6b,no_cost
breakout_forced_cover_signal,fixed_horizon,6,2595,2596,2602,2026-05-10 00:15:00+00:00,2026-05-10 00:20:00+00:00,2026-05-10 00:50:00+00:00,80743.65,80662.86,-0.0010005740389491535,-0.0010005740389491535,6,fixed_6b_exit,0,80732.51,3,0.46228990942732956,-12.163800000000123,16.659029999999994,0.2589959505612992,-26.08918000000012,-17.095220000000005,0.008450077948904955,False,fixed_6b,no_cost
breakout_forced_cover_signal,fixed_horizon,6,2621,2622,2628,2026-05-10 02:25:00+00:00,2026-05-10 02:30:00+00:00,2026-05-10 03:00:00+00:00,80740.71,80813.23,0.0008981838282073884,0.0008981838282073884,6,fixed_6b_exit,0,80695.15,3,0.706736068822418,24.57242999999989,37.69718,0.6422755976531959,24.869469999999883,33.84443,0.009355851500473245,True,fixed_6b,no_cost
breakout_forced_cover_signal,fixed_horizon,6,2635,2636,2642,2026-05-10 03:35:00+00:00,2026-05-10 03:40:00+00:00,2026-05-10 04:10:00+00:00,80859.99,80782.15,-0.0009626516154653819,-0.0009626516154653819,6,fixed_6b_exit,0,80832.72,3,0.8132358160677302,44.321069999999885,34.8402,0.6511950754683035,38.824569999999866,65.55678999999999,0.008384193459446854,False,fixed_6b,no_cost
breakout_forced_cover_signal,fixed_horizon,6,2692,2693,2699,2026-05-10 08:20:00+00:00,2026-05-10 08:25:00+00:00,2026-05-10 08:55:00+00:00,80829.99,80830.33,4.206359545566585e-06,4.206359545566585e-06,6,fixed_6b_exit,0,80827.14,3,0.6121230719735077,13.745209999999885,9.98259,0.44407270024557843,-3.082130000000112,4.881389999999999,0.008388435085924684,True,fixed_6b,no_cost
breakout_forced_cover_signal,fixed_horizon,6,2722,2723,2729,2026-05-10 10:50:00+00:00,2026-05-10 10:55:00+00:00,2026-05-10 11:25:00+00:00,80877.87,80792.94,-0.001050101838735329,-0.001050101838735329,6,fixed_6b_exit,0,80843.67,3,0.6803884529526858,22.362889999999886,13.750960000000001,0.32749884464920914,-35.05712000000012,-28.81667,0.0073295245360816,False,fixed_6b,no_cost
breakout_forced_cover_signal,fixed_horizon,6,2740,2741,2747,2026-05-10 12:20:00+00:00,2026-05-10 12:25:00+00:00,2026-05-10 12:55:00+00:00,80913.8,80927.72,0.00017203493100059752,0.00017203493100059752,6,fixed_6b_exit,0,80887.82,3,0.7011261042739497,15.961789999999887,10.846990000000002,0.38341772650453226,-14.38563000000011,17.246220000000005,0.007502820401330101,True,fixed_6b,no_cost
breakout_forced_cover_signal,fixed_horizon,6,2772,2773,2779,2026-05-10 15:00:00+00:00,2026-05-10 15:05:00+00:00,2026-05-10 15:35:00+00:00,81048.74,81097.21,0.0005980352069632211,0.0005980352069632211,6,fixed_6b_exit,0,80999.36,5,0.7172023092191198,102.99961999999988,54.90765999999999,0.5827277554667338,15.61037999999989,25.840720000000005,0.008105342559044937,True,fixed_6b,no_cost
breakout_forced_cover_signal,fixed_horizon,6,2780,2781,2787,2026-05-10 15:40:00+00:00,2026-05-10 15:45:00+00:00,2026-05-10 16:15:00+00:00,81141.01,81357.84,0.002672261535812792,0.002672261535812792,6,fixed_6b_exit,0,81110.0,3,0.5339723983531253,11.569569999999892,-4.040809999999997,0.5290154781420287,9.622709999999897,-3.0399899999999764,0.010799263690012939,True,fixed_6b,no_cost
breakout_forced_cover_signal,fixed_horizon,6,2824,2825,2831,2026-05-10 19:20:00+00:00,2026-05-10 19:25:00+00:00,2026-05-10 19:55:00+00:00,81466.62,81437.83,-0.0003533962744495245,-0.0003533962744495245,6,fixed_6b_exit,0,81450.72,5,0.7492913209088086,64.15034999999989,19.711099999999995,0.5932100204443728,10.147869999999894,18.44354,0.01044205099600859,False,fixed_6b,no_cost
breakout_forced_cover_signal,fixed_horizon,6,2936,2937,2943,2026-05-11 04:40:00+00:00,2026-05-11 04:45:00+00:00,2026-05-11 05:15:00+00:00,80822.07,80892.52,0.0008716678501305974,0.0008716678501305974,6,fixed_6b_exit,0,80814.03,3,0.669342448256634,20.88431999999989,3.18347,0.6514963113523758,15.765499999999886,2.868940000000002,0.011322820846281889,True,fixed_6b,no_cost
breakout_forced_cover_signal,fixed_horizon,6,2945,2946,2952,2026-05-11 05:25:00+00:00,2026-05-11 05:30:00+00:00,2026-05-11 06:00:00+00:00,80963.61,80860.62,-0.0012720529630534383,-0.0012720529630534383,6,fixed_6b_exit,0,80934.57,3,0.7657204379199767,21.73868999999989,11.093860000000003,0.34347321890594207,-81.70183000000009,-6.49212,0.010036364655420904,False,fixed_6b,no_cost
breakout_forced_cover_signal,fixed_horizon,6,2985,2986,2992,2026-05-11 08:45:00+00:00,2026-05-11 08:50:00+00:00,2026-05-11 09:20:00+00:00,80855.98,80923.06,0.0008296232387512426,0.0008296232387512426,6,fixed_6b_exit,0,80846.62,3,0.564872041885939,27.102879999999892,17.45895000000001,0.6771438021627639,18.284389999999895,2.1126900000000006,0.010874314295522769,True,fixed_6b,no_cost
breakout_forced_cover_signal,fixed_horizon,6,3001,3002,3008,2026-05-11 10:05:00+00:00,2026-05-11 10:10:00+00:00,2026-05-11 10:40:00+00:00,81068.7,81069.36,8.141243167836265e-06,8.141243167836265e-06,6,fixed_6b_exit,0,81008.4,3,0.6679282250830301,40.454429999999896,19.310790000000004,0.2506280721392811,-80.23454000000012,8.89439999999999,0.010882544069127587,True,fixed_6b,no_cost
breakout_forced_cover_signal,fixed_horizon,6,3028,3029,3035,2026-05-11 12:20:00+00:00,2026-05-11 12:25:00+00:00,2026-05-11 12:55:00+00:00,81313.75,81054.65,-0.0031864229604464667,-0.0031864229604464667,6,fixed_6b_exit,0,81246.08,3,0.6817325033561354,55.8793899999999,94.92482,0.4444709134634729,-9.100180000000105,4.3361199999999975,0.007661444720391097,False,fixed_6b,no_cost
breakout_forced_cover_signal,fixed_horizon,6,3065,3066,3072,2026-05-11 15:25:00+00:00,2026-05-11 15:30:00+00:00,2026-05-11 16:00:00+00:00,81343.38,81354.18,0.00013277048482596143,0.00013277048482596143,6,fixed_6b_exit,0,81095.48,3,0.572060544699888,32.411349999999906,35.88535000000001,0.5981242539172839,30.619329999999888,-7.50405000000001,0.0077952324189469735,True,fixed_6b,no_cost
breakout_forced_cover_signal,fixed_horizon,6,3073,3074,3080,2026-05-11 16:05:00+00:00,2026-05-11 16:10:00+00:00,2026-05-11 16:40:00+00:00,81574.49,81579.64,6.313248173528407e-05,6.313248173528407e-05,6,fixed_6b_exit,0,81458.0,3,0.574608190038949,35.14540999999989,4.526080000000004,0.401416556898262,-59.93048000000011,-26.401320000000005,0.00785885703305067,True,fixed_6b,no_cost
breakout_forced_cover_signal,fixed_horizon,6,3092,3093,3099,2026-05-11 17:40:00+00:00,2026-05-11 17:45:00+00:00,2026-05-11 18:15:00+00:00,81978.01,81887.99,-0.0010980993561564567,-0.0010980993561564567,6,fixed_6b_exit,0,81878.07,4,0.6729094924108476,70.1500899999999,47.463380000000015,0.4353421438501428,-22.9730100000001,-38.44336,0.006752127871046065,False,fixed_6b,no_cost
breakout_forced_cover_signal,fixed_horizon,6,3223,3224,3230,2026-05-12 04:35:00+00:00,2026-05-12 04:40:00+00:00,2026-05-12 05:10:00+00:00,81285.86,81233.51,-0.0006440234500810771,-0.0006440234500810771,6,fixed_6b_exit,0,81227.01,3,0.7294669766379819,45.42385999999989,48.95024,0.1848873352766575,-53.45587000000012,-23.09634,0.006103755892278073,False,fixed_6b,no_cost
breakout_forced_cover_signal,fixed_horizon,6,3308,3309,3315,2026-05-12 11:40:00+00:00,2026-05-12 11:45:00+00:00,2026-05-12 12:15:00+00:00,80732.75,80836.62,0.0012865906339123434,0.0012865906339123434,6,fixed_6b_exit,0,80705.76,3,0.739650158833498,42.58173999999987,4.224540000000005,0.5927324060640201,24.277699999999868,13.369539999999994,0.007398199561353014,True,fixed_6b,no_cost
breakout_forced_cover_signal,fixed_horizon,6,3319,3320,3326,2026-05-12 12:35:00+00:00,2026-05-12 12:40:00+00:00,2026-05-12 13:10:00+00:00,80984.53,80800.0,-0.0022785833294334257,-0.0022785833294334257,6,fixed_6b_exit,0,80898.7,4,0.5516383105348533,26.361529999999888,18.010180000000002,0.4746150296386822,-6.260020000000132,-15.4012,0.005102758817731257,False,fixed_6b,no_cost
breakout_forced_cover_signal,fixed_horizon,6,3394,3395,3401,2026-05-12 18:50:00+00:00,2026-05-12 18:55:00+00:00,2026-05-12 19:25:00+00:00,80730.36,80716.15,-0.00017601804327405102,-0.00017601804327405102,6,fixed_6b_exit,0,80700.0,3,0.6341098846583842,19.074869999999827,12.072270000000005,0.34898054194285905,-27.560000000000176,-9.299290000000003,0.004925842596834817,False,fixed_6b,no_cost
breakout_forced_cover_signal,fixed_horizon,6,3408,3409,3415,2026-05-12 20:00:00+00:00,2026-05-12 20:05:00+00:00,2026-05-12 20:35:00+00:00,80880.01,80667.39,-0.0026288325137446833,-0.0026288325137446833,6,fixed_6b_exit,0,80874.42,3,0.7007319719400118,50.98622999999982,41.046809999999994,0.21598182158289528,-20.58858000000017,-4.011090000000003,0.002284060867913995,False,fixed_6b,no_cost
breakout_forced_cover_signal,fixed_horizon,6,3432,3433,3439,2026-05-12 22:00:00+00:00,2026-05-12 22:05:00+00:00,2026-05-12 22:35:00+00:00,80761.07,80668.38,-0.0011477064382628965,-0.0011477064382628965,6,fixed_6b_exit,0,80738.0,3,0.6212306791499113,18.667259999999832,17.21797,0.3341953767567158,-13.393210000000165,-3.3060699999999983,0.0011337329982876732,False,fixed_6b,no_cost
breakout_forced_cover_signal,fixed_horizon,6,3469,3470,3476,2026-05-13 01:05:00+00:00,2026-05-13 01:10:00+00:00,2026-05-13 01:40:00+00:00,80837.99,81110.78,0.003374527248883874,0.003374527248883874,6,fixed_6b_exit,0,80768.95,3,0.6344657611358493,15.077669999999832,22.392220000000002,0.4817157488088682,-8.276280000000185,8.421079999999996,0.004512086060067144,True,fixed_6b,no_cost
breakout_forced_cover_signal,fixed_horizon,6,3484,3485,3491,2026-05-13 02:20:00+00:00,2026-05-13 02:25:00+00:00,2026-05-13 02:55:00+00:00,81222.0,81050.0,-0.0021176528526754,-0.0021176528526754,6,fixed_6b_exit,0,81195.69,3,0.6504347198290186,30.671779999999824,8.222669999999997,0.29405869885270974,-20.439600000000166,7.938980000000001,0.002384878175475169,False,fixed_6b,no_cost
breakout_forced_cover_signal,fixed_horizon,6,3501,3502,3508,2026-05-13 03:45:00+00:00,2026-05-13 03:50:00+00:00,2026-05-13 04:20:00+00:00,81267.22,81196.0,-0.0008763681100448784,-0.0008763681100448784,6,fixed_6b_exit,0,81200.0,4,0.6250738194060043,37.29201999999982,23.153779999999998,0.459330740384191,-6.116350000000169,11.463189999999999,0.0015064200342509437,False,fixed_6b,no_cost
breakout_forced_cover_signal,fixed_horizon,6,3552,3553,3559,2026-05-13 08:00:00+00:00,2026-05-13 08:05:00+00:00,2026-05-13 08:35:00+00:00,81057.71,81029.99,-0.00034197857304385515,-0.00034197857304385515,6,fixed_6b_exit,0,81049.01,4,0.6843273685884679,61.74957999999987,10.712730000000008,0.5512750489327983,11.002599999999866,-7.0836799999999975,0.0011639262978333509,False,fixed_6b,no_cost
breakout_forced_cover_signal,fixed_horizon,6,3564,3565,3571,2026-05-13 09:00:00+00:00,2026-05-13 09:05:00+00:00,2026-05-13 09:35:00+00:00,81317.34,81287.4,-0.0003681871541789672,-0.0003681871541789672,6,fixed_6b_exit,0,81200.0,3,0.5978752604549932,29.300949999999865,31.788310000000003,0.47363750803278193,-5.090990000000129,8.672010000000004,0.0007953106009430666,False,fixed_6b,no_cost
breakout_forced_cover_signal,fixed_horizon,6,3663,3664,3670,2026-05-13 17:15:00+00:00,2026-05-13 17:20:00+00:00,2026-05-13 17:50:00+00:00,79300.0,79466.06,0.0020940731399747836,0.0020940731399747836,6,fixed_6b_exit,0,79238.6,4,0.5148592605461588,6.578969999999888,6.329630000000002,0.5044565417775443,1.2024099999998832,-0.3366399999999956,0.002891049179485128,True,fixed_6b,no_cost
breakout_forced_cover_signal,fixed_horizon,6,3673,3674,3680,2026-05-13 18:05:00+00:00,2026-05-13 18:10:00+00:00,2026-05-13 18:40:00+00:00,79597.73,79647.29,0.0006226308212557985,0.0006226308212557985,6,fixed_6b_exit,0,79596.27,3,0.6460493835505687,37.59474999999989,22.361250000000005,0.47507059030493065,-7.726000000000123,-52.70878999999999,0.003515480057065812,True,fixed_6b,no_cost
breakout_forced_cover_signal,fixed_horizon,6,3745,3746,3752,2026-05-14 00:05:00+00:00,2026-05-14 00:10:00+00:00,2026-05-14 00:40:00+00:00,79480.34,79647.81,0.002107061947646427,0.002107061947646427,6,fixed_6b_exit,0,79436.72,3,0.6621103171050885,38.04413999999988,1.1940699999999964,0.7354914645678183,54.32472999999989,17.848780000000005,0.00562994933896821,True,fixed_6b,no_cost
breakout_forced_cover_signal,fixed_horizon,6,3801,3802,3808,2026-05-14 04:45:00+00:00,2026-05-14 04:50:00+00:00,2026-05-14 05:20:00+00:00,79436.09,79588.23,0.001915250360384091,0.001915250360384091,6,fixed_6b_exit,0,79385.08,3,0.6794985596769877,33.082639999999884,24.56527,0.5683509875119757,26.430019999999892,48.3299,0.007555982461852739,True,fixed_6b,no_cost
breakout_forced_cover_signal,fixed_horizon,6,3809,3810,3816,2026-05-14 05:25:00+00:00,2026-05-14 05:30:00+00:00,2026-05-14 06:00:00+00:00,79596.68,79882.69,0.0035932403210787722,0.0035932403210787722,6,fixed_6b_exit,0,79594.75,3,0.595604855595932,40.93771999999989,14.5077,0.47185494274983536,-10.043750000000113,-44.19039000000002,0.011176373243778848,True,fixed_6b,no_cost
breakout_forced_cover_signal,fixed_horizon,6,3834,3835,3841,2026-05-14 07:30:00+00:00,2026-05-14 07:35:00+00:00,2026-05-14 08:05:00+00:00,79915.29,79767.15,-0.0018537128501942002,-0.0018537128501942002,6,fixed_6b_exit,0,79890.0,3,0.6640245671584657,43.04416999999988,33.62013999999999,0.4574085998141826,-15.442450000000118,-2.5847999999999978,0.009301942606884106,False,fixed_6b,no_cost
breakout_forced_cover_signal,fixed_horizon,6,3893,3894,3900,2026-05-14 12:25:00+00:00,2026-05-14 12:30:00+00:00,2026-05-14 13:00:00+00:00,79423.19,79848.53,0.005355362835464117,0.005355362835464117,6,fixed_6b_exit,0,79409.44,3,0.7089217148954495,45.256249999999895,10.771170000000005,0.5715791519529954,28.601409999999895,9.642699999999998,0.014707120720082845,True,fixed_6b,no_cost
breakout_forced_cover_signal,fixed_horizon,6,3904,3905,3911,2026-05-14 13:20:00+00:00,2026-05-14 13:25:00+00:00,2026-05-14 13:55:00+00:00,80019.61,79701.73,-0.003972526234506835,-0.003972526234506835,6,fixed_6b_exit,0,79975.16,5,0.6535146909828112,87.3327299999999,65.77979,0.494426554555294,-2.712420000000108,-16.041459999999997,0.0106761700626814,False,fixed_6b,no_cost
breakout_forced_cover_signal,fixed_horizon,6,4112,4113,4119,2026-05-15 06:40:00+00:00,2026-05-15 06:45:00+00:00,2026-05-15 07:15:00+00:00,80601.58,80726.3,0.0015473642079968375,0.0015473642079968375,6,fixed_6b_exit,0,80598.21,3,0.680537071685791,82.33542999999989,61.6658,0.6733630693256941,63.120279999999866,-26.640010000000018,0.012240054194111671,True,fixed_6b,no_cost
breakout_forced_cover_signal,fixed_horizon,6,4120,4121,4127,2026-05-15 07:20:00+00:00,2026-05-15 07:25:00+00:00,2026-05-15 07:55:00+00:00,80908.1,80814.88,-0.0011521714142341821,-0.0011521714142341821,6,fixed_6b_exit,0,80810.0,3,0.7766638364184829,111.29447999999988,48.17420000000001,0.5151722231936822,4.376499999999879,-14.799620000000012,0.011073780139326361,False,fixed_6b,no_cost
breakout_forced_cover_signal,fixed_horizon,6,4321,4322,4328,2026-05-16 00:05:00+00:00,2026-05-16 00:10:00+00:00,2026-05-16 00:40:00+00:00,79176.0,79165.03,-0.0001385520864908285,-0.0001385520864908285,6,fixed_6b_exit,0,79161.86,3,0.6637043116947872,32.2546899999999,9.542489999999976,0.3043557787736446,-31.895760000000095,-25.943599999999996,0.01093369375749198,False,fixed_6b,no_cost
breakout_forced_cover_signal,fixed_horizon,6,4343,4344,4350,2026-05-16 01:55:00+00:00,2026-05-16 02:00:00+00:00,2026-05-16 02:30:00+00:00,79168.0,79093.13,-0.0009457103880354811,-0.0009457103880354811,6,fixed_6b_exit,0,79155.94,3,0.6331047869078626,17.4125099999999,18.651850000000003,0.3588188836805298,-11.8197000000001,-17.31678,0.009977643261690483,False,fixed_6b,no_cost
breakout_forced_cover_signal,fixed_horizon,6,4494,4495,4501,2026-05-16 14:30:00+00:00,2026-05-16 14:35:00+00:00,2026-05-16 15:05:00+00:00,78104.09,78122.36,0.00023391860784771623,0.00023391860784771623,6,fixed_6b_exit,0,78062.97,5,0.7576651297388443,144.2891899999999,30.840199999999996,0.498300607582924,-0.340660000000101,-7.624759999999998,0.010213895825959662,True,fixed_6b,no_cost
breakout_forced_cover_signal,fixed_horizon,6,4644,4645,4651,2026-05-17 03:00:00+00:00,2026-05-17 03:05:00+00:00,2026-05-17 03:35:00+00:00,77976.9,78048.92,0.0009236068630582572,0.0009236068630582572,6,fixed_6b_exit,0,77938.0,3,0.7080604271325164,34.71533999999988,8.50516,0.5698815608136788,4.466219999999883,3.4247400000000017,0.011146936313301437,True,fixed_6b,no_cost
breakout_forced_cover_signal,fixed_horizon,6,4659,4660,4666,2026-05-17 04:15:00+00:00,2026-05-17 04:20:00+00:00,2026-05-17 04:50:00+00:00,78083.54,78183.48,0.0012799112335326601,0.0012799112335326601,6,fixed_6b_exit,0,78080.0,3,0.6049505768736961,14.22327999999988,10.651719999999996,0.6391248882652735,45.72137999999988,59.27277000000001,0.012441114635840966,True,fixed_6b,no_cost
breakout_forced_cover_signal,fixed_horizon,6,4698,4699,4705,2026-05-17 07:30:00+00:00,2026-05-17 07:35:00+00:00,2026-05-17 08:05:00+00:00,78200.0,78168.8,-0.0003989769820971212,-0.0003989769820971212,6,fixed_6b_exit,0,78143.96,3,0.7121493658830629,16.02067999999988,11.241679999999999,0.5568719843395517,5.0812899999998775,-3.2105799999999975,0.012037173935372403,False,fixed_6b,no_cost
breakout_forced_cover_signal,fixed_horizon,6,4727,4728,4734,2026-05-17 09:55:00+00:00,2026-05-17 10:00:00+00:00,2026-05-17 10:30:00+00:00,78249.33,78475.51,0.0028905039825899426,0.0028905039825899426,6,fixed_6b_exit,0,78224.99,3,0.7067761043622028,22.38206999999988,13.700500000000002,0.63068099593441,33.35754999999987,-37.293290000000006,0.014962471417161671,True,fixed_6b,no_cost
breakout_forced_cover_signal,fixed_horizon,6,4805,4806,4812,2026-05-17 16:25:00+00:00,2026-05-17 16:30:00+00:00,2026-05-17 17:00:00+00:00,78141.36,78028.98,-0.001438162837196666,-0.001438162837196666,6,fixed_6b_exit,0,78127.22,3,0.6346360432587586,6.825489999999873,7.986660000000002,0.41237948926568513,-16.644960000000125,1.8955500000000036,0.0135027901096203,False,fixed_6b,no_cost
breakout_forced_cover_signal,fixed_horizon,6,4824,4825,4831,2026-05-17 18:00:00+00:00,2026-05-17 18:05:00+00:00,2026-05-17 18:35:00+00:00,78189.89,78146.42,-0.0005559542288651187,-0.0005559542288651187,6,fixed_6b_exit,0,78092.44,3,0.6328059178976222,10.841889999999868,7.8957799999999985,0.6620164736466904,7.23178999999987,13.523830000000004,0.012939328947492168,False,fixed_6b,no_cost
breakout_forced_cover_signal,fixed_horizon,6,4835,4836,4842,2026-05-17 18:55:00+00:00,2026-05-17 19:00:00+00:00,2026-05-17 19:30:00+00:00,78268.04,78228.17,-0.0005094033273350673,-0.0005094033273350673,6,fixed_6b_exit,0,78245.15,3,0.6268938502810807,13.322729999999861,13.476129999999994,0.31728884001021523,-14.194640000000131,-5.105039999999999,0.012423334282937848,False,fixed_6b,no_cost
breakout_forced_cover_signal,fixed_horizon,6,4844,4845,4851,2026-05-17 19:40:00+00:00,2026-05-17 19:45:00+00:00,2026-05-17 20:15:00+00:00,78383.92,78300.01,-0.001070500174015332,-0.001070500174015332,6,fixed_6b_exit,0,78300.0,3,0.6660315866853912,18.655939999999866,21.30061,0.3798968374277755,-9.20799000000013,-1.1185899999999975,0.0113395349274108,False,fixed_6b,no_cost
breakout_forced_cover_signal,fixed_horizon,6,4864,4865,4871,2026-05-17 21:20:00+00:00,2026-05-17 21:25:00+00:00,2026-05-17 21:55:00+00:00,78422.6,78405.72,-0.00021524407504980303,-0.00021524407504980303,6,fixed_6b_exit,0,78367.49,3,0.5673000517388942,11.691259999999872,22.59276,0.29869707715705734,-17.079780000000127,-38.281119999999994,0.011121850084654161,False,fixed_6b,no_cost
breakout_forced_cover_signal,fixed_horizon,6,4985,4986,4992,2026-05-18 07:25:00+00:00,2026-05-18 07:30:00+00:00,2026-05-18 08:00:00+00:00,77035.47,77156.19,0.0015670703378587447,0.0015670703378587447,6,fixed_6b_exit,0,76989.0,3,0.515158365613187,8.416499999999893,-1.0445599999999917,0.41384792078629506,-43.178390000000114,4.869159999999994,0.012706349143882578,True,fixed_6b,no_cost
breakout_forced_cover_signal,fixed_horizon,6,5036,5037,5043,2026-05-18 11:40:00+00:00,2026-05-18 11:45:00+00:00,2026-05-18 12:15:00+00:00,77356.0,77447.03,0.0011767671544546943,0.0011767671544546943,6,fixed_6b_exit,0,77165.12,4,0.5753555321963312,52.7950699999999,35.22049000000001,0.5559481748681756,16.914409999999883,0.97654,0.013898068712662859,True,fixed_6b,no_cost
breakout_forced_cover_signal,fixed_horizon,6,5044,5045,5051,2026-05-18 12:20:00+00:00,2026-05-18 12:25:00+00:00,2026-05-18 12:55:00+00:00,77532.45,77639.98,0.0013869031611923877,0.0013869031611923877,6,fixed_6b_exit,0,77483.52,3,0.5999138839536945,34.63499999999989,17.72059000000001,0.43778400698104103,-25.524360000000097,-18.909369999999996,0.015304247149287242,True,fixed_6b,no_cost
breakout_forced_cover_signal,fixed_horizon,6,5090,5091,5097,2026-05-18 16:10:00+00:00,2026-05-18 16:15:00+00:00,2026-05-18 16:45:00+00:00,76509.22,76434.07,-0.000982234559442574,-0.000982234559442574,6,fixed_6b_exit,0,76485.29,3,0.42926045439166727,-54.29889000000012,26.859699999999982,0.4037640648923462,-50.009200000000135,-33.01601,0.014306980229388477,False,fixed_6b,no_cost
breakout_forced_cover_signal,fixed_horizon,6,5124,5125,5131,2026-05-18 19:00:00+00:00,2026-05-18 19:05:00+00:00,2026-05-18 19:35:00+00:00,76779.14,76723.49,-0.0007248062429455748,-0.0007248062429455748,6,fixed_6b_exit,0,76706.38,5,0.6091963638733241,94.47666999999984,116.07041999999998,0.5778993714018408,14.551089999999853,-3.69482,0.013571804197854975,False,fixed_6b,no_cost
breakout_forced_cover_signal,fixed_horizon,6,5138,5139,5145,2026-05-18 20:10:00+00:00,2026-05-18 20:15:00+00:00,2026-05-18 20:45:00+00:00,77057.0,76888.23,-0.0021901968672541905,-0.0021901968672541905,6,fixed_6b_exit,0,77023.63,3,0.6047909256938223,23.38848999999986,18.02268,0.293942409624601,-47.610550000000146,-4.339590000000001,0.011351882407563574,False,fixed_6b,no_cost
breakout_forced_cover_signal,fixed_horizon,6,5188,5189,5195,2026-05-19 00:20:00+00:00,2026-05-19 00:25:00+00:00,2026-05-19 00:55:00+00:00,77255.07,77140.87,-0.0014782201349375912,-0.0014782201349375912,6,fixed_6b_exit,0,77205.32,3,0.6020690533276764,46.03022999999985,22.557329999999993,0.5281757914658713,3.622729999999862,12.085260000000002,0.00985688169148169,False,fixed_6b,no_cost
breakout_forced_cover_signal,fixed_horizon,6,5212,5213,5219,2026-05-19 02:20:00+00:00,2026-05-19 02:25:00+00:00,2026-05-19 02:55:00+00:00,76990.15,76617.47,-0.004840619222069242,-0.004840619222069242,6,fixed_6b_exit,0,76983.02,3,0.6186532477914702,23.278499999999863,22.82286,0.2991004269142172,-33.59697000000014,6.324889999999996,0.00496854905842703,False,fixed_6b,no_cost
breakout_forced_cover_signal,fixed_horizon,6,5315,5316,5322,2026-05-19 10:55:00+00:00,2026-05-19 11:00:00+00:00,2026-05-19 11:30:00+00:00,77041.87,76881.57,-0.0020806867746069324,-0.0020806867746069324,6,fixed_6b_exit,0,76979.49,3,0.6606426806039069,40.759529999999856,41.31702,0.5052773706770877,0.8235299999998595,17.9402,0.0028775242895051623,False,fixed_6b,no_cost
breakout_forced_cover_signal,fixed_horizon,6,5382,5383,5389,2026-05-19 16:30:00+00:00,2026-05-19 16:35:00+00:00,2026-05-19 17:05:00+00:00,76760.91,76897.36,0.0017775974776743642,0.0017775974776743642,6,fixed_6b_exit,0,76675.76,4,0.82406112013708,108.57125999999985,50.91105,0.658624793801541,37.77559999999984,-13.898060000000008,0.004660236847098487,True,fixed_6b,no_cost
breakout_forced_cover_signal,fixed_horizon,6,5391,5392,5398,2026-05-19 17:15:00+00:00,2026-05-19 17:20:00+00:00,2026-05-19 17:50:00+00:00,77012.0,76815.12,-0.0025564847036826377,-0.0025564847036826377,6,fixed_6b_exit,0,76968.58,4,0.6997525697073254,59.49378999999983,39.71960999999999,0.5156028764438156,2.6123299999998437,-9.504030000000004,0.0020918383192007894,False,fixed_6b,no_cost
breakout_forced_cover_signal,fixed_horizon,6,5413,5414,5420,2026-05-19 19:05:00+00:00,2026-05-19 19:10:00+00:00,2026-05-19 19:40:00+00:00,76958.09,76877.06,-0.0010529107466153986,-0.0010529107466153986,6,fixed_6b_exit,0,76947.2,3,0.7027019716317607,36.86903999999984,26.233069999999998,0.49224183907707014,-1.0101200000001604,11.73547,0.0010367250535390227,False,fixed_6b,no_cost
breakout_forced_cover_signal,fixed_horizon,6,5434,5435,5441,2026-05-19 20:50:00+00:00,2026-05-19 20:55:00+00:00,2026-05-19 21:25:00+00:00,77030.11,76997.91,-0.00041801835671784193,-0.00041801835671784193,6,fixed_6b_exit,0,76996.01,3,0.650070677361018,10.884139999999846,4.929550000000001,0.40685042801250787,-12.710410000000156,-23.492250000000002,0.000618273326717933,False,fixed_6b,no_cost
breakout_forced_cover_signal,fixed_horizon,6,5463,5464,5470,2026-05-19 23:15:00+00:00,2026-05-19 23:20:00+00:00,2026-05-19 23:50:00+00:00,76856.76,76847.48,-0.00012074409589990509,-0.00012074409589990509,6,fixed_6b_exit,0,76845.35,3,0.784228548105631,21.782769999999843,7.1721,0.6960025593749374,22.04341999999984,-2.8054999999999986,0.0004974545779641293,False,fixed_6b,no_cost
breakout_forced_cover_signal,fixed_horizon,6,5533,5534,5540,2026-05-20 05:05:00+00:00,2026-05-20 05:10:00+00:00,2026-05-20 05:40:00+00:00,77040.0,77155.0,0.0014927310488057621,0.0014927310488057621,6,fixed_6b_exit,0,76856.77,4,0.6232695287054397,37.112899999999854,51.54723,0.46126610797865464,-18.69241000000015,-24.517979999999994,0.0019909281926637767,True,fixed_6b,no_cost
breakout_forced_cover_signal,fixed_horizon,6,5575,5576,5582,2026-05-20 08:35:00+00:00,2026-05-20 08:40:00+00:00,2026-05-20 09:10:00+00:00,77580.0,77424.3,-0.0020069605568444615,-0.0020069605568444615,6,fixed_6b_exit,0,77408.0,4,0.7659129893290582,84.37942999999984,91.18608,0.4433269190485777,-11.038420000000158,21.855229999999985,-2.0028078534850557e-05,False,fixed_6b,no_cost
breakout_forced_cover_signal,fixed_horizon,6,5592,5593,5599,2026-05-20 10:00:00+00:00,2026-05-20 10:05:00+00:00,2026-05-20 10:35:00+00:00,77545.23,77558.73,0.0001740919460810897,0.0001740919460810897,6,fixed_6b_exit,0,77543.59,3,0.6584738513708704,30.380029999999845,38.684270000000005,0.614143589578502,30.06753999999985,-30.945449999999997,0.00015406038081899887,True,fixed_6b,no_cost
breakout_forced_cover_signal,fixed_horizon,6,5627,5628,5634,2026-05-20 12:55:00+00:00,2026-05-20 13:00:00+00:00,2026-05-20 13:30:00+00:00,77617.26,77254.68,-0.00467138365873776,-0.00467138365873776,6,fixed_6b_exit,0,77610.91,5,0.6908191565839327,73.66908999999985,74.15585000000002,0.39955172470375433,-32.07710000000015,-16.66749999999999,-0.0045180429530641275,False,fixed_6b,no_cost
breakout_forced_cover_signal,fixed_horizon,6,5655,5656,5662,2026-05-20 15:15:00+00:00,2026-05-20 15:20:00+00:00,2026-05-20 15:50:00+00:00,77620.53,77479.51,-0.0018167873885942543,-0.0018167873885942543,6,fixed_6b_exit,0,77574.29,4,0.5559737825307781,42.49259999999986,47.52291000000002,0.5070184876445236,1.5162699999998406,31.04862,-0.006326622018200112,False,fixed_6b,no_cost
breakout_forced_cover_signal,fixed_horizon,6,5680,5681,5687,2026-05-20 17:20:00+00:00,2026-05-20 17:25:00+00:00,2026-05-20 17:55:00+00:00,77530.0,77568.95,0.0005023861730941714,0.0005023861730941714,6,fixed_6b_exit,0,77474.75,3,0.643393051666767,35.364709999999846,12.449760000000005,0.5377934197929076,14.410119999999843,18.17629,-0.005827414252530305,True,fixed_6b,no_cost
breakout_forced_cover_signal,fixed_horizon,6,5705,5706,5712,2026-05-20 19:25:00+00:00,2026-05-20 19:30:00+00:00,2026-05-20 20:00:00+00:00,77562.71,77630.41,0.0008728421170429712,0.0008728421170429712,6,fixed_6b_exit,0,77557.02,3,0.7964468237646315,82.40862999999985,-4.512199999999993,0.42688384024544973,-16.372830000000153,-29.52649,-0.004959658548080448,True,fixed_6b,no_cost
breakout_forced_cover_signal,fixed_horizon,6,5760,5761,5767,2026-05-21 00:00:00+00:00,2026-05-21 00:05:00+00:00,2026-05-21 00:35:00+00:00,77640.83,77736.51,0.0012323412822865532,0.0012323412822865532,6,fixed_6b_exit,0,77559.34,4,0.6929833763054155,54.381819999999855,69.58048000000001,0.5094632109419517,1.1148199999998392,-1.8138100000000001,-0.003733429257768761,True,fixed_6b,no_cost
breakout_forced_cover_signal,fixed_horizon,6,5769,5770,5776,2026-05-21 00:45:00+00:00,2026-05-21 00:50:00+00:00,2026-05-21 01:20:00+00:00,77948.76,77896.27,-0.0006733910840914792,-0.0006733910840914792,6,fixed_6b_exit,0,77749.99,4,0.685635088492675,53.868209999999834,39.905919999999995,0.5241592983981405,7.600709999999843,-6.941420000000004,-0.0044043062838849956,False,fixed_6b,no_cost
breakout_forced_cover_signal,fixed_horizon,6,5808,5809,5815,2026-05-21 04:00:00+00:00,2026-05-21 04:05:00+00:00,2026-05-21 04:35:00+00:00,78128.01,78000.0,-0.001638464873225276,-0.001638464873225276,6,fixed_6b_exit,0,78098.85,3,0.742181000305183,38.360709999999855,25.144580000000005,0.3919410178928729,-20.27523000000015,-6.438869999999996,-0.00603555485597318,False,fixed_6b,no_cost
breakout_forced_cover_signal,fixed_horizon,6,5854,5855,5861,2026-05-21 07:50:00+00:00,2026-05-21 07:55:00+00:00,2026-05-21 08:25:00+00:00,77816.9,78055.35,0.0030642443993529334,0.0030642443993529334,6,fixed_6b_exit,0,77789.57,3,0.8138050987813198,37.523319999999856,13.216570000000004,0.3744146918140107,-28.165110000000155,5.719550000000005,-0.002989804871784685,True,fixed_6b,no_cost
breakout_forced_cover_signal,fixed_horizon,6,5966,5967,5973,2026-05-21 17:10:00+00:00,2026-05-21 17:15:00+00:00,2026-05-21 17:45:00+00:00,77510.01,77904.79,0.0050932776295602444,0.0050932776295602444,6,fixed_6b_exit,0,77344.01,4,0.6407292878263964,131.81542999999982,-88.09953000000002,0.3404948245922787,-56.20273000000016,-26.44764,0.002088244851505383,True,fixed_6b,no_cost
breakout_forced_cover_signal,fixed_horizon,6,5998,5999,6005,2026-05-21 19:50:00+00:00,2026-05-21 19:55:00+00:00,2026-05-21 20:25:00+00:00,77702.67,77692.01,-0.0001371896229563907,-0.0001371896229563907,6,fixed_6b_exit,0,77662.14,3,0.6341833861455228,19.738359999999858,15.917830000000007,0.3934804858770064,-5.045480000000149,5.92315,0.001950768743025133,False,fixed_6b,no_cost
breakout_forced_cover_signal,fixed_horizon,6,6072,6073,6079,2026-05-22 02:00:00+00:00,2026-05-22 02:05:00+00:00,2026-05-22 02:35:00+00:00,77700.83,77645.7,-0.0007095162303929481,-0.0007095162303929481,6,fixed_6b_exit,0,77673.5,3,0.6098850230691901,22.601289999999857,28.70935000000001,0.4017666013347833,-6.1758100000001495,3.777890000000001,0.0012398684105472402,False,fixed_6b,no_cost
breakout_forced_cover_signal,fixed_horizon,6,6089,6090,6096,2026-05-22 03:25:00+00:00,2026-05-22 03:30:00+00:00,2026-05-22 04:00:00+00:00,77794.91,77817.0,0.00028395173925899186,0.00028395173925899186,6,fixed_6b_exit,0,77779.71,3,0.6358646387085357,8.405379999999848,7.70332,0.5455274641697677,4.491979999999849,10.641659999999998,0.0015241722125978185,True,fixed_6b,no_cost
breakout_forced_cover_signal,fixed_horizon,6,6097,6098,6104,2026-05-22 04:05:00+00:00,2026-05-22 04:10:00+00:00,2026-05-22 04:40:00+00:00,77876.69,77692.58,-0.0023641220498714643,-0.0023641220498714643,6,fixed_6b_exit,0,77829.71,3,0.6822462147446999,30.31293999999984,25.820959999999992,0.7105965942162483,74.53341999999985,-44.416160000000005,-0.0008435531664092721,False,fixed_6b,no_cost
breakout_forced_cover_signal,fixed_horizon,6,6192,6193,6199,2026-05-22 12:00:00+00:00,2026-05-22 12:05:00+00:00,2026-05-22 12:35:00+00:00,77437.02,77453.28,0.0002099770884778085,0.0002099770884778085,6,fixed_6b_exit,0,77430.55,3,0.6582622964105065,15.46673999999985,7.717740000000003,0.39313254975759604,-12.248040000000149,13.030380000000001,-0.0006337532047693273,True,fixed_6b,no_cost
breakout_forced_cover_signal,fixed_horizon,6,6250,6251,6257,2026-05-22 16:50:00+00:00,2026-05-22 16:55:00+00:00,2026-05-22 17:25:00+00:00,76999.46,77060.14,0.0007880574746887969,0.0007880574746887969,6,fixed_6b_exit,0,76975.1,5,0.7377154300753295,95.95592999999985,40.94180000000001,0.4570672019247461,-12.081480000000163,17.928110000000004,0.0001538048359692734,True,fixed_6b,no_cost
breakout_forced_cover_signal,fixed_horizon,6,6380,6381,6387,2026-05-23 03:40:00+00:00,2026-05-23 03:45:00+00:00,2026-05-23 04:15:00+00:00,75662.12,75585.61,-0.0010112061359104363,-0.0010112061359104363,6,fixed_6b_exit,0,75658.0,3,0.6885112783711196,12.266869999999827,93.74140999999999,0.43887581036968515,-4.168880000000169,0.7151800000000001,-0.0008575568283349932,False,fixed_6b,no_cost
breakout_forced_cover_signal,fixed_horizon,6,6492,6493,6499,2026-05-23 13:00:00+00:00,2026-05-23 13:05:00+00:00,2026-05-23 13:35:00+00:00,74944.85,74939.91,-6.591513626352796e-05,-6.591513626352796e-05,6,fixed_6b_exit,0,74798.41,4,0.7416657913015392,83.5584799999998,37.47824000000001,0.5671302285928187,28.299539999999794,-0.029330000000001633,-0.0009234154386232873,False,fixed_6b,no_cost
breakout_forced_cover_signal,fixed_horizon,6,6502,6503,6509,2026-05-23 13:50:00+00:00,2026-05-23 13:55:00+00:00,2026-05-23 14:25:00+00:00,75251.2,75323.05,0.0009548020496683574,0.0009548020496683574,6,fixed_6b_exit,0,75161.35,4,0.558148918322728,35.3025699999998,37.00265,0.7109235394007554,82.82283999999981,66.4229,3.050493209166838e-05,True,fixed_6b,no_cost
breakout_forced_cover_signal,fixed_horizon,6,6510,6511,6517,2026-05-23 14:30:00+00:00,2026-05-23 14:35:00+00:00,2026-05-23 15:05:00+00:00,75372.11,75606.18,0.003105525372714135,0.003105525372714135,6,fixed_6b_exit,0,75350.0,3,0.6284322368783357,51.774039999999815,-31.0488,0.7295379153714879,151.04136999999977,13.713989999999995,0.0031361250386463535,True,fixed_6b,no_cost
breakout_forced_cover_signal,fixed_horizon,6,6554,6555,6561,2026-05-23 18:10:00+00:00,2026-05-23 18:15:00+00:00,2026-05-23 18:45:00+00:00,75700.09,75782.38,0.001087052868761651,0.001087052868761651,6,fixed_6b_exit,0,75576.11,3,0.682508194549038,42.2564799999998,31.215210000000006,0.3820503899003515,-23.3838900000002,-32.51382999999999,0.004226587041127994,True,fixed_6b,no_cost
breakout_forced_cover_signal,fixed_horizon,6,6578,6579,6585,2026-05-23 20:10:00+00:00,2026-05-23 20:15:00+00:00,2026-05-23 20:45:00+00:00,76085.84,76840.68,0.00992089986783351,0.00992089986783351,6,fixed_6b_exit,0,76012.22,4,0.6961057276634325,63.068609999999794,26.554249999999996,0.5740390497876896,71.90430999999978,-53.23385000000002,0.014189418455779146,True,fixed_6b,no_cost
breakout_forced_cover_signal,fixed_horizon,6,6633,6634,6640,2026-05-24 00:45:00+00:00,2026-05-24 00:50:00+00:00,2026-05-24 01:20:00+00:00,76864.96,76906.46,0.000539907911225157,0.000539907911225157,6,fixed_6b_exit,0,76822.0,3,0.7622102518646103,57.7784799999998,44.1729,0.7179496081728313,22.4737299999998,29.86841,0.01473698734628437,True,fixed_6b,no_cost
breakout_forced_cover_signal,fixed_horizon,6,6694,6695,6701,2026-05-24 05:50:00+00:00,2026-05-24 05:55:00+00:00,2026-05-24 06:25:00+00:00,76823.62,76743.0,-0.001049416832999972,-0.001049416832999972,6,fixed_6b_exit,0,76818.19,3,0.680781151604064,15.415949999999809,22.17713,0.42730128925786687,-4.156700000000193,-5.985539999999998,0.0136721052706954,False,fixed_6b,no_cost
breakout_forced_cover_signal,fixed_horizon,6,6706,6707,6713,2026-05-24 06:50:00+00:00,2026-05-24 06:55:00+00:00,2026-05-24 07:25:00+00:00,77013.06,76898.79,-0.0014837743104871848,-0.0014837743104871848,6,fixed_6b_exit,0,76917.56,3,0.6560857527332166,27.83337999999981,39.33605,0.41681922007745864,-2.9198500000001957,1.7212800000000001,0.012168044641637232,False,fixed_6b,no_cost
breakout_forced_cover_signal,fixed_horizon,6,6733,6734,6740,2026-05-24 09:05:00+00:00,2026-05-24 09:10:00+00:00,2026-05-24 09:40:00+00:00,76879.38,76987.2,0.0014024566795411975,0.0014024566795411975,6,fixed_6b_exit,0,76861.77,3,0.6014247859497267,10.558019999999809,9.773780000000002,0.6351910450603243,17.578969999999813,-56.174220000000005,0.013587566476663149,True,fixed_6b,no_cost
breakout_forced_cover_signal,fixed_horizon,6,6749,6750,6756,2026-05-24 10:25:00+00:00,2026-05-24 10:30:00+00:00,2026-05-24 11:00:00+00:00,77239.99,77289.99,0.0006473330718970161,0.0006473330718970161,6,fixed_6b_exit,0,77046.67,5,0.6430712318171516,163.53654999999978,155.92925999999997,0.49739485350263657,-0.49395000000016687,16.316680000000005,0.014243695229707143,True,fixed_6b,no_cost
breakout_forced_cover_signal,fixed_horizon,6,6816,6817,6823,2026-05-24 16:00:00+00:00,2026-05-24 16:05:00+00:00,2026-05-24 16:35:00+00:00,76568.69,76515.19,-0.0006987190194843729,-0.0006987190194843729,6,fixed_6b_exit,0,76539.38,4,0.5581474276006726,20.316409999999827,21.17819,0.38474529050023554,-14.652730000000169,-8.439409999999999,0.01353502386945804,False,fixed_6b,no_cost
breakout_forced_cover_signal,fixed_horizon,6,6861,6862,6868,2026-05-24 19:45:00+00:00,2026-05-24 19:50:00+00:00,2026-05-24 20:20:00+00:00,76756.93,76672.67,-0.0010977510434562188,-0.0010977510434562188,6,fixed_6b_exit,0,76745.42,3,0.6767885865066111,7.33777999999983,2.41451,0.3427476369025485,-7.4869800000001705,0.4779100000000023,0.012422414739425847,False,fixed_6b,no_cost
breakout_forced_cover_signal,fixed_horizon,6,6889,6890,6896,2026-05-24 22:05:00+00:00,2026-05-24 22:10:00+00:00,2026-05-24 22:40:00+00:00,76900.96,76782.63,-0.0015387324163443905,-0.0015387324163443905,6,fixed_6b_exit,0,76738.77,5,0.6009663816084865,54.27505999999982,36.85607000000001,0.3553345907359653,-21.994680000000173,5.96631,0.010864567550832538,False,fixed_6b,no_cost
breakout_forced_cover_signal,fixed_horizon,6,6937,6938,6944,2026-05-25 02:05:00+00:00,2026-05-25 02:10:00+00:00,2026-05-25 02:40:00+00:00,77398.68,77164.23,-0.003029121426877057,-0.003029121426877057,6,fixed_6b_exit,0,77245.67,4,0.5518175139584932,20.648129999999817,49.45327999999999,0.5273961163676535,1.3647999999998262,17.365249999999996,0.007802536029593465,False,fixed_6b,no_cost
breakout_forced_cover_signal,fixed_horizon,6,6965,6966,6972,2026-05-25 04:25:00+00:00,2026-05-25 04:30:00+00:00,2026-05-25 05:00:00+00:00,77175.43,77340.0,0.0021324144225696173,0.0021324144225696173,6,fixed_6b_exit,0,77122.77,3,0.6044520104665827,10.409889999999828,4.07109,0.6451796090815651,33.77663999999983,-11.816189999999992,0.009951588692525215,True,fixed_6b,no_cost
breakout_forced_cover_signal,fixed_horizon,6,6985,6986,6992,2026-05-25 06:05:00+00:00,2026-05-25 06:10:00+00:00,2026-05-25 06:40:00+00:00,77577.27,77413.03,-0.002117114974528045,-0.002117114974528045,6,fixed_6b_exit,0,77498.0,5,0.7107347159286511,81.97657999999983,86.86487,0.613062038710748,11.110999999999828,-2.276880000000002,0.007813405060555834,False,fixed_6b,no_cost
breakout_forced_cover_signal,fixed_horizon,6,7019,7020,7026,2026-05-25 08:55:00+00:00,2026-05-25 09:00:00+00:00,2026-05-25 09:30:00+00:00,77456.94,77627.18,0.0021978663241795093,0.0021978663241795093,6,fixed_6b_exit,0,77430.0,3,0.6370541133040555,22.792649999999835,11.157880000000006,0.65880101313977,40.407949999999815,34.87216999999998,0.010028444204595033,True,fixed_6b,no_cost
breakout_forced_cover_signal,fixed_horizon,6,7081,7082,7088,2026-05-25 14:05:00+00:00,2026-05-25 14:10:00+00:00,2026-05-25 14:40:00+00:00,77472.8,77577.32,0.0013491186584195791,0.0013491186584195791,6,fixed_6b_exit,0,77450.0,3,0.628483430287078,25.97751999999982,16.893330000000006,0.28627114548517124,-60.58839000000019,-48.56773000000001,0.011391092424205995,True,fixed_6b,no_cost
breakout_forced_cover_signal,fixed_horizon,6,7089,7090,7096,2026-05-25 14:45:00+00:00,2026-05-25 14:50:00+00:00,2026-05-25 15:20:00+00:00,77706.05,77619.77,-0.0011103382555154306,-0.0011103382555154306,6,fixed_6b_exit,0,77620.0,3,0.3835635123375827,-53.19859000000019,7.389800000000001,0.49551759234880743,-1.9609100000001973,-37.66028000000001,0.010268106202999894,False,fixed_6b,no_cost
breakout_forced_cover_signal,fixed_horizon,6,7112,7113,7119,2026-05-25 16:40:00+00:00,2026-05-25 16:45:00+00:00,2026-05-25 17:15:00+00:00,77683.6,77649.49,-0.00043908881668719424,-0.00043908881668719424,6,fixed_6b_exit,0,77679.71,3,0.7383996599312078,26.762659999999812,13.41396,0.29618444561788354,-53.81327000000019,0.9088100000000026,0.009824508775710505,False,fixed_6b,no_cost
breakout_forced_cover_signal,fixed_horizon,6,7253,7254,7260,2026-05-26 04:25:00+00:00,2026-05-26 04:30:00+00:00,2026-05-26 05:00:00+00:00,76741.99,76764.96,0.00029931462553944854,0.00029931462553944854,6,fixed_6b_exit,0,76705.71,4,0.7318280258303019,48.160069999999806,14.281849999999991,0.5055910556971679,0.4517099999998164,5.372500000000001,0.010126764020415235,True,fixed_6b,no_cost
breakout_forced_cover_signal,fixed_horizon,6,7263,7264,7270,2026-05-26 05:15:00+00:00,2026-05-26 05:20:00+00:00,2026-05-26 05:50:00+00:00,76848.72,76853.22,5.8556603154791276e-05,5.8556603154791276e-05,6,fixed_6b_exit,0,76836.0,4,0.5338817960717224,10.21394999999982,35.02477,0.2016849098289389,-92.8186700000002,-22.177390000000017,0.010185913612472008,True,fixed_6b,no_cost
breakout_forced_cover_signal,fixed_horizon,6,7279,7280,7286,2026-05-26 06:35:00+00:00,2026-05-26 06:40:00+00:00,2026-05-26 07:10:00+00:00,76990.01,76680.07,-0.004025717102777215,-0.004025717102777215,6,fixed_6b_exit,0,76989.23,3,0.4653705856910158,-17.62666000000018,16.149629999999995,0.2871488283910121,-31.268680000000185,-29.00018,0.00611919090305757,False,fixed_6b,no_cost
breakout_forced_cover_signal,fixed_horizon,6,7298,7299,7305,2026-05-26 08:10:00+00:00,2026-05-26 08:15:00+00:00,2026-05-26 08:45:00+00:00,76794.11,76761.2,-0.00042854849154450037,-0.00042854849154450037,6,fixed_6b_exit,0,76770.01,3,0.6067631986222011,10.05239999999981,19.31418,0.43124696460379913,-7.208500000000187,-6.47232,0.005688020041482167,False,fixed_6b,no_cost
breakout_forced_cover_signal,fixed_horizon,6,7323,7324,7330,2026-05-26 10:15:00+00:00,2026-05-26 10:20:00+00:00,2026-05-26 10:50:00+00:00,76896.01,77475.48,0.007535761608437275,0.007535761608437275,6,fixed_6b_exit,0,76804.0,4,0.7307012886810154,50.71134999999981,19.234260000000003,0.6403066474356778,70.12782999999982,-17.34405000000001,0.013266645212976158,True,fixed_6b,no_cost
breakout_forced_cover_signal,fixed_horizon,6,7483,7484,7490,2026-05-26 23:35:00+00:00,2026-05-26 23:40:00+00:00,2026-05-27 00:10:00+00:00,75952.9,75981.36,0.0003747059032637168,0.0003747059032637168,6,fixed_6b_exit,0,75945.02,3,0.6344168346113561,24.962009999999776,7.156710000000004,0.47000849777076226,-19.438180000000237,18.521980000000006,0.013646322206517736,True,fixed_6b,no_cost
breakout_forced_cover_signal,fixed_horizon,6,7499,7500,7506,2026-05-27 00:55:00+00:00,2026-05-27 01:00:00+00:00,2026-05-27 01:30:00+00:00,76085.0,75863.99,-0.0029047775514227103,-0.0029047775514227103,6,fixed_6b_exit,0,76066.93,5,0.6801962436471911,105.91492999999974,8.013209999999987,0.4680346309209356,-5.745380000000225,34.32454,0.010701905124690159,False,fixed_6b,no_cost
breakout_forced_cover_signal,fixed_horizon,6,7524,7525,7531,2026-05-27 03:00:00+00:00,2026-05-27 03:05:00+00:00,2026-05-27 03:35:00+00:00,75924.39,75752.44,-0.002264753131371866,-0.002264753131371866,6,fixed_6b_exit,0,75890.59,3,0.6372275750420404,48.51650999999976,20.193089999999998,0.5289914463055992,4.331789999999774,0.8891099999999952,0.008412914820175477,False,fixed_6b,no_cost
breakout_forced_cover_signal,fixed_horizon,6,7561,7562,7568,2026-05-27 06:05:00+00:00,2026-05-27 06:10:00+00:00,2026-05-27 06:40:00+00:00,75800.0,75826.66,0.0003517150395779822,0.0003517150395779822,6,fixed_6b_exit,0,75750.02,4,0.6160448993480216,55.63081999999976,71.81141,0.39029785354912355,-26.21351000000022,13.545520000000003,0.008767588808422433,True,fixed_6b,no_cost
breakout_forced_cover_signal,fixed_horizon,6,7578,7579,7585,2026-05-27 07:30:00+00:00,2026-05-27 07:35:00+00:00,2026-05-27 08:05:00+00:00,75938.37,75932.7,-7.466581123616312e-05,-7.466581123616312e-05,6,fixed_6b_exit,0,75900.0,3,0.6717369252321229,31.513529999999786,26.445150000000005,0.5781451328608281,13.752539999999765,-26.767970000000002,0.008692268358055255,False,fixed_6b,no_cost
breakout_forced_cover_signal,fixed_horizon,6,7612,7613,7619,2026-05-27 10:20:00+00:00,2026-05-27 10:25:00+00:00,2026-05-27 10:55:00+00:00,76006.58,75909.82,-0.0012730476756090958,-0.0012730476756090958,6,fixed_6b_exit,0,76000.0,3,0.6850059627995705,21.281209999999767,4.082090000000004,0.8174856626291684,104.94005999999978,-10.533640000000005,0.00740815501041725,False,fixed_6b,no_cost
breakout_forced_cover_signal,fixed_horizon,6,7671,7672,7678,2026-05-27 15:15:00+00:00,2026-05-27 15:20:00+00:00,2026-05-27 15:50:00+00:00,75221.08,75276.15,0.000732108605725923,0.000732108605725923,6,fixed_6b_exit,0,75172.87,3,0.6234161388794356,43.24501999999979,40.585409999999996,0.5754489452816749,36.38804999999978,26.26462999999999,0.00814568719017883,True,fixed_6b,no_cost
breakout_forced_cover_signal,fixed_horizon,6,7716,7717,7723,2026-05-27 19:00:00+00:00,2026-05-27 19:05:00+00:00,2026-05-27 19:35:00+00:00,75051.9,75054.01,2.8113878529412162e-05,2.8113878529412162e-05,6,fixed_6b_exit,0,75032.01,3,0.7019501613946663,57.10097999999979,1.5047599999999974,0.4000797880731509,-84.8121300000002,-220.23208,0.008174030075568384,True,fixed_6b,no_cost
breakout_forced_cover_signal,fixed_horizon,6,7730,7731,7737,2026-05-27 20:10:00+00:00,2026-05-27 20:15:00+00:00,2026-05-27 20:45:00+00:00,75309.32,75290.22,-0.000253620667402199,-0.000253620667402199,6,fixed_6b_exit,0,75272.0,3,0.6035204409029795,27.49581999999978,1.5798099999999948,0.5942927868819601,9.036899999999786,2.0366,0.00791833630520311,False,fixed_6b,no_cost
breakout_forced_cover_signal,fixed_horizon,6,7857,7858,7864,2026-05-28 06:45:00+00:00,2026-05-28 06:50:00+00:00,2026-05-28 07:20:00+00:00,73145.24,73311.58,0.002274105601403509,0.002274105601403509,6,fixed_6b_exit,0,73077.55,4,0.5387033420175219,28.201779999999765,76.24571999999998,0.40280841690459235,-36.79858000000022,-69.71482,0.010210449039552039,True,fixed_6b,no_cost
breakout_forced_cover_signal,fixed_horizon,6,7868,7869,7875,2026-05-28 07:40:00+00:00,2026-05-28 07:45:00+00:00,2026-05-28 08:15:00+00:00,73502.01,73438.78,-0.0008602485836781693,-0.0008602485836781693,6,fixed_6b_exit,0,73472.74,4,0.7538510670338878,131.31438999999978,80.04998,0.5670731609859737,13.42889999999977,65.03633999999998,0.009341416931548885,False,fixed_6b,no_cost
breakout_forced_cover_signal,fixed_horizon,6,7891,7892,7898,2026-05-28 09:35:00+00:00,2026-05-28 09:40:00+00:00,2026-05-28 10:10:00+00:00,73442.4,73579.66,0.0018689476378768166,0.0018689476378768166,6,fixed_6b_exit,0,73418.76,3,0.6874986686543604,44.71477999999977,17.198049999999995,0.6064881943826348,16.750379999999776,41.093050000000005,0.011227823188534325,True,fixed_6b,no_cost
breakout_forced_cover_signal,fixed_horizon,6,7918,7919,7925,2026-05-28 11:50:00+00:00,2026-05-28 11:55:00+00:00,2026-05-28 12:25:00+00:00,73531.22,73378.41,-0.0020781648937688857,-0.0020781648937688857,6,fixed_6b_exit,0,73517.65,3,0.6153738073092846,15.84793999999977,13.402090000000001,0.4627113059715866,-8.55154000000023,21.66007,0.009126325026781679,False,fixed_6b,no_cost
breakout_forced_cover_signal,fixed_horizon,6,7947,7948,7954,2026-05-28 14:15:00+00:00,2026-05-28 14:20:00+00:00,2026-05-28 14:50:00+00:00,73479.58,72959.14,-0.0070827840877697446,-0.0070827840877697446,6,fixed_6b_exit,0,73338.35,4,0.5708889872528559,134.5526399999998,114.5762,0.6214265965632124,110.45522999999974,110.22965999999998,0.0019789011493325237,False,fixed_6b,no_cost
breakout_forced_cover_signal,fixed_horizon,6,7987,7988,7994,2026-05-28 17:35:00+00:00,2026-05-28 17:40:00+00:00,2026-05-28 18:10:00+00:00,73520.0,73638.76,0.0016153427638736506,0.0016153427638736506,6,fixed_6b_exit,0,73500.0,3,0.6788359005762976,46.573739999999795,21.384430000000002,0.6916939973292732,73.21438999999978,151.97282,0.0035974405168581747,True,fixed_6b,no_cost
breakout_forced_cover_signal,fixed_horizon,6,8020,8021,8027,2026-05-28 20:20:00+00:00,2026-05-28 20:25:00+00:00,2026-05-28 20:55:00+00:00,73598.39,73579.99,-0.0002500054688695519,-0.0002500054688695519,6,fixed_6b_exit,0,73593.26,3,0.6442521616338373,43.337699999999785,2.577529999999996,0.4814313336537181,-2.7425300000002117,-4.98377,0.0033465356681854352,False,fixed_6b,no_cost
breakout_forced_cover_signal,fixed_horizon,6,8032,8033,8039,2026-05-28 21:20:00+00:00,2026-05-28 21:25:00+00:00,2026-05-28 21:55:00+00:00,73745.34,73817.31,0.0009759260720745289,0.0009759260720745289,6,fixed_6b_exit,0,73734.0,3,0.6188938397612245,19.444989999999795,2.9828300000000034,0.43399254671419085,-12.984540000000209,-22.968749999999993,0.004325727711669725,True,fixed_6b,no_cost
breakout_forced_cover_signal,fixed_horizon,6,8077,8078,8084,2026-05-29 01:05:00+00:00,2026-05-29 01:10:00+00:00,2026-05-29 01:40:00+00:00,73860.0,73526.01,-0.0045219333874899625,-0.0045219333874899625,6,fixed_6b_exit,0,73854.77,3,0.7490547912466613,55.52299999999978,19.215309999999988,0.3266094410804357,-57.7314200000002,6.673310000000001,-0.00021576632838482546,False,fixed_6b,no_cost
breakout_forced_cover_signal,fixed_horizon,6,8121,8122,8128,2026-05-29 04:45:00+00:00,2026-05-29 04:50:00+00:00,2026-05-29 05:20:00+00:00,73444.9,73552.02,0.0014585083511586827,0.0014585083511586827,6,fixed_6b_exit,0,73440.67,3,0.6805301987686335,16.14764999999978,2.7945699999999967,0.4823333897374487,-10.9207600000002,-148.69265,0.0012424273257820584,True,fixed_6b,no_cost
breakout_forced_cover_signal,fixed_horizon,6,8133,8134,8140,2026-05-29 05:45:00+00:00,2026-05-29 05:50:00+00:00,2026-05-29 06:20:00+00:00,73681.31,73836.32,0.002103789957046187,0.002103789957046187,6,fixed_6b_exit,0,73638.45,3,0.7097494236595623,64.67638999999978,59.23505,0.6731039235091834,34.42542999999978,15.241080000000004,0.0033488310889586703,True,fixed_6b,no_cost
breakout_forced_cover_signal,fixed_horizon,6,8244,8245,8251,2026-05-29 15:00:00+00:00,2026-05-29 15:05:00+00:00,2026-05-29 15:35:00+00:00,73313.94,74110.93,0.010870920318836852,0.010870920318836852,6,fixed_6b_exit,0,73198.17,5,0.6500951573594487,139.25828999999976,35.74498,0.6700885234598339,193.63663999999977,51.635980000000046,0.014256156283724897,True,fixed_6b,no_cost
breakout_forced_cover_signal,fixed_horizon,6,8308,8309,8315,2026-05-29 20:20:00+00:00,2026-05-29 20:25:00+00:00,2026-05-29 20:55:00+00:00,73744.0,73673.61,-0.0009545183336949759,-0.0009545183336949759,6,fixed_6b_exit,0,73727.95,3,0.6265598181076273,12.009979999999771,4.509649999999999,0.49156399104203763,-0.41263000000022654,0.7232600000000007,0.013288030187489142,False,fixed_6b,no_cost
breakout_forced_cover_signal,fixed_horizon,6,8318,8319,8325,2026-05-29 21:10:00+00:00,2026-05-29 21:15:00+00:00,2026-05-29 21:45:00+00:00,73804.14,73497.53,-0.004154373995821969,-0.004154373995821969,6,fixed_6b_exit,0,73768.0,3,0.7314596241210638,51.89271999999977,39.20788,0.5953236452608046,14.611459999999774,6.008810000000004,0.009078452744600618,False,fixed_6b,no_cost
breakout_forced_cover_signal,fixed_horizon,6,8386,8387,8393,2026-05-30 02:50:00+00:00,2026-05-30 02:55:00+00:00,2026-05-30 03:25:00+00:00,73773.98,73664.19,-0.0014881940760141932,-0.0014881940760141932,6,fixed_6b_exit,0,73727.0,3,0.6570633160262253,30.714899999999755,16.296219999999998,0.2581288450211921,-46.19116000000024,-14.388359999999999,0.007576748168992564,False,fixed_6b,no_cost
breakout_forced_cover_signal,fixed_horizon,6,8413,8414,8420,2026-05-30 05:05:00+00:00,2026-05-30 05:10:00+00:00,2026-05-30 05:40:00+00:00,73516.62,73579.25,0.0008519162061586538,0.0008519162061586538,6,fixed_6b_exit,0,73510.01,3,0.7079898285255124,90.31788999999976,79.42671000000001,0.4426412692662752,-4.560260000000257,3.0590300000000017,0.008435119129706292,True,fixed_6b,no_cost
breakout_forced_cover_signal,fixed_horizon,6,8430,8431,8437,2026-05-30 06:30:00+00:00,2026-05-30 06:35:00+00:00,2026-05-30 07:05:00+00:00,73677.49,73537.34,-0.001902209209352912,-0.001902209209352912,6,fixed_6b_exit,0,73635.0,3,0.6394581041587676,16.64615999999975,8.306080000000001,0.3487295458401265,-25.16181000000026,-21.781290000000006,0.006516864559062974,False,fixed_6b,no_cost
breakout_forced_cover_signal,fixed_horizon,6,8470,8471,8477,2026-05-30 09:50:00+00:00,2026-05-30 09:55:00+00:00,2026-05-30 10:25:00+00:00,73612.43,73630.08,0.00023976928896396466,0.00023976928896396466,6,fixed_6b_exit,0,73579.08,3,0.6158728203306355,8.089069999999744,5.0245700000000015,0.410763268527237,-14.600400000000255,-15.503079999999999,0.006758196392008475,True,fixed_6b,no_cost
breakout_forced_cover_signal,fixed_horizon,6,8509,8510,8516,2026-05-30 13:05:00+00:00,2026-05-30 13:10:00+00:00,2026-05-30 13:40:00+00:00,73765.81,73748.0,-0.00024143976728507877,-0.00024143976728507877,6,fixed_6b_exit,0,73736.0,3,0.7180563684150559,30.79009999999973,19.825329999999997,0.47726637213871914,-2.1398200000002685,10.716020000000002,0.006515124927359173,False,fixed_6b,no_cost
breakout_forced_cover_signal,fixed_horizon,6,8520,8521,8527,2026-05-30 14:00:00+00:00,2026-05-30 14:05:00+00:00,2026-05-30 14:35:00+00:00,73906.0,74034.83,0.00174316023056309,0.00174316023056309,6,fixed_6b_exit,0,73837.06,3,0.8335511483369898,69.05880999999972,48.066739999999996,0.5861112988788676,35.21069999999973,-1.9277700000000024,0.008269642064592686,True,fixed_6b,no_cost
breakout_forced_cover_signal,fixed_horizon,6,8560,8561,8567,2026-05-30 17:20:00+00:00,2026-05-30 17:25:00+00:00,2026-05-30 17:55:00+00:00,74012.98,74020.07,9.579400802417481e-05,9.579400802417481e-05,6,fixed_6b_exit,0,73985.84,4,0.8852456564740497,106.13194999999973,115.24791,0.6141461235886493,6.665119999999731,9.4005,0.008366228254775177,True,fixed_6b,no_cost
breakout_forced_cover_signal,fixed_horizon,6,8571,8572,8578,2026-05-30 18:15:00+00:00,2026-05-30 18:20:00+00:00,2026-05-30 18:50:00+00:00,74059.99,74020.0,-0.0005399676667523501,-0.0005399676667523501,6,fixed_6b_exit,0,74047.26,3,0.6462969682610368,12.732309999999728,15.42029,0.46943041807657215,-2.6742900000002665,-4.057310000000001,0.007821743095272504,False,fixed_6b,no_cost
breakout_forced_cover_signal,fixed_horizon,6,8651,8652,8658,2026-05-31 00:55:00+00:00,2026-05-31 01:00:00+00:00,2026-05-31 01:30:00+00:00,74038.2,74194.73,0.0021141788968397357,0.0021141788968397357,6,fixed_6b_exit,0,74028.0,3,0.697771422483158,17.634189999999727,0.7743099999999998,0.5296437352720654,7.128929999999723,-21.125800000000005,0.00995245855630067,True,fixed_6b,no_cost
breakout_forced_cover_signal,fixed_horizon,6,8825,8826,8832,2026-05-31 15:25:00+00:00,2026-05-31 15:30:00+00:00,2026-05-31 16:00:00+00:00,73748.66,73688.99,-0.0008090994466882773,-0.0008090994466882773,6,fixed_6b_exit,0,73742.0,3,0.7170075872737713,28.465379999999723,20.5799,0.21056103304236523,-42.24683000000027,5.352170000000001,0.009135306580901226,False,fixed_6b,no_cost
breakout_forced_cover_signal,fixed_horizon,6,8850,8851,8857,2026-05-31 17:30:00+00:00,2026-05-31 17:35:00+00:00,2026-05-31 18:05:00+00:00,73660.25,73632.87,-0.00037170658530216727,-0.00037170658530216727,6,fixed_6b_exit,0,73610.36,3,0.7465909592783798,16.415209999999725,13.225670000000001,0.5059296214537568,0.9824299999997201,-15.763330000000007,0.008760204341984101,False,fixed_6b,no_cost
breakout_forced_cover_signal,fixed_horizon,6,8881,8882,8888,2026-05-31 20:05:00+00:00,2026-05-31 20:10:00+00:00,2026-05-31 20:40:00+00:00,73688.27,73692.84,6.201801182181832e-05,6.201801182181832e-05,6,fixed_6b_exit,0,73657.32,5,0.7985716265210122,175.48243999999974,59.07723,0.434157024604896,-7.3905000000002685,12.847559999999994,0.00882276564426232,True,fixed_6b,no_cost
breakout_forced_cover_signal,fixed_horizon,6,8901,8902,8908,2026-05-31 21:45:00+00:00,2026-05-31 21:50:00+00:00,2026-05-31 22:20:00+00:00,73850.0,73863.03,0.0001764387271496748,0.0001764387271496748,6,fixed_6b_exit,0,73760.0,4,0.5885757977846153,20.00626999999973,6.446759999999999,0.6462355659794436,20.316319999999727,-13.058060000000005,0.0090007610489522,True,fixed_6b,no_cost
breakout_forced_cover_signal,fixed_horizon,6,8910,8911,8917,2026-05-31 22:30:00+00:00,2026-05-31 22:35:00+00:00,2026-05-31 23:05:00+00:00,73997.56,73990.0,-0.00010216553086339619,-0.00010216553086339619,6,fixed_6b_exit,0,73996.0,3,0.6128087082948424,13.70239999999973,8.550410000000003,0.6338762277503993,44.91898999999974,-7.9699700000000036,0.008897675950558126,False,fixed_6b,no_cost
breakout_forced_cover_signal,fixed_horizon,6,9035,9036,9042,2026-06-01 08:55:00+00:00,2026-06-01 09:00:00+00:00,2026-06-01 09:30:00+00:00,72902.64,72993.64,0.0012482401186020287,0.0012482401186020287,6,fixed_6b_exit,0,72865.58,4,0.7317682861651428,59.93055999999973,109.96245,0.5325592914498196,15.698449999999735,5.016929999999999,0.010157022505243862,True,fixed_6b,no_cost
breakout_forced_cover_signal,fixed_horizon,6,9129,9130,9136,2026-06-01 16:45:00+00:00,2026-06-01 16:50:00+00:00,2026-06-01 17:20:00+00:00,71379.77,71545.68,0.0023243280273947953,0.0023243280273947953,6,fixed_6b_exit,0,71356.0,3,0.5819339098730052,133.02346999999975,-207.13461000000007,0.6233784913838664,40.45236999999965,4.242449999999998,0.012504958784722575,True,fixed_6b,no_cost
breakout_forced_cover_signal,fixed_horizon,6,9137,9138,9144,2026-06-01 17:25:00+00:00,2026-06-01 17:30:00+00:00,2026-06-01 18:00:00+00:00,71733.32,71600.01,-0.0018584111260988578,-0.0018584111260988578,6,fixed_6b_exit,0,71656.6,3,0.6784677384304081,73.91169999999966,33.45933000000001,0.6024801703021109,34.58021999999967,-16.23926999999999,0.010623308304086754,False,fixed_6b,no_cost
breakout_forced_cover_signal,fixed_horizon,6,9197,9198,9204,2026-06-01 22:25:00+00:00,2026-06-01 22:30:00+00:00,2026-06-01 23:00:00+00:00,71284.29,71382.0,0.0013707087494314596,0.0013707087494314596,6,fixed_6b_exit,0,71230.0,4,0.8120380680717295,211.10087999999968,59.037830000000014,0.5196900069677711,4.733329999999675,-27.278169999999996,0.012008578515158463,True,fixed_6b,no_cost
breakout_forced_cover_signal,fixed_horizon,6,9211,9212,9218,2026-06-01 23:35:00+00:00,2026-06-01 23:40:00+00:00,2026-06-02 00:10:00+00:00,71510.0,71268.01,-0.0033840022374493905,-0.0033840022374493905,6,fixed_6b_exit,0,71470.0,3,0.6423072683324534,64.13495999999967,66.38514999999998,0.4281322989760736,-32.15300000000033,16.80529,0.008583939221145087,False,fixed_6b,no_cost
breakout_forced_cover_signal,fixed_horizon,6,9270,9271,9277,2026-06-02 04:30:00+00:00,2026-06-02 04:35:00+00:00,2026-06-02 05:05:00+00:00,71029.99,70682.01,-0.00489905742630703,-0.00489905742630703,6,fixed_6b_exit,0,71028.25,3,0.6132697817007485,27.61560999999966,16.302759999999992,0.40255366661089714,-31.719450000000343,-2.1985699999999895,0.0036428285836498375,False,fixed_6b,no_cost
breakout_forced_cover_signal,fixed_horizon,6,9338,9339,9345,2026-06-02 10:10:00+00:00,2026-06-02 10:15:00+00:00,2026-06-02 10:45:00+00:00,69658.0,69480.0,-0.0025553418128571037,-0.0025553418128571037,6,fixed_6b_exit,0,69654.58,5,0.6786696240439092,152.6611799999996,58.81557999999998,0.44913758294979805,-18.718580000000383,-14.560300000000005,0.0010781780985957834,False,fixed_6b,no_cost
breakout_forced_cover_signal,fixed_horizon,6,9466,9467,9473,2026-06-02 20:50:00+00:00,2026-06-02 20:55:00+00:00,2026-06-02 21:25:00+00:00,67613.34,67887.99,0.0040620682249983275,0.0040620682249983275,6,fixed_6b_exit,0,67498.0,3,0.6200388017562282,57.52691999999955,23.100269999999995,0.6584001042867933,60.80417999999954,44.367479999999986,0.005144625956589266,True,fixed_6b,no_cost
breakout_forced_cover_signal,fixed_horizon,6,9507,9508,9514,2026-06-03 00:15:00+00:00,2026-06-03 00:20:00+00:00,2026-06-03 00:50:00+00:00,67085.72,67024.59,-0.0009112222392485547,-0.0009112222392485547,6,fixed_6b_exit,0,66912.0,3,0.5548485860125352,50.51424999999954,109.22464,0.4939070214571006,-2.679870000000463,-25.42908,0.004228715819756479,False,fixed_6b,no_cost
breakout_forced_cover_signal,fixed_horizon,6,9582,9583,9589,2026-06-03 06:30:00+00:00,2026-06-03 06:35:00+00:00,2026-06-03 07:05:00+00:00,67464.87,67049.99,-0.006149570880370603,-0.006149570880370603,6,fixed_6b_exit,0,67398.28,4,0.6068361009032858,118.23899999999952,31.49897,0.4443249730518221,-23.642310000000457,33.558069999999994,-0.001946859848280691,False,fixed_6b,no_cost
breakout_forced_cover_signal,fixed_horizon,6,9625,9626,9632,2026-06-03 10:05:00+00:00,2026-06-03 10:10:00+00:00,2026-06-03 10:40:00+00:00,67440.01,67234.15,-0.0030524906505796645,-0.0030524906505796645,6,fixed_6b_exit,0,67322.0,3,0.6588534506491791,71.76840999999956,36.81833000000003,0.46673086717873785,-9.349830000000416,-4.444969999999998,-0.004993407727375443,False,fixed_6b,no_cost
breakout_forced_cover_signal,fixed_horizon,6,9765,9766,9772,2026-06-03 21:45:00+00:00,2026-06-03 21:50:00+00:00,2026-06-03 22:20:00+00:00,65774.77,65234.01,-0.008221389447656047,-0.008221389447656047,6,fixed_6b_exit,0,65720.01,5,0.6388608633749902,137.55079999999958,74.65532999999999,0.3813576444816891,-63.67558000000041,-9.375589999999988,-0.013173744425433842,False,fixed_6b,no_cost
breakout_forced_cover_signal,fixed_horizon,6,9942,9943,9949,2026-06-04 12:30:00+00:00,2026-06-04 12:35:00+00:00,2026-06-04 13:05:00+00:00,63492.86,63627.0,0.0021126784964482503,0.0021126784964482503,6,fixed_6b_exit,0,63400.0,3,0.5791372797162897,98.3216899999997,23.674859999999995,0.4484520500126265,-24.374210000000303,-15.34053999999999,-0.011088897815550891,True,fixed_6b,no_cost
breakout_forced_cover_signal,fixed_horizon,6,9955,9956,9962,2026-06-04 13:35:00+00:00,2026-06-04 13:40:00+00:00,2026-06-04 14:10:00+00:00,64150.0,64365.73,0.0033628994544037116,0.0033628994544037116,6,fixed_6b_exit,0,63966.48,5,0.6544134512071693,278.2434499999996,243.60024999999993,0.4769658465837116,-25.777610000000323,-61.4597,-0.007763289209561042,True,fixed_6b,no_cost
breakout_forced_cover_signal,fixed_horizon,6,10013,10014,10020,2026-06-04 18:25:00+00:00,2026-06-04 18:30:00+00:00,2026-06-04 19:00:00+00:00,63896.26,63713.84,-0.0028549401795974205,-0.0028549401795974205,6,fixed_6b_exit,0,63650.0,3,0.6490063826717783,98.9081599999997,60.98535,0.42555921641109185,-26.556090000000317,-40.52609000000001,-0.010596065662868304,False,fixed_6b,no_cost
breakout_forced_cover_signal,fixed_horizon,6,10025,10026,10032,2026-06-04 19:25:00+00:00,2026-06-04 19:30:00+00:00,2026-06-04 20:00:00+00:00,64128.0,63393.08,-0.011460204590818313,-0.011460204590818313,6,fixed_6b_exit,0,64110.28,3,0.6321457373917777,52.20812999999969,11.635489999999997,0.34223667827951004,-63.94031000000032,-13.49551000000001,-0.021934837173332444,False,fixed_6b,no_cost
breakout_forced_cover_signal,fixed_horizon,6,10133,10134,10140,2026-06-05 04:25:00+00:00,2026-06-05 04:30:00+00:00,2026-06-05 05:00:00+00:00,63240.32,63418.88,0.0028235151245281642,0.0028235151245281642,6,fixed_6b_exit,0,62980.0,3,0.6363642434260616,89.03503999999973,97.24917000000002,0.6029053192909841,95.20950999999972,-6.249759999999981,-0.019173255393317268,True,fixed_6b,no_cost
breakout_forced_cover_signal,fixed_horizon,6,10169,10170,10176,2026-06-05 07:25:00+00:00,2026-06-05 07:30:00+00:00,2026-06-05 08:00:00+00:00,62252.94,62873.96,0.009975753755565586,0.009975753755565586,6,fixed_6b_exit,0,62203.29,3,0.5833030952443384,86.53159999999971,52.9136,0.5706435064290614,99.14081999999974,-22.71456999999998,-0.009388769312247969,True,fixed_6b,no_cost
breakout_forced_cover_signal,fixed_horizon,6,10190,10191,10197,2026-06-05 09:10:00+00:00,2026-06-05 09:15:00+00:00,2026-06-05 09:45:00+00:00,63099.65,62838.01,-0.0041464572307453595,-0.0041464572307453595,6,fixed_6b_exit,0,62932.63,3,0.6059717724668084,78.2876599999997,84.65833,0.3940304537429625,-23.99482000000028,2.4363499999999974,-0.013496296412590758,False,fixed_6b,no_cost
breakout_forced_cover_signal,fixed_horizon,6,10317,10318,10324,2026-06-05 19:45:00+00:00,2026-06-05 19:50:00+00:00,2026-06-05 20:20:00+00:00,60215.48,60894.01,0.011268364878931347,0.011268364878931347,6,fixed_6b_exit,0,59972.0,3,0.515706892238713,21.315519999999736,35.86848999999998,0.49031358837980454,-11.882350000000216,-179.24836999999997,-0.0023800127261507376,True,fixed_6b,no_cost
breakout_forced_cover_signal,fixed_horizon,6,10332,10333,10339,2026-06-05 21:00:00+00:00,2026-06-05 21:05:00+00:00,2026-06-05 21:35:00+00:00,61832.0,61833.78,2.8787682753161903e-05,2.8787682753161903e-05,6,fixed_6b_exit,0,61787.01,4,0.5582104683874582,112.90935999999985,39.00491000000005,0.5265150263733369,17.094849999999767,69.7235,-0.0023512935584488748,True,fixed_6b,no_cost
breakout_forced_cover_signal,fixed_horizon,6,10432,10433,10439,2026-06-06 05:20:00+00:00,2026-06-06 05:25:00+00:00,2026-06-06 05:55:00+00:00,60818.92,60942.38,0.0020299604136344573,0.0020299604136344573,6,fixed_6b_exit,0,60302.21,5,0.6750756778087869,346.80122999999975,341.17591,0.5530337982279007,28.67759999999977,-2.1695100000000025,-0.0003261061776589358,True,fixed_6b,no_cost
breakout_forced_cover_signal,fixed_horizon,6,10469,10470,10476,2026-06-06 08:25:00+00:00,2026-06-06 08:30:00+00:00,2026-06-06 09:00:00+00:00,61402.0,61210.86,-0.003112927917657382,-0.003112927917657382,6,fixed_6b_exit,0,61166.1,3,0.705409680874278,96.46151999999977,90.58921000000002,0.4301480341338124,-18.489610000000248,5.537640000000003,-0.0034380189502917213,False,fixed_6b,no_cost
breakout_forced_cover_signal,fixed_horizon,6,10509,10510,10516,2026-06-06 11:45:00+00:00,2026-06-06 11:50:00+00:00,2026-06-06 12:20:00+00:00,60890.01,60874.85,-0.00024897351798769396,-0.00024897351798769396,6,fixed_6b_exit,0,60870.32,3,0.6595581757614367,42.04101999999975,11.53979,0.4200140400294601,-25.488350000000253,-37.6917,-0.0036861364926064066,False,fixed_6b,no_cost
breakout_forced_cover_signal,fixed_horizon,6,10522,10523,10529,2026-06-06 12:50:00+00:00,2026-06-06 12:55:00+00:00,2026-06-06 13:25:00+00:00,61121.99,60878.23,-0.003988090047460702,-0.003988090047460702,6,fixed_6b_exit,0,61100.0,3,0.6237904052574856,36.816189999999736,20.22264999999999,0.37565412165657475,-23.87320000000025,-14.59771,-0.007659525895807318,False,fixed_6b,no_cost
breakout_forced_cover_signal,fixed_horizon,6,10624,10625,10631,2026-06-06 21:20:00+00:00,2026-06-06 21:25:00+00:00,2026-06-06 21:55:00+00:00,60906.35,60751.21,-0.002547189250381887,-0.002547189250381887,6,fixed_6b_exit,0,60899.65,3,0.6628535657769388,35.115589999999756,11.18724000000001,0.46284814493616927,-4.267670000000258,-5.657370000000004,-0.010187204884164358,False,fixed_6b,no_cost
breakout_forced_cover_signal,fixed_horizon,6,10651,10652,10658,2026-06-06 23:35:00+00:00,2026-06-06 23:40:00+00:00,2026-06-07 00:10:00+00:00,60829.58,60811.46,-0.0002978813925725854,-0.0002978813925725854,6,fixed_6b_exit,0,60763.27,3,0.6668434657817612,18.42710999999975,0.009570000000003631,0.45470062109565573,-8.054900000000256,-20.843,-0.010482051697959571,False,fixed_6b,no_cost
breakout_forced_cover_signal,fixed_horizon,6,10668,10669,10675,2026-06-07 01:00:00+00:00,2026-06-07 01:05:00+00:00,2026-06-07 01:35:00+00:00,61064.93,61436.46,0.006084179577377613,0.006084179577377613,6,fixed_6b_exit,0,60987.99,4,0.7250065346994569,93.63938999999974,64.39902,0.5087040194619715,4.007199999999756,-61.26221999999997,-0.004461646805451691,True,fixed_6b,no_cost
breakout_forced_cover_signal,fixed_horizon,6,10712,10713,10719,2026-06-07 04:40:00+00:00,2026-06-07 04:45:00+00:00,2026-06-07 05:15:00+00:00,61741.18,61990.02,0.0040303732452149355,0.0040303732452149355,6,fixed_6b_exit,0,61732.0,3,0.6462334989543523,31.23548999999975,28.252440000000014,0.5502027260331417,34.478429999999754,22.746770000000005,-0.00044925566215103796,True,fixed_6b,no_cost
breakout_forced_cover_signal,fixed_horizon,6,10733,10734,10740,2026-06-07 06:25:00+00:00,2026-06-07 06:30:00+00:00,2026-06-07 07:00:00+00:00,61970.18,62146.87,0.002851210049736874,0.002851210049736874,6,fixed_6b_exit,0,61937.14,4,0.5603034751676296,56.01611999999973,16.94512000000001,0.37529661837028677,-114.47217000000026,77.09271000000001,0.002400673465327019,True,fixed_6b,no_cost
breakout_forced_cover_signal,fixed_horizon,6,10750,10751,10757,2026-06-07 07:50:00+00:00,2026-06-07 07:55:00+00:00,2026-06-07 08:25:00+00:00,62314.0,62536.59,0.0035720704817536753,0.0035720704817536753,6,fixed_6b_exit,0,62268.88,4,0.5140423681685155,9.73267999999976,94.78718000000002,0.6639686760105482,69.93346999999973,2.938559999999981,0.00598131932190249,True,fixed_6b,no_cost
breakout_forced_cover_signal,fixed_horizon,6,10761,10762,10768,2026-06-07 08:45:00+00:00,2026-06-07 08:50:00+00:00,2026-06-07 09:20:00+00:00,62766.05,62661.99,-0.0016579026400419528,-0.0016579026400419528,6,fixed_6b_exit,0,62666.0,5,0.7407200588024841,497.68979999999965,124.10871999999995,0.5692947722476037,51.10081999999977,-17.402659999999997,0.004313500236765799,False,fixed_6b,no_cost
breakout_forced_cover_signal,fixed_horizon,6,10796,10797,10803,2026-06-07 11:40:00+00:00,2026-06-07 11:45:00+00:00,2026-06-07 12:15:00+00:00,62679.99,62000.15,-0.010846204665954762,-0.010846204665954762,6,fixed_6b_exit,0,62665.98,3,0.6266063832112136,25.374149999999773,3.629639999999995,0.33063608379231096,-211.0350000000002,-47.481750000000034,-0.006579489535583516,False,fixed_6b,no_cost
breakout_forced_cover_signal,fixed_horizon,12,39,40,52,2026-05-01 03:15:00+00:00,2026-05-01 03:20:00+00:00,2026-05-01 04:20:00+00:00,77256.158142,77149.71697,-0.0013777694174794686,-0.0021777694174794685,12,fixed_12b_exit,0,76729.7,3,0.7869739978296629,151.45113,138.86171000000002,0.5780885796375681,14.101420000000005,-0.5421499999999959,-0.0021777694174794915,False,fixed_12b,with_cost
breakout_forced_cover_signal,fixed_horizon,12,98,99,111,2026-05-01 08:10:00+00:00,2026-05-01 08:15:00+00:00,2026-05-01 09:15:00+00:00,77265.439998,77314.24405800001,0.0006316415204685732,-0.0001683584795314268,12,fixed_12b_exit,0,77147.89,3,0.7791722363635174,116.18608,110.87657,0.5450581390331106,7.831209999999999,14.76238,-0.0023457612510630055,False,fixed_12b,with_cost
breakout_forced_cover_signal,fixed_horizon,12,124,125,137,2026-05-01 10:20:00+00:00,2026-05-01 10:25:00+00:00,2026-05-01 11:25:00+00:00,77424.251754,77367.153474,-0.0007374728035010047,-0.0015374728035010047,12,fixed_12b_exit,0,77377.91,3,0.6920287224066014,64.313,38.8061,0.6561862423550019,76.51901999999998,-4.217939999999999,-0.0038796275104370226,False,fixed_12b,with_cost
breakout_forced_cover_signal,fixed_horizon,12,147,148,160,2026-05-01 12:15:00+00:00,2026-05-01 12:20:00+00:00,2026-05-01 13:20:00+00:00,77706.678228,78324.53196,0.007951102094303053,0.007151102094303053,12,fixed_12b_exit,0,77677.77,3,0.6419618867039846,64.64678,24.54444,0.46255430116705015,-30.502590000000026,-21.52176,0.003243730971451031,True,fixed_12b,with_cost
breakout_forced_cover_signal,fixed_horizon,12,211,212,224,2026-05-01 17:35:00+00:00,2026-05-01 17:40:00+00:00,2026-05-01 18:40:00+00:00,78528.162492,78412.844294,-0.00146849479652289,-0.00226849479652289,12,fixed_12b_exit,0,78390.0,3,0.7373911477980973,74.10553999999998,25.792930000000013,0.5375989940636674,17.315469999999973,-29.465499999999995,0.0009678777880981482,False,fixed_12b,with_cost
breakout_forced_cover_signal,fixed_horizon,12,263,264,276,2026-05-01 21:55:00+00:00,2026-05-01 22:00:00+00:00,2026-05-01 23:00:00+00:00,78215.64,78130.71073199999,-0.0010858348534897866,-0.0018858348534897865,12,fixed_12b_exit,0,78190.98,3,0.7322119554585614,45.70058999999998,50.83796999999999,0.40088762617349927,-5.616500000000013,8.53136,-0.000919782323058338,False,fixed_12b,with_cost
breakout_forced_cover_signal,fixed_horizon,12,306,307,319,2026-05-02 01:30:00+00:00,2026-05-02 01:35:00+00:00,2026-05-02 02:35:00+00:00,78439.78482,78349.72692,-0.001148115082246326,-0.001948115082246326,12,fixed_12b_exit,0,78393.39,3,0.639542618442797,11.395239999999989,30.554000000000002,0.5477762391626224,2.9878399999999883,9.29628,-0.0028661055634887633,False,fixed_12b,with_cost
breakout_forced_cover_signal,fixed_horizon,12,369,370,382,2026-05-02 06:45:00+00:00,2026-05-02 06:50:00+00:00,2026-05-02 07:50:00+00:00,78315.64999800001,78218.40319000001,-0.001241728926497876,-0.002041728926497876,12,fixed_12b_exit,0,78288.0,3,0.6512873636863039,12.287949999999984,13.03249,0.7080276086326123,23.573309999999978,28.716059999999995,-0.004901982679351269,False,fixed_12b,with_cost
breakout_forced_cover_signal,fixed_horizon,12,437,438,450,2026-05-02 12:25:00+00:00,2026-05-02 12:30:00+00:00,2026-05-02 13:30:00+00:00,78258.508572,78291.808506,0.0004255119936174001,-0.00037448800638259993,12,fixed_12b_exit,0,78227.86,3,0.7715534839327687,32.84402999999999,10.500300000000003,0.649180582190227,7.769819999999987,7.74465,-0.005274634952012969,False,fixed_12b,with_cost
breakout_forced_cover_signal,fixed_horizon,12,461,462,474,2026-05-02 14:25:00+00:00,2026-05-02 14:30:00+00:00,2026-05-02 15:30:00+00:00,78436.11408599999,78396.287606,-0.0005077569237599278,-0.0013077569237599277,12,fixed_12b_exit,0,78397.11,4,0.8316016083933422,68.46145999999999,66.64376,0.4604204571768813,-2.871480000000016,11.57865,-0.006575493935394139,False,fixed_12b,with_cost
breakout_forced_cover_signal,fixed_horizon,12,628,629,641,2026-05-03 04:20:00+00:00,2026-05-03 04:25:00+00:00,2026-05-03 05:25:00+00:00,78236.264124,78210.51476800001,-0.00032912302610943467,-0.0011291230261094346,12,fixed_12b_exit,0,78217.59,3,0.8021692818171012,14.348459999999974,7.940040000000003,0.2901210600646959,-5.664960000000029,-4.668490000000001,-0.007697192419893084,False,fixed_12b,with_cost
breakout_forced_cover_signal,fixed_horizon,12,658,659,671,2026-05-03 06:50:00+00:00,2026-05-03 06:55:00+00:00,2026-05-03 07:55:00+00:00,78346.26612,78347.57735,1.673634322285622e-05,-0.0007832636567771438,12,fixed_12b_exit,0,78254.82,3,0.7447587138242954,26.149599999999957,22.84565,0.4630285425943007,-2.599580000000042,6.9041299999999985,-0.008474427145588548,False,fixed_12b,with_cost
breakout_forced_cover_signal,fixed_horizon,12,688,689,701,2026-05-03 09:20:00+00:00,2026-05-03 09:25:00+00:00,2026-05-03 10:25:00+00:00,78500.62698599999,78414.903882,-0.0010920053417570186,-0.0018920053417570185,12,fixed_12b_exit,0,78481.76,4,0.7083287415628613,27.108589999999953,19.999099999999995,0.41478229325448546,-3.744570000000043,-4.4137200000000005,-0.010350398825917817,False,fixed_12b,with_cost
breakout_forced_cover_signal,fixed_horizon,12,710,711,723,2026-05-03 11:10:00+00:00,2026-05-03 11:15:00+00:00,2026-05-03 12:15:00+00:00,78541.915242,78758.035242,0.0027516517687924402,0.0019516517687924403,12,fixed_12b_exit,0,78491.27,4,0.7810533345513762,44.61004999999996,24.24608,0.5918402218922745,21.38084999999995,-17.903380000000002,-0.00841894743130156,True,fixed_12b,with_cost
breakout_forced_cover_signal,fixed_horizon,12,756,757,769,2026-05-03 15:00:00+00:00,2026-05-03 15:05:00+00:00,2026-05-03 16:05:00+00:00,78815.76,78617.52335,-0.00251519048982074,-0.00331519048982074,12,fixed_12b_exit,0,78786.57,4,0.5227683545386551,4.189649999999961,29.640620000000002,0.4446014482257662,-3.09801000000004,29.71975,-0.011706227506663724,False,fixed_12b,with_cost
breakout_forced_cover_signal,fixed_horizon,12,820,821,833,2026-05-03 20:20:00+00:00,2026-05-03 20:25:00+00:00,2026-05-03 21:25:00+00:00,78945.83601,78901.636516,-0.0005598711247342125,-0.0013598711247342125,12,fixed_12b_exit,0,78853.32,5,0.6698530679452158,35.42761999999993,37.21974999999999,0.26561925161869315,-19.214440000000042,17.981849999999998,-0.013050179670632045,False,fixed_12b,with_cost
breakout_forced_cover_signal,fixed_horizon,12,881,882,894,2026-05-04 01:25:00+00:00,2026-05-04 01:30:00+00:00,2026-05-04 02:30:00+00:00,78621.411138,79735.90962800001,0.014175508603423426,0.013375508603423425,12,fixed_12b_exit,0,78585.86,4,0.6687443949436331,33.08244999999995,9.808639999999997,0.43392676560363797,-28.44268000000006,16.535050000000005,0.0001507761423307219,True,fixed_12b,with_cost
breakout_forced_cover_signal,fixed_horizon,12,980,981,993,2026-05-04 09:40:00+00:00,2026-05-04 09:45:00+00:00,2026-05-04 10:45:00+00:00,79873.531512,79054.645908,-0.010252277425306655,-0.011052277425306655,12,fixed_12b_exit,0,79823.25,3,0.7378613781305892,74.51010999999994,6.938229999999976,0.37745545970805117,-175.2083800000001,-225.81431000000003,-0.010903167702730143,False,fixed_12b,with_cost
breakout_forced_cover_signal,fixed_horizon,12,1036,1037,1049,2026-05-04 14:20:00+00:00,2026-05-04 14:25:00+00:00,2026-05-04 15:25:00+00:00,79290.75498,79684.429926,0.004964953935667538,0.004164953935667537,12,fixed_12b_exit,0,79124.83,5,0.6158765429745418,93.37189999999993,83.40274000000001,0.4438576204501131,-106.11254000000004,46.88451000000002,-0.0067836249582972075,True,fixed_12b,with_cost
breakout_forced_cover_signal,fixed_horizon,12,1120,1121,1133,2026-05-04 21:20:00+00:00,2026-05-04 21:25:00+00:00,2026-05-04 22:25:00+00:00,80291.80515,80252.67625399999,-0.0004873336192517952,-0.0012873336192517951,12,fixed_12b_exit,0,80150.76,3,0.7060345879498546,34.209129999999924,26.617690000000003,0.5348392927414795,5.457099999999915,4.158710000000001,-0.00806222578907978,False,fixed_12b,with_cost
breakout_forced_cover_signal,fixed_horizon,12,1158,1159,1171,2026-05-05 00:30:00+00:00,2026-05-05 00:35:00+00:00,2026-05-05 01:35:00+00:00,80109.97879200001,80236.069576,0.0015739710071247526,0.0007739710071247525,12,fixed_12b_exit,0,80010.0,3,0.6523713065692767,19.00860999999991,18.52022,0.4668477711243285,-15.89242000000008,-17.86802,-0.0072944947109685465,True,fixed_12b,with_cost
breakout_forced_cover_signal,fixed_horizon,12,1176,1177,1189,2026-05-05 02:00:00+00:00,2026-05-05 02:05:00+00:00,2026-05-05 03:05:00+00:00,80513.539488,80507.58526200001,-7.395310202296113e-05,-0.0008739531020229612,12,fixed_12b_exit,0,80385.06,3,0.7261319028667926,49.51484999999991,42.48997,0.5379156656638638,7.167719999999915,21.030269999999994,-0.008162072766711215,False,fixed_12b,with_cost
breakout_forced_cover_signal,fixed_horizon,12,1219,1220,1232,2026-05-05 05:35:00+00:00,2026-05-05 05:40:00+00:00,2026-05-05 06:40:00+00:00,81252.087168,80795.347698,-0.005621264461251663,-0.006421264461251663,12,fixed_12b_exit,0,81188.0,3,0.49249874306421243,-5.698740000000079,10.610199999999992,0.48823562389857955,-2.031280000000084,-19.333520000000004,-0.014530926400175836,False,fixed_12b,with_cost
breakout_forced_cover_signal,fixed_horizon,12,1240,1241,1253,2026-05-05 07:20:00+00:00,2026-05-05 07:25:00+00:00,2026-05-05 08:25:00+00:00,81058.2084,80826.46147400001,-0.002859018606189534,-0.003659018606189534,12,fixed_12b_exit,0,81026.7,3,0.6055143293405565,19.14145999999991,7.408669999999994,0.5326746429724728,4.482349999999909,2.0738800000000017,-0.01813677607630193,False,fixed_12b,with_cost
breakout_forced_cover_signal,fixed_horizon,12,1275,1276,1288,2026-05-05 10:15:00+00:00,2026-05-05 10:20:00+00:00,2026-05-05 11:20:00+00:00,80726.14199999999,80849.096946,0.0015231118811551703,0.0007231118811551702,12,fixed_12b_exit,0,80707.98,3,0.7583747069477811,75.82783999999994,26.319820000000007,0.4955968610049803,-1.5145700000000684,-28.63816,-0.017426779113413282,True,fixed_12b,with_cost
breakout_forced_cover_signal,fixed_horizon,12,1308,1309,1321,2026-05-05 13:00:00+00:00,2026-05-05 13:05:00+00:00,2026-05-05 14:05:00+00:00,81489.774696,81251.7464,-0.002920959063734796,-0.003720959063734796,12,fixed_12b_exit,0,81329.61,4,0.5912349196633157,55.834009999999935,49.74673999999999,0.5154822894055067,8.882059999999946,-12.484239999999986,-0.021082893845454365,False,fixed_12b,with_cost
breakout_forced_cover_signal,fixed_horizon,12,1334,1335,1347,2026-05-05 15:10:00+00:00,2026-05-05 15:15:00+00:00,2026-05-05 16:15:00+00:00,81581.16297,81469.432854,-0.0013695577745207466,-0.0021695577745207465,12,fixed_12b_exit,0,81500.0,4,0.6690633154925842,91.60054999999993,46.4213,0.38623345486088034,-26.67681000000005,-1.8792000000000009,-0.023206711063723295,False,fixed_12b,with_cost
breakout_forced_cover_signal,fixed_horizon,12,1370,1371,1383,2026-05-05 18:10:00+00:00,2026-05-05 18:15:00+00:00,2026-05-05 19:15:00+00:00,81578.382414,81536.17950200001,-0.0005173296007000561,-0.001317329600700056,12,fixed_12b_exit,0,81458.26,3,0.7269393239102274,76.38286999999994,73.19055999999999,0.6169038775245246,13.940099999999942,25.868920000000003,-0.024493469777004284,False,fixed_12b,with_cost
breakout_forced_cover_signal,fixed_horizon,12,1386,1387,1399,2026-05-05 19:30:00+00:00,2026-05-05 19:35:00+00:00,2026-05-05 20:35:00+00:00,81606.8181,81613.144106,7.75181062966368e-05,-0.0007224818937033632,12,fixed_12b_exit,0,81580.0,3,0.6968428835264642,43.95051999999994,32.754090000000005,0.5100859379212312,2.5515199999999183,7.708359999999999,-0.025198255582279838,False,fixed_12b,with_cost
breakout_forced_cover_signal,fixed_horizon,12,1455,1456,1468,2026-05-06 01:15:00+00:00,2026-05-06 01:20:00+00:00,2026-05-06 02:20:00+00:00,81303.85752,81273.502048,-0.0003733583242657712,-0.0011733583242657711,12,fixed_12b_exit,0,81262.28,3,0.6651863353939748,42.08853999999991,17.0036,0.6921915468425677,32.02574999999991,-21.03199,-0.026342047323601236,False,fixed_12b,with_cost
breakout_forced_cover_signal,fixed_horizon,12,1480,1481,1493,2026-05-06 03:20:00+00:00,2026-05-06 03:25:00+00:00,2026-05-06 04:25:00+00:00,81667.65026400001,81415.553632,-0.0030868603563967145,-0.0038868603563967145,12,fixed_12b_exit,0,81466.64,4,0.7611914647681888,136.44650999999993,159.43714,0.40058500309982664,-20.313860000000084,-64.27861,-0.03012651982054959,False,fixed_12b,with_cost
breakout_forced_cover_signal,fixed_horizon,12,1542,1543,1555,2026-05-06 08:30:00+00:00,2026-05-06 08:35:00+00:00,2026-05-06 09:35:00+00:00,81731.823096,81993.588002,0.0032027293174721194,0.0024027293174721195,12,fixed_12b_exit,0,81620.92,4,0.5184121982322738,13.85990999999987,8.622079999999972,0.7248155520613043,179.1846899999999,148.70321000000004,-0.027796176375483594,True,fixed_12b,with_cost
breakout_forced_cover_signal,fixed_horizon,12,1556,1557,1569,2026-05-06 09:40:00+00:00,2026-05-06 09:45:00+00:00,2026-05-06 10:45:00+00:00,82031.182956,82153.226068,0.0014877648669953114,0.0006877648669953114,12,fixed_12b_exit,0,82010.0,5,0.7060650949222818,195.6090799999999,16.42438999999999,0.4907713201537795,-5.329680000000092,-60.64616000000002,-0.027127528742036056,True,fixed_12b,with_cost
breakout_forced_cover_signal,fixed_horizon,12,1570,1571,1583,2026-05-06 10:50:00+00:00,2026-05-06 10:55:00+00:00,2026-05-06 11:55:00+00:00,82363.189344,82506.385422,0.001738593164501312,0.0009385931645013119,12,fixed_12b_exit,0,82298.2,4,0.6773221319737378,98.1502399999999,103.47991999999999,0.4105709023790285,-39.32179000000008,38.348630000000014,-0.026214397290581726,True,fixed_12b,with_cost
breakout_forced_cover_signal,fixed_horizon,12,1680,1681,1693,2026-05-06 20:00:00+00:00,2026-05-06 20:05:00+00:00,2026-05-06 21:05:00+00:00,81640.16476799999,81478.85097,-0.001975912205204433,-0.002775912205204433,12,fixed_12b_exit,0,81522.41,3,0.6561621602052,47.96521999999986,45.88634,0.8000635495261562,40.833499999999866,27.943620000000003,-0.0289175406303952,False,fixed_12b,with_cost
breakout_forced_cover_signal,fixed_horizon,12,1726,1727,1739,2026-05-06 23:50:00+00:00,2026-05-06 23:55:00+00:00,2026-05-07 00:55:00+00:00,81456.99814200001,81000.75660800001,-0.005601010894173308,-0.006401010894173309,12,fixed_12b_exit,0,81415.0,3,0.6174124481564528,9.549299999999858,10.226379999999999,0.47548446698156843,-5.137050000000146,38.79508,-0.03513345003196067,False,fixed_12b,with_cost
breakout_forced_cover_signal,fixed_horizon,12,1788,1789,1801,2026-05-07 05:00:00+00:00,2026-05-07 05:05:00+00:00,2026-05-07 06:05:00+00:00,81104.127582,80961.684424,-0.0017562997377165157,-0.0025562997377165156,12,fixed_12b_exit,0,80989.59,3,0.7675520498202382,57.08207999999985,35.211479999999995,0.44286756818447254,-10.662820000000146,-1.008860000000002,-0.037599938140575384,False,fixed_12b,with_cost
breakout_forced_cover_signal,fixed_horizon,12,1806,1807,1819,2026-05-07 06:30:00+00:00,2026-05-07 06:35:00+00:00,2026-05-07 07:35:00+00:00,81296.796108,81605.815572,0.003801127212805344,0.0030011272128053442,12,fixed_12b_exit,0,81149.95,3,0.7334144141524308,76.09209999999985,58.82285999999999,0.5824512474334212,22.403149999999865,-5.106439999999992,-0.03471165312532343,True,fixed_12b,with_cost
breakout_forced_cover_signal,fixed_horizon,12,1874,1875,1887,2026-05-07 12:10:00+00:00,2026-05-07 12:15:00+00:00,2026-05-07 13:15:00+00:00,81096.216,81036.909376,-0.0007313118530709595,-0.0015313118530709594,12,fixed_12b_exit,0,81010.1,3,0.7434206646247793,58.773899999999855,34.16013,0.447092838506981,-14.002330000000144,-4.5649899999999946,-0.03618981061252391,False,fixed_12b,with_cost
breakout_forced_cover_signal,fixed_horizon,12,1943,1944,1956,2026-05-07 17:55:00+00:00,2026-05-07 18:00:00+00:00,2026-05-07 19:00:00+00:00,80110.538904,80064.813834,-0.0005707747148573361,-0.001370774714857336,12,fixed_12b_exit,0,79948.66,3,0.6189537486851147,44.76761999999988,24.85457,0.4000919493272549,-26.33376000000011,-0.8315299999999937,-0.03751097725005814,False,fixed_12b,with_cost
breakout_forced_cover_signal,fixed_horizon,12,2012,2013,2025,2026-05-07 23:40:00+00:00,2026-05-07 23:45:00+00:00,2026-05-08 00:45:00+00:00,80028.0024,79854.73585800001,-0.002165073934170647,-0.002965073934170647,12,fixed_12b_exit,0,80006.27,3,0.66278417204309,13.702539999999884,8.411659999999998,0.3772538780824938,-30.19560000000012,7.635319999999993,-0.04036482836333943,False,fixed_12b,with_cost
breakout_forced_cover_signal,fixed_horizon,12,2060,2061,2073,2026-05-08 03:40:00+00:00,2026-05-08 03:45:00+00:00,2026-05-08 04:45:00+00:00,79662.059226,79609.08499799999,-0.0006649869274621967,-0.0014649869274621966,12,fixed_12b_exit,0,79642.55,3,0.6304708710788978,15.850759999999879,8.35204,0.39035822327004593,-15.629580000000121,27.83122,-0.041770681344920124,False,fixed_12b,with_cost
breakout_forced_cover_signal,fixed_horizon,12,2084,2085,2097,2026-05-08 05:40:00+00:00,2026-05-08 05:45:00+00:00,2026-05-08 06:45:00+00:00,79767.90039,79492.888242,-0.00344765434034755,-0.0042476543403475505,12,fixed_12b_exit,0,79713.02,3,0.6170471709201782,14.897379999999888,4.680700000000002,0.3842684818826296,-66.9203500000001,-41.35044999999999,-0.04584090826935372,False,fixed_12b,with_cost
breakout_forced_cover_signal,fixed_horizon,12,2109,2110,2122,2026-05-08 07:45:00+00:00,2026-05-08 07:50:00+00:00,2026-05-08 08:50:00+00:00,79694.655744,79934.01,0.0030033915544960266,0.0022033915544960266,12,fixed_12b_exit,0,79599.0,3,0.6350671736328378,73.1951299999999,-17.448049999999995,0.7021899911240095,65.4954199999999,-39.76208,-0.04373852218498875,True,fixed_12b,with_cost
breakout_forced_cover_signal,fixed_horizon,12,2143,2144,2156,2026-05-08 10:35:00+00:00,2026-05-08 10:40:00+00:00,2026-05-08 11:40:00+00:00,80072.951388,80125.05178400001,0.0006506616166495061,-0.00014933838335049398,12,fixed_12b_exit,0,80020.0,3,0.6155008824151253,21.81834999999988,1.9285199999999918,0.4241046418985648,-12.707600000000113,-16.165309999999998,-0.043881328728145985,False,fixed_12b,with_cost
breakout_forced_cover_signal,fixed_horizon,12,2226,2227,2239,2026-05-08 17:30:00+00:00,2026-05-08 17:35:00+00:00,2026-05-08 18:35:00+00:00,80262.269244,80196.947402,-0.0008138549110966453,-0.0016138549110966452,12,fixed_12b_exit,0,80045.23,5,0.7069137701070674,227.11351999999988,137.50507,0.5247986885019289,5.540089999999905,16.585069999999995,-0.045424365541369305,False,fixed_12b,with_cost
breakout_forced_cover_signal,fixed_horizon,12,2255,2256,2268,2026-05-08 19:55:00+00:00,2026-05-08 20:00:00+00:00,2026-05-08 21:00:00+00:00,80196.036,80165.39371399999,-0.0003820922769799395,-0.0011820922769799395,12,fixed_12b_exit,0,80168.0,3,0.638770223940002,33.337819999999894,36.101489999999984,0.528325728628477,3.2839999999999128,3.0869099999999987,-0.04655276202665615,False,fixed_12b,with_cost
breakout_forced_cover_signal,fixed_horizon,12,2280,2281,2293,2026-05-08 22:00:00+00:00,2026-05-08 22:05:00+00:00,2026-05-08 23:05:00+00:00,80326.372062,80224.16195800001,-0.0012724352087144508,-0.0020724352087144507,12,fixed_12b_exit,0,80264.0,3,0.6903544329904745,45.99939999999991,36.98361,0.36615482046798253,-38.82816000000008,7.86824,-0.04852871965228367,False,fixed_12b,with_cost
breakout_forced_cover_signal,fixed_horizon,12,2310,2311,2323,2026-05-09 00:30:00+00:00,2026-05-09 00:35:00+00:00,2026-05-09 01:35:00+00:00,80234.03359800001,80336.319522,0.0012748445941592745,0.0004748445941592745,12,fixed_12b_exit,0,80208.66,3,0.6827948142154466,16.084919999999908,14.172269999999997,0.6518205924397803,21.480709999999913,7.005229999999997,-0.04807691865831265,True,fixed_12b,with_cost
breakout_forced_cover_signal,fixed_horizon,12,2326,2327,2339,2026-05-09 01:50:00+00:00,2026-05-09 01:55:00+00:00,2026-05-09 02:55:00+00:00,80440.524888,80401.78642599999,-0.0004815789311910512,-0.0012815789311910511,12,fixed_12b_exit,0,80400.0,3,0.7742046347384355,46.67456999999992,24.76396000000001,0.6233398028871124,13.270269999999915,-5.086859999999998,-0.0492968832234747,False,fixed_12b,with_cost
breakout_forced_cover_signal,fixed_horizon,12,2353,2354,2366,2026-05-09 04:05:00+00:00,2026-05-09 04:10:00+00:00,2026-05-09 05:10:00+00:00,80616.13000199999,80355.79562599999,-0.0032293087747270466,-0.004029308774727047,12,fixed_12b_exit,0,80550.67,3,0.6492377034209139,33.54916999999991,26.95174,0.44457440321124414,-23.14587000000008,14.297070000000005,-0.05312755963406268,False,fixed_12b,with_cost
breakout_forced_cover_signal,fixed_horizon,12,2400,2401,2413,2026-05-09 08:00:00+00:00,2026-05-09 08:05:00+00:00,2026-05-09 09:05:00+00:00,80393.795544,80384.289926,-0.00011823820402645513,-0.0009182382040264552,12,fixed_12b_exit,0,80309.05,3,0.738001626931917,38.105259999999916,79.14268000000001,0.5859304822414386,5.448899999999909,-2.3151600000000014,-0.0539970140831465,False,fixed_12b,with_cost
breakout_forced_cover_signal,fixed_horizon,12,2432,2433,2445,2026-05-09 10:40:00+00:00,2026-05-09 10:45:00+00:00,2026-05-09 11:45:00+00:00,80346.05599800001,80322.912204,-0.00028805140106180627,-0.0010880514010618062,12,fixed_12b_exit,0,80323.57,3,0.7045068010755771,19.022739999999907,14.8001,0.5292322478814149,3.5755499999999056,-18.219880000000003,-0.055026313957382,False,fixed_12b,with_cost
breakout_forced_cover_signal,fixed_horizon,12,2452,2453,2465,2026-05-09 12:20:00+00:00,2026-05-09 12:25:00+00:00,2026-05-09 13:25:00+00:00,80414.0796,80330.410704,-0.001040475702963839,-0.0018404757029638389,12,fixed_12b_exit,0,80372.3,4,0.764012622059207,67.25324999999991,25.17293999999999,0.3974301540835072,-17.062100000000093,-42.06735,-0.05676551506648364,False,fixed_12b,with_cost
breakout_forced_cover_signal,fixed_horizon,12,2491,2492,2504,2026-05-09 15:35:00+00:00,2026-05-09 15:40:00+00:00,2026-05-09 16:40:00+00:00,80542.625304,80622.442286,0.0009909905680220987,0.0001909905680220987,12,fixed_12b_exit,0,80474.0,4,0.8301879176854029,77.38777999999989,54.59313999999999,0.4488841378446565,-9.076660000000095,4.546029999999998,-0.056585366176428065,True,fixed_12b,with_cost
breakout_forced_cover_signal,fixed_horizon,12,2525,2526,2538,2026-05-09 18:25:00+00:00,2026-05-09 18:30:00+00:00,2026-05-09 19:30:00+00:00,81056.73810599999,80791.498468,-0.003272271302764751,-0.004072271302764751,12,fixed_12b_exit,0,80928.56,5,0.7598632668703559,81.81637999999988,66.09478999999999,0.28830149037062364,-24.633590000000112,-15.620940000000003,-0.060427206516356136,False,fixed_12b,with_cost
breakout_forced_cover_signal,fixed_horizon,12,2542,2543,2555,2026-05-09 19:50:00+00:00,2026-05-09 19:55:00+00:00,2026-05-09 20:55:00+00:00,80947.6863,80789.3389,-0.0019561695613281582,-0.002756169561328158,12,fixed_12b_exit,0,80927.66,3,0.6353016242879364,12.913849999999883,25.076739999999994,0.26027968568261717,-15.737840000000114,0.8199400000000008,-0.06301682845040779,False,fixed_12b,with_cost
breakout_forced_cover_signal,fixed_horizon,12,2595,2596,2608,2026-05-10 00:15:00+00:00,2026-05-10 00:20:00+00:00,2026-05-10 01:20:00+00:00,80759.79873,80556.655446,-0.0025154010682858496,-0.0033154010682858496,12,fixed_12b_exit,0,80732.51,3,0.46228990942732956,-12.163800000000123,16.659029999999994,0.3966171804399235,-20.48232000000012,-2.0625399999999985,-0.06612330345832917,False,fixed_12b,with_cost
breakout_forced_cover_signal,fixed_horizon,12,2621,2622,2634,2026-05-10 02:25:00+00:00,2026-05-10 02:30:00+00:00,2026-05-10 03:30:00+00:00,80756.85814200001,80743.828004,-0.00016135023451635533,-0.0009613502345163554,12,fixed_12b_exit,0,80695.15,3,0.706736068822418,24.57242999999989,37.69718,0.6217575085254499,9.480869999999882,9.218719999999998,-0.06702108603955892,False,fixed_12b,with_cost
breakout_forced_cover_signal,fixed_horizon,12,2635,2636,2648,2026-05-10 03:35:00+00:00,2026-05-10 03:40:00+00:00,2026-05-10 04:40:00+00:00,80876.16199800001,80753.826004,-0.0015126335248578648,-0.0023126335248578648,12,fixed_12b_exit,0,80832.72,3,0.8132358160677302,44.321069999999885,34.8402,0.6921591242365664,16.720779999999884,-5.7584599999999995,-0.06917872435396932,False,fixed_12b,with_cost
breakout_forced_cover_signal,fixed_horizon,12,2692,2693,2705,2026-05-10 08:20:00+00:00,2026-05-10 08:25:00+00:00,2026-05-10 09:25:00+00:00,80846.155998,80803.85599600001,-0.0005232159955883553,-0.0013232159955883552,12,fixed_12b_exit,0,80827.14,3,0.6121230719735077,13.745209999999885,9.98259,0.3007633691433195,-19.95631000000011,-3.356579999999994,-0.07041040195493808,False,fixed_12b,with_cost
breakout_forced_cover_signal,fixed_horizon,12,2722,2723,2735,2026-05-10 10:50:00+00:00,2026-05-10 10:55:00+00:00,2026-05-10 11:55:00+00:00,80894.04557399999,80805.04575800001,-0.001100202312400933,-0.001900202312400933,12,fixed_12b_exit,0,80843.67,3,0.6803884529526858,22.362889999999886,13.750960000000001,0.5417314264651093,5.699209999999884,-13.998390000000004,-0.07217681025872713,False,fixed_12b,with_cost
breakout_forced_cover_signal,fixed_horizon,12,2740,2741,2753,2026-05-10 12:20:00+00:00,2026-05-10 12:25:00+00:00,2026-05-10 13:25:00+00:00,80929.98276,80958.10514,0.00034749025071945105,-0.000452509749280549,12,fixed_12b_exit,0,80887.82,3,0.7011261042739497,15.961789999999887,10.846990000000002,0.6680902545378858,24.97838999999989,22.34731,-0.07259665929769366,False,fixed_12b,with_cost
breakout_forced_cover_signal,fixed_horizon,12,2772,2773,2785,2026-05-10 15:00:00+00:00,2026-05-10 15:05:00+00:00,2026-05-10 16:05:00+00:00,81064.949748,81449.7068,0.004746281262075103,0.003946281262075102,12,fixed_12b_exit,0,80999.36,5,0.7172023092191198,102.99961999999988,54.90765999999999,0.5303554541536728,15.548249999999875,-10.960399999999993,-0.06893686487189421,True,fixed_12b,with_cost
breakout_forced_cover_signal,fixed_horizon,12,2824,2825,2837,2026-05-10 19:20:00+00:00,2026-05-10 19:25:00+00:00,2026-05-10 20:25:00+00:00,81482.913324,81135.629628,-0.004262043192038267,-0.005062043192038268,12,fixed_12b_exit,0,81450.72,5,0.7492913209088086,64.15034999999989,19.711099999999995,0.49704811673985466,-0.8860900000000989,39.28026000000001,-0.07364994667642721,False,fixed_12b,with_cost
breakout_forced_cover_signal,fixed_horizon,12,2936,2937,2949,2026-05-11 04:40:00+00:00,2026-05-11 04:45:00+00:00,2026-05-11 05:45:00+00:00,80838.234414,80831.12054199999,-8.8001328227727e-05,-0.000888001328227727,12,fixed_12b_exit,0,80814.03,3,0.669342448256634,20.88431999999989,3.18347,0.29380250439455136,-32.957420000000106,-1.3758699999999955,-0.07447254675418236,False,fixed_12b,with_cost
breakout_forced_cover_signal,fixed_horizon,12,2985,2986,2998,2026-05-11 08:45:00+00:00,2026-05-11 08:50:00+00:00,2026-05-11 09:50:00+00:00,80872.15119599999,80926.791404,0.0006756368810765245,-0.0001243631189234755,12,fixed_12b_exit,0,80846.62,3,0.564872041885939,27.102879999999892,17.45895000000001,0.6044164723965028,22.10299999999988,40.56606999999999,-0.07458764823491737,False,fixed_12b,with_cost
breakout_forced_cover_signal,fixed_horizon,12,3001,3002,3014,2026-05-11 10:05:00+00:00,2026-05-11 10:10:00+00:00,2026-05-11 11:10:00+00:00,81084.91373999999,80945.23771399999,-0.0017225895614549902,-0.00252258956145499,12,fixed_12b_exit,0,81008.4,3,0.6679282250830301,40.454429999999896,19.310790000000004,0.5289487406888612,6.540729999999905,21.63713,-0.0769220837735215,False,fixed_12b,with_cost
breakout_forced_cover_signal,fixed_horizon,12,3028,3029,3041,2026-05-11 12:20:00+00:00,2026-05-11 12:25:00+00:00,2026-05-11 13:25:00+00:00,81330.01275,81135.409672,-0.0023927584838598914,-0.0031927584838598914,12,fixed_12b_exit,0,81246.08,3,0.6817325033561354,55.8793899999999,94.92482,0.35897243803181494,-24.396640000000097,-4.343629999999997,-0.07986924862181732,False,fixed_12b,with_cost
breakout_forced_cover_signal,fixed_horizon,12,3065,3066,3078,2026-05-11 15:25:00+00:00,2026-05-11 15:30:00+00:00,2026-05-11 16:30:00+00:00,81359.648676,81883.610002,0.006440063772725768,0.005640063772725768,12,fixed_12b_exit,0,81095.48,3,0.572060544699888,32.411349999999906,35.88535000000001,0.47251162350393694,-19.344730000000098,-23.983409999999992,-0.07467965250479824,True,fixed_12b,with_cost
breakout_forced_cover_signal,fixed_horizon,12,3092,3093,3105,2026-05-11 17:40:00+00:00,2026-05-11 17:45:00+00:00,2026-05-11 18:45:00+00:00,81994.405602,82010.764566,0.00019951317263533497,-0.0006004868273646651,12,fixed_12b_exit,0,81878.07,4,0.6729094924108476,70.1500899999999,47.463380000000015,0.5212768441746756,4.118259999999893,-14.390359999999994,-0.07523529518456162,False,fixed_12b,with_cost
breakout_forced_cover_signal,fixed_horizon,12,3223,3224,3236,2026-05-12 04:35:00+00:00,2026-05-12 04:40:00+00:00,2026-05-12 05:40:00+00:00,81302.117172,81236.23950200001,-0.0008102823430861106,-0.0016102823430861105,12,fixed_12b_exit,0,81227.01,3,0.7294669766379819,45.42385999999989,48.95024,0.3752236045406926,-18.981140000000117,-12.424139999999996,-0.07672442746023522,False,fixed_12b,with_cost
breakout_forced_cover_signal,fixed_horizon,12,3308,3309,3321,2026-05-12 11:40:00+00:00,2026-05-12 11:45:00+00:00,2026-05-12 12:45:00+00:00,80748.89655,80956.90538000001,0.002575995944058551,0.0017759959440585512,12,fixed_12b_exit,0,80705.76,3,0.739650158833498,42.58173999999987,4.224540000000005,0.5581263851445873,16.752079999999864,-6.350160000000017,-0.07508469378815619,True,fixed_12b,with_cost
breakout_forced_cover_signal,fixed_horizon,12,3394,3395,3407,2026-05-12 18:50:00+00:00,2026-05-12 18:55:00+00:00,2026-05-12 19:55:00+00:00,80746.506072,80818.47307200001,0.0008912707620540861,9.127076205408602e-05,12,fixed_12b_exit,0,80700.0,3,0.6341098846583842,19.074869999999827,12.072270000000005,0.5592514142480653,9.939419999999826,1.2663200000000003,-0.07500027606332271,True,fixed_12b,with_cost
breakout_forced_cover_signal,fixed_horizon,12,3408,3409,3421,2026-05-12 20:00:00+00:00,2026-05-12 20:05:00+00:00,2026-05-12 21:05:00+00:00,80896.18600199999,80712.674236,-0.0022684847712776124,-0.0030684847712776123,12,fixed_12b_exit,0,80874.42,3,0.7007319719400118,50.98622999999982,41.046809999999994,0.48733956651671234,-1.0986000000001725,-2.55412,-0.07783862362965843,False,fixed_12b,with_cost
breakout_forced_cover_signal,fixed_horizon,12,3432,3433,3445,2026-05-12 22:00:00+00:00,2026-05-12 22:05:00+00:00,2026-05-12 23:05:00+00:00,80777.22221400001,80649.036966,-0.0015868984410036813,-0.002386898441003681,12,fixed_12b_exit,0,80738.0,3,0.6212306791499113,18.667259999999832,17.21797,0.4510530767195711,-4.3589800000001695,-1.3739,-0.08003972918127067,False,fixed_12b,with_cost
breakout_forced_cover_signal,fixed_horizon,12,3469,3470,3482,2026-05-13 01:05:00+00:00,2026-05-13 01:10:00+00:00,2026-05-13 02:10:00+00:00,80854.157598,81047.247308,0.0023881234525999773,0.0015881234525999773,12,fixed_12b_exit,0,80768.95,3,0.6344657611358493,15.077669999999832,22.392220000000002,0.49728190285973184,-0.569890000000175,11.16517,-0.0785787186997231,True,fixed_12b,with_cost
breakout_forced_cover_signal,fixed_horizon,12,3484,3485,3497,2026-05-13 02:20:00+00:00,2026-05-13 02:25:00+00:00,2026-05-13 03:25:00+00:00,81238.2444,81077.391278,-0.0019800172097269586,-0.0027800172097269585,12,fixed_12b_exit,0,81195.69,3,0.6504347198290186,30.671779999999824,8.222669999999997,0.7284995437769222,50.846339999999834,23.900650000000002,-0.08114028571914655,False,fixed_12b,with_cost
breakout_forced_cover_signal,fixed_horizon,12,3501,3502,3514,2026-05-13 03:45:00+00:00,2026-05-13 03:50:00+00:00,2026-05-13 04:50:00+00:00,81283.473444,81216.683414,-0.0008216926168395089,-0.0016216926168395088,12,fixed_12b_exit,0,81200.0,4,0.6250738194060043,37.29201999999982,23.153779999999998,0.6122924892752495,13.473319999999836,-3.9901999999999997,-0.08263039373370706,False,fixed_12b,with_cost
breakout_forced_cover_signal,fixed_horizon,12,3552,3553,3565,2026-05-13 08:00:00+00:00,2026-05-13 08:05:00+00:00,2026-05-13 09:05:00+00:00,81073.92154200001,81261.64442,0.002315453285465452,0.001515453285465452,12,fixed_12b_exit,0,81049.01,4,0.6843273685884679,61.74957999999987,10.712730000000008,0.6549217550055778,50.92885999999987,21.627910000000007,-0.08124016294990455,True,fixed_12b,with_cost
breakout_forced_cover_signal,fixed_horizon,12,3663,3664,3676,2026-05-13 17:15:00+00:00,2026-05-13 17:20:00+00:00,2026-05-13 18:20:00+00:00,79315.86,79758.19516999999,0.005576881723276861,0.0047768817232768605,12,fixed_12b_exit,0,79238.6,4,0.5148592605461588,6.578969999999888,6.329630000000002,0.7090915050117589,108.32352999999989,35.79173,-0.07685135587621905,True,fixed_12b,with_cost
breakout_forced_cover_signal,fixed_horizon,12,3745,3746,3758,2026-05-14 00:05:00+00:00,2026-05-14 00:10:00+00:00,2026-05-14 01:10:00+00:00,79496.236068,79604.765862,0.001365219277893459,0.0005652192778934591,12,fixed_12b_exit,0,79436.72,3,0.6621103171050885,38.04413999999988,1.1940699999999964,0.694992756435158,35.79747999999988,19.89761,-0.07632957446619903,True,fixed_12b,with_cost
breakout_forced_cover_signal,fixed_horizon,12,3801,3802,3814,2026-05-14 04:45:00+00:00,2026-05-14 04:50:00+00:00,2026-05-14 05:50:00+00:00,79451.977218,79837.199366,0.004848490389899762,0.004048490389899762,12,fixed_12b_exit,0,79385.08,3,0.6794985596769877,33.082639999999884,24.56527,0.6374493785035217,67.79200999999989,13.091149999999992,-0.07259010362499074,True,fixed_12b,with_cost
breakout_forced_cover_signal,fixed_horizon,12,3834,3835,3847,2026-05-14 07:30:00+00:00,2026-05-14 07:35:00+00:00,2026-05-14 08:35:00+00:00,79931.27305799999,79920.992604,-0.0001286161674484143,-0.0009286161674484143,12,fixed_12b_exit,0,79890.0,3,0.6640245671584657,43.04416999999988,33.62013999999999,0.6326583900242737,68.49573999999986,61.59593999999999,-0.07345131144861627,False,fixed_12b,with_cost
breakout_forced_cover_signal,fixed_horizon,12,3893,3894,3906,2026-05-14 12:25:00+00:00,2026-05-14 12:30:00+00:00,2026-05-14 13:30:00+00:00,79439.074638,79887.96921,0.005650803134925386,0.004850803134925386,12,fixed_12b_exit,0,79409.44,3,0.7089217148954495,45.256249999999895,10.771170000000005,0.5466931944577479,28.29259999999989,-50.31851,-0.06895680616553013,True,fixed_12b,with_cost
breakout_forced_cover_signal,fixed_horizon,12,4112,4113,4125,2026-05-15 06:40:00+00:00,2026-05-15 06:45:00+00:00,2026-05-15 07:45:00+00:00,80617.700316,80831.370492,0.0026504126905440017,0.0018504126905440018,12,fixed_12b_exit,0,80598.21,3,0.680537071685791,82.33542999999989,61.6658,0.601170826480704,40.6754899999999,23.78479999999999,-0.0672339920242141,True,fixed_12b,with_cost
breakout_forced_cover_signal,fixed_horizon,12,4321,4322,4334,2026-05-16 00:05:00+00:00,2026-05-16 00:10:00+00:00,2026-05-16 01:10:00+00:00,79191.8352,79123.662102,-0.0008608601862530874,-0.0016608601862530873,12,fixed_12b_exit,0,79161.86,3,0.6637043116947872,32.2546899999999,9.542489999999976,0.3910901367687606,-21.43291000000009,-6.837290000000001,-0.06878318594995136,False,fixed_12b,with_cost
breakout_forced_cover_signal,fixed_horizon,12,4343,4344,4356,2026-05-16 01:55:00+00:00,2026-05-16 02:00:00+00:00,2026-05-16 03:00:00+00:00,79183.8336,79139.998834,-0.0005535822655597933,-0.0013535822655597932,12,fixed_12b_exit,0,79155.94,3,0.6331047869078626,17.4125099999999,18.651850000000003,0.6342842447403896,6.506119999999898,-14.17244,-0.07004366451484068,False,fixed_12b,with_cost
breakout_forced_cover_signal,fixed_horizon,12,4494,4495,4507,2026-05-16 14:30:00+00:00,2026-05-16 14:35:00+00:00,2026-05-16 15:35:00+00:00,78119.71081799999,78202.946282,0.0010654860742371763,0.0002654860742371763,12,fixed_12b_exit,0,78062.97,5,0.7576651297388443,144.2891899999999,30.840199999999996,0.453646906281191,-8.494070000000095,-10.892119999999993,-0.06979677405812068,True,fixed_12b,with_cost
breakout_forced_cover_signal,fixed_horizon,12,4644,4645,4657,2026-05-17 03:00:00+00:00,2026-05-17 03:05:00+00:00,2026-05-17 04:05:00+00:00,77992.49538,78039.099058,0.0005975405424964997,-0.00020245945750350036,12,fixed_12b_exit,0,77938.0,3,0.7080604271325164,34.71533999999988,8.50516,0.5623396545006161,5.218929999999883,7.77421,-0.0699851024986129,False,fixed_12b,with_cost
breakout_forced_cover_signal,fixed_horizon,12,4659,4660,4672,2026-05-17 04:15:00+00:00,2026-05-17 04:20:00+00:00,2026-05-17 05:20:00+00:00,78099.156708,78188.3592,0.0011421697206479564,0.00034216972064795637,12,fixed_12b_exit,0,78080.0,3,0.6049505768736961,14.22327999999988,10.651719999999996,0.6048510425158923,11.806499999999883,-15.05407,-0.06966687956093631,True,fixed_12b,with_cost
breakout_forced_cover_signal,fixed_horizon,12,4698,4699,4711,2026-05-17 07:30:00+00:00,2026-05-17 07:35:00+00:00,2026-05-17 08:35:00+00:00,78215.64,78052.466384,-0.0020862018900568158,-0.0028862018900568157,12,fixed_12b_exit,0,78143.96,3,0.7121493658830629,16.02067999999988,11.241679999999999,0.4841361773726577,-1.0046800000001213,0.21541999999999906,-0.07235200877153003,False,fixed_12b,with_cost
breakout_forced_cover_signal,fixed_horizon,12,4727,4728,4740,2026-05-17 09:55:00+00:00,2026-05-17 10:00:00+00:00,2026-05-17 11:00:00+00:00,78264.979866,78392.03845600001,0.0016234411638200719,0.0008234411638200718,12,fixed_12b_exit,0,78224.99,3,0.7067761043622028,22.38206999999988,13.700500000000002,0.33502567734938166,-36.925810000000126,-33.2325,-0.07158814523001744,True,fixed_12b,with_cost
breakout_forced_cover_signal,fixed_horizon,12,4805,4806,4818,2026-05-17 16:25:00+00:00,2026-05-17 16:30:00+00:00,2026-05-17 17:30:00+00:00,78156.988272,77984.390002,-0.0022083536458612496,-0.0030083536458612495,12,fixed_12b_exit,0,78127.22,3,0.6346360432587586,6.825489999999873,7.986660000000002,0.6841936500099826,19.668779999999867,14.240289999999998,-0.07438113641817556,False,fixed_12b,with_cost
breakout_forced_cover_signal,fixed_horizon,12,4824,4825,4837,2026-05-17 18:00:00+00:00,2026-05-17 18:05:00+00:00,2026-05-17 19:05:00+00:00,78205.527978,78246.927484,0.0005293680264091272,-0.00027063197359087287,12,fixed_12b_exit,0,78092.44,3,0.6328059178976222,10.841889999999868,7.8957799999999985,0.6433812317499786,23.91222999999986,-8.07815,-0.07463163847801968,False,fixed_12b,with_cost
breakout_forced_cover_signal,fixed_horizon,12,4844,4845,4857,2026-05-17 19:40:00+00:00,2026-05-17 19:45:00+00:00,2026-05-17 20:45:00+00:00,78399.596784,78273.49217,-0.0016084854919270475,-0.0024084854919270474,12,fixed_12b_exit,0,78300.0,3,0.6660315866853912,18.655939999999866,21.30061,0.5923397998609191,14.213399999999872,8.371469999999995,-0.0768603747514337,False,fixed_12b,with_cost
breakout_forced_cover_signal,fixed_horizon,12,4864,4865,4877,2026-05-17 21:20:00+00:00,2026-05-17 21:25:00+00:00,2026-05-17 22:25:00+00:00,78438.28452,77984.240032,-0.005788557090182556,-0.006588557090182556,12,fixed_12b_exit,0,78367.49,3,0.5673000517388942,11.691259999999872,22.59276,0.3487435928187426,-38.289900000000124,-3.537610000000008,-0.08294253287459363,False,fixed_12b,with_cost
breakout_forced_cover_signal,fixed_horizon,12,4985,4986,4998,2026-05-18 07:25:00+00:00,2026-05-18 07:30:00+00:00,2026-05-18 08:30:00+00:00,77050.877094,76980.590802,-0.000912206254501724,-0.001712206254501724,12,fixed_12b_exit,0,76989.0,3,0.515158365613187,8.416499999999893,-1.0445599999999917,0.6271855127157515,33.70701999999987,25.42149999999999,-0.08451272440554325,False,fixed_12b,with_cost
breakout_forced_cover_signal,fixed_horizon,12,5036,5037,5049,2026-05-18 11:40:00+00:00,2026-05-18 11:45:00+00:00,2026-05-18 12:45:00+00:00,77371.4712,77660.67475800001,0.0037378578113429484,0.0029378578113429484,12,fixed_12b_exit,0,77165.12,4,0.5753555321963312,52.7950699999999,35.22049000000001,0.6236584947345798,74.24342999999988,-22.923199999999994,-0.08182315296175291,True,fixed_12b,with_cost
breakout_forced_cover_signal,fixed_horizon,12,5090,5091,5103,2026-05-18 16:10:00+00:00,2026-05-18 16:15:00+00:00,2026-05-18 17:15:00+00:00,76524.521844,76646.677598,0.0015962955541102275,0.0007962955541102275,12,fixed_12b_exit,0,76485.29,3,0.42926045439166727,-54.29889000000012,26.859699999999982,0.5725404177456732,24.42425999999986,21.625570000000003,-0.08109201282056933,True,fixed_12b,with_cost
breakout_forced_cover_signal,fixed_horizon,12,5124,5125,5137,2026-05-18 19:00:00+00:00,2026-05-18 19:05:00+00:00,2026-05-18 20:05:00+00:00,76794.495828,76942.278466,0.0019243910179578272,0.0011243910179578273,12,fixed_12b_exit,0,76706.38,5,0.6091963638733241,94.47666999999984,116.07041999999998,0.5239258129067167,5.365809999999858,-14.994430000000005,-0.08005880093345497,True,fixed_12b,with_cost
breakout_forced_cover_signal,fixed_horizon,12,5138,5139,5151,2026-05-18 20:10:00+00:00,2026-05-18 20:15:00+00:00,2026-05-18 21:15:00+00:00,77072.4114,76933.280266,-0.0018052002198025718,-0.0026052002198025718,12,fixed_12b_exit,0,77023.63,3,0.6047909256938223,23.38848999999986,18.02268,0.45333346116082907,-12.947970000000144,16.620890000000003,-0.08245543194746863,False,fixed_12b,with_cost
breakout_forced_cover_signal,fixed_horizon,12,5188,5189,5201,2026-05-19 00:20:00+00:00,2026-05-19 00:25:00+00:00,2026-05-19 01:25:00+00:00,77270.521014,76750.186892,-0.0067339279607772085,-0.007533927960777209,12,fixed_12b_exit,0,77205.32,3,0.6020690533276764,46.03022999999985,22.557329999999993,0.3373692328914374,-66.56449000000015,-59.633500000000005,-0.08936814662397885,False,fixed_12b,with_cost
breakout_forced_cover_signal,fixed_horizon,12,5212,5213,5225,2026-05-19 02:20:00+00:00,2026-05-19 02:25:00+00:00,2026-05-19 03:25:00+00:00,77005.54802999999,76733.270276,-0.0035358199631787546,-0.004335819963178755,12,fixed_12b_exit,0,76983.02,3,0.6186532477914702,23.278499999999863,22.82286,0.4183311735586485,-10.29790000000013,-1.4809499999999964,-0.09331648239295309,False,fixed_12b,with_cost
breakout_forced_cover_signal,fixed_horizon,12,5315,5316,5328,2026-05-19 10:55:00+00:00,2026-05-19 11:00:00+00:00,2026-05-19 12:00:00+00:00,77057.27837399999,76722.47243600001,-0.004344897004731729,-0.00514489700473173,12,fixed_12b_exit,0,76979.49,3,0.6606426806039069,40.759529999999856,41.31702,0.5382491636861026,3.543579999999862,-24.33742999999999,-0.09798127570692927,False,fixed_12b,with_cost
breakout_forced_cover_signal,fixed_horizon,12,5382,5383,5395,2026-05-19 16:30:00+00:00,2026-05-19 16:35:00+00:00,2026-05-19 17:35:00+00:00,76776.262182,76961.37464600001,0.002411063768136934,0.001611063768136934,12,fixed_12b_exit,0,76675.76,4,0.82406112013708,108.57125999999985,50.91105,0.4366089982266237,-13.575590000000147,10.777260000000002,-0.09652806602203956,True,fixed_12b,with_cost
breakout_forced_cover_signal,fixed_horizon,12,5413,5414,5426,2026-05-19 19:05:00+00:00,2026-05-19 19:10:00+00:00,2026-05-19 20:10:00+00:00,76973.48161799999,76933.770168,-0.0005159107937596774,-0.0013159107937596773,12,fixed_12b_exit,0,76947.2,3,0.7027019716317607,36.86903999999984,26.233069999999998,0.6458584608646166,12.574489999999845,-5.98601,-0.09771695449182016,False,fixed_12b,with_cost
breakout_forced_cover_signal,fixed_horizon,12,5434,5435,5447,2026-05-19 20:50:00+00:00,2026-05-19 20:55:00+00:00,2026-05-19 21:55:00+00:00,77045.516022,76966.943532,-0.0010198191154635605,-0.0018198191154635605,12,fixed_12b_exit,0,76996.01,3,0.650070677361018,10.884139999999846,4.929550000000001,0.5787274468414784,4.958959999999845,2.6372699999999973,-0.09935894642559462,False,fixed_12b,with_cost
breakout_forced_cover_signal,fixed_horizon,12,5463,5464,5476,2026-05-19 23:15:00+00:00,2026-05-19 23:20:00+00:00,2026-05-20 00:20:00+00:00,76872.131352,76559.924952,-0.004061373016579828,-0.004861373016579828,12,fixed_12b_exit,0,76845.35,3,0.784228548105631,21.782769999999843,7.1721,0.37735558483266324,-20.64197000000015,10.481540000000003,-0.10373729854106528,False,fixed_12b,with_cost
breakout_forced_cover_signal,fixed_horizon,12,5533,5534,5546,2026-05-20 05:05:00+00:00,2026-05-20 05:10:00+00:00,2026-05-20 06:10:00+00:00,77055.408,77221.34264199999,0.002153445764637274,0.001353445764637274,12,fixed_12b_exit,0,76856.77,4,0.6232695287054397,37.112899999999854,51.54723,0.37411512919501,-37.06108000000016,17.424189999999996,-0.1025242555837732,True,fixed_12b,with_cost
breakout_forced_cover_signal,fixed_horizon,12,5575,5576,5588,2026-05-20 08:35:00+00:00,2026-05-20 08:40:00+00:00,2026-05-20 09:40:00+00:00,77595.516,77494.12807400001,-0.0013066209392820216,-0.0021066209392820215,12,fixed_12b_exit,0,77408.0,4,0.7659129893290582,84.37942999999984,91.18608,0.4793837100678579,-3.477670000000156,-15.633580000000002,-0.10441489677945814,False,fixed_12b,with_cost
breakout_forced_cover_signal,fixed_horizon,12,5592,5593,5605,2026-05-20 10:00:00+00:00,2026-05-20 10:05:00+00:00,2026-05-20 11:05:00+00:00,77560.73904599999,77502.84633,-0.0007464177973556252,-0.0015464177973556251,12,fixed_12b_exit,0,77543.59,3,0.6584738513708704,30.380029999999845,38.684270000000005,0.31601320431400165,-46.405260000000155,-12.559050000000006,-0.10579984552212496,False,fixed_12b,with_cost
breakout_forced_cover_signal,fixed_horizon,12,5627,5628,5640,2026-05-20 12:55:00+00:00,2026-05-20 13:00:00+00:00,2026-05-20 14:00:00+00:00,77632.78345199999,77182.900332,-0.0057950146831736715,-0.006595014683173672,12,fixed_12b_exit,0,77610.91,5,0.6908191565839327,73.66908999999985,74.15585000000002,0.5107742969834244,3.107069999999844,-4.171139999999994,-0.11169710867060278,False,fixed_12b,with_cost
breakout_forced_cover_signal,fixed_horizon,12,5655,5656,5668,2026-05-20 15:15:00+00:00,2026-05-20 15:20:00+00:00,2026-05-20 16:20:00+00:00,77636.054106,77213.474216,-0.005443088200013713,-0.006243088200013713,12,fixed_12b_exit,0,77574.29,4,0.5559737825307781,42.49259999999986,47.52291000000002,0.41399709399693635,-20.46429000000015,-25.121279999999995,-0.1172428619694994,False,fixed_12b,with_cost
breakout_forced_cover_signal,fixed_horizon,12,5680,5681,5693,2026-05-20 17:20:00+00:00,2026-05-20 17:25:00+00:00,2026-05-20 18:25:00+00:00,77545.506,77500.656768,-0.0005783601695756868,-0.0013783601695756867,12,fixed_12b_exit,0,77474.75,3,0.643393051666767,35.364709999999846,12.449760000000005,0.7131296873639682,86.41664999999985,-14.81043000000001,-0.11845961924796933,False,fixed_12b,with_cost
breakout_forced_cover_signal,fixed_horizon,12,5705,5706,5718,2026-05-20 19:25:00+00:00,2026-05-20 19:30:00+00:00,2026-05-20 20:30:00+00:00,77578.222542,77605.79573600001,0.0003554244103116666,-0.00044457558968833343,12,fixed_12b_exit,0,77557.02,3,0.7964468237646315,82.40862999999985,-4.512199999999993,0.4674643311210763,-8.53908000000014,25.686460000000004,-0.11885153058257625,False,fixed_12b,with_cost
breakout_forced_cover_signal,fixed_horizon,12,5760,5761,5773,2026-05-21 00:00:00+00:00,2026-05-21 00:05:00+00:00,2026-05-21 01:05:00+00:00,77656.358166,77970.22283600002,0.004041712454878166,0.003241712454878166,12,fixed_12b_exit,0,77559.34,4,0.6929833763054155,54.381819999999855,69.58048000000001,0.49682486211427596,-0.8498000000001511,-44.659620000000004,-0.11599510061466889,True,fixed_12b,with_cost
breakout_forced_cover_signal,fixed_horizon,12,5774,5775,5787,2026-05-21 01:10:00+00:00,2026-05-21 01:15:00+00:00,2026-05-21 02:15:00+00:00,78144.88585199999,77968.413198,-0.0022582751523141376,-0.0030582751523141375,12,fixed_12b_exit,0,78071.42,3,0.6053381046764925,29.23968999999984,30.08948999999999,0.45790829960433577,-4.875070000000161,-3.13579,-0.11869863083298304,False,fixed_12b,with_cost
breakout_forced_cover_signal,fixed_horizon,12,5808,5809,5821,2026-05-21 04:00:00+00:00,2026-05-21 04:05:00+00:00,2026-05-21 05:05:00+00:00,78143.635602,78030.17084400001,-0.0014520025479475285,-0.0022520025479475284,12,fixed_12b_exit,0,78098.85,3,0.742181000305183,38.360709999999855,25.144580000000005,0.5012836705290251,0.2628499999998475,2.237580000000002,-0.12068332376185686,False,fixed_12b,with_cost
breakout_forced_cover_signal,fixed_horizon,12,5854,5855,5867,2026-05-21 07:50:00+00:00,2026-05-21 07:55:00+00:00,2026-05-21 08:55:00+00:00,77832.46337999999,77909.04507400001,0.0009839299782421485,0.0001839299782421484,12,fixed_12b_exit,0,77789.57,3,0.8138050987813198,37.523319999999856,13.216570000000004,0.4598857908014411,-3.192300000000154,17.983870000000003,-0.12052159106472837,True,fixed_12b,with_cost
breakout_forced_cover_signal,fixed_horizon,12,5966,5967,5979,2026-05-21 17:10:00+00:00,2026-05-21 17:15:00+00:00,2026-05-21 18:15:00+00:00,77525.51200199999,77806.4356,0.0036236277677568207,0.002823627767756821,12,fixed_12b_exit,0,77344.01,4,0.6407292878263964,131.81542999999982,-88.09953000000002,0.5057853439010543,1.3148099999998415,35.160529999999994,-0.11803827140811607,True,fixed_12b,with_cost
breakout_forced_cover_signal,fixed_horizon,12,5998,5999,6011,2026-05-21 19:50:00+00:00,2026-05-21 19:55:00+00:00,2026-05-21 20:55:00+00:00,77718.210534,77690.268838,-0.0003595257251550743,-0.0011595257251550742,12,fixed_12b_exit,0,77662.14,3,0.6341833861455228,19.738359999999858,15.917830000000007,0.5159542263563731,1.1478599999998496,4.06254,-0.11906092872102059,False,fixed_12b,with_cost
breakout_forced_cover_signal,fixed_horizon,12,6072,6073,6085,2026-05-22 02:00:00+00:00,2026-05-22 02:05:00+00:00,2026-05-22 03:05:00+00:00,77716.370166,77710.584774,-7.444238566001182e-05,-0.0008744423856600119,12,fixed_12b_exit,0,77673.5,3,0.6098850230691901,22.601289999999857,28.70935000000001,0.6488563274044468,11.316709999999846,5.804539999999998,-0.11983125918413096,False,fixed_12b,with_cost
breakout_forced_cover_signal,fixed_horizon,12,6089,6090,6102,2026-05-22 03:25:00+00:00,2026-05-22 03:30:00+00:00,2026-05-22 04:30:00+00:00,77810.468982,77790.55877599999,-0.0002558808121901901,-0.00105588081219019,12,fixed_12b_exit,0,77779.71,3,0.6358646387085357,8.405379999999848,7.70332,0.7850859840482131,85.95013999999983,62.39418999999998,-0.12076061246904801,False,fixed_12b,with_cost
breakout_forced_cover_signal,fixed_horizon,12,6192,6193,6205,2026-05-22 12:00:00+00:00,2026-05-22 12:05:00+00:00,2026-05-22 13:05:00+00:00,77452.507404,77521.64257,0.0008926136585789557,9.261365857895565e-05,12,fixed_12b_exit,0,77430.55,3,0.6582622964105065,15.46673999999985,7.717740000000003,0.6470835847502406,18.79859999999985,11.96159,-0.12067918289260193,True,fixed_12b,with_cost
breakout_forced_cover_signal,fixed_horizon,12,6250,6251,6263,2026-05-22 16:50:00+00:00,2026-05-22 16:55:00+00:00,2026-05-22 17:55:00+00:00,77014.85989200001,76734.65000000001,-0.003638387350089922,-0.0044383873500899226,12,fixed_12b_exit,0,76975.1,5,0.7377154300753295,95.95592999999985,40.94180000000001,0.2735384034224665,-26.04206000000016,-6.065389999999997,-0.12458194928392219,False,fixed_12b,with_cost
breakout_forced_cover_signal,fixed_horizon,12,6380,6381,6393,2026-05-23 03:40:00+00:00,2026-05-23 03:45:00+00:00,2026-05-23 04:45:00+00:00,75677.25242399999,75513.04436999999,-0.0021698469320740044,-0.0029698469320740043,12,fixed_12b_exit,0,75658.0,3,0.6885112783711196,12.266869999999827,93.74140999999999,0.44057115235867816,-7.718570000000173,4.24082,-0.12718180689612357,False,fixed_12b,with_cost
breakout_forced_cover_signal,fixed_horizon,12,6492,6493,6505,2026-05-23 13:00:00+00:00,2026-05-23 13:05:00+00:00,2026-05-23 14:05:00+00:00,74959.83897,75195.327926,0.003141534977072924,0.002341534977072924,12,fixed_12b_exit,0,74798.41,4,0.7416657913015392,83.5584799999998,37.47824000000001,0.5764796713283239,24.083189999999814,-24.357500000000005,-0.1251380725683452,True,fixed_12b,with_cost
breakout_forced_cover_signal,fixed_horizon,12,6508,6509,6521,2026-05-23 14:20:00+00:00,2026-05-23 14:25:00+00:00,2026-05-23 15:25:00+00:00,75319.01079,75529.63105200001,0.002796375839125842,0.001996375839125842,12,fixed_12b_exit,0,75262.86,4,0.5302581896488423,16.399939999999813,8.494640000000008,0.37707541611062195,-35.41532000000019,-26.74436999999999,-0.12339151935384951,True,fixed_12b,with_cost
breakout_forced_cover_signal,fixed_horizon,12,6554,6555,6567,2026-05-23 18:10:00+00:00,2026-05-23 18:15:00+00:00,2026-05-23 19:15:00+00:00,75715.230018,75934.22011800001,0.0028922860030662356,0.0020922860030662357,12,fixed_12b_exit,0,75576.11,3,0.682508194549038,42.2564799999998,31.215210000000006,0.6193262420758436,33.27259999999979,57.71528,-0.12155740369962431,True,fixed_12b,with_cost
breakout_forced_cover_signal,fixed_horizon,12,6578,6579,6591,2026-05-23 20:10:00+00:00,2026-05-23 20:15:00+00:00,2026-05-23 21:15:00+00:00,76101.057168,76972.98232400001,0.011457464435417286,0.010657464435417286,12,fixed_12b_exit,0,76012.22,4,0.6961057276634325,63.068609999999794,26.554249999999996,0.4137731609892484,-55.180400000000176,63.75063999999999,-0.11219543297099732,True,fixed_12b,with_cost
breakout_forced_cover_signal,fixed_horizon,12,6633,6634,6646,2026-05-24 00:45:00+00:00,2026-05-24 00:50:00+00:00,2026-05-24 01:50:00+00:00,76880.33299200001,76859.08510800001,-0.0002763760661937953,-0.0010763760661937952,12,fixed_12b_exit,0,76822.0,3,0.7622102518646103,57.7784799999998,44.1729,0.6739824110594398,23.410599999999803,21.55625,-0.11315104455840486,False,fixed_12b,with_cost
breakout_forced_cover_signal,fixed_horizon,12,6694,6695,6707,2026-05-24 05:50:00+00:00,2026-05-24 05:55:00+00:00,2026-05-24 06:55:00+00:00,76838.984724,76972.182484,0.0017334659024770271,0.0009334659024770271,12,fixed_12b_exit,0,76818.19,3,0.680781151604064,15.415949999999809,22.17713,0.5905883586129794,19.70419999999981,-8.129180000000002,-0.11232320129785267,True,fixed_12b,with_cost
breakout_forced_cover_signal,fixed_horizon,12,6733,6734,6746,2026-05-24 09:05:00+00:00,2026-05-24 09:10:00+00:00,2026-05-24 10:10:00+00:00,76894.75587600001,76930.830756,0.00046914616723880975,-0.0003308538327611903,12,fixed_12b_exit,0,76861.77,3,0.6014247859497267,10.558019999999809,9.773780000000002,0.4518601021049968,-4.549540000000189,-10.708029999999997,-0.11261689256895646,False,fixed_12b,with_cost
breakout_forced_cover_signal,fixed_horizon,12,6749,6750,6762,2026-05-24 10:25:00+00:00,2026-05-24 10:30:00+00:00,2026-05-24 11:30:00+00:00,77255.43799800001,77294.538,0.0005061132654635703,-0.00029388673453642977,12,fixed_12b_exit,0,77046.67,5,0.6430712318171516,163.53654999999978,155.92925999999997,0.5660113642773007,8.005279999999825,-1.5895299999999999,-0.11287768269268217,False,fixed_12b,with_cost
breakout_forced_cover_signal,fixed_horizon,12,6816,6817,6829,2026-05-24 16:00:00+00:00,2026-05-24 16:05:00+00:00,2026-05-24 17:05:00+00:00,76584.003738,76690.67879600001,0.0013929156585354985,0.0005929156585354984,12,fixed_12b_exit,0,76539.38,4,0.5581474276006726,20.316409999999827,21.17819,0.5283926094988033,4.659329999999828,-2.0711899999999996,-0.11235169397971434,True,fixed_12b,with_cost
breakout_forced_cover_signal,fixed_horizon,12,6861,6862,6874,2026-05-24 19:45:00+00:00,2026-05-24 19:50:00+00:00,2026-05-24 20:50:00+00:00,76772.28138599999,76636.309672,-0.0017711042520195397,-0.0025711042520195396,12,fixed_12b_exit,0,76745.42,3,0.6767885865066111,7.33777999999983,2.41451,0.6947365692903797,56.05245999999982,-85.48720999999998,-0.11463393031362101,False,fixed_12b,with_cost
breakout_forced_cover_signal,fixed_horizon,12,6889,6890,6902,2026-05-24 22:05:00+00:00,2026-05-24 22:10:00+00:00,2026-05-24 23:10:00+00:00,76916.340192,76944.15809000001,0.00036166434766093936,-0.0004383356523390607,12,fixed_12b_exit,0,76738.77,5,0.6009663816084865,54.27505999999982,36.85607000000001,0.5884494010122988,11.807129999999821,6.745099999999995,-0.1150220178273359,False,fixed_12b,with_cost
breakout_forced_cover_signal,fixed_horizon,12,6937,6938,6950,2026-05-25 02:05:00+00:00,2026-05-25 02:10:00+00:00,2026-05-25 03:10:00+00:00,77414.15973599999,77078.33125,-0.004338075710506151,-0.005138075710506151,12,fixed_12b_exit,0,77245.67,4,0.5518175139584932,20.648129999999817,49.45327999999999,0.5894105830075983,9.764949999999828,6.6791300000000025,-0.11956910170187007,False,fixed_12b,with_cost
breakout_forced_cover_signal,fixed_horizon,12,6965,6966,6978,2026-05-25 04:25:00+00:00,2026-05-25 04:30:00+00:00,2026-05-25 05:30:00+00:00,77190.86508599999,77406.00570200001,0.0027871253387343753,0.0019871253387343754,12,fixed_12b_exit,0,77122.77,3,0.6044520104665827,10.409889999999828,4.07109,0.5758518367070646,10.98147999999983,7.13061999999999,-0.11781957515485708,True,fixed_12b,with_cost
breakout_forced_cover_signal,fixed_horizon,12,6985,6986,6998,2026-05-25 06:05:00+00:00,2026-05-25 06:10:00+00:00,2026-05-25 07:10:00+00:00,77592.785454,77311.60458600002,-0.003623801702114071,-0.0044238017021140715,12,fixed_12b_exit,0,77498.0,5,0.7107347159286511,81.97657999999983,86.86487,0.5862155806173673,17.30898999999984,2.913740000000004,-0.12172216641985878,False,fixed_12b,with_cost
breakout_forced_cover_signal,fixed_horizon,12,7019,7020,7032,2026-05-25 08:55:00+00:00,2026-05-25 09:00:00+00:00,2026-05-25 10:00:00+00:00,77472.431388,77547.647368,0.0009708741374503393,0.0001708741374503393,12,fixed_12b_exit,0,77430.0,3,0.6370541133040555,22.792649999999835,11.157880000000006,0.2819460016158279,-38.70332000000018,-15.697290000000002,-0.12157209145260395,True,fixed_12b,with_cost
breakout_forced_cover_signal,fixed_horizon,12,7081,7082,7094,2026-05-25 14:05:00+00:00,2026-05-25 14:10:00+00:00,2026-05-25 15:10:00+00:00,77488.29456,77696.447602,0.002686251429095954,0.001886251429095954,12,fixed_12b_exit,0,77450.0,3,0.628483430287078,25.97751999999982,16.893330000000006,0.5681139713835407,32.62067999999981,49.88196999999999,-0.11991515555474852,True,fixed_12b,with_cost
breakout_forced_cover_signal,fixed_horizon,12,7112,7113,7125,2026-05-25 16:40:00+00:00,2026-05-25 16:45:00+00:00,2026-05-25 17:45:00+00:00,77699.13672000001,77550.156866,-0.0019173939414137697,-0.0027173939414137697,12,fixed_12b_exit,0,77679.71,3,0.7383996599312078,26.762659999999812,13.41396,0.5043626181108917,0.27466999999981656,4.6051600000000015,-0.1223066927789741,False,fixed_12b,with_cost
breakout_forced_cover_signal,fixed_horizon,12,7253,7254,7266,2026-05-26 04:25:00+00:00,2026-05-26 04:30:00+00:00,2026-05-26 05:30:00+00:00,76757.338398,76880.530818,0.0016049595070795064,0.0008049595070795064,12,fixed_12b_exit,0,76705.71,4,0.7318280258303019,48.160069999999806,14.281849999999991,0.7502600122316178,67.87020999999983,-24.077749999999995,-0.12160018520702642,True,fixed_12b,with_cost
breakout_forced_cover_signal,fixed_horizon,12,7267,7268,7280,2026-05-26 05:35:00+00:00,2026-05-26 05:40:00+00:00,2026-05-26 06:40:00+00:00,76947.84649200001,76964.613998,0.00021790741085569998,-0.0005820925891443001,12,fixed_12b_exit,0,76895.91,5,0.7527851602569372,73.73277999999982,5.862569999999991,0.5451409244127682,24.403459999999832,42.03012000000001,-0.12211149522952314,False,fixed_12b,with_cost
breakout_forced_cover_signal,fixed_horizon,12,7298,7299,7311,2026-05-26 08:10:00+00:00,2026-05-26 08:15:00+00:00,2026-05-26 09:15:00+00:00,76809.468822,76776.6416,-0.0004273850933153023,-0.0012273850933153022,12,fixed_12b_exit,0,76770.01,3,0.6067631986222011,10.05239999999981,19.31418,0.7424264981409257,53.801159999999825,12.693270000000012,-0.12318900249387132,False,fixed_12b,with_cost
breakout_forced_cover_signal,fixed_horizon,12,7323,7324,7336,2026-05-26 10:15:00+00:00,2026-05-26 10:20:00+00:00,2026-05-26 11:20:00+00:00,76911.38920199999,77235.969716,0.004220187898927863,0.003420187898927863,12,fixed_12b_exit,0,76804.0,4,0.7307012886810154,50.71134999999981,19.234260000000003,0.46453792498218754,-10.147460000000187,2.6889400000000023,-0.12019014413055396,True,fixed_12b,with_cost
breakout_forced_cover_signal,fixed_horizon,12,7483,7484,7496,2026-05-26 23:35:00+00:00,2026-05-26 23:40:00+00:00,2026-05-27 00:40:00+00:00,75968.09057999999,75955.55585,-0.00016499993489749176,-0.0009649999348974918,12,fixed_12b_exit,0,75945.02,3,0.6344168346113561,24.962009999999776,7.156710000000004,0.6624319505719726,27.26993999999978,10.441600000000001,-0.12103916058419018,False,fixed_12b,with_cost
breakout_forced_cover_signal,fixed_horizon,12,7499,7500,7512,2026-05-27 00:55:00+00:00,2026-05-27 01:00:00+00:00,2026-05-27 02:00:00+00:00,76100.217,75850.64683600001,-0.0032794934605769877,-0.004079493460576988,12,fixed_12b_exit,0,76066.93,5,0.6801962436471911,105.91492999999974,8.013209999999987,0.44421033551450984,-10.772510000000231,-146.60458,-0.12462487558069024,False,fixed_12b,with_cost
breakout_forced_cover_signal,fixed_horizon,12,7524,7525,7537,2026-05-27 03:00:00+00:00,2026-05-27 03:05:00+00:00,2026-05-27 04:05:00+00:00,75939.574878,75684.830006,-0.003354573322398191,-0.004154573322398191,12,fixed_12b_exit,0,75890.59,3,0.6372275750420404,48.51650999999976,20.193089999999998,0.3735941595382296,-52.71434000000023,27.276469999999996,-0.12826168571969376,False,fixed_12b,with_cost
breakout_forced_cover_signal,fixed_horizon,12,7561,7562,7574,2026-05-27 06:05:00+00:00,2026-05-27 06:10:00+00:00,2026-05-27 07:10:00+00:00,75815.16,75780.280912,-0.00046005426882966827,-0.0012600542688296682,12,fixed_12b_exit,0,75750.02,4,0.6160448993480216,55.63081999999976,71.81141,0.521176310717787,4.101559999999772,-3.257570000000001,-0.12936012330390512,False,fixed_12b,with_cost
breakout_forced_cover_signal,fixed_horizon,12,7578,7579,7591,2026-05-27 07:30:00+00:00,2026-05-27 07:35:00+00:00,2026-05-27 08:35:00+00:00,75953.557674,75981.880584,0.00037289773997906117,-0.00042710226002093887,12,fixed_12b_exit,0,75900.0,3,0.6717369252321229,31.513529999999786,26.445150000000005,0.39399608299731326,-16.668340000000228,-20.37858,-0.1297319755629064,False,fixed_12b,with_cost
breakout_forced_cover_signal,fixed_horizon,12,7612,7613,7625,2026-05-27 10:20:00+00:00,2026-05-27 10:25:00+00:00,2026-05-27 11:25:00+00:00,76021.781316,75900.92677800001,-0.001589735677169024,-0.002389735677169024,12,fixed_12b_exit,0,76000.0,3,0.6850059627995705,21.281209999999767,4.082090000000004,0.37063464282280273,-25.374650000000237,-26.47125,-0.13181168610960314,False,fixed_12b,with_cost
breakout_forced_cover_signal,fixed_horizon,12,7671,7672,7684,2026-05-27 15:15:00+00:00,2026-05-27 15:20:00+00:00,2026-05-27 16:20:00+00:00,75236.124216,75048.347328,-0.0024958341482462787,-0.0032958341482462786,12,fixed_12b_exit,0,75172.87,3,0.6234161388794356,43.24501999999979,40.585409999999996,0.3493909269816099,-44.34448000000021,12.910879999999999,-0.13467309080163148,False,fixed_12b,with_cost
breakout_forced_cover_signal,fixed_horizon,12,7716,7717,7729,2026-05-27 19:00:00+00:00,2026-05-27 19:05:00+00:00,2026-05-27 20:05:00+00:00,75066.91037999999,75256.93560200001,0.0025314112574779113,0.0017314112574779114,12,fixed_12b_exit,0,75032.01,3,0.7019501613946663,57.10097999999979,1.5047599999999974,0.5943145070984408,25.916009999999787,1.0446699999999964,-0.1331748540496468,True,fixed_12b,with_cost
breakout_forced_cover_signal,fixed_horizon,12,7730,7731,7743,2026-05-27 20:10:00+00:00,2026-05-27 20:15:00+00:00,2026-05-27 21:15:00+00:00,75324.38186400001,75141.53868600001,-0.002427410268432406,-0.003227410268432406,12,fixed_12b_exit,0,75272.0,3,0.6035204409029795,27.49581999999978,1.5798099999999948,0.48848905855998875,-1.8154700000002144,13.688439999999998,-0.13597245442662242,False,fixed_12b,with_cost
breakout_forced_cover_signal,fixed_horizon,12,7857,7858,7870,2026-05-28 06:45:00+00:00,2026-05-28 06:50:00+00:00,2026-05-28 07:50:00+00:00,73159.86904800001,73411.734716,0.0034426752163094765,0.0026426752163094766,12,fixed_12b_exit,0,73077.55,4,0.5387033420175219,28.201779999999765,76.24571999999998,0.6054165442087392,49.82104999999979,-60.21885,-0.13368911024572683,True,fixed_12b,with_cost
breakout_forced_cover_signal,fixed_horizon,12,7891,7892,7904,2026-05-28 09:35:00+00:00,2026-05-28 09:40:00+00:00,2026-05-28 10:40:00+00:00,73457.08847999999,73495.487962,0.0005227471275350837,-0.00027725287246491636,12,fixed_12b_exit,0,73418.76,3,0.6874986686543604,44.71477999999977,17.198049999999995,0.7026631289546447,41.78858999999977,-69.05798,-0.1339292974283589,False,fixed_12b,with_cost
breakout_forced_cover_signal,fixed_horizon,12,7918,7919,7931,2026-05-28 11:50:00+00:00,2026-05-28 11:55:00+00:00,2026-05-28 12:55:00+00:00,73545.926244,73503.306398,-0.0005794997517415412,-0.0013794997517415412,12,fixed_12b_exit,0,73517.65,3,0.6153738073092846,15.84793999999977,13.402090000000001,0.6328286362519764,26.019859999999774,-6.396089999999994,-0.1351240417475471,False,fixed_12b,with_cost
breakout_forced_cover_signal,fixed_horizon,12,7947,7948,7960,2026-05-28 14:15:00+00:00,2026-05-28 14:20:00+00:00,2026-05-28 15:20:00+00:00,73494.275916,72853.4264,-0.00871972011442712,-0.009519720114427121,12,fixed_12b_exit,0,73338.35,4,0.5708889872528559,134.5526399999998,114.5762,0.505373530747218,2.133059999999773,-2.447749999999999,-0.14335741880380748,False,fixed_12b,with_cost
breakout_forced_cover_signal,fixed_horizon,12,7987,7988,8000,2026-05-28 17:35:00+00:00,2026-05-28 17:40:00+00:00,2026-05-28 18:40:00+00:00,73534.704,73587.2796,0.0007149766999809959,-8.502330001900415e-05,12,fixed_12b_exit,0,73500.0,3,0.6788359005762976,46.573739999999795,21.384430000000002,0.6311905982250973,27.013909999999793,25.337190000000003,-0.14343025338299764,False,fixed_12b,with_cost
breakout_forced_cover_signal,fixed_horizon,12,8020,8021,8033,2026-05-28 20:20:00+00:00,2026-05-28 20:25:00+00:00,2026-05-28 21:25:00+00:00,73613.109678,73678.871278,0.0008933408775646523,9.334087756465226e-05,12,fixed_12b_exit,0,73593.26,3,0.6442521616338373,43.337699999999785,2.577529999999996,0.5838287140270917,13.444309999999792,-6.000680000000003,-0.14335030041115304,True,fixed_12b,with_cost
breakout_forced_cover_signal,fixed_horizon,12,8036,8037,8049,2026-05-28 21:40:00+00:00,2026-05-28 21:45:00+00:00,2026-05-28 22:45:00+00:00,73922.771598,73553.58634000001,-0.0049942020573534585,-0.005794202057353459,12,fixed_12b_exit,0,73837.83,3,0.6659799214345641,40.294669999999776,18.050169999999994,0.5069817954786299,1.2233899999997853,14.944939999999999,-0.14831390186294202,False,fixed_12b,with_cost
breakout_forced_cover_signal,fixed_horizon,12,8077,8078,8090,2026-05-29 01:05:00+00:00,2026-05-29 01:10:00+00:00,2026-05-29 02:10:00+00:00,73874.772,73608.465362,-0.003604838712733982,-0.004404838712733982,12,fixed_12b_exit,0,73854.77,3,0.7490547912466613,55.52299999999978,19.215309999999988,0.5371647304423717,27.76314999999979,4.718130000000002,-0.15206544175911352,False,fixed_12b,with_cost
breakout_forced_cover_signal,fixed_horizon,12,8121,8122,8134,2026-05-29 04:45:00+00:00,2026-05-29 04:50:00+00:00,2026-05-29 05:50:00+00:00,73459.58897999999,73652.56654,0.0026269893785078047,0.0018269893785078047,12,fixed_12b_exit,0,73440.67,3,0.6805301987686335,16.14764999999978,2.7945699999999967,0.47506952373769945,-10.069370000000212,-74.74575999999999,-0.15051627432753767,True,fixed_12b,with_cost
breakout_forced_cover_signal,fixed_horizon,12,8135,8136,8148,2026-05-29 05:55:00+00:00,2026-05-29 06:00:00+00:00,2026-05-29 07:00:00+00:00,73720.7412,73761.2448,0.0005494193267823189,-0.0002505806732176812,12,fixed_12b_exit,0,73690.74,4,0.6295251506919665,63.631869999999786,73.70124,0.6547744783676905,26.430199999999772,1.7543099999999967,-0.15072913853140413,False,fixed_12b,with_cost
breakout_forced_cover_signal,fixed_horizon,12,8244,8245,8257,2026-05-29 15:00:00+00:00,2026-05-29 15:05:00+00:00,2026-05-29 16:05:00+00:00,73328.602788,73885.229998,0.007590860712418879,0.006790860712418878,12,fixed_12b_exit,0,73198.17,5,0.6500951573594487,139.25828999999976,35.74498,0.6609104841500658,53.645749999999786,9.069339999999997,-0.14496185840405484,True,fixed_12b,with_cost
breakout_forced_cover_signal,fixed_horizon,12,8308,8309,8321,2026-05-29 20:20:00+00:00,2026-05-29 20:25:00+00:00,2026-05-29 21:25:00+00:00,73758.7488,73524.152228,-0.0031805931610379146,-0.003980593161037915,12,fixed_12b_exit,0,73727.95,3,0.6265598181076273,12.009979999999771,4.509649999999999,0.22192402630173072,-79.76428000000023,-44.11649,-0.1483654173829182,False,fixed_12b,with_cost
breakout_forced_cover_signal,fixed_horizon,12,8386,8387,8399,2026-05-30 02:50:00+00:00,2026-05-30 02:55:00+00:00,2026-05-30 03:55:00+00:00,73788.73479599999,73509.305198,-0.0037868869655037773,-0.004586886965503778,12,fixed_12b_exit,0,73727.0,3,0.6570633160262253,30.714899999999755,16.296219999999998,0.45099167009846325,-4.15805000000025,32.43241,-0.15227176894929673,False,fixed_12b,with_cost
breakout_forced_cover_signal,fixed_horizon,12,8413,8414,8426,2026-05-30 05:05:00+00:00,2026-05-30 05:10:00+00:00,2026-05-30 06:10:00+00:00,73531.323324,73521.802698,-0.00012947714755584538,-0.0009294771475558454,12,fixed_12b_exit,0,73510.01,3,0.7079898285255124,90.31788999999976,79.42671000000001,0.7272741541833913,67.47555999999976,-89.17190000000001,-0.1530597129673963,False,fixed_12b,with_cost
breakout_forced_cover_signal,fixed_horizon,12,8430,8431,8443,2026-05-30 06:30:00+00:00,2026-05-30 06:35:00+00:00,2026-05-30 07:35:00+00:00,73692.225498,73481.3008,-0.0028622381340041025,-0.0036622381340041025,12,fixed_12b_exit,0,73635.0,3,0.6394581041587676,16.64615999999975,8.306080000000001,0.41968759027531727,-6.221910000000257,-8.828019999999999,-0.15616140998379147,False,fixed_12b,with_cost
breakout_forced_cover_signal,fixed_horizon,12,8470,8471,8483,2026-05-30 09:50:00+00:00,2026-05-30 09:55:00+00:00,2026-05-30 10:55:00+00:00,73627.15248599999,73641.11883,0.0001896901282807395,-0.0006103098717192605,12,fixed_12b_exit,0,73579.08,3,0.6158728203306355,8.089069999999744,5.0245700000000015,0.7236592461295074,33.518929999999735,27.444179999999996,-0.15667641300541602,False,fixed_12b,with_cost
breakout_forced_cover_signal,fixed_horizon,12,8509,8510,8522,2026-05-30 13:05:00+00:00,2026-05-30 13:10:00+00:00,2026-05-30 14:10:00+00:00,73780.56316199999,73925.221998,0.0019606632126454304,0.0011606632126454305,12,fixed_12b_exit,0,73736.0,3,0.7180563684150559,30.79009999999973,19.825329999999997,0.761171255922444,91.47692999999973,31.482200000000006,-0.1556975983416351,True,fixed_12b,with_cost
breakout_forced_cover_signal,fixed_horizon,12,8560,8561,8573,2026-05-30 17:20:00+00:00,2026-05-30 17:25:00+00:00,2026-05-30 18:25:00+00:00,74027.78259599999,73954.566128,-0.000989040403919117,-0.0017890404039191169,12,fixed_12b_exit,0,73985.84,4,0.8852456564740497,106.13194999999973,115.24791,0.6685470894194312,26.142229999999735,-5.169109999999996,-0.15720808945132791,False,fixed_12b,with_cost
breakout_forced_cover_signal,fixed_horizon,12,8651,8652,8664,2026-05-31 00:55:00+00:00,2026-05-31 01:00:00+00:00,2026-05-31 02:00:00+00:00,74053.00764,74067.163604,0.00019115987926943134,-0.0006088401207305687,12,fixed_12b_exit,0,74028.0,3,0.697771422483158,17.634189999999727,0.7743099999999998,0.47770504360972554,-1.328350000000274,-3.4822500000000023,-0.1577212149798971,False,fixed_12b,with_cost
breakout_forced_cover_signal,fixed_horizon,12,8825,8826,8838,2026-05-31 15:25:00+00:00,2026-05-31 15:30:00+00:00,2026-05-31 16:30:00+00:00,73763.409732,73423.96226999999,-0.004601840712533556,-0.005401840712533556,12,fixed_12b_exit,0,73742.0,3,0.7170075872737713,28.465379999999723,20.5799,0.28567642945464355,-52.37705000000027,-41.572019999999995,-0.162271070812122,False,fixed_12b,with_cost
breakout_forced_cover_signal,fixed_horizon,12,8850,8851,8863,2026-05-31 17:30:00+00:00,2026-05-31 17:35:00+00:00,2026-05-31 18:35:00+00:00,73674.98204999999,73652.47655800001,-0.0003054699352992296,-0.0011054699352992295,12,fixed_12b_exit,0,73610.36,3,0.7465909592783798,16.415209999999725,13.225670000000001,0.5368934540426997,3.883159999999731,7.391179999999999,-0.1631971549572696,False,fixed_12b,with_cost
breakout_forced_cover_signal,fixed_horizon,12,8881,8882,8894,2026-05-31 20:05:00+00:00,2026-05-31 20:10:00+00:00,2026-05-31 21:10:00+00:00,73703.007654,73673.2624,-0.00040358263450568366,-0.0012035826345056836,12,fixed_12b_exit,0,73657.32,5,0.7985716265210122,175.48243999999974,59.07723,0.47454690208617056,-4.13824000000027,-15.147520000000002,-0.16420431633006805,False,fixed_12b,with_cost
breakout_forced_cover_signal,fixed_horizon,12,8901,8902,8914,2026-05-31 21:45:00+00:00,2026-05-31 21:50:00+00:00,2026-05-31 22:50:00+00:00,73864.77,73941.128816,0.0010337650276308619,0.00023376502763086183,12,fixed_12b_exit,0,73760.0,4,0.5885757977846153,20.00626999999973,6.446759999999999,0.6040466200004555,9.247159999999736,17.31814,-0.16400893652898108,True,fixed_12b,with_cost
breakout_forced_cover_signal,fixed_horizon,12,8916,8917,8929,2026-05-31 23:00:00+00:00,2026-05-31 23:05:00+00:00,2026-06-01 00:05:00+00:00,74082.893616,73738.99925000001,-0.004642021244236627,-0.0054420212442366275,12,fixed_12b_exit,0,73997.56,5,0.6721067886187686,52.88895999999974,34.94981,0.5708425301402609,17.786749999999742,-1.1038399999999946,-0.16855841765638235,False,fixed_12b,with_cost
breakout_forced_cover_signal,fixed_horizon,12,9035,9036,9048,2026-06-01 08:55:00+00:00,2026-06-01 09:00:00+00:00,2026-06-01 10:00:00+00:00,72917.22052799999,72768.59337,-0.002038299827170631,-0.002838299827170631,12,fixed_12b_exit,0,72865.58,4,0.7317682861651428,59.93055999999973,109.96245,0.2096146331645603,-917.8228700000005,-9.91773999999998,-0.1709182981558507,False,fixed_12b,with_cost
breakout_forced_cover_signal,fixed_horizon,12,9129,9130,9142,2026-06-01 16:45:00+00:00,2026-06-01 16:50:00+00:00,2026-06-01 17:50:00+00:00,71394.045954,71701.636804,0.004308354371710177,0.003508354371710177,12,fixed_12b_exit,0,71356.0,3,0.5819339098730052,133.02346999999975,-207.13461000000007,0.7195248059933711,151.48843999999963,2.553280000000001,-0.16800958574268077,True,fixed_12b,with_cost
breakout_forced_cover_signal,fixed_horizon,12,9197,9198,9210,2026-06-01 22:25:00+00:00,2026-06-01 22:30:00+00:00,2026-06-01 23:30:00+00:00,71298.54685799999,71313.024542,0.00020305720997160215,-0.0005969427900283979,12,fixed_12b_exit,0,71230.0,4,0.8120380680717295,211.10087999999968,59.037830000000014,0.4891209555732504,-2.250190000000323,3.77736,-0.16850623642184448,False,fixed_12b,with_cost
breakout_forced_cover_signal,fixed_horizon,12,9211,9212,9224,2026-06-01 23:35:00+00:00,2026-06-01 23:40:00+00:00,2026-06-02 00:40:00+00:00,71524.302,71165.764,-0.005012813686738227,-0.005812813686738227,12,fixed_12b_exit,0,71470.0,3,0.6423072683324534,64.13495999999967,66.38514999999998,0.41462694979617826,-24.113840000000337,-9.011120000000007,-0.1733395547512091,False,fixed_12b,with_cost
breakout_forced_cover_signal,fixed_horizon,12,9270,9271,9283,2026-06-02 04:30:00+00:00,2026-06-02 04:35:00+00:00,2026-06-02 05:35:00+00:00,71044.19599800001,70595.907994,-0.006309987715430454,-0.007109987715430454,12,fixed_12b_exit,0,71028.25,3,0.6132697817007485,27.61560999999966,16.302759999999992,0.520347901392211,8.76311999999967,30.34964000000001,-0.1792171003617603,False,fixed_12b,with_cost
breakout_forced_cover_signal,fixed_horizon,12,9338,9339,9351,2026-06-02 10:10:00+00:00,2026-06-02 10:15:00+00:00,2026-06-02 11:15:00+00:00,69671.9316,69436.119998,-0.003384599746047545,-0.004184599746047546,12,fixed_12b_exit,0,69654.58,5,0.6786696240439092,152.6611799999996,58.81557999999998,0.41342315891679315,-18.689360000000374,-15.456420000000007,-0.18265174827514663,False,fixed_12b,with_cost
breakout_forced_cover_signal,fixed_horizon,12,9466,9467,9479,2026-06-02 20:50:00+00:00,2026-06-02 20:55:00+00:00,2026-06-02 21:55:00+00:00,67626.862668,67552.496798,-0.0010996498590374326,-0.0018996498590374325,12,fixed_12b_exit,0,67498.0,3,0.6200388017562282,57.52691999999955,23.100269999999995,0.3374770172253249,-45.275360000000454,10.37086,-0.1842044237663203,False,fixed_12b,with_cost
breakout_forced_cover_signal,fixed_horizon,12,9507,9508,9520,2026-06-03 00:15:00+00:00,2026-06-03 00:20:00+00:00,2026-06-03 01:20:00+00:00,67099.137144,66930.821158,-0.002508467219761279,-0.003308467219761279,12,fixed_12b_exit,0,66912.0,3,0.5548485860125352,50.51424999999954,109.22464,0.46785877535847226,-13.404940000000462,4.671459999999993,-0.18690345668831565,False,fixed_12b,with_cost
breakout_forced_cover_signal,fixed_horizon,12,9582,9583,9595,2026-06-03 06:30:00+00:00,2026-06-03 06:35:00+00:00,2026-06-03 07:35:00+00:00,67478.36297399999,67219.923326,-0.0038299632150170515,-0.004629963215017052,12,fixed_12b_exit,0,67398.28,4,0.6068361009032858,118.23899999999952,31.49897,0.6842342275324182,66.62038999999953,36.710719999999995,-0.19066806377410628,False,fixed_12b,with_cost
breakout_forced_cover_signal,fixed_horizon,12,9625,9626,9638,2026-06-03 10:05:00+00:00,2026-06-03 10:10:00+00:00,2026-06-03 11:10:00+00:00,67453.498002,67328.0317,-0.001860041446572036,-0.002660041446572036,12,fixed_12b_exit,0,67322.0,3,0.6588534506491791,71.76840999999956,36.81833000000003,0.5414327055806744,10.45729999999957,5.602060000000002,-0.19282092026850162,False,fixed_12b,with_cost
breakout_forced_cover_signal,fixed_horizon,12,9765,9766,9778,2026-06-03 21:45:00+00:00,2026-06-03 21:50:00+00:00,2026-06-03 22:50:00+00:00,65787.924954,64815.044398000005,-0.014788132574180657,-0.015588132574180657,12,fixed_12b_exit,0,65720.01,5,0.6388608633749902,137.55079999999958,74.65532999999999,0.4729616053460077,-11.658720000000393,45.14733,-0.20540333477446138,False,fixed_12b,with_cost
breakout_forced_cover_signal,fixed_horizon,12,9942,9943,9955,2026-06-04 12:30:00+00:00,2026-06-04 12:35:00+00:00,2026-06-04 13:35:00+00:00,63505.558572,64137.17,0.009945766043202298,0.009145766043202297,12,fixed_12b_exit,0,63400.0,3,0.5791372797162897,98.3216899999997,23.674859999999995,0.6544134512071693,278.2434499999996,243.60024999999993,-0.19813613957559983,True,fixed_12b,with_cost
breakout_forced_cover_signal,fixed_horizon,12,10013,10014,10026,2026-06-04 18:25:00+00:00,2026-06-04 18:30:00+00:00,2026-06-04 19:30:00+00:00,63909.039252,63952.646912000004,0.0006823394704471575,-0.00011766052955284256,12,fixed_12b_exit,0,63650.0,3,0.6490063826717783,98.9081599999997,60.98535,0.550646037562275,19.343779999999686,-32.86435,-0.19823048730204662,False,fixed_12b,with_cost
breakout_forced_cover_signal,fixed_horizon,12,10133,10134,10146,2026-06-05 04:25:00+00:00,2026-06-05 04:30:00+00:00,2026-06-05 05:30:00+00:00,63252.968064,63329.011664000005,0.0012022139407443788,0.0004022139407443788,12,fixed_12b_exit,0,62980.0,3,0.6363642434260616,89.03503999999973,97.24917000000002,0.6117372413505838,48.9320799999997,-26.700489999999988,-0.19790800442677559,True,fixed_12b,with_cost
breakout_forced_cover_signal,fixed_horizon,12,10169,10170,10182,2026-06-05 07:25:00+00:00,2026-06-05 07:30:00+00:00,2026-06-05 08:30:00+00:00,62265.390588,62689.899512,0.006817734860267821,0.006017734860267821,12,fixed_12b_exit,0,62203.29,3,0.5833030952443384,86.53159999999971,52.9136,0.5133321614536664,7.529879999999711,-55.10884,-0.19308122746387268,True,fixed_12b,with_cost
breakout_forced_cover_signal,fixed_horizon,12,10190,10191,10203,2026-06-05 09:10:00+00:00,2026-06-05 09:15:00+00:00,2026-06-05 10:15:00+00:00,63112.26993,62558.175862000004,-0.00877949832282321,-0.00957949832282321,12,fixed_12b_exit,0,62932.63,3,0.6059717724668084,78.2876599999997,84.65833,0.4478418263427247,-24.984800000000284,-33.39958,-0.2008111044920371,False,fixed_12b,with_cost
breakout_forced_cover_signal,fixed_horizon,12,10317,10318,10330,2026-06-05 19:45:00+00:00,2026-06-05 19:50:00+00:00,2026-06-05 20:50:00+00:00,60227.523096000004,61498.137912000006,0.02109691301723804,0.02029691301723804,12,fixed_12b_exit,0,59972.0,3,0.515706892238713,21.315519999999736,35.86848999999998,0.5320372713913566,40.619439999999784,1.8651499999999999,-0.1845900369955693,True,fixed_12b,with_cost
breakout_forced_cover_signal,fixed_horizon,12,10332,10333,10345,2026-06-05 21:00:00+00:00,2026-06-05 21:05:00+00:00,2026-06-05 22:05:00+00:00,61844.3664,61396.178308,-0.0072470318331209205,-0.00804703183312092,12,fixed_12b_exit,0,61787.01,4,0.5582104683874582,112.90935999999985,39.00491000000005,0.4251821663917838,-42.62631000000023,-17.979870000000005,-0.19115166692490992,False,fixed_12b,with_cost
breakout_forced_cover_signal,fixed_horizon,12,10432,10433,10445,2026-06-06 05:20:00+00:00,2026-06-06 05:25:00+00:00,2026-06-06 06:25:00+00:00,60831.083783999995,61012.39508,0.0029805698784490797,0.00218056987844908,12,fixed_12b_exit,0,60302.21,5,0.6750756778087869,346.80122999999975,341.17591,0.2547624300721339,-358.26890000000026,-23.671690000000012,-0.18938791661357257,True,fixed_12b,with_cost
breakout_forced_cover_signal,fixed_horizon,12,10469,10470,10482,2026-06-06 08:25:00+00:00,2026-06-06 08:30:00+00:00,2026-06-06 09:30:00+00:00,61414.280399999996,61249.837582,-0.002677599036070344,-0.003477599036070344,12,fixed_12b_exit,0,61166.1,3,0.705409680874278,96.46151999999977,90.58921000000002,0.4441982475936988,-13.948350000000257,-10.393690000000003,-0.19220690041338417,False,fixed_12b,with_cost
breakout_forced_cover_signal,fixed_horizon,12,10509,10510,10522,2026-06-06 11:45:00+00:00,2026-06-06 11:50:00+00:00,2026-06-06 12:50:00+00:00,60902.188002,61109.765602,0.003408376723561757,0.002608376723561757,12,fixed_12b_exit,0,60870.32,3,0.6595581757614367,42.04101999999975,11.53979,0.6237904052574856,36.816189999999736,20.22264999999999,-0.19009987169496856,True,fixed_12b,with_cost
breakout_forced_cover_signal,fixed_horizon,12,10624,10625,10637,2026-06-06 21:20:00+00:00,2026-06-06 21:25:00+00:00,2026-06-06 22:25:00+00:00,60918.53127,60448.52787600001,-0.007715277834208889,-0.00851527783420889,12,fixed_12b_exit,0,60899.65,3,0.6628535657769388,35.115589999999756,11.18724000000001,0.3278828392924079,-36.614370000000264,-24.80003000000001,-0.1969963963054473,False,fixed_12b,with_cost
breakout_forced_cover_signal,fixed_horizon,12,10651,10652,10664,2026-06-06 23:35:00+00:00,2026-06-06 23:40:00+00:00,2026-06-07 00:40:00+00:00,60841.745916,60786.080352,-0.0009149238431923612,-0.0017149238431923611,12,fixed_12b_exit,0,60763.27,3,0.6668434657817612,18.42710999999975,0.009570000000003631,0.24371669154945702,-122.66162000000026,-34.83642000000002,-0.19837348633159246,False,fixed_12b,with_cost
breakout_forced_cover_signal,fixed_horizon,12,10668,10669,10681,2026-06-07 01:00:00+00:00,2026-06-07 01:05:00+00:00,2026-06-07 02:05:00+00:00,61077.142986,61529.021734,0.007398491905614923,0.006598491905614923,12,fixed_12b_exit,0,60987.99,4,0.7250065346994569,93.63938999999974,64.39902,0.5312885699468237,8.604469999999743,17.493040000000004,-0.1930839602698251,True,fixed_12b,with_cost
breakout_forced_cover_signal,fixed_horizon,12,10712,10713,10725,2026-06-07 04:40:00+00:00,2026-06-07 04:45:00+00:00,2026-06-07 05:45:00+00:00,61753.528236,61750.957338,-4.163159698622465e-05,-0.0008416315969862247,12,fixed_12b_exit,0,61732.0,3,0.6462334989543523,31.23548999999975,28.252440000000014,0.49844587039625543,-1.1069400000002787,-59.037640000000025,-0.19376308630497707,False,fixed_12b,with_cost
breakout_forced_cover_signal,fixed_horizon,12,10733,10734,10746,2026-06-07 06:25:00+00:00,2026-06-07 06:30:00+00:00,2026-06-07 07:30:00+00:00,61982.574036,62203.75676,0.0035684662574926307,0.0027684662574926308,12,fixed_12b_exit,0,61937.14,4,0.5603034751676296,56.01611999999973,16.94512000000001,0.6072026316160135,93.7667799999997,-164.29817000000003,-0.19153104661386733,True,fixed_12b,with_cost
breakout_forced_cover_signal,fixed_horizon,12,10750,10751,10763,2026-06-07 07:50:00+00:00,2026-06-07 07:55:00+00:00,2026-06-07 08:55:00+00:00,62326.4628,62842.438998000005,0.008278605504306036,0.0074786055043060354,12,fixed_12b_exit,0,62268.88,4,0.5140423681685155,9.73267999999976,94.78718000000002,0.6498401965276178,245.6856999999997,-7.328869999999995,-0.1854848262490132,True,fixed_12b,with_cost
breakout_forced_cover_signal,fixed_horizon,12,10796,10797,10809,2026-06-07 11:40:00+00:00,2026-06-07 11:45:00+00:00,2026-06-07 12:45:00+00:00,62692.525998,61844.058714,-0.013533786850877028,-0.014333786850877028,12,fixed_12b_exit,0,62665.98,3,0.6266063832112136,25.374149999999773,3.629639999999995,0.4382718118728147,-48.46424000000023,136.24135,-0.19715991313636494,False,fixed_12b,with_cost
breakout_forced_cover_signal,fixed_horizon,12,39,40,52,2026-05-01 03:15:00+00:00,2026-05-01 03:20:00+00:00,2026-05-01 04:20:00+00:00,77240.71,77165.15,-0.0009782406194869253,-0.0009782406194869253,12,fixed_12b_exit,0,76729.7,3,0.7869739978296629,151.45113,138.86171000000002,0.5780885796375681,14.101420000000005,-0.5421499999999959,-0.0009782406194869253,False,fixed_12b,no_cost
breakout_forced_cover_signal,fixed_horizon,12,98,99,111,2026-05-01 08:10:00+00:00,2026-05-01 08:15:00+00:00,2026-05-01 09:15:00+00:00,77249.99,77329.71,0.0010319742436213364,0.0010319742436213364,12,fixed_12b_exit,0,77147.89,3,0.7791722363635174,116.18608,110.87657,0.5450581390331106,7.831209999999999,14.76238,5.2724105011003886e-05,True,fixed_12b,no_cost
breakout_forced_cover_signal,fixed_horizon,12,124,125,137,2026-05-01 10:20:00+00:00,2026-05-01 10:25:00+00:00,2026-05-01 11:25:00+00:00,77408.77,77382.63,-0.00033768783562893034,-0.00033768783562893034,12,fixed_12b_exit,0,77377.91,3,0.6920287224066014,64.313,38.8061,0.6561862423550019,76.51901999999998,-4.217939999999999,-0.0002849815349068585,False,fixed_12b,no_cost
breakout_forced_cover_signal,fixed_horizon,12,147,148,160,2026-05-01 12:15:00+00:00,2026-05-01 12:20:00+00:00,2026-05-01 13:20:00+00:00,77691.14,78340.2,0.008354363187359493,0.008354363187359493,12,fixed_12b_exit,0,77677.77,3,0.6419618867039846,64.64678,24.54444,0.46255430116705015,-30.502590000000026,-21.52176,0.008067000813208436,True,fixed_12b,no_cost
breakout_forced_cover_signal,fixed_horizon,12,211,212,224,2026-05-01 17:35:00+00:00,2026-05-01 17:40:00+00:00,2026-05-01 18:40:00+00:00,78512.46,78428.53,-0.0010690022959414236,-0.0010690022959414236,12,fixed_12b_exit,0,78390.0,3,0.7373911477980973,74.10553999999998,25.792930000000013,0.5375989940636674,17.315469999999973,-29.465499999999995,0.006989374874876386,False,fixed_12b,no_cost
breakout_forced_cover_signal,fixed_horizon,12,263,264,276,2026-05-01 21:55:00+00:00,2026-05-01 22:00:00+00:00,2026-05-01 23:00:00+00:00,78200.0,78146.34,-0.0006861892583120976,-0.0006861892583120976,12,fixed_12b_exit,0,78190.98,3,0.7322119554585614,45.70058999999998,50.83796999999999,0.40088762617349927,-5.616500000000013,8.53136,0.006298389582602759,False,fixed_12b,no_cost
breakout_forced_cover_signal,fixed_horizon,12,306,307,319,2026-05-02 01:30:00+00:00,2026-05-02 01:35:00+00:00,2026-05-02 02:35:00+00:00,78424.1,78365.4,-0.000748494404143818,-0.000748494404143818,12,fixed_12b_exit,0,78393.39,3,0.639542618442797,11.395239999999989,30.554000000000002,0.5477762391626224,2.9878399999999883,9.29628,0.005545180869101163,False,fixed_12b,no_cost
breakout_forced_cover_signal,fixed_horizon,12,369,370,382,2026-05-02 06:45:00+00:00,2026-05-02 06:50:00+00:00,2026-05-02 07:50:00+00:00,78299.99,78234.05,-0.0008421457014234912,-0.0008421457014234912,12,fixed_12b_exit,0,78288.0,3,0.6512873636863039,12.287949999999984,13.03249,0.7080276086326123,23.573309999999978,28.716059999999995,0.004698365317445052,False,fixed_12b,no_cost
breakout_forced_cover_signal,fixed_horizon,12,437,438,450,2026-05-02 12:25:00+00:00,2026-05-02 12:30:00+00:00,2026-05-02 13:30:00+00:00,78242.86,78307.47,0.0008257622484659777,0.0008257622484659777,12,fixed_12b_exit,0,78227.86,3,0.7715534839327687,32.84402999999999,10.500300000000003,0.649180582190227,7.769819999999987,7.74465,0.005528007298619686,True,fixed_12b,no_cost
breakout_forced_cover_signal,fixed_horizon,12,461,462,474,2026-05-02 14:25:00+00:00,2026-05-02 14:30:00+00:00,2026-05-02 15:30:00+00:00,78420.43,78411.97,-0.00010788005115491828,-0.00010788005115491828,12,fixed_12b_exit,0,78397.11,4,0.8316016083933422,68.46145999999999,66.64376,0.4604204571768813,-2.871480000000016,11.57865,0.005419530885754531,False,fixed_12b,no_cost
breakout_forced_cover_signal,fixed_horizon,12,628,629,641,2026-05-03 04:20:00+00:00,2026-05-03 04:25:00+00:00,2026-05-03 05:25:00+00:00,78220.62,78226.16,7.082531434821071e-05,7.082531434821071e-05,12,fixed_12b_exit,0,78217.59,3,0.8021692818171012,14.348459999999974,7.940040000000003,0.2901210600646959,-5.664960000000029,-4.668490000000001,0.005490740040081432,True,fixed_12b,no_cost
breakout_forced_cover_signal,fixed_horizon,12,658,659,671,2026-05-03 06:50:00+00:00,2026-05-03 06:55:00+00:00,2026-05-03 07:55:00+00:00,78330.6,78363.25,0.0004168230551022667,0.0004168230551022667,12,fixed_12b_exit,0,78254.82,3,0.7447587138242954,26.149599999999957,22.84565,0.4630285425943007,-2.599580000000042,6.9041299999999985,0.005909851762222029,True,fixed_12b,no_cost
breakout_forced_cover_signal,fixed_horizon,12,688,689,701,2026-05-03 09:20:00+00:00,2026-05-03 09:25:00+00:00,2026-05-03 10:25:00+00:00,78484.93,78430.59,-0.0006923622152685827,-0.0006923622152685827,12,fixed_12b_exit,0,78481.76,4,0.7083287415628613,27.108589999999953,19.999099999999995,0.41478229325448546,-3.744570000000043,-4.4137200000000005,0.005213397788895513,False,fixed_12b,no_cost
breakout_forced_cover_signal,fixed_horizon,12,710,711,723,2026-05-03 11:10:00+00:00,2026-05-03 11:15:00+00:00,2026-05-03 12:15:00+00:00,78526.21,78773.79,0.0031528326656793393,0.0031528326656793393,12,fixed_12b_exit,0,78491.27,4,0.7810533345513762,44.61004999999996,24.24608,0.5918402218922745,21.38084999999995,-17.903380000000002,0.008382667425422818,True,fixed_12b,no_cost
breakout_forced_cover_signal,fixed_horizon,12,756,757,769,2026-05-03 15:00:00+00:00,2026-05-03 15:05:00+00:00,2026-05-03 16:05:00+00:00,78800.0,78633.25,-0.0021161167512689927,-0.0021161167512689927,12,fixed_12b_exit,0,78786.57,4,0.5227683545386551,4.189649999999961,29.640620000000002,0.4446014482257662,-3.09801000000004,29.71975,0.0062488119711945345,False,fixed_12b,no_cost
breakout_forced_cover_signal,fixed_horizon,12,820,821,833,2026-05-03 20:20:00+00:00,2026-05-03 20:25:00+00:00,2026-05-03 21:25:00+00:00,78930.05,78917.42,-0.00016001510197960478,-0.00016001510197960478,12,fixed_12b_exit,0,78853.32,5,0.6698530679452158,35.42761999999993,37.21974999999999,0.26561925161869315,-19.214440000000042,17.981849999999998,0.0060877969649300034,False,fixed_12b,no_cost
breakout_forced_cover_signal,fixed_horizon,12,881,882,894,2026-05-04 01:25:00+00:00,2026-05-04 01:30:00+00:00,2026-05-04 02:30:00+00:00,78605.69,79751.86,0.014581259957135329,0.014581259957135329,12,fixed_12b_exit,0,78585.86,4,0.6687443949436331,33.08244999999995,9.808639999999997,0.43392676560363797,-28.44268000000006,16.535050000000005,0.020757824672177128,True,fixed_12b,no_cost
breakout_forced_cover_signal,fixed_horizon,12,980,981,993,2026-05-04 09:40:00+00:00,2026-05-04 09:45:00+00:00,2026-05-04 10:45:00+00:00,79857.56,79070.46,-0.009856299140619806,-0.009856299140619806,12,fixed_12b_exit,0,79823.25,3,0.7378613781305892,74.51010999999994,6.938229999999976,0.37745545970805117,-175.2083800000001,-225.81431000000003,0.010696930202079846,False,fixed_12b,no_cost
breakout_forced_cover_signal,fixed_horizon,12,1036,1037,1049,2026-05-04 14:20:00+00:00,2026-05-04 14:25:00+00:00,2026-05-04 15:25:00+00:00,79274.9,79700.37,0.005367020330520722,0.005367020330520722,12,fixed_12b_exit,0,79124.83,5,0.6158765429745418,93.37189999999993,83.40274000000001,0.4438576204501131,-106.11254000000004,46.88451000000002,0.016121361174469273,True,fixed_12b,no_cost
breakout_forced_cover_signal,fixed_horizon,12,1120,1121,1133,2026-05-04 21:20:00+00:00,2026-05-04 21:25:00+00:00,2026-05-04 22:25:00+00:00,80275.75,80268.73,-8.744857569076281e-05,-8.744857569076281e-05,12,fixed_12b_exit,0,80150.76,3,0.7060345879498546,34.209129999999924,26.617690000000003,0.5348392927414795,5.457099999999915,4.158710000000001,0.016032502808705607,False,fixed_12b,no_cost
breakout_forced_cover_signal,fixed_horizon,12,1158,1159,1171,2026-05-05 00:30:00+00:00,2026-05-05 00:35:00+00:00,2026-05-05 01:35:00+00:00,80093.96,80252.12,0.001974680737473644,0.001974680737473644,12,fixed_12b_exit,0,80010.0,3,0.6523713065692767,19.00860999999991,18.52022,0.4668477711243285,-15.89242000000008,-17.86802,0.01803884262064903,True,fixed_12b,no_cost
breakout_forced_cover_signal,fixed_horizon,12,1176,1177,1189,2026-05-05 02:00:00+00:00,2026-05-05 02:05:00+00:00,2026-05-05 03:05:00+00:00,80497.44,80523.69,0.0003260973268217615,0.0003260973268217615,12,fixed_12b_exit,0,80385.06,3,0.7261319028667926,49.51484999999991,42.48997,0.5379156656638638,7.167719999999915,21.030269999999994,0.01837082236582832,True,fixed_12b,no_cost
breakout_forced_cover_signal,fixed_horizon,12,1219,1220,1232,2026-05-05 05:35:00+00:00,2026-05-05 05:40:00+00:00,2026-05-05 06:40:00+00:00,81235.84,80811.51,-0.005223433400824096,-0.005223433400824096,12,fixed_12b_exit,0,81188.0,3,0.49249874306421243,-5.698740000000079,10.610199999999992,0.48823562389857955,-2.031280000000084,-19.333520000000004,0.013051430197857927,False,fixed_12b,no_cost
breakout_forced_cover_signal,fixed_horizon,12,1240,1241,1253,2026-05-05 07:20:00+00:00,2026-05-05 07:25:00+00:00,2026-05-05 08:25:00+00:00,81042.0,80842.63,-0.0024600824263961707,-0.0024600824263961707,12,fixed_12b_exit,0,81026.7,3,0.6055143293405565,19.14145999999991,7.408669999999994,0.5326746429724728,4.482349999999909,2.0738800000000017,0.010559240177392626,False,fixed_12b,no_cost
breakout_forced_cover_signal,fixed_horizon,12,1275,1276,1288,2026-05-05 10:15:00+00:00,2026-05-05 10:20:00+00:00,2026-05-05 11:20:00+00:00,80710.0,80865.27,0.0019238012637838864,0.0019238012637838864,12,fixed_12b_exit,0,80707.98,3,0.7583747069477811,75.82783999999994,26.319820000000007,0.4955968610049803,-1.5145700000000684,-28.63816,0.01250335532077429,True,fixed_12b,no_cost
breakout_forced_cover_signal,fixed_horizon,12,1308,1309,1321,2026-05-05 13:00:00+00:00,2026-05-05 13:05:00+00:00,2026-05-05 14:05:00+00:00,81473.48,81268.0,-0.0025220476650806845,-0.0025220476650806845,12,fixed_12b_exit,0,81329.61,4,0.5912349196633157,55.834009999999935,49.74673999999999,0.5154822894055067,8.882059999999946,-12.484239999999986,0.009949773597601075,False,fixed_12b,no_cost
breakout_forced_cover_signal,fixed_horizon,12,1334,1335,1347,2026-05-05 15:10:00+00:00,2026-05-05 15:15:00+00:00,2026-05-05 16:15:00+00:00,81564.85,81485.73,-0.0009700256912139604,-0.0009700256912139604,12,fixed_12b_exit,0,81500.0,4,0.6690633154925842,91.60054999999993,46.4213,0.38623345486088034,-26.67681000000005,-1.8792000000000009,0.008970096370375602,False,fixed_12b,no_cost
breakout_forced_cover_signal,fixed_horizon,12,1370,1371,1383,2026-05-05 18:10:00+00:00,2026-05-05 18:15:00+00:00,2026-05-05 19:15:00+00:00,81562.07,81552.49,-0.00011745655793193865,-0.00011745655793193865,12,fixed_12b_exit,0,81458.26,3,0.7269393239102274,76.38286999999994,73.19055999999999,0.6169038775245246,13.940099999999942,25.868920000000003,0.008851586215799623,False,fixed_12b,no_cost
breakout_forced_cover_signal,fixed_horizon,12,1386,1387,1399,2026-05-05 19:30:00+00:00,2026-05-05 19:35:00+00:00,2026-05-05 20:35:00+00:00,81590.5,81629.47,0.00047762913574489474,0.00047762913574489474,12,fixed_12b_exit,0,81580.0,3,0.6968428835264642,43.95051999999994,32.754090000000005,0.5100859379212312,2.5515199999999183,7.708359999999999,0.00933344312701867,True,fixed_12b,no_cost
breakout_forced_cover_signal,fixed_horizon,12,1455,1456,1468,2026-05-06 01:15:00+00:00,2026-05-06 01:20:00+00:00,2026-05-06 02:20:00+00:00,81287.6,81289.76,2.6572318533091277e-05,2.6572318533091277e-05,12,fixed_12b_exit,0,81262.28,3,0.6651863353939748,42.08853999999991,17.0036,0.6921915468425677,32.02574999999991,-21.03199,0.009360263456775542,True,fixed_12b,no_cost
breakout_forced_cover_signal,fixed_horizon,12,1480,1481,1493,2026-05-06 03:20:00+00:00,2026-05-06 03:25:00+00:00,2026-05-06 04:25:00+00:00,81651.32,81431.84,-0.002688015331534288,-0.002688015331534288,12,fixed_12b_exit,0,81466.64,4,0.7611914647681888,136.44650999999993,159.43714,0.40058500309982664,-20.313860000000084,-64.27861,0.006647087593562251,False,fixed_12b,no_cost
breakout_forced_cover_signal,fixed_horizon,12,1542,1543,1555,2026-05-06 08:30:00+00:00,2026-05-06 08:35:00+00:00,2026-05-06 09:35:00+00:00,81715.48,82009.99,0.0036040906814720497,0.0036040906814720497,12,fixed_12b_exit,0,81620.92,4,0.5184121982322738,13.85990999999987,8.622079999999972,0.7248155520613043,179.1846899999999,148.70321000000004,0.010275134981489131,True,fixed_12b,no_cost
breakout_forced_cover_signal,fixed_horizon,12,1556,1557,1569,2026-05-06 09:40:00+00:00,2026-05-06 09:45:00+00:00,2026-05-06 10:45:00+00:00,82014.78,82169.66,0.0018884401079903856,0.0018884401079903856,12,fixed_12b_exit,0,82010.0,5,0.7060650949222818,195.6090799999999,16.42438999999999,0.4907713201537795,-5.329680000000092,-60.64616000000002,0.012182979066493571,True,fixed_12b,no_cost
breakout_forced_cover_signal,fixed_horizon,12,1570,1571,1583,2026-05-06 10:50:00+00:00,2026-05-06 10:55:00+00:00,2026-05-06 11:55:00+00:00,82346.72,82522.89,0.0021393687568855846,0.0021393687568855846,12,fixed_12b_exit,0,82298.2,4,0.6773221319737378,98.1502399999999,103.47991999999999,0.4105709023790285,-39.32179000000008,38.348630000000014,0.014348411708159814,True,fixed_12b,no_cost
breakout_forced_cover_signal,fixed_horizon,12,1680,1681,1693,2026-05-06 20:00:00+00:00,2026-05-06 20:05:00+00:00,2026-05-06 21:05:00+00:00,81623.84,81495.15,-0.0015766227121880583,-0.0015766227121880583,12,fixed_12b_exit,0,81522.41,3,0.6561621602052,47.96521999999986,45.88634,0.8000635495261562,40.833499999999866,27.943620000000003,0.012749166964188818,False,fixed_12b,no_cost
breakout_forced_cover_signal,fixed_horizon,12,1726,1727,1739,2026-05-06 23:50:00+00:00,2026-05-06 23:55:00+00:00,2026-05-07 00:55:00+00:00,81440.71,81016.96,-0.005203171730698286,-0.005203171730698286,12,fixed_12b_exit,0,81415.0,3,0.6174124481564528,9.549299999999858,10.226379999999999,0.47548446698156843,-5.137050000000146,38.79508,0.007479659128352578,False,fixed_12b,no_cost
breakout_forced_cover_signal,fixed_horizon,12,1788,1789,1801,2026-05-07 05:00:00+00:00,2026-05-07 05:05:00+00:00,2026-05-07 06:05:00+00:00,81087.91,80977.88,-0.0013569223821405796,-0.0013569223821405796,12,fixed_12b_exit,0,80989.59,3,0.7675520498202382,57.08207999999985,35.211479999999995,0.44286756818447254,-10.662820000000146,-1.008860000000002,0.006112587429329963,False,fixed_12b,no_cost
breakout_forced_cover_signal,fixed_horizon,12,1806,1807,1819,2026-05-07 06:30:00+00:00,2026-05-07 06:35:00+00:00,2026-05-07 07:35:00+00:00,81280.54,81622.14,0.004202727983844579,0.004202727983844579,12,fixed_12b_exit,0,81149.95,3,0.7334144141524308,76.09209999999985,58.82285999999999,0.5824512474334212,22.403149999999865,-5.106439999999992,0.010341004955417565,True,fixed_12b,no_cost
breakout_forced_cover_signal,fixed_horizon,12,1874,1875,1887,2026-05-07 12:10:00+00:00,2026-05-07 12:15:00+00:00,2026-05-07 13:15:00+00:00,81080.0,81053.12,-0.00033152442032569063,-0.00033152442032569063,12,fixed_12b_exit,0,81010.1,3,0.7434206646247793,58.773899999999855,34.16013,0.447092838506981,-14.002330000000144,-4.5649899999999946,0.010006052239418528,False,fixed_12b,no_cost
breakout_forced_cover_signal,fixed_horizon,12,1943,1944,1956,2026-05-07 17:55:00+00:00,2026-05-07 18:00:00+00:00,2026-05-07 19:00:00+00:00,80094.52,80080.83,-0.00017092305441124278,-0.00017092305441124278,12,fixed_12b_exit,0,79948.66,3,0.6189537486851147,44.76761999999988,24.85457,0.4000919493272549,-26.33376000000011,-0.8315299999999937,0.009833418919996006,False,fixed_12b,no_cost
breakout_forced_cover_signal,fixed_horizon,12,2012,2013,2025,2026-05-07 23:40:00+00:00,2026-05-07 23:45:00+00:00,2026-05-08 00:45:00+00:00,80012.0,79870.71,-0.0017658601209817881,-0.0017658601209817881,12,fixed_12b_exit,0,80006.27,3,0.66278417204309,13.702539999999884,8.411659999999998,0.3772538780824938,-30.19560000000012,7.635319999999993,0.00805019435669041,False,fixed_12b,no_cost
breakout_forced_cover_signal,fixed_horizon,12,2060,2061,2073,2026-05-08 03:40:00+00:00,2026-05-08 03:45:00+00:00,2026-05-08 04:45:00+00:00,79646.13,79625.01,-0.00026517295943961905,-0.00026517295943961905,12,fixed_12b_exit,0,79642.55,3,0.6304708710788978,15.850759999999879,8.35204,0.39035822327004593,-15.629580000000121,27.83122,0.007782886703389114,False,fixed_12b,no_cost
breakout_forced_cover_signal,fixed_horizon,12,2084,2085,2097,2026-05-08 05:40:00+00:00,2026-05-08 05:45:00+00:00,2026-05-08 06:45:00+00:00,79751.95,79508.79,-0.0030489536619481283,-0.0030489536619481283,12,fixed_12b_exit,0,79713.02,3,0.6170471709201782,14.897379999999888,4.680700000000002,0.3842684818826296,-66.9203500000001,-41.35044999999999,0.00471020338052619,False,fixed_12b,no_cost
breakout_forced_cover_signal,fixed_horizon,12,2109,2110,2122,2026-05-08 07:45:00+00:00,2026-05-08 07:50:00+00:00,2026-05-08 08:50:00+00:00,79678.72,79950.0,0.0034046731674404196,0.0034046731674404196,12,fixed_12b_exit,0,79599.0,3,0.6350671736328378,73.1951299999999,-17.448049999999995,0.7021899911240095,65.4954199999999,-39.76208,0.008130913251029437,True,fixed_12b,no_cost
breakout_forced_cover_signal,fixed_horizon,12,2143,2144,2156,2026-05-08 10:35:00+00:00,2026-05-08 10:40:00+00:00,2026-05-08 11:40:00+00:00,80056.94,80141.08,0.0010510019493625844,0.0010510019493625844,12,fixed_12b_exit,0,80020.0,3,0.6155008824151253,21.81834999999988,1.9285199999999918,0.4241046418985648,-12.707600000000113,-16.165309999999998,0.00919046080606889,True,fixed_12b,no_cost
breakout_forced_cover_signal,fixed_horizon,12,2226,2227,2239,2026-05-08 17:30:00+00:00,2026-05-08 17:35:00+00:00,2026-05-08 18:35:00+00:00,80246.22,80212.99,-0.000414100502179382,-0.000414100502179382,12,fixed_12b_exit,0,80045.23,5,0.7069137701070674,227.11351999999988,137.50507,0.5247986885019289,5.540089999999905,16.585069999999995,0.008772554529454357,False,fixed_12b,no_cost
breakout_forced_cover_signal,fixed_horizon,12,2255,2256,2268,2026-05-08 19:55:00+00:00,2026-05-08 20:00:00+00:00,2026-05-08 21:00:00+00:00,80180.0,80181.43,1.7834871538946473e-05,1.7834871538946473e-05,12,fixed_12b_exit,0,80168.0,3,0.638770223940002,33.337819999999894,36.101489999999984,0.528325728628477,3.2839999999999128,3.0869099999999987,0.008790545858376353,True,fixed_12b,no_cost
breakout_forced_cover_signal,fixed_horizon,12,2280,2281,2293,2026-05-08 22:00:00+00:00,2026-05-08 22:05:00+00:00,2026-05-08 23:05:00+00:00,80310.31,80240.21,-0.0008728642686099963,-0.0008728642686099963,12,fixed_12b_exit,0,80264.0,3,0.6903544329904745,45.99939999999991,36.98361,0.36615482046798253,-38.82816000000008,7.86824,0.007910008636385024,False,fixed_12b,no_cost
breakout_forced_cover_signal,fixed_horizon,12,2310,2311,2323,2026-05-09 00:30:00+00:00,2026-05-09 00:35:00+00:00,2026-05-09 01:35:00+00:00,80217.99,80352.39,0.0016754346500080786,0.0016754346500080786,12,fixed_12b_exit,0,80208.66,3,0.6827948142154466,16.084919999999908,14.172269999999997,0.6518205924397803,21.480709999999913,7.005229999999997,0.009598695988944472,True,fixed_12b,no_cost
breakout_forced_cover_signal,fixed_horizon,12,2326,2327,2339,2026-05-09 01:50:00+00:00,2026-05-09 01:55:00+00:00,2026-05-09 02:55:00+00:00,80424.44,80417.87,-8.169158529436338e-05,-8.169158529436338e-05,12,fixed_12b_exit,0,80400.0,3,0.7742046347384355,46.67456999999992,24.76396000000001,0.6233398028871124,13.270269999999915,-5.086859999999998,0.009516220270957998,False,fixed_12b,no_cost
breakout_forced_cover_signal,fixed_horizon,12,2353,2354,2366,2026-05-09 04:05:00+00:00,2026-05-09 04:10:00+00:00,2026-05-09 05:10:00+00:00,80600.01,80371.87,-0.0028305207406301713,-0.0028305207406301713,12,fixed_12b_exit,0,80550.67,3,0.6492377034209139,33.54916999999991,26.95174,0.44457440321124414,-23.14587000000008,14.297070000000005,0.006658763671478551,False,fixed_12b,no_cost
breakout_forced_cover_signal,fixed_horizon,12,2400,2401,2413,2026-05-09 08:00:00+00:00,2026-05-09 08:05:00+00:00,2026-05-09 09:05:00+00:00,80377.72,80400.37,0.0002817945072339789,0.0002817945072339789,12,fixed_12b_exit,0,80309.05,3,0.738001626931917,38.105259999999916,79.14268000000001,0.5859304822414386,5.448899999999909,-2.3151600000000014,0.006942434581740153,True,fixed_12b,no_cost
breakout_forced_cover_signal,fixed_horizon,12,2432,2433,2445,2026-05-09 10:40:00+00:00,2026-05-09 10:45:00+00:00,2026-05-09 11:45:00+00:00,80329.99,80338.98,0.00011191337133231727,0.00011191337133231727,12,fixed_12b_exit,0,80323.57,3,0.7045068010755771,19.022739999999907,14.8001,0.5292322478814149,3.5755499999999056,-18.219880000000003,0.0070551249043318,True,fixed_12b,no_cost
breakout_forced_cover_signal,fixed_horizon,12,2452,2453,2465,2026-05-09 12:20:00+00:00,2026-05-09 12:25:00+00:00,2026-05-09 13:25:00+00:00,80398.0,80346.48,-0.0006408119604965901,-0.0006408119604965901,12,fixed_12b_exit,0,80372.3,4,0.764012622059207,67.25324999999991,25.17293999999999,0.3974301540835072,-17.062100000000093,-42.06735,0.0064097919354138,False,fixed_12b,no_cost
breakout_forced_cover_signal,fixed_horizon,12,2491,2492,2504,2026-05-09 15:35:00+00:00,2026-05-09 15:40:00+00:00,2026-05-09 16:40:00+00:00,80526.52,80638.57,0.0013914670595476242,0.0013914670595476242,12,fixed_12b_exit,0,80474.0,4,0.8301879176854029,77.38777999999989,54.59313999999999,0.4488841378446565,-9.076660000000095,4.546029999999998,0.007810178009298063,True,fixed_12b,no_cost
breakout_forced_cover_signal,fixed_horizon,12,2525,2526,2538,2026-05-09 18:25:00+00:00,2026-05-09 18:30:00+00:00,2026-05-09 19:30:00+00:00,81040.53,80807.66,-0.002873500457116873,-0.002873500457116873,12,fixed_12b_exit,0,80928.56,5,0.7598632668703559,81.81637999999988,66.09478999999999,0.28830149037062364,-24.633590000000112,-15.620940000000003,0.004914235002101197,False,fixed_12b,no_cost
breakout_forced_cover_signal,fixed_horizon,12,2542,2543,2555,2026-05-09 19:50:00+00:00,2026-05-09 19:55:00+00:00,2026-05-09 20:55:00+00:00,80931.5,80805.5,-0.0015568721696743726,-0.0015568721696743726,12,fixed_12b_exit,0,80927.66,3,0.6353016242879364,12.913849999999883,25.076739999999994,0.26027968568261717,-15.737840000000114,0.8199400000000008,0.003349711996716742,False,fixed_12b,no_cost
breakout_forced_cover_signal,fixed_horizon,12,2595,2596,2608,2026-05-10 00:15:00+00:00,2026-05-10 00:20:00+00:00,2026-05-10 01:20:00+00:00,80743.65,80572.77,-0.0021163274139822663,-0.0021163274139822663,12,fixed_12b_exit,0,80732.51,3,0.46228990942732956,-12.163800000000123,16.659029999999994,0.3966171804399235,-20.48232000000012,-2.0625399999999985,0.0012262954954069816,False,fixed_12b,no_cost
breakout_forced_cover_signal,fixed_horizon,12,2621,2622,2634,2026-05-10 02:25:00+00:00,2026-05-10 02:30:00+00:00,2026-05-10 03:30:00+00:00,80740.71,80759.98,0.00023866522848248195,0.00023866522848248195,12,fixed_12b_exit,0,80695.15,3,0.706736068822418,24.57242999999989,37.69718,0.6217575085254499,9.480869999999882,9.218719999999998,0.0014652533979839788,True,fixed_12b,no_cost
breakout_forced_cover_signal,fixed_horizon,12,2635,2636,2648,2026-05-10 03:35:00+00:00,2026-05-10 03:40:00+00:00,2026-05-10 04:40:00+00:00,80859.99,80769.98,-0.001113158683299531,-0.001113158683299531,12,fixed_12b_exit,0,80832.72,3,0.8132358160677302,44.321069999999885,34.8402,0.6921591242365664,16.720779999999884,-5.7584599999999995,0.0003504636551412421,False,fixed_12b,no_cost
breakout_forced_cover_signal,fixed_horizon,12,2692,2693,2705,2026-05-10 08:20:00+00:00,2026-05-10 08:25:00+00:00,2026-05-10 09:25:00+00:00,80829.99,80820.02,-0.0001233453078491875,-0.0001233453078491875,12,fixed_12b_exit,0,80827.14,3,0.6121230719735077,13.745209999999885,9.98259,0.3007633691433195,-19.95631000000011,-3.356579999999994,0.00022707511924457968,False,fixed_12b,no_cost
breakout_forced_cover_signal,fixed_horizon,12,2722,2723,2735,2026-05-10 10:50:00+00:00,2026-05-10 10:55:00+00:00,2026-05-10 11:55:00+00:00,80877.87,80821.21,-0.0007005624653565468,-0.0007005624653565468,12,fixed_12b_exit,0,80843.67,3,0.6803884529526858,22.362889999999886,13.750960000000001,0.5417314264651093,5.699209999999884,-13.998390000000004,-0.0004736464264173401,False,fixed_12b,no_cost
breakout_forced_cover_signal,fixed_horizon,12,2740,2741,2753,2026-05-10 12:20:00+00:00,2026-05-10 12:25:00+00:00,2026-05-10 13:25:00+00:00,80913.8,80974.3,0.0007477092906278404,0.0007477092906278404,12,fixed_12b_exit,0,80887.82,3,0.7011261042739497,15.961789999999887,10.846990000000002,0.6680902545378858,24.97838999999989,22.34731,0.0002737087143769301,True,fixed_12b,no_cost
breakout_forced_cover_signal,fixed_horizon,12,2772,2773,2785,2026-05-10 15:00:00+00:00,2026-05-10 15:05:00+00:00,2026-05-10 16:05:00+00:00,81048.74,81466.0,0.005148260170361629,0.005148260170361629,12,fixed_12b_exit,0,80999.36,5,0.7172023092191198,102.99961999999988,54.90765999999999,0.5303554541536728,15.548249999999875,-10.960399999999993,0.005423378008410973,True,fixed_12b,no_cost
breakout_forced_cover_signal,fixed_horizon,12,2824,2825,2837,2026-05-10 19:20:00+00:00,2026-05-10 19:25:00+00:00,2026-05-10 20:25:00+00:00,81466.62,81151.86,-0.003863668334343484,-0.003863668334343484,12,fixed_12b_exit,0,81450.72,5,0.7492913209088086,64.15034999999989,19.711099999999995,0.49704811673985466,-0.8860900000000989,39.28026000000001,0.0015387555401911168,False,fixed_12b,no_cost
breakout_forced_cover_signal,fixed_horizon,12,2936,2937,2949,2026-05-11 04:40:00+00:00,2026-05-11 04:45:00+00:00,2026-05-11 05:45:00+00:00,80822.07,80847.29,0.0003120434802026395,0.0003120434802026395,12,fixed_12b_exit,0,80814.03,3,0.669342448256634,20.88431999999989,3.18347,0.29380250439455136,-32.957420000000106,-1.3758699999999955,0.0018512791790277205,True,fixed_12b,no_cost
breakout_forced_cover_signal,fixed_horizon,12,2985,2986,2998,2026-05-11 08:45:00+00:00,2026-05-11 08:50:00+00:00,2026-05-11 09:50:00+00:00,80855.98,80942.98,0.001075987205893636,0.001075987205893636,12,fixed_12b_exit,0,80846.62,3,0.564872041885939,27.102879999999892,17.45895000000001,0.6044164723965028,22.10299999999988,40.56606999999999,0.0029292583376325787,True,fixed_12b,no_cost
breakout_forced_cover_signal,fixed_horizon,12,3001,3002,3014,2026-05-11 10:05:00+00:00,2026-05-11 10:10:00+00:00,2026-05-11 11:10:00+00:00,81068.7,80961.43,-0.0013231987191111294,-0.0013231987191111294,12,fixed_12b_exit,0,81008.4,3,0.6679282250830301,40.454429999999896,19.310790000000004,0.5289487406888612,6.540729999999905,21.63713,0.001602183627641196,False,fixed_12b,no_cost
breakout_forced_cover_signal,fixed_horizon,12,3028,3029,3041,2026-05-11 12:20:00+00:00,2026-05-11 12:25:00+00:00,2026-05-11 13:25:00+00:00,81313.75,81151.64,-0.0019936357627092782,-0.0019936357627092782,12,fixed_12b_exit,0,81246.08,3,0.6817325033561354,55.8793899999999,94.92482,0.35897243803181494,-24.396640000000097,-4.343629999999997,-0.0003946463056465621,False,fixed_12b,no_cost
breakout_forced_cover_signal,fixed_horizon,12,3065,3066,3078,2026-05-11 15:25:00+00:00,2026-05-11 15:30:00+00:00,2026-05-11 16:30:00+00:00,81343.38,81899.99,0.006842720329546248,0.006842720329546248,12,fixed_12b_exit,0,81095.48,3,0.572060544699888,32.411349999999906,35.88535000000001,0.47251162350393694,-19.344730000000098,-23.983409999999992,0.006445373569601065,True,fixed_12b,no_cost
breakout_forced_cover_signal,fixed_horizon,12,3092,3093,3105,2026-05-11 17:40:00+00:00,2026-05-11 17:45:00+00:00,2026-05-11 18:45:00+00:00,81978.01,82027.17,0.0005996730098718484,0.0005996730098718484,12,fixed_12b_exit,0,81878.07,4,0.6729094924108476,70.1500899999999,47.463380000000015,0.5212768441746756,4.118259999999893,-14.390359999999994,0.007048911696041049,True,fixed_12b,no_cost
breakout_forced_cover_signal,fixed_horizon,12,3223,3224,3236,2026-05-12 04:35:00+00:00,2026-05-12 04:40:00+00:00,2026-05-12 05:40:00+00:00,81285.86,81252.49,-0.00041052650485573494,-0.00041052650485573494,12,fixed_12b_exit,0,81227.01,3,0.7294669766379819,45.42385999999989,48.95024,0.3752236045406926,-18.981140000000117,-12.424139999999996,0.006635491426103757,False,fixed_12b,no_cost
breakout_forced_cover_signal,fixed_horizon,12,3308,3309,3321,2026-05-12 11:40:00+00:00,2026-05-12 11:45:00+00:00,2026-05-12 12:45:00+00:00,80732.75,80973.1,0.0029771065645602945,0.0029771065645602945,12,fixed_12b_exit,0,80705.76,3,0.739650158833498,42.58173999999987,4.224540000000005,0.5581263851445873,16.752079999999864,-6.350160000000017,0.009632352555747792,True,fixed_12b,no_cost
breakout_forced_cover_signal,fixed_horizon,12,3394,3395,3407,2026-05-12 18:50:00+00:00,2026-05-12 18:55:00+00:00,2026-05-12 19:55:00+00:00,80730.36,80834.64,0.0012917073576781402,0.0012917073576781402,12,fixed_12b_exit,0,80700.0,3,0.6341098846583842,19.074869999999827,12.072270000000005,0.5592514142480653,9.939419999999826,1.2663200000000003,0.010936502094093914,True,fixed_12b,no_cost
breakout_forced_cover_signal,fixed_horizon,12,3408,3409,3421,2026-05-12 20:00:00+00:00,2026-05-12 20:05:00+00:00,2026-05-12 21:05:00+00:00,80880.01,80728.82,-0.0018693123306980919,-0.0018693123306980919,12,fixed_12b_exit,0,80874.42,3,0.7007319719400118,50.98622999999982,41.046809999999994,0.48733956651671234,-1.0986000000001725,-2.55412,0.009046746025176633,False,fixed_12b,no_cost
breakout_forced_cover_signal,fixed_horizon,12,3432,3433,3445,2026-05-12 22:00:00+00:00,2026-05-12 22:05:00+00:00,2026-05-12 23:05:00+00:00,80761.07,80665.17,-0.0011874533113541696,-0.0011874533113541696,12,fixed_12b_exit,0,80738.0,3,0.6212306791499113,18.667259999999832,17.21797,0.4510530767195711,-4.3589800000001695,-1.3739,0.007848550125297837,False,fixed_12b,no_cost
breakout_forced_cover_signal,fixed_horizon,12,3469,3470,3482,2026-05-13 01:05:00+00:00,2026-05-13 01:10:00+00:00,2026-05-13 02:10:00+00:00,80837.99,81063.46,0.0027891589090722757,0.0027891589090722757,12,fixed_12b_exit,0,80768.95,3,0.6344657611358493,15.077669999999832,22.392220000000002,0.49728190285973184,-0.569890000000175,11.16517,0.010659599887875348,True,fixed_12b,no_cost
breakout_forced_cover_signal,fixed_horizon,12,3484,3485,3497,2026-05-13 02:20:00+00:00,2026-05-13 02:25:00+00:00,2026-05-13 03:25:00+00:00,81222.0,81093.61,-0.0015807293590406335,-0.0015807293590406335,12,fixed_12b_exit,0,81195.69,3,0.6504347198290186,30.671779999999824,8.222669999999997,0.7284995437769222,50.846339999999834,23.900650000000002,0.009062020586336317,False,fixed_12b,no_cost
breakout_forced_cover_signal,fixed_horizon,12,3501,3502,3514,2026-05-13 03:45:00+00:00,2026-05-13 03:50:00+00:00,2026-05-13 04:50:00+00:00,81267.22,81232.93,-0.0004219413436316044,-0.0004219413436316044,12,fixed_12b_exit,0,81200.0,4,0.6250738194060043,37.29201999999982,23.153779999999998,0.6122924892752495,13.473319999999836,-3.9901999999999997,0.008636255601562448,False,fixed_12b,no_cost
breakout_forced_cover_signal,fixed_horizon,12,3552,3553,3565,2026-05-13 08:00:00+00:00,2026-05-13 08:05:00+00:00,2026-05-13 09:05:00+00:00,81057.71,81277.9,0.002716459668056004,0.002716459668056004,12,fixed_12b_exit,0,81049.01,4,0.6843273685884679,61.74957999999987,10.712730000000008,0.6549217550055778,50.92885999999987,21.627910000000007,0.011376175309643077,True,fixed_12b,no_cost
breakout_forced_cover_signal,fixed_horizon,12,3663,3664,3676,2026-05-13 17:15:00+00:00,2026-05-13 17:20:00+00:00,2026-05-13 18:20:00+00:00,79300.0,79774.15,0.005979192938209366,0.005979192938209366,12,fixed_12b_exit,0,79238.6,4,0.5148592605461588,6.578969999999888,6.329630000000002,0.7090915050117589,108.32352999999989,35.79173,0.017423388594927758,True,fixed_12b,no_cost
breakout_forced_cover_signal,fixed_horizon,12,3745,3746,3758,2026-05-14 00:05:00+00:00,2026-05-14 00:10:00+00:00,2026-05-14 01:10:00+00:00,79480.34,79620.69,0.0017658454908473509,0.0017658454908473509,12,fixed_12b_exit,0,79436.72,3,0.6621103171050885,38.04413999999988,1.1940699999999964,0.694992756435158,35.79747999999988,19.89761,0.019220001097960848,True,fixed_12b,no_cost
breakout_forced_cover_signal,fixed_horizon,12,3801,3802,3814,2026-05-14 04:45:00+00:00,2026-05-14 04:50:00+00:00,2026-05-14 05:50:00+00:00,79436.09,79853.17,0.005250510190015767,0.005250510190015767,12,fixed_12b_exit,0,79385.08,3,0.6794985596769877,33.082639999999884,24.56527,0.6374493785035217,67.79200999999989,13.091149999999992,0.024571426099593507,True,fixed_12b,no_cost
breakout_forced_cover_signal,fixed_horizon,12,3834,3835,3847,2026-05-14 07:30:00+00:00,2026-05-14 07:35:00+00:00,2026-05-14 08:35:00+00:00,79915.29,79936.98,0.00027141239179639953,0.00027141239179639953,12,fixed_12b_exit,0,79890.0,3,0.6640245671584657,43.04416999999988,33.62013999999999,0.6326583900242737,68.49573999999986,61.59593999999999,0.02484950748091741,True,fixed_12b,no_cost
breakout_forced_cover_signal,fixed_horizon,12,3893,3894,3906,2026-05-14 12:25:00+00:00,2026-05-14 12:30:00+00:00,2026-05-14 13:30:00+00:00,79423.19,79903.95,0.006053143924337423,0.006053143924337423,12,fixed_12b_exit,0,79409.44,3,0.7089217148954495,45.256249999999895,10.771170000000005,0.5466931944577479,28.29259999999989,-50.31851,0.03105306905048577,True,fixed_12b,no_cost
breakout_forced_cover_signal,fixed_horizon,12,4112,4113,4125,2026-05-15 06:40:00+00:00,2026-05-15 06:45:00+00:00,2026-05-15 07:45:00+00:00,80601.58,80847.54,0.0030515530836987548,0.0030515530836987548,12,fixed_12b_exit,0,80598.21,3,0.680537071685791,82.33542999999989,61.6658,0.601170826480704,40.6754899999999,23.78479999999999,0.03419938222280394,True,fixed_12b,no_cost
breakout_forced_cover_signal,fixed_horizon,12,4321,4322,4334,2026-05-16 00:05:00+00:00,2026-05-16 00:10:00+00:00,2026-05-16 01:10:00+00:00,79176.0,79139.49,-0.00046112458320701766,-0.00046112458320701766,12,fixed_12b_exit,0,79161.86,3,0.6637043116947872,32.2546899999999,9.542489999999976,0.3910901367687606,-21.43291000000009,-6.837290000000001,0.033722487463723416,False,fixed_12b,no_cost
breakout_forced_cover_signal,fixed_horizon,12,4343,4344,4356,2026-05-16 01:55:00+00:00,2026-05-16 02:00:00+00:00,2026-05-16 03:00:00+00:00,79168.0,79155.83,-0.00015372372675825918,-0.00015372372675825918,12,fixed_12b_exit,0,79155.94,3,0.6331047869078626,17.4125099999999,18.651850000000003,0.6342842447403896,6.506119999999898,-14.17244,0.03356357979051672,False,fixed_12b,no_cost
breakout_forced_cover_signal,fixed_horizon,12,4494,4495,4507,2026-05-16 14:30:00+00:00,2026-05-16 14:35:00+00:00,2026-05-16 15:35:00+00:00,78104.09,78218.59,0.0014659923699258393,0.0014659923699258393,12,fixed_12b_exit,0,78062.97,5,0.7576651297388443,144.2891899999999,30.840199999999996,0.453646906281191,-8.494070000000095,-10.892119999999993,0.035078776112322796,True,fixed_12b,no_cost
breakout_forced_cover_signal,fixed_horizon,12,4644,4645,4657,2026-05-17 03:00:00+00:00,2026-05-17 03:05:00+00:00,2026-05-17 04:05:00+00:00,77976.9,78054.71,0.0009978596225292957,0.0009978596225292957,12,fixed_12b_exit,0,77938.0,3,0.7080604271325164,34.71533999999988,8.50516,0.5623396545006161,5.218929999999883,7.77421,0.036111639429142306,True,fixed_12b,no_cost
breakout_forced_cover_signal,fixed_horizon,12,4659,4660,4672,2026-05-17 04:15:00+00:00,2026-05-17 04:20:00+00:00,2026-05-17 05:20:00+00:00,78083.54,78204.0,0.0015427066959310398,0.0015427066959310398,12,fixed_12b_exit,0,78080.0,3,0.6049505768736961,14.22327999999988,10.651719999999996,0.6048510425158923,11.806499999999883,-15.05407,0.03771005579302167,True,fixed_12b,no_cost
breakout_forced_cover_signal,fixed_horizon,12,4698,4699,4711,2026-05-17 07:30:00+00:00,2026-05-17 07:35:00+00:00,2026-05-17 08:35:00+00:00,78200.0,78068.08,-0.0016869565217391136,-0.0016869565217391136,12,fixed_12b_exit,0,78143.96,3,0.7121493658830629,16.02067999999988,11.241679999999999,0.4841361773726577,-1.0046800000001213,0.21541999999999906,0.03595948404672744,False,fixed_12b,no_cost
breakout_forced_cover_signal,fixed_horizon,12,4727,4728,4740,2026-05-17 09:55:00+00:00,2026-05-17 10:00:00+00:00,2026-05-17 11:00:00+00:00,78249.33,78407.72,0.0020241706861898745,0.0020241706861898745,12,fixed_12b_exit,0,78224.99,3,0.7067761043622028,22.38206999999988,13.700500000000002,0.33502567734938166,-36.925810000000126,-33.2325,0.038056442866415185,True,fixed_12b,no_cost
breakout_forced_cover_signal,fixed_horizon,12,4805,4806,4818,2026-05-17 16:25:00+00:00,2026-05-17 16:30:00+00:00,2026-05-17 17:30:00+00:00,78141.36,77999.99,-0.0018091571480198798,-0.0018091571480198798,12,fixed_12b_exit,0,78127.22,3,0.6346360432587586,6.825489999999873,7.986660000000002,0.6841936500099826,19.668779999999867,14.240289999999998,0.036178435632755246,False,fixed_12b,no_cost
breakout_forced_cover_signal,fixed_horizon,12,4824,4825,4837,2026-05-17 18:00:00+00:00,2026-05-17 18:05:00+00:00,2026-05-17 19:05:00+00:00,78189.89,78262.58,0.0009296598319807892,0.0009296598319807892,12,fixed_12b_exit,0,78092.44,3,0.6328059178976222,10.841889999999868,7.8957799999999985,0.6433812317499786,23.91222999999986,-8.07815,0.03714172910312774,True,fixed_12b,no_cost
breakout_forced_cover_signal,fixed_horizon,12,4844,4845,4857,2026-05-17 19:40:00+00:00,2026-05-17 19:45:00+00:00,2026-05-17 20:45:00+00:00,78383.92,78289.15,-0.0012090489988253461,-0.0012090489988253461,12,fixed_12b_exit,0,78300.0,3,0.6660315866853912,18.655939999999866,21.30061,0.5923397998609191,14.213399999999872,8.371469999999995,0.03588777393391562,False,fixed_12b,no_cost
breakout_forced_cover_signal,fixed_horizon,12,4864,4865,4877,2026-05-17 21:20:00+00:00,2026-05-17 21:25:00+00:00,2026-05-17 22:25:00+00:00,78422.6,77999.84,-0.005390792960192736,-0.005390792960192736,12,fixed_12b_exit,0,78367.49,3,0.5673000517388942,11.691259999999872,22.59276,0.3487435928187426,-38.289900000000124,-3.537610000000008,0.030303517414642878,False,fixed_12b,no_cost
breakout_forced_cover_signal,fixed_horizon,12,4985,4986,4998,2026-05-18 07:25:00+00:00,2026-05-18 07:30:00+00:00,2026-05-18 08:30:00+00:00,77035.47,76995.99,-0.0005124911939915489,-0.0005124911939915489,12,fixed_12b_exit,0,76989.0,3,0.515158365613187,8.416499999999893,-1.0445599999999917,0.6271855127157515,33.70701999999987,25.42149999999999,0.02977549593482931,False,fixed_12b,no_cost
breakout_forced_cover_signal,fixed_horizon,12,5036,5037,5049,2026-05-18 11:40:00+00:00,2026-05-18 11:45:00+00:00,2026-05-18 12:45:00+00:00,77356.0,77676.21,0.004139433269559012,0.004139433269559012,12,fixed_12b_exit,0,77165.12,4,0.5753555321963312,52.7950699999999,35.22049000000001,0.6236584947345798,74.24342999999988,-22.923199999999994,0.03403818288287863,True,fixed_12b,no_cost
breakout_forced_cover_signal,fixed_horizon,12,5090,5091,5103,2026-05-18 16:10:00+00:00,2026-05-18 16:15:00+00:00,2026-05-18 17:15:00+00:00,76509.22,76662.01,0.0019970142160643523,0.0019970142160643523,12,fixed_12b_exit,0,76485.29,3,0.42926045439166727,-54.29889000000012,26.859699999999982,0.5725404177456732,24.42425999999986,21.625570000000003,0.036103171834048986,True,fixed_12b,no_cost
breakout_forced_cover_signal,fixed_horizon,12,5124,5125,5137,2026-05-18 19:00:00+00:00,2026-05-18 19:05:00+00:00,2026-05-18 20:05:00+00:00,76779.14,76957.67,0.00232524094435016,0.00232524094435016,12,fixed_12b_exit,0,76706.38,5,0.6091963638733241,94.47666999999984,116.07041999999998,0.5239258129067167,5.365809999999858,-14.994430000000005,0.03851236135176861,True,fixed_12b,no_cost
breakout_forced_cover_signal,fixed_horizon,12,5138,5139,5151,2026-05-18 20:10:00+00:00,2026-05-18 20:15:00+00:00,2026-05-18 21:15:00+00:00,77057.0,76948.67,-0.0014058424283323046,-0.0014058424283323046,12,fixed_12b_exit,0,77023.63,3,0.6047909256938223,23.38848999999986,18.02268,0.45333346116082907,-12.947970000000144,16.620890000000003,0.037052376611832694,False,fixed_12b,no_cost
breakout_forced_cover_signal,fixed_horizon,12,5188,5189,5201,2026-05-19 00:20:00+00:00,2026-05-19 00:25:00+00:00,2026-05-19 01:25:00+00:00,77255.07,76765.54,-0.006336542054780514,-0.006336542054780514,12,fixed_12b_exit,0,77205.32,3,0.6020690533276764,46.03022999999985,22.557329999999993,0.3373692328914374,-66.56449000000015,-59.633500000000005,0.030481050614421745,False,fixed_12b,no_cost
breakout_forced_cover_signal,fixed_horizon,12,5212,5213,5225,2026-05-19 02:20:00+00:00,2026-05-19 02:25:00+00:00,2026-05-19 03:25:00+00:00,76990.15,76748.62,-0.003137154558083055,-0.003137154558083055,12,fixed_12b_exit,0,76983.02,3,0.6186532477914702,23.278499999999863,22.82286,0.4183311735586485,-10.29790000000013,-1.4809499999999964,0.027248272289468467,False,fixed_12b,no_cost
breakout_forced_cover_signal,fixed_horizon,12,5315,5316,5328,2026-05-19 10:55:00+00:00,2026-05-19 11:00:00+00:00,2026-05-19 12:00:00+00:00,77041.87,76737.82,-0.003946555295191945,-0.003946555295191945,12,fixed_12b_exit,0,76979.49,3,0.6606426806039069,40.759529999999856,41.31702,0.5382491636861026,3.543579999999862,-24.33742999999999,0.023194180180987622,False,fixed_12b,no_cost
breakout_forced_cover_signal,fixed_horizon,12,5382,5383,5395,2026-05-19 16:30:00+00:00,2026-05-19 16:35:00+00:00,2026-05-19 17:35:00+00:00,76760.91,76976.77,0.0028121084025709564,0.0028121084025709564,12,fixed_12b_exit,0,76675.76,4,0.82406112013708,108.57125999999985,50.91105,0.4366089982266237,-13.575590000000147,10.777260000000002,0.026071513132536195,True,fixed_12b,no_cost
breakout_forced_cover_signal,fixed_horizon,12,5413,5414,5426,2026-05-19 19:05:00+00:00,2026-05-19 19:10:00+00:00,2026-05-19 20:10:00+00:00,76958.09,76949.16,-0.00011603718335517765,-0.00011603718335517765,12,fixed_12b_exit,0,76947.2,3,0.7027019716317607,36.86903999999984,26.233069999999998,0.6458584608646166,12.574489999999845,-5.98601,0.025952450684231243,False,fixed_12b,no_cost
breakout_forced_cover_signal,fixed_horizon,12,5434,5435,5447,2026-05-19 20:50:00+00:00,2026-05-19 20:55:00+00:00,2026-05-19 21:55:00+00:00,77030.11,76982.34,-0.000620147108708613,-0.000620147108708613,12,fixed_12b_exit,0,76996.01,3,0.650070677361018,10.884139999999846,4.929550000000001,0.5787274468414784,4.958959999999845,2.6372699999999973,0.02531620923826683,False,fixed_12b,no_cost
breakout_forced_cover_signal,fixed_horizon,12,5463,5464,5476,2026-05-19 23:15:00+00:00,2026-05-19 23:20:00+00:00,2026-05-20 00:20:00+00:00,76856.76,76575.24,-0.0036629178747580315,-0.0036629178747580315,12,fixed_12b_exit,0,76845.35,3,0.784228548105631,21.782769999999843,7.1721,0.37735558483266324,-20.64197000000015,10.481540000000003,0.021560560168168763,False,fixed_12b,no_cost
breakout_forced_cover_signal,fixed_horizon,12,5533,5534,5546,2026-05-20 05:05:00+00:00,2026-05-20 05:10:00+00:00,2026-05-20 06:10:00+00:00,77040.0,77236.79,0.002554387331256347,0.002554387331256347,12,fixed_12b_exit,0,76856.77,4,0.6232695287054397,37.112899999999854,51.54723,0.37411512919501,-37.06108000000016,17.424189999999996,0.024170021521173535,True,fixed_12b,no_cost
breakout_forced_cover_signal,fixed_horizon,12,5575,5576,5588,2026-05-20 08:35:00+00:00,2026-05-20 08:40:00+00:00,2026-05-20 09:40:00+00:00,77580.0,77509.63,-0.0009070636762051887,-0.0009070636762051887,12,fixed_12b_exit,0,77408.0,4,0.7659129893290582,84.37942999999984,91.18608,0.4793837100678579,-3.477670000000156,-15.633580000000002,0.02324103409639333,False,fixed_12b,no_cost
breakout_forced_cover_signal,fixed_horizon,12,5592,5593,5605,2026-05-20 10:00:00+00:00,2026-05-20 10:05:00+00:00,2026-05-20 11:05:00+00:00,77545.23,77518.35,-0.00034663640819676544,-0.00034663640819676544,12,fixed_12b_exit,0,77543.59,3,0.6584738513708704,30.380029999999845,38.684270000000005,0.31601320431400165,-46.405260000000155,-12.559050000000006,0.02288634149961455,False,fixed_12b,no_cost
breakout_forced_cover_signal,fixed_horizon,12,5627,5628,5640,2026-05-20 12:55:00+00:00,2026-05-20 13:00:00+00:00,2026-05-20 14:00:00+00:00,77617.26,77198.34,-0.0053972531367378895,-0.0053972531367378895,12,fixed_12b_exit,0,77610.91,5,0.6908191565839327,73.66908999999985,74.15585000000002,0.5107742969834244,3.107069999999844,-4.171139999999994,0.017365564984429316,False,fixed_12b,no_cost
breakout_forced_cover_signal,fixed_horizon,12,5655,5656,5668,2026-05-20 15:15:00+00:00,2026-05-20 15:20:00+00:00,2026-05-20 16:20:00+00:00,77620.53,77228.92,-0.005045185854824719,-0.005045185854824719,12,fixed_12b_exit,0,77574.29,4,0.5559737825307781,42.49259999999986,47.52291000000002,0.41399709399693635,-20.46429000000015,-25.121279999999995,0.012232766626784075,False,fixed_12b,no_cost
breakout_forced_cover_signal,fixed_horizon,12,5680,5681,5693,2026-05-20 17:20:00+00:00,2026-05-20 17:25:00+00:00,2026-05-20 18:25:00+00:00,77530.0,77516.16,-0.00017851154391845814,-0.00017851154391845814,12,fixed_12b_exit,0,77474.75,3,0.643393051666767,35.364709999999846,12.449760000000005,0.7131296873639682,86.41664999999985,-14.81043000000001,0.012052071392808728,False,fixed_12b,no_cost
breakout_forced_cover_signal,fixed_horizon,12,5705,5706,5718,2026-05-20 19:25:00+00:00,2026-05-20 19:30:00+00:00,2026-05-20 20:30:00+00:00,77562.71,77621.32,0.0007556466245184357,0.0007556466245184357,12,fixed_12b_exit,0,77557.02,3,0.7964468237646315,82.40862999999985,-4.512199999999993,0.4674643311210763,-8.53908000000014,25.686460000000004,0.012816825124393638,True,fixed_12b,no_cost
breakout_forced_cover_signal,fixed_horizon,12,5760,5761,5773,2026-05-21 00:00:00+00:00,2026-05-21 00:05:00+00:00,2026-05-21 01:05:00+00:00,77640.83,77985.82,0.004443409479265137,0.004443409479265137,12,fixed_12b_exit,0,77559.34,4,0.6929833763054155,54.381819999999855,69.58048000000001,0.49682486211427596,-0.8498000000001511,-44.659620000000004,0.017317185005910618,True,fixed_12b,no_cost
breakout_forced_cover_signal,fixed_horizon,12,5774,5775,5787,2026-05-21 01:10:00+00:00,2026-05-21 01:15:00+00:00,2026-05-21 02:15:00+00:00,78129.26,77984.01,-0.0018590986270700105,-0.0018590986270700105,12,fixed_12b_exit,0,78071.42,3,0.6053381046764925,29.23968999999984,30.08948999999999,0.45790829960433577,-4.875070000000161,-3.13579,0.015425892023971377,False,fixed_12b,no_cost
breakout_forced_cover_signal,fixed_horizon,12,5808,5809,5821,2026-05-21 04:00:00+00:00,2026-05-21 04:05:00+00:00,2026-05-21 05:05:00+00:00,78128.01,78045.78,-0.0010525034491470908,-0.0010525034491470908,12,fixed_12b_exit,0,78098.85,3,0.742181000305183,38.360709999999855,25.144580000000005,0.5012836705290251,0.2628499999998475,2.237580000000002,0.014357152770262838,False,fixed_12b,no_cost
breakout_forced_cover_signal,fixed_horizon,12,5854,5855,5867,2026-05-21 07:50:00+00:00,2026-05-21 07:55:00+00:00,2026-05-21 08:55:00+00:00,77816.9,77924.63,0.0013844036449666142,0.0013844036449666142,12,fixed_12b_exit,0,77789.57,3,0.8138050987813198,37.523319999999856,13.216570000000004,0.4598857908014411,-3.192300000000154,17.983870000000003,0.015761432509855844,True,fixed_12b,no_cost
breakout_forced_cover_signal,fixed_horizon,12,5966,5967,5979,2026-05-21 17:10:00+00:00,2026-05-21 17:15:00+00:00,2026-05-21 18:15:00+00:00,77510.01,77822.0,0.004025157524815359,0.004025157524815359,12,fixed_12b_exit,0,77344.01,4,0.6407292878263964,131.81542999999982,-88.09953000000002,0.5057853439010543,1.3148099999998415,35.160529999999994,0.019850032283340147,True,fixed_12b,no_cost
breakout_forced_cover_signal,fixed_horizon,12,5998,5999,6011,2026-05-21 19:50:00+00:00,2026-05-21 19:55:00+00:00,2026-05-21 20:55:00+00:00,77702.67,77705.81,4.041045179015157e-05,4.041045179015157e-05,12,fixed_12b_exit,0,77662.14,3,0.6341833861455228,19.738359999999858,15.917830000000007,0.5159542263563731,1.1478599999998496,4.06254,0.019891244883902814,True,fixed_12b,no_cost
breakout_forced_cover_signal,fixed_horizon,12,6072,6073,6085,2026-05-22 02:00:00+00:00,2026-05-22 02:05:00+00:00,2026-05-22 03:05:00+00:00,77700.83,77726.13,0.00032560784743229654,0.00032560784743229654,12,fixed_12b_exit,0,77673.5,3,0.6098850230691901,22.601289999999857,28.70935000000001,0.6488563274044468,11.316709999999846,5.804539999999998,0.020223329476764418,True,fixed_12b,no_cost
breakout_forced_cover_signal,fixed_horizon,12,6089,6090,6102,2026-05-22 03:25:00+00:00,2026-05-22 03:30:00+00:00,2026-05-22 04:30:00+00:00,77794.91,77806.12,0.00014409683101357373,0.00014409683101357373,12,fixed_12b_exit,0,77779.71,3,0.6358646387085357,8.405379999999848,7.70332,0.7850859840482131,85.95013999999983,62.39418999999998,0.020370340425468036,True,fixed_12b,no_cost
breakout_forced_cover_signal,fixed_horizon,12,6192,6193,6205,2026-05-22 12:00:00+00:00,2026-05-22 12:05:00+00:00,2026-05-22 13:05:00+00:00,77437.02,77537.15,0.0012930507914687972,0.0012930507914687972,12,fixed_12b_exit,0,77430.55,3,0.6582622964105065,15.46673999999985,7.717740000000003,0.6470835847502406,18.79859999999985,11.96159,0.021689731101746546,True,fixed_12b,no_cost
breakout_forced_cover_signal,fixed_horizon,12,6250,6251,6263,2026-05-22 16:50:00+00:00,2026-05-22 16:55:00+00:00,2026-05-22 17:55:00+00:00,76999.46,76750.0,-0.003239762980156047,-0.003239762980156047,12,fixed_12b_exit,0,76975.1,5,0.7377154300753295,95.95592999999985,40.94180000000001,0.2735384034224665,-26.04206000000016,-6.065389999999997,0.01837969853371746,False,fixed_12b,no_cost
breakout_forced_cover_signal,fixed_horizon,12,6380,6381,6393,2026-05-23 03:40:00+00:00,2026-05-23 03:45:00+00:00,2026-05-23 04:45:00+00:00,75662.12,75528.15,-0.0017706350284660832,-0.0017706350284660832,12,fixed_12b_exit,0,75658.0,3,0.6885112783711196,12.266869999999827,93.74140999999999,0.44057115235867816,-7.718570000000173,4.24082,0.01657651976721497,False,fixed_12b,no_cost
breakout_forced_cover_signal,fixed_horizon,12,6492,6493,6505,2026-05-23 13:00:00+00:00,2026-05-23 13:05:00+00:00,2026-05-23 14:05:00+00:00,74944.85,75210.37,0.0035428718584398222,0.0035428718584398222,12,fixed_12b_exit,0,74798.41,4,0.7416657913015392,83.5584799999998,37.47824000000001,0.5764796713283239,24.083189999999814,-24.357500000000005,0.020178120111048914,True,fixed_12b,no_cost
breakout_forced_cover_signal,fixed_horizon,12,6508,6509,6521,2026-05-23 14:20:00+00:00,2026-05-23 14:25:00+00:00,2026-05-23 15:25:00+00:00,75303.95,75544.74,0.003197574629219435,0.003197574629219435,12,fixed_12b_exit,0,75262.86,4,0.5302581896488423,16.399939999999813,8.494640000000008,0.37707541611062195,-35.41532000000019,-26.74436999999999,0.023440215785200724,True,fixed_12b,no_cost
breakout_forced_cover_signal,fixed_horizon,12,6554,6555,6567,2026-05-23 18:10:00+00:00,2026-05-23 18:15:00+00:00,2026-05-23 19:15:00+00:00,75700.09,75949.41,0.0032935231648998364,0.0032935231648998364,12,fixed_12b_exit,0,75576.11,3,0.682508194549038,42.2564799999998,31.215210000000006,0.6193262420758436,33.27259999999979,57.71528,0.02681093984377947,True,fixed_12b,no_cost
breakout_forced_cover_signal,fixed_horizon,12,6578,6579,6591,2026-05-23 20:10:00+00:00,2026-05-23 20:15:00+00:00,2026-05-23 21:15:00+00:00,76085.84,76988.38,0.011862128353975043,0.011862128353975043,12,fixed_12b_exit,0,76012.22,4,0.6961057276634325,63.068609999999794,26.554249999999996,0.4137731609892484,-55.180400000000176,63.75063999999999,0.038991103007472105,True,fixed_12b,no_cost
breakout_forced_cover_signal,fixed_horizon,12,6633,6634,6646,2026-05-24 00:45:00+00:00,2026-05-24 00:50:00+00:00,2026-05-24 01:50:00+00:00,76864.96,76874.46,0.0001235933772683051,0.0001235933772683051,12,fixed_12b_exit,0,76822.0,3,0.7622102518646103,57.7784799999998,44.1729,0.6739824110594398,23.410599999999803,21.55625,0.03911951542684444,True,fixed_12b,no_cost
breakout_forced_cover_signal,fixed_horizon,12,6694,6695,6707,2026-05-24 05:50:00+00:00,2026-05-24 05:55:00+00:00,2026-05-24 06:55:00+00:00,76823.62,76987.58,0.002134239443546182,0.002134239443546182,12,fixed_12b_exit,0,76818.19,3,0.680781151604064,15.415949999999809,22.17713,0.5905883586129794,19.70419999999981,-8.129180000000002,0.04133724528322702,True,fixed_12b,no_cost
breakout_forced_cover_signal,fixed_horizon,12,6733,6734,6746,2026-05-24 09:05:00+00:00,2026-05-24 09:10:00+00:00,2026-05-24 10:10:00+00:00,76879.38,76946.22,0.0008694138792482153,0.0008694138792482153,12,fixed_12b_exit,0,76861.77,3,0.6014247859497267,10.558019999999809,9.773780000000002,0.4518601021049968,-4.549540000000189,-10.708029999999997,0.0422425983372543,True,fixed_12b,no_cost
breakout_forced_cover_signal,fixed_horizon,12,6749,6750,6762,2026-05-24 10:25:00+00:00,2026-05-24 10:30:00+00:00,2026-05-24 11:30:00+00:00,77239.99,77310.0,0.0009063957672701406,0.0009063957672701406,12,fixed_12b_exit,0,77046.67,5,0.6430712318171516,163.53654999999978,155.92925999999997,0.5660113642773007,8.005279999999825,-1.5895299999999999,0.04318728261685578,True,fixed_12b,no_cost
breakout_forced_cover_signal,fixed_horizon,12,6816,6817,6829,2026-05-24 16:00:00+00:00,2026-05-24 16:05:00+00:00,2026-05-24 17:05:00+00:00,76568.69,76706.02,0.0017935529522576932,0.0017935529522576932,12,fixed_12b_exit,0,76539.38,4,0.5581474276006726,20.316409999999827,21.17819,0.5283926094988033,4.659329999999828,-2.0711899999999996,0.04505829424735097,True,fixed_12b,no_cost
breakout_forced_cover_signal,fixed_horizon,12,6861,6862,6874,2026-05-24 19:45:00+00:00,2026-05-24 19:50:00+00:00,2026-05-24 20:50:00+00:00,76756.93,76651.64,-0.001371732819433924,-0.001371732819433924,12,fixed_12b_exit,0,76745.42,3,0.6767885865066111,7.33777999999983,2.41451,0.6947365692903797,56.05245999999982,-85.48720999999998,0.043624753486910306,False,fixed_12b,no_cost
breakout_forced_cover_signal,fixed_horizon,12,6889,6890,6902,2026-05-24 22:05:00+00:00,2026-05-24 22:10:00+00:00,2026-05-24 23:10:00+00:00,76900.96,76959.55,0.000761889058342069,0.000761889058342069,12,fixed_12b_exit,0,76738.77,5,0.6009663816084865,54.27505999999982,36.85607000000001,0.5884494010122988,11.807129999999821,6.745099999999995,0.04441987976760697,True,fixed_12b,no_cost
breakout_forced_cover_signal,fixed_horizon,12,6937,6938,6950,2026-05-25 02:05:00+00:00,2026-05-25 02:10:00+00:00,2026-05-25 03:10:00+00:00,77398.68,77093.75,-0.003939731271902724,-0.003939731271902724,12,fixed_12b_exit,0,77245.67,4,0.5518175139584932,20.648129999999817,49.45327999999999,0.5894105830075983,9.764949999999828,6.6791300000000025,0.04030514610628955,False,fixed_12b,no_cost
breakout_forced_cover_signal,fixed_horizon,12,6965,6966,6978,2026-05-25 04:25:00+00:00,2026-05-25 04:30:00+00:00,2026-05-25 05:30:00+00:00,77175.43,77421.49,0.0031883204278875255,0.0031883204278875255,12,fixed_12b_exit,0,77122.77,3,0.6044520104665827,10.409889999999828,4.07109,0.5758518367070646,10.98147999999983,7.13061999999999,0.043621972254856756,True,fixed_12b,no_cost
breakout_forced_cover_signal,fixed_horizon,12,6985,6986,6998,2026-05-25 06:05:00+00:00,2026-05-25 06:10:00+00:00,2026-05-25 07:10:00+00:00,77577.27,77327.07,-0.0032251714967540535,-0.0032251714967540535,12,fixed_12b_exit,0,77498.0,5,0.7107347159286511,81.97657999999983,86.86487,0.5862155806173673,17.30898999999984,2.913740000000004,0.040256112416554135,False,fixed_12b,no_cost
breakout_forced_cover_signal,fixed_horizon,12,7019,7020,7032,2026-05-25 08:55:00+00:00,2026-05-25 09:00:00+00:00,2026-05-25 10:00:00+00:00,77456.94,77563.16,0.001371342580793966,0.001371342580793966,12,fixed_12b_exit,0,77430.0,3,0.6370541133040555,22.792649999999835,11.157880000000006,0.2819460016158279,-38.70332000000018,-15.697290000000002,0.04168265991844211,True,fixed_12b,no_cost
breakout_forced_cover_signal,fixed_horizon,12,7081,7082,7094,2026-05-25 14:05:00+00:00,2026-05-25 14:10:00+00:00,2026-05-25 15:10:00+00:00,77472.8,77711.99,0.0030874061606138703,0.0030874061606138703,12,fixed_12b_exit,0,77450.0,3,0.628483430287078,25.97751999999982,16.893330000000006,0.5681139713835407,32.62067999999981,49.88196999999999,0.04489875738007898,True,fixed_12b,no_cost
breakout_forced_cover_signal,fixed_horizon,12,7112,7113,7125,2026-05-25 16:40:00+00:00,2026-05-25 16:45:00+00:00,2026-05-25 17:45:00+00:00,77683.6,77565.67,-0.00151808103640938,-0.00151808103640938,12,fixed_12b_exit,0,77679.71,3,0.7383996599312078,26.762659999999812,13.41396,0.5043626181108917,0.27466999999981656,4.6051600000000015,0.04331251639153266,False,fixed_12b,no_cost
breakout_forced_cover_signal,fixed_horizon,12,7253,7254,7266,2026-05-26 04:25:00+00:00,2026-05-26 04:30:00+00:00,2026-05-26 05:30:00+00:00,76741.99,76895.91,0.00200568163530801,0.00200568163530801,12,fixed_12b_exit,0,76705.71,4,0.7318280258303019,48.160069999999806,14.281849999999991,0.7502600122316178,67.87020999999983,-24.077749999999995,0.045405069145546095,True,fixed_12b,no_cost
breakout_forced_cover_signal,fixed_horizon,12,7267,7268,7280,2026-05-26 05:35:00+00:00,2026-05-26 05:40:00+00:00,2026-05-26 06:40:00+00:00,76932.46,76980.01,0.0006180746072592669,0.0006180746072592669,12,fixed_12b_exit,0,76895.91,5,0.7527851602569372,73.73277999999982,5.862569999999991,0.5451409244127682,24.403459999999832,42.03012000000001,0.046051207473085,True,fixed_12b,no_cost
breakout_forced_cover_signal,fixed_horizon,12,7298,7299,7311,2026-05-26 08:10:00+00:00,2026-05-26 08:15:00+00:00,2026-05-26 09:15:00+00:00,76794.11,76792.0,-2.7476065547205053e-05,-2.7476065547205053e-05,12,fixed_12b_exit,0,76770.01,3,0.6067631986222011,10.05239999999981,19.31418,0.7424264981409257,53.801159999999825,12.693270000000012,0.0460224661015427,False,fixed_12b,no_cost
breakout_forced_cover_signal,fixed_horizon,12,7323,7324,7336,2026-05-26 10:15:00+00:00,2026-05-26 10:20:00+00:00,2026-05-26 11:20:00+00:00,76896.01,77251.42,0.00462195632777318,0.00462195632777318,12,fixed_12b_exit,0,76804.0,4,0.7307012886810154,50.71134999999981,19.234260000000003,0.46453792498218754,-10.147460000000187,2.6889400000000023,0.05085713625773369,True,fixed_12b,no_cost
breakout_forced_cover_signal,fixed_horizon,12,7483,7484,7496,2026-05-26 23:35:00+00:00,2026-05-26 23:40:00+00:00,2026-05-27 00:40:00+00:00,75952.9,75970.75,0.00023501406792902912,0.00023501406792902912,12,fixed_12b_exit,0,75945.02,3,0.6344168346113561,24.962009999999776,7.156710000000004,0.6624319505719726,27.26993999999978,10.441600000000001,0.05110410246813779,True,fixed_12b,no_cost
breakout_forced_cover_signal,fixed_horizon,12,7499,7500,7512,2026-05-27 00:55:00+00:00,2026-05-27 01:00:00+00:00,2026-05-27 02:00:00+00:00,76085.0,75865.82,-0.0028807255043700186,-0.0028807255043700186,12,fixed_12b_exit,0,76066.93,5,0.6801962436471911,105.91492999999974,8.013209999999987,0.44421033551450984,-10.772510000000231,-146.60458,0.04807616007240978,False,fixed_12b,no_cost
breakout_forced_cover_signal,fixed_horizon,12,7524,7525,7537,2026-05-27 03:00:00+00:00,2026-05-27 03:05:00+00:00,2026-05-27 04:05:00+00:00,75924.39,75699.97,-0.0029558354041434587,-0.0029558354041434587,12,fixed_12b_exit,0,75890.59,3,0.6372275750420404,48.51650999999976,20.193089999999998,0.3735941595382296,-52.71434000000023,27.276469999999996,0.04497821945222902,False,fixed_12b,no_cost
breakout_forced_cover_signal,fixed_horizon,12,7561,7562,7574,2026-05-27 06:05:00+00:00,2026-05-27 06:10:00+00:00,2026-05-27 07:10:00+00:00,75800.0,75795.44,-6.015831134564831e-05,-6.015831134564831e-05,12,fixed_12b_exit,0,75750.02,4,0.6160448993480216,55.63081999999976,71.81141,0.521176310717787,4.101559999999772,-3.257570000000001,0.04491535532715374,False,fixed_12b,no_cost
breakout_forced_cover_signal,fixed_horizon,12,7578,7579,7591,2026-05-27 07:30:00+00:00,2026-05-27 07:35:00+00:00,2026-05-27 08:35:00+00:00,75938.37,75997.08,0.0007731269449160472,0.0007731269449160472,12,fixed_12b_exit,0,75900.0,3,0.6717369252321229,31.513529999999786,26.445150000000005,0.39399608299731326,-16.668340000000228,-20.37858,0.045723207543513666,True,fixed_12b,no_cost
breakout_forced_cover_signal,fixed_horizon,12,7612,7613,7625,2026-05-27 10:20:00+00:00,2026-05-27 10:25:00+00:00,2026-05-27 11:25:00+00:00,76006.58,75916.11,-0.0011902916826411758,-0.0011902916826411758,12,fixed_12b_exit,0,76000.0,3,0.6850059627995705,21.281209999999767,4.082090000000004,0.37063464282280273,-25.374650000000237,-26.47125,0.044478491907229856,False,fixed_12b,no_cost
breakout_forced_cover_signal,fixed_horizon,12,7671,7672,7684,2026-05-27 15:15:00+00:00,2026-05-27 15:20:00+00:00,2026-05-27 16:20:00+00:00,75221.08,75063.36,-0.0020967526656091584,-0.0020967526656091584,12,fixed_12b_exit,0,75172.87,3,0.6234161388794356,43.24501999999979,40.585409999999996,0.3493909269816099,-44.34448000000021,12.910879999999999,0.042288478845151856,False,fixed_12b,no_cost
breakout_forced_cover_signal,fixed_horizon,12,7716,7717,7729,2026-05-27 19:00:00+00:00,2026-05-27 19:05:00+00:00,2026-05-27 20:05:00+00:00,75051.9,75271.99,0.0029325040405374647,0.0029325040405374647,12,fixed_12b_exit,0,75032.01,3,0.7019501613946663,57.10097999999979,1.5047599999999974,0.5943145070984408,25.916009999999787,1.0446699999999964,0.04534499402077086,True,fixed_12b,no_cost
breakout_forced_cover_signal,fixed_horizon,12,7730,7731,7743,2026-05-27 20:10:00+00:00,2026-05-27 20:15:00+00:00,2026-05-27 21:15:00+00:00,75309.32,75156.57,-0.002028301410768263,-0.002028301410768263,12,fixed_12b_exit,0,75272.0,3,0.6035204409029795,27.49581999999978,1.5798099999999948,0.48848905855998875,-1.8154700000002144,13.688439999999998,0.043224719294658875,False,fixed_12b,no_cost
breakout_forced_cover_signal,fixed_horizon,12,7857,7858,7870,2026-05-28 06:45:00+00:00,2026-05-28 06:50:00+00:00,2026-05-28 07:50:00+00:00,73145.24,73426.42,0.003844132577868198,0.003844132577868198,12,fixed_12b_exit,0,73077.55,4,0.5387033420175219,28.201779999999765,76.24571999999998,0.6054165442087392,49.82104999999979,-60.21885,0.04723501342413683,True,fixed_12b,no_cost
breakout_forced_cover_signal,fixed_horizon,12,7891,7892,7904,2026-05-28 09:35:00+00:00,2026-05-28 09:40:00+00:00,2026-05-28 10:40:00+00:00,73442.4,73510.19,0.0009230362842174156,0.0009230362842174156,12,fixed_12b_exit,0,73418.76,3,0.6874986686543604,44.71477999999977,17.198049999999995,0.7026631289546447,41.78858999999977,-69.05798,0.048201649339630226,True,fixed_12b,no_cost
breakout_forced_cover_signal,fixed_horizon,12,7918,7919,7931,2026-05-28 11:50:00+00:00,2026-05-28 11:55:00+00:00,2026-05-28 12:55:00+00:00,73531.22,73518.01,-0.00017965158200838882,-0.00017965158200838882,12,fixed_12b_exit,0,73517.65,3,0.6153738073092846,15.84793999999977,13.402090000000001,0.6328286362519764,26.019859999999774,-6.396089999999994,0.04801333825506249,False,fixed_12b,no_cost
breakout_forced_cover_signal,fixed_horizon,12,7947,7948,7960,2026-05-28 14:15:00+00:00,2026-05-28 14:20:00+00:00,2026-05-28 15:20:00+00:00,73479.58,72868.0,-0.008323128684186831,-0.008323128684186831,12,fixed_12b_exit,0,73338.35,4,0.5708889872528559,134.5526399999998,114.5762,0.505373530747218,2.133059999999773,-2.447749999999999,0.03929058837802146,False,fixed_12b,no_cost
breakout_forced_cover_signal,fixed_horizon,12,7987,7988,8000,2026-05-28 17:35:00+00:00,2026-05-28 17:40:00+00:00,2026-05-28 18:40:00+00:00,73520.0,73602.0,0.0011153427638737057,0.0011153427638737057,12,fixed_12b_exit,0,73500.0,3,0.6788359005762976,46.573739999999795,21.384430000000002,0.6311905982250973,27.013909999999793,25.337190000000003,0.040449753615330986,True,fixed_12b,no_cost
breakout_forced_cover_signal,fixed_horizon,12,8020,8021,8033,2026-05-28 20:20:00+00:00,2026-05-28 20:25:00+00:00,2026-05-28 21:25:00+00:00,73598.39,73693.61,0.0012937783014004278,0.0012937783014004278,12,fixed_12b_exit,0,73593.26,3,0.6442521616338373,43.337699999999785,2.577529999999996,0.5838287140270917,13.444309999999792,-6.000680000000003,0.04179586493025589,True,fixed_12b,no_cost
breakout_forced_cover_signal,fixed_horizon,12,8036,8037,8049,2026-05-28 21:40:00+00:00,2026-05-28 21:45:00+00:00,2026-05-28 22:45:00+00:00,73907.99,73568.3,-0.004596120121789338,-0.004596120121789338,12,fixed_12b_exit,0,73837.83,3,0.6659799214345641,40.294669999999776,18.050169999999994,0.5069817954786299,1.2233899999997853,14.944939999999999,0.03700764599265294,False,fixed_12b,no_cost
breakout_forced_cover_signal,fixed_horizon,12,8077,8078,8090,2026-05-29 01:05:00+00:00,2026-05-29 01:10:00+00:00,2026-05-29 02:10:00+00:00,73860.0,73623.19,-0.0032062009206607067,-0.0032062009206607067,12,fixed_12b_exit,0,73854.77,3,0.7490547912466613,55.52299999999978,19.215309999999988,0.5371647304423717,27.76314999999979,4.718130000000002,0.03368279112333905,False,fixed_12b,no_cost
breakout_forced_cover_signal,fixed_horizon,12,8121,8122,8134,2026-05-29 04:45:00+00:00,2026-05-29 04:50:00+00:00,2026-05-29 05:50:00+00:00,73444.9,73667.3,0.0030281204004636297,0.0030281204004636297,12,fixed_12b_exit,0,73440.67,3,0.6805301987686335,16.14764999999978,2.7945699999999967,0.47506952373769945,-10.069370000000212,-74.74575999999999,0.03681290707074791,True,fixed_12b,no_cost
breakout_forced_cover_signal,fixed_horizon,12,8135,8136,8148,2026-05-29 05:55:00+00:00,2026-05-29 06:00:00+00:00,2026-05-29 07:00:00+00:00,73706.0,73776.0,0.0009497191544785011,0.0009497191544785011,12,fixed_12b_exit,0,73690.74,4,0.6295251506919665,63.631869999999786,73.70124,0.6547744783676905,26.430199999999772,1.7543099999999967,0.037797588148203554,True,fixed_12b,no_cost
breakout_forced_cover_signal,fixed_horizon,12,8244,8245,8257,2026-05-29 15:00:00+00:00,2026-05-29 15:05:00+00:00,2026-05-29 16:05:00+00:00,73313.94,73900.01,0.007993977680097242,0.007993977680097242,12,fixed_12b_exit,0,73198.17,5,0.6500951573594487,139.25828999999976,35.74498,0.6609104841500658,53.645749999999786,9.069339999999997,0.046093718904319125,True,fixed_12b,no_cost
breakout_forced_cover_signal,fixed_horizon,12,8308,8309,8321,2026-05-29 20:20:00+00:00,2026-05-29 20:25:00+00:00,2026-05-29 21:25:00+00:00,73744.0,73538.86,-0.00278178563679754,-0.00278178563679754,12,fixed_12b_exit,0,73727.95,3,0.6265598181076273,12.009979999999771,4.509649999999999,0.22192402630173072,-79.76428000000023,-44.11649,0.04318371042232694,False,fixed_12b,no_cost
breakout_forced_cover_signal,fixed_horizon,12,8386,8387,8399,2026-05-30 02:50:00+00:00,2026-05-30 02:55:00+00:00,2026-05-30 03:55:00+00:00,73773.98,73524.01,-0.00338832200729855,-0.00338832200729855,12,fixed_12b_exit,0,73727.0,3,0.6570633160262253,30.714899999999755,16.296219999999998,0.45099167009846325,-4.15805000000025,32.43241,0.039649068098647655,False,fixed_12b,no_cost
breakout_forced_cover_signal,fixed_horizon,12,8413,8414,8426,2026-05-30 05:05:00+00:00,2026-05-30 05:10:00+00:00,2026-05-30 06:10:00+00:00,73516.62,73536.51,0.0002705510672280642,0.0002705510672280642,12,fixed_12b_exit,0,73510.01,3,0.7079898285255124,90.31788999999976,79.42671000000001,0.7272741541833913,67.47555999999976,-89.17190000000001,0.03993034626356451,True,fixed_12b,no_cost
breakout_forced_cover_signal,fixed_horizon,12,8430,8431,8443,2026-05-30 06:30:00+00:00,2026-05-30 06:35:00+00:00,2026-05-30 07:35:00+00:00,73677.49,73496.0,-0.002463303242279391,-0.002463303242279391,12,fixed_12b_exit,0,73635.0,3,0.6394581041587676,16.64615999999975,8.306080000000001,0.41968759027531727,-6.221910000000257,-8.828019999999999,0.037368682469868686,False,fixed_12b,no_cost
breakout_forced_cover_signal,fixed_horizon,12,8470,8471,8483,2026-05-30 09:50:00+00:00,2026-05-30 09:55:00+00:00,2026-05-30 10:55:00+00:00,73612.43,73655.85,0.000589846035513375,0.000589846035513375,12,fixed_12b_exit,0,73579.08,3,0.6158728203306355,8.089069999999744,5.0245700000000015,0.7236592461295074,33.518929999999735,27.444179999999996,0.03798057027458923,True,fixed_12b,no_cost
breakout_forced_cover_signal,fixed_horizon,12,8509,8510,8522,2026-05-30 13:05:00+00:00,2026-05-30 13:10:00+00:00,2026-05-30 14:10:00+00:00,73765.81,73940.01,0.002361527650818207,0.002361527650818207,12,fixed_12b_exit,0,73736.0,3,0.7180563684150559,30.79009999999973,19.825329999999997,0.761171255922444,91.47692999999973,31.482200000000006,0.0404317900923048,True,fixed_12b,no_cost
breakout_forced_cover_signal,fixed_horizon,12,8560,8561,8573,2026-05-30 17:20:00+00:00,2026-05-30 17:25:00+00:00,2026-05-30 18:25:00+00:00,74012.98,73969.36,-0.0005893560832166411,-0.0005893560832166411,12,fixed_12b_exit,0,73985.84,4,0.8852456564740497,106.13194999999973,115.24791,0.6685470894194312,26.142229999999735,-5.169109999999996,0.03981860528764192,False,fixed_12b,no_cost
breakout_forced_cover_signal,fixed_horizon,12,8651,8652,8664,2026-05-31 00:55:00+00:00,2026-05-31 01:00:00+00:00,2026-05-31 02:00:00+00:00,74038.2,74081.98,0.0005913163745201455,0.0005913163745201455,12,fixed_12b_exit,0,74028.0,3,0.697771422483158,17.634189999999727,0.7743099999999998,0.47770504360972554,-1.328350000000274,-3.4822500000000023,0.04043346705547912,True,fixed_12b,no_cost
breakout_forced_cover_signal,fixed_horizon,12,8825,8826,8838,2026-05-31 15:25:00+00:00,2026-05-31 15:30:00+00:00,2026-05-31 16:30:00+00:00,73748.66,73438.65,-0.004203601801036294,-0.004203601801036294,12,fixed_12b_exit,0,73742.0,3,0.7170075872737713,28.465379999999723,20.5799,0.28567642945464355,-52.37705000000027,-41.572019999999995,0.03605989905950624,False,fixed_12b,no_cost
breakout_forced_cover_signal,fixed_horizon,12,8850,8851,8863,2026-05-31 17:30:00+00:00,2026-05-31 17:35:00+00:00,2026-05-31 18:35:00+00:00,73660.25,73667.21,9.448786828736289e-05,9.448786828736289e-05,12,fixed_12b_exit,0,73610.36,3,0.7465909592783798,16.415209999999725,13.225670000000001,0.5368934540426997,3.883159999999731,7.391179999999999,0.03615779415078646,True,fixed_12b,no_cost
breakout_forced_cover_signal,fixed_horizon,12,8881,8882,8894,2026-05-31 20:05:00+00:00,2026-05-31 20:10:00+00:00,2026-05-31 21:10:00+00:00,73688.27,73688.0,-3.664083849441724e-06,-3.664083849441724e-06,12,fixed_12b_exit,0,73657.32,5,0.7985716265210122,175.48243999999974,59.07723,0.47454690208617056,-4.13824000000027,-15.147520000000002,0.03615399758174753,False,fixed_12b,no_cost
breakout_forced_cover_signal,fixed_horizon,12,8901,8902,8914,2026-05-31 21:45:00+00:00,2026-05-31 21:50:00+00:00,2026-05-31 22:50:00+00:00,73850.0,73955.92,0.0014342586323627948,0.0014342586323627948,12,fixed_12b_exit,0,73760.0,4,0.5885757977846153,20.00626999999973,6.446759999999999,0.6040466200004555,9.247159999999736,17.31814,0.03764011039723636,True,fixed_12b,no_cost
breakout_forced_cover_signal,fixed_horizon,12,8916,8917,8929,2026-05-31 23:00:00+00:00,2026-05-31 23:05:00+00:00,2026-06-01 00:05:00+00:00,74068.08,73753.75,-0.004243798408167243,-0.004243798408167243,12,fixed_12b_exit,0,73997.56,5,0.6721067886187686,52.88895999999974,34.94981,0.5708425301402609,17.786749999999742,-1.1038399999999946,0.03323657494848198,False,fixed_12b,no_cost
breakout_forced_cover_signal,fixed_horizon,12,9035,9036,9048,2026-06-01 08:55:00+00:00,2026-06-01 09:00:00+00:00,2026-06-01 10:00:00+00:00,72902.64,72783.15,-0.0016390352941951791,-0.0016390352941951791,12,fixed_12b_exit,0,72865.58,4,0.7317682861651428,59.93055999999973,109.96245,0.2096146331645603,-917.8228700000005,-9.91773999999998,0.03154306373488813,False,fixed_12b,no_cost
breakout_forced_cover_signal,fixed_horizon,12,9129,9130,9142,2026-06-01 16:45:00+00:00,2026-06-01 16:50:00+00:00,2026-06-01 17:50:00+00:00,71379.77,71715.98,0.004710158074199278,0.004710158074199278,12,fixed_12b_exit,0,71356.0,3,0.5819339098730052,133.02346999999975,-207.13461000000007,0.7195248059933711,151.48843999999963,2.553280000000001,0.03640179462542337,True,fixed_12b,no_cost
breakout_forced_cover_signal,fixed_horizon,12,9197,9198,9210,2026-06-01 22:25:00+00:00,2026-06-01 22:30:00+00:00,2026-06-01 23:30:00+00:00,71284.29,71327.29,0.0006032184651063588,0.0006032184651063588,12,fixed_12b_exit,0,71230.0,4,0.8120380680717295,211.10087999999968,59.037830000000014,0.4891209555732504,-2.250190000000323,3.77736,0.03702697132521071,True,fixed_12b,no_cost
breakout_forced_cover_signal,fixed_horizon,12,9211,9212,9224,2026-06-01 23:35:00+00:00,2026-06-01 23:40:00+00:00,2026-06-02 00:40:00+00:00,71510.0,71180.0,-0.004614739197315032,-0.004614739197315032,12,fixed_12b_exit,0,71470.0,3,0.6423072683324534,64.13495999999967,66.38514999999998,0.41462694979617826,-24.113840000000337,-9.011120000000007,0.032241362311963284,False,fixed_12b,no_cost
breakout_forced_cover_signal,fixed_horizon,12,9270,9271,9283,2026-06-02 04:30:00+00:00,2026-06-02 04:35:00+00:00,2026-06-02 05:35:00+00:00,71029.99,70610.03,-0.005912432199413287,-0.005912432199413287,12,fixed_12b_exit,0,71028.25,3,0.6132697817007485,27.61560999999966,16.302759999999992,0.520347901392211,8.76311999999967,30.34964000000001,0.026138305243863735,False,fixed_12b,no_cost
breakout_forced_cover_signal,fixed_horizon,12,9338,9339,9351,2026-06-02 10:10:00+00:00,2026-06-02 10:15:00+00:00,2026-06-02 11:15:00+00:00,69658.0,69450.01,-0.0029858738407649854,-0.0029858738407649854,12,fixed_12b_exit,0,69654.58,5,0.6786696240439092,152.6611799999996,58.81557999999998,0.41342315891679315,-18.689360000000374,-15.456420000000007,0.023074385721229218,False,fixed_12b,no_cost
breakout_forced_cover_signal,fixed_horizon,12,9466,9467,9479,2026-06-02 20:50:00+00:00,2026-06-02 20:55:00+00:00,2026-06-02 21:55:00+00:00,67613.34,67566.01,-0.0007000097909672931,-0.0007000097909672931,12,fixed_12b_exit,0,67498.0,3,0.6200388017562282,57.52691999999955,23.100269999999995,0.3374770172253249,-45.275360000000454,10.37086,0.022358223634336483,False,fixed_12b,no_cost
breakout_forced_cover_signal,fixed_horizon,12,9507,9508,9520,2026-06-03 00:15:00+00:00,2026-06-03 00:20:00+00:00,2026-06-03 01:20:00+00:00,67085.72,66944.21,-0.002109390791363519,-0.002109390791363519,12,fixed_12b_exit,0,66912.0,3,0.5548485860125352,50.51424999999954,109.22464,0.46785877535847226,-13.404940000000462,4.671459999999993,0.020201670611927458,False,fixed_12b,no_cost
breakout_forced_cover_signal,fixed_horizon,12,9582,9583,9595,2026-06-03 06:30:00+00:00,2026-06-03 06:35:00+00:00,2026-06-03 07:35:00+00:00,67464.87,67233.37,-0.003431415490758427,-0.003431415490758427,12,fixed_12b_exit,0,67398.28,4,0.6068361009032858,118.23899999999952,31.49897,0.6842342275324182,66.62038999999953,36.710719999999995,0.016700934795692124,False,fixed_12b,no_cost
breakout_forced_cover_signal,fixed_horizon,12,9625,9626,9638,2026-06-03 10:05:00+00:00,2026-06-03 10:10:00+00:00,2026-06-03 11:10:00+00:00,67440.01,67341.5,-0.0014607055959806603,-0.0014607055959806603,12,fixed_12b_exit,0,67322.0,3,0.6588534506491791,71.76840999999956,36.81833000000003,0.5414327055806744,10.45729999999957,5.602060000000002,0.015215834050797294,False,fixed_12b,no_cost
breakout_forced_cover_signal,fixed_horizon,12,9765,9766,9778,2026-06-03 21:45:00+00:00,2026-06-03 21:50:00+00:00,2026-06-03 22:50:00+00:00,65774.77,64828.01,-0.01439396899449441,-0.01439396899449441,12,fixed_12b_exit,0,65720.01,5,0.6388608633749902,137.55079999999958,74.65532999999999,0.4729616053460077,-11.658720000000393,45.14733,0.0006028488127503007,False,fixed_12b,no_cost
breakout_forced_cover_signal,fixed_horizon,12,9942,9943,9955,2026-06-04 12:30:00+00:00,2026-06-04 12:35:00+00:00,2026-06-04 13:35:00+00:00,63492.86,64150.0,0.010349825161443338,0.010349825161443338,12,fixed_12b_exit,0,63400.0,3,0.5791372797162897,98.3216899999997,23.674859999999995,0.6544134512071693,278.2434499999996,243.60024999999993,0.010958913354004451,True,fixed_12b,no_cost
breakout_forced_cover_signal,fixed_horizon,12,10013,10014,10026,2026-06-04 18:25:00+00:00,2026-06-04 18:30:00+00:00,2026-06-04 19:30:00+00:00,63896.26,63965.44,0.0010826924768365664,0.0010826924768365664,12,fixed_12b_exit,0,63650.0,3,0.6490063826717783,98.9081599999997,60.98535,0.550646037562275,19.343779999999686,-32.86435,0.012053470963883761,True,fixed_12b,no_cost
breakout_forced_cover_signal,fixed_horizon,12,10133,10134,10146,2026-06-05 04:25:00+00:00,2026-06-05 04:30:00+00:00,2026-06-05 05:30:00+00:00,63240.32,63341.68,0.001602774938520346,0.001602774938520346,12,fixed_12b_exit,0,62980.0,3,0.6363642434260616,89.03503999999973,97.24917000000002,0.6117372413505838,48.9320799999997,-26.700489999999988,0.013675564903587123,True,fixed_12b,no_cost
breakout_forced_cover_signal,fixed_horizon,12,10169,10170,10182,2026-06-05 07:25:00+00:00,2026-06-05 07:30:00+00:00,2026-06-05 08:30:00+00:00,62252.94,62702.44,0.007220542515743,0.007220542515743,12,fixed_12b_exit,0,62203.29,3,0.5833030952443384,86.53159999999971,52.9136,0.5133321614536664,7.529879999999711,-55.10884,0.020994852417143273,True,fixed_12b,no_cost
breakout_forced_cover_signal,fixed_horizon,12,10190,10191,10203,2026-06-05 09:10:00+00:00,2026-06-05 09:15:00+00:00,2026-06-05 10:15:00+00:00,63099.65,62570.69,-0.008382930808649491,-0.008382930808649491,12,fixed_12b_exit,0,62932.63,3,0.6059717724668084,78.2876599999997,84.65833,0.4478418263427247,-24.984800000000284,-33.39958,0.01243592321334308,False,fixed_12b,no_cost
breakout_forced_cover_signal,fixed_horizon,12,10317,10318,10330,2026-06-05 19:45:00+00:00,2026-06-05 19:50:00+00:00,2026-06-05 20:50:00+00:00,60215.48,61510.44,0.021505433486538772,0.021505433486538772,12,fixed_12b_exit,0,59972.0,3,0.515706892238713,21.315519999999736,35.86848999999998,0.5320372713913566,40.619439999999784,1.8651499999999999,0.034208796619390025,True,fixed_12b,no_cost
breakout_forced_cover_signal,fixed_horizon,12,10332,10333,10345,2026-06-05 21:00:00+00:00,2026-06-05 21:05:00+00:00,2026-06-05 22:05:00+00:00,61832.0,61408.46,-0.006849851209729585,-0.006849851209729585,12,fixed_12b_exit,0,61787.01,4,0.5582104683874582,112.90935999999985,39.00491000000005,0.4251821663917838,-42.62631000000023,-17.979870000000005,0.02712462024275375,False,fixed_12b,no_cost
breakout_forced_cover_signal,fixed_horizon,12,10432,10433,10445,2026-06-06 05:20:00+00:00,2026-06-06 05:25:00+00:00,2026-06-06 06:25:00+00:00,60818.92,61024.6,0.0033818423608968917,0.0033818423608968917,12,fixed_12b_exit,0,60302.21,5,0.6750756778087869,346.80122999999975,341.17591,0.2547624300721339,-358.26890000000026,-23.671690000000012,0.030598193793410777,True,fixed_12b,no_cost
breakout_forced_cover_signal,fixed_horizon,12,10469,10470,10482,2026-06-06 08:25:00+00:00,2026-06-06 08:30:00+00:00,2026-06-06 09:30:00+00:00,61402.0,61262.09,-0.0022785902739325126,-0.0022785902739325126,12,fixed_12b_exit,0,61166.1,3,0.705409680874278,96.46151999999977,90.58921000000002,0.4441982475936988,-13.948350000000257,-10.393690000000003,0.028249882772700685,False,fixed_12b,no_cost
breakout_forced_cover_signal,fixed_horizon,12,10509,10510,10522,2026-06-06 11:45:00+00:00,2026-06-06 11:50:00+00:00,2026-06-06 12:50:00+00:00,60890.01,61121.99,0.003809820362979055,0.003809820362979055,12,fixed_12b_exit,0,60870.32,3,0.6595581757614367,42.04101999999975,11.53979,0.6237904052574856,36.816189999999736,20.22264999999999,0.03216733011431905,True,fixed_12b,no_cost
breakout_forced_cover_signal,fixed_horizon,12,10624,10625,10637,2026-06-06 21:20:00+00:00,2026-06-06 21:25:00+00:00,2026-06-06 22:25:00+00:00,60906.35,60460.62,-0.00731828454668515,-0.00731828454668515,12,fixed_12b_exit,0,60899.65,3,0.6628535657769388,35.115589999999756,11.18724000000001,0.3278828392924079,-36.614370000000264,-24.80003000000001,0.02461363589275023,False,fixed_12b,no_cost
breakout_forced_cover_signal,fixed_horizon,12,10651,10652,10664,2026-06-06 23:35:00+00:00,2026-06-06 23:40:00+00:00,2026-06-07 00:40:00+00:00,60829.58,60798.24,-0.0005152098699350294,-0.0005152098699350294,12,fixed_12b_exit,0,60763.27,3,0.6668434657817612,18.42710999999975,0.009570000000003631,0.24371669154945702,-122.66162000000026,-34.83642000000002,0.0240857448346683,False,fixed_12b,no_cost
breakout_forced_cover_signal,fixed_horizon,12,10668,10669,10681,2026-06-07 01:00:00+00:00,2026-06-07 01:05:00+00:00,2026-06-07 02:05:00+00:00,61064.93,61541.33,0.007801531910378134,0.007801531910378134,12,fixed_12b_exit,0,60987.99,4,0.7250065346994569,93.63938999999974,64.39902,0.5312885699468237,8.604469999999743,17.493040000000004,0.032075182451959394,True,fixed_12b,no_cost
breakout_forced_cover_signal,fixed_horizon,12,10712,10713,10725,2026-06-07 04:40:00+00:00,2026-06-07 04:45:00+00:00,2026-06-07 05:45:00+00:00,61741.18,61763.31,0.00035843176304695135,0.00035843176304695135,12,fixed_12b_exit,0,61732.0,3,0.6462334989543523,31.23548999999975,28.252440000000014,0.49844587039625543,-1.1069400000002787,-59.037640000000025,0.03244511097920255,True,fixed_12b,no_cost
breakout_forced_cover_signal,fixed_horizon,12,10733,10734,10746,2026-06-07 06:25:00+00:00,2026-06-07 06:30:00+00:00,2026-06-07 07:30:00+00:00,61970.18,62216.2,0.003969973945533001,0.003969973945533001,12,fixed_12b_exit,0,61937.14,4,0.5603034751676296,56.01611999999973,16.94512000000001,0.6072026316160135,93.7667799999997,-164.29817000000003,0.03654389116998291,True,fixed_12b,no_cost
breakout_forced_cover_signal,fixed_horizon,12,10750,10751,10763,2026-06-07 07:50:00+00:00,2026-06-07 07:55:00+00:00,2026-06-07 08:55:00+00:00,62314.0,62855.01,0.008681997624931936,0.008681997624931936,12,fixed_12b_exit,0,62268.88,4,0.5140423681685155,9.73267999999976,94.78718000000002,0.6498401965276178,245.6856999999997,-7.328869999999995,0.04554316277125836,True,fixed_12b,no_cost
breakout_forced_cover_signal,fixed_horizon,12,10796,10797,10809,2026-06-07 11:40:00+00:00,2026-06-07 11:45:00+00:00,2026-06-07 12:45:00+00:00,62679.99,61856.43,-0.013139121432533707,-0.013139121432533707,12,fixed_12b_exit,0,62665.98,3,0.6266063832112136,25.374149999999773,3.629639999999995,0.4382718118728147,-48.46424000000023,136.24135,0.03180564419265153,False,fixed_12b,no_cost
downtrend_forced_cover_signal,adaptive,,39,40,42,2026-05-01 03:15:00+00:00,2026-05-01 03:20:00+00:00,2026-05-01 03:30:00+00:00,77256.158142,77214.554,-0.0005385220155981196,-0.0013385220155981196,2,false_squeeze,3,76729.7,3,0.7869739978296629,151.45113,138.86171000000002,0.39919829133009777,-132.14902000000004,-192.02451000000002,-0.0013385220155981425,False,adaptive,with_cost
downtrend_forced_cover_signal,adaptive,,263,264,266,2026-05-01 21:55:00+00:00,2026-05-01 22:00:00+00:00,2026-05-01 22:10:00+00:00,78215.64,78266.953478,0.0006560513728455231,-0.00014394862715447698,2,false_squeeze,3,78190.98,3,0.7322119554585614,45.70058999999998,50.83796999999999,0.3218600790487031,-35.73764000000001,-80.18114,-0.0014822779643460793,False,adaptive,with_cost
downtrend_forced_cover_signal,adaptive,,628,629,631,2026-05-03 04:20:00+00:00,2026-05-03 04:25:00+00:00,2026-05-03 04:35:00+00:00,78236.264124,78203.226226,-0.0004222836860874324,-0.0012222836860874323,2,false_squeeze,3,78217.59,3,0.8021692818171012,14.348459999999974,7.940040000000003,0.4970144819133151,-0.09787000000002832,-4.990470000000002,-0.0027027498862595145,False,adaptive,with_cost
downtrend_forced_cover_signal,adaptive,,881,882,885,2026-05-04 01:25:00+00:00,2026-05-04 01:30:00+00:00,2026-05-04 01:45:00+00:00,78621.411138,78964.433954,0.004362969463851396,0.003562969463851396,3,false_squeeze,3,78585.86,4,0.6687443949436331,33.08244999999995,9.808639999999997,0.3720234393101028,-23.66282000000005,-36.62149000000001,0.0008505897622788083,True,adaptive,with_cost
downtrend_forced_cover_signal,adaptive,,980,981,984,2026-05-04 09:40:00+00:00,2026-05-04 09:45:00+00:00,2026-05-04 10:00:00+00:00,79873.531512,79458.26902166911,-0.005199000000000065,-0.005999000000000065,3,stop_loss,0,79823.25,3,0.7378613781305892,74.51010999999994,6.938229999999976,0.42365856301131566,-55.17059000000002,-77.73040999999998,-0.005153512925705206,False,adaptive,with_cost
downtrend_forced_cover_signal,adaptive,,1275,1276,1281,2026-05-05 10:15:00+00:00,2026-05-05 10:20:00+00:00,2026-05-05 10:45:00+00:00,80726.14199999999,80794.207926,0.0008431708033316276,4.31708033316276e-05,5,false_squeeze,3,80707.98,3,0.7583747069477811,75.82783999999994,26.319820000000007,0.4338144784306953,-11.832310000000057,-12.13089,-0.005110564603666434,True,adaptive,with_cost
downtrend_forced_cover_signal,adaptive,,1455,1456,1468,2026-05-06 01:15:00+00:00,2026-05-06 01:20:00+00:00,2026-05-06 02:20:00+00:00,81303.85752,81273.502048,-0.0003733583242657712,-0.0011733583242657711,12,time_stop,1,81262.28,3,0.6651863353939748,42.08853999999991,17.0036,0.6921915468425677,32.02574999999991,-21.03199,-0.006277926404412826,False,adaptive,with_cost
downtrend_forced_cover_signal,adaptive,,1788,1789,1797,2026-05-07 05:00:00+00:00,2026-05-07 05:05:00+00:00,2026-05-07 05:45:00+00:00,81104.127582,81037.49925800001,-0.0008215158215298946,-0.0016215158215298945,8,false_squeeze,3,80989.59,3,0.7675520498202382,57.08207999999985,35.211479999999995,0.4993472760704873,-0.08577000000013957,-13.822819999999997,-0.007889262468951608,False,adaptive,with_cost
downtrend_forced_cover_signal,adaptive,,1943,1944,1947,2026-05-07 17:55:00+00:00,2026-05-07 18:00:00+00:00,2026-05-07 18:15:00+00:00,80110.538904,80153.966,0.0005420896750181203,-0.0002579103249818797,3,false_squeeze,3,79948.66,3,0.6189537486851147,44.76761999999988,24.85457,0.4817457741150509,-4.215260000000111,-13.231220000000004,-0.008145138071686264,False,adaptive,with_cost
downtrend_forced_cover_signal,adaptive,,2060,2061,2063,2026-05-08 03:40:00+00:00,2026-05-08 03:45:00+00:00,2026-05-08 03:55:00+00:00,79662.059226,79562.93423000001,-0.001244318775626474,-0.002044318775626474,2,false_squeeze,4,79642.55,3,0.6304708710788978,15.850759999999879,8.35204,0.4636009804367196,-4.516220000000119,-3.4663000000000004,-0.010172805588622769,False,adaptive,with_cost
downtrend_forced_cover_signal,adaptive,,2595,2596,2598,2026-05-10 00:15:00+00:00,2026-05-10 00:20:00+00:00,2026-05-10 00:30:00+00:00,80759.79873,80710.084754,-0.0006155782552926814,-0.0014155782552926813,2,false_squeeze,2,80732.51,3,0.46228990942732956,-12.163800000000123,16.659029999999994,0.7239123705723751,22.728569999999884,-1.2303300000000021,-0.011573983441528934,False,adaptive,with_cost
downtrend_forced_cover_signal,adaptive,,2936,2937,2947,2026-05-11 04:40:00+00:00,2026-05-11 04:45:00+00:00,2026-05-11 05:35:00+00:00,80838.234414,80848.11714199999,0.00012225314013369903,-0.000677746859866301,10,false_squeeze,3,80814.03,3,0.669342448256634,20.88431999999989,3.18347,0.4637056752505804,-3.7876300000001137,-14.564160000000001,-0.012243886070461563,False,adaptive,with_cost
downtrend_forced_cover_signal,adaptive,,3223,3224,3228,2026-05-12 04:35:00+00:00,2026-05-12 04:40:00+00:00,2026-05-12 05:00:00+00:00,81302.117172,81243.218106,-0.0007244468907912083,-0.0015244468907912082,4,false_squeeze,3,81227.01,3,0.7294669766379819,45.42385999999989,48.95024,0.3919794745680684,-28.554500000000118,-54.616569999999996,-0.013749667807201438,False,adaptive,with_cost
downtrend_forced_cover_signal,adaptive,,3308,3309,3321,2026-05-12 11:40:00+00:00,2026-05-12 11:45:00+00:00,2026-05-12 12:45:00+00:00,80748.89655,80956.90538000001,0.002575995944058551,0.0017759959440585512,12,time_stop,1,80705.76,3,0.739650158833498,42.58173999999987,4.224540000000005,0.5581263851445873,16.752079999999864,-6.350160000000017,-0.011998091217400586,True,adaptive,with_cost
downtrend_forced_cover_signal,adaptive,,3663,3664,3671,2026-05-13 17:15:00+00:00,2026-05-13 17:20:00+00:00,2026-05-13 17:55:00+00:00,79315.86,79499.067006,0.002309840755682302,0.001509840755682302,7,false_squeeze,3,79238.6,4,0.5148592605461588,6.578969999999888,6.329630000000002,0.4575644955528459,-12.864470000000122,-14.066880000000005,-0.010506365668828677,True,adaptive,with_cost
downtrend_forced_cover_signal,adaptive,,3673,3674,3680,2026-05-13 18:05:00+00:00,2026-05-13 18:10:00+00:00,2026-05-13 18:40:00+00:00,79613.649546,79631.360542,0.0002224618027308889,-0.0005775381972691111,6,false_squeeze,3,79596.27,3,0.6460493835505687,37.59474999999989,22.361250000000005,0.47507059030493065,-7.726000000000123,-52.70878999999999,-0.011077836038609568,False,adaptive,with_cost
downtrend_forced_cover_signal,adaptive,,3745,3746,3758,2026-05-14 00:05:00+00:00,2026-05-14 00:10:00+00:00,2026-05-14 01:10:00+00:00,79496.236068,79604.765862,0.001365219277893459,0.0005652192778934591,12,time_stop,0,79436.72,3,0.6621103171050885,38.04413999999988,1.1940699999999964,0.694992756435158,35.79747999999988,19.89761,-0.010518878167202428,True,adaptive,with_cost
downtrend_forced_cover_signal,adaptive,,3893,3894,3906,2026-05-14 12:25:00+00:00,2026-05-14 12:30:00+00:00,2026-05-14 13:30:00+00:00,79439.074638,79887.96921,0.005650803134925386,0.004850803134925386,12,time_stop,1,79409.44,3,0.7089217148954495,45.256249999999895,10.771170000000005,0.5466931944577479,28.29259999999989,-50.31851,-0.005719100039466296,True,adaptive,with_cost
downtrend_forced_cover_signal,adaptive,,4112,4113,4115,2026-05-15 06:40:00+00:00,2026-05-15 06:45:00+00:00,2026-05-15 06:55:00+00:00,80617.700316,80563.884,-0.0006675496297842143,-0.0014675496297842142,2,false_squeeze,4,80598.21,3,0.680537071685791,82.33542999999989,61.6658,0.40809982228752545,-27.342650000000113,-94.8922,-0.007178256606104938,False,adaptive,with_cost
downtrend_forced_cover_signal,adaptive,,4118,4119,4128,2026-05-15 07:10:00+00:00,2026-05-15 07:15:00+00:00,2026-05-15 08:00:00+00:00,80784.14359800001,80679.11095,-0.0013001641574944545,-0.0021001641574944544,9,false_squeeze,3,80663.0,3,0.7261289266282025,89.76028999999988,38.40539,0.45382100818041526,-12.239860000000121,-16.61636,-0.009263345246361965,False,adaptive,with_cost
downtrend_forced_cover_signal,adaptive,,4644,4645,4647,2026-05-17 03:00:00+00:00,2026-05-17 03:05:00+00:00,2026-05-17 03:15:00+00:00,77992.49538,77968.55317,-0.0003069809458376982,-0.0011069809458376981,2,false_squeeze,2,77938.0,3,0.7080604271325164,34.71533999999988,8.50516,0.49370373465764905,-0.9010200000001198,0.02732999999999919,-0.010360071845517238,False,adaptive,with_cost
downtrend_forced_cover_signal,adaptive,,4805,4806,4809,2026-05-17 16:25:00+00:00,2026-05-17 16:30:00+00:00,2026-05-17 16:45:00+00:00,78156.988272,78091.38859799999,-0.0008393321627454542,-0.0016393321627454541,3,false_squeeze,4,78127.22,3,0.6346360432587586,6.825489999999873,7.986660000000002,0.4186327913944691,-6.62622000000013,-16.6541,-0.011982420409277994,False,adaptive,with_cost
downtrend_forced_cover_signal,adaptive,,5090,5091,5093,2026-05-18 16:10:00+00:00,2026-05-18 16:15:00+00:00,2026-05-18 16:25:00+00:00,76524.521844,76263.084332,-0.003416388703910589,-0.004216388703910589,2,false_squeeze,4,76485.29,3,0.42926045439166727,-54.29889000000012,26.859699999999982,0.3965928557650251,-79.86457000000016,-10.182390000000012,-0.016148286571129433,False,adaptive,with_cost
downtrend_forced_cover_signal,adaptive,,5212,5213,5215,2026-05-19 02:20:00+00:00,2026-05-19 02:25:00+00:00,2026-05-19 02:35:00+00:00,77005.54802999999,76769.163096,-0.0030697130277924645,-0.0038697130277924644,2,false_squeeze,2,76983.02,3,0.6186532477914702,23.278499999999863,22.82286,0.551265907299122,17.529809999999856,-30.538510000000002,-0.019955510364001117,False,adaptive,with_cost
downtrend_forced_cover_signal,adaptive,,5463,5464,5471,2026-05-19 23:15:00+00:00,2026-05-19 23:20:00+00:00,2026-05-19 23:55:00+00:00,76872.131352,76818.993128,-0.0006912547247671652,-0.0014912547247671651,7,false_squeeze,4,76845.35,3,0.784228548105631,21.782769999999843,7.1721,0.40967562626107235,-5.303840000000157,-27.34726,-0.021417006339652822,False,adaptive,with_cost
downtrend_forced_cover_signal,adaptive,,5854,5855,5860,2026-05-21 07:50:00+00:00,2026-05-21 07:55:00+00:00,2026-05-21 08:20:00+00:00,77832.46337999999,77980.410798,0.0019008446035901905,0.0011008446035901905,5,false_squeeze,3,77789.57,3,0.8138050987813198,37.523319999999856,13.216570000000004,0.38233254278714385,-33.88466000000016,-40.12021000000001,-0.020339738531916618,True,adaptive,with_cost
downtrend_forced_cover_signal,adaptive,,6250,6251,6253,2026-05-22 16:50:00+00:00,2026-05-22 16:55:00+00:00,2026-05-22 17:05:00+00:00,77014.85989200001,76933.79016399999,-0.0010526504639974954,-0.0018526504639974953,2,false_squeeze,4,76975.1,5,0.7377154300753295,95.95592999999985,40.94180000000001,0.3907923295647681,-20.369620000000168,-47.07983000000001,-0.022154706569885385,False,adaptive,with_cost
downtrend_forced_cover_signal,adaptive,,6816,6817,6822,2026-05-24 16:00:00+00:00,2026-05-24 16:05:00+00:00,2026-05-24 16:30:00+00:00,76584.003738,76543.418254,-0.0005299472738307109,-0.0013299472738307109,5,false_squeeze,3,76539.38,4,0.5581474276006726,20.316409999999827,21.17819,0.4380223144086861,-6.213320000000169,-27.412099999999988,-0.023455189252110986,False,adaptive,with_cost
downtrend_forced_cover_signal,adaptive,,7253,7254,7256,2026-05-26 04:25:00+00:00,2026-05-26 04:30:00+00:00,2026-05-26 04:40:00+00:00,76757.338398,76753.58621200001,-4.888374295286546e-05,-0.0008488837429528655,2,false_squeeze,3,76705.71,4,0.7318280258303019,48.160069999999806,14.281849999999991,0.4909057407688492,-1.1875100000001853,-29.78195999999999,-0.024284162266219878,False,adaptive,with_cost
downtrend_forced_cover_signal,adaptive,,7483,7484,7487,2026-05-26 23:35:00+00:00,2026-05-26 23:40:00+00:00,2026-05-26 23:55:00+00:00,75968.09057999999,75914.82399799999,-0.0007011704729356083,-0.0015011704729356082,3,false_squeeze,2,75945.02,3,0.6344168346113561,24.962009999999776,7.156710000000004,0.6175328405771536,9.095929999999774,-6.644230000000002,-0.025748878071801484,False,adaptive,with_cost
downtrend_forced_cover_signal,adaptive,,7671,7672,7676,2026-05-27 15:15:00+00:00,2026-05-27 15:20:00+00:00,2026-05-27 15:40:00+00:00,75236.124216,75186.969598,-0.0006533379877314838,-0.0014533379877314837,4,false_squeeze,3,75172.87,3,0.6234161388794356,43.24501999999979,40.585409999999996,0.48999414947689396,-3.023720000000205,-7.7722,-0.027164794236889778,False,adaptive,with_cost
downtrend_forced_cover_signal,adaptive,,7716,7717,7719,2026-05-27 19:00:00+00:00,2026-05-27 19:05:00+00:00,2026-05-27 19:15:00+00:00,75066.91037999999,74988.9992,-0.001037889791994706,-0.001837889791994706,2,false_squeeze,4,75032.01,3,0.7019501613946663,57.10097999999979,1.5047599999999974,0.47495243166520273,-5.710540000000208,-5.386859999999999,-0.02895275813085485,False,adaptive,with_cost
downtrend_forced_cover_signal,adaptive,,7857,7858,7860,2026-05-28 06:45:00+00:00,2026-05-28 06:50:00+00:00,2026-05-28 07:00:00+00:00,73159.86904800001,73180.051062,0.0002758618114357958,-0.0005241381885642042,2,false_squeeze,3,73077.55,4,0.5387033420175219,28.201779999999765,76.24571999999998,0.44334023810701423,-47.88406000000023,-17.19323,-0.029461721073218428,False,adaptive,with_cost
downtrend_forced_cover_signal,adaptive,,8121,8122,8128,2026-05-29 04:45:00+00:00,2026-05-29 04:50:00+00:00,2026-05-29 05:20:00+00:00,73459.58897999999,73537.309596,0.0010580050484787495,0.0002580050484787495,6,false_squeeze,3,73440.67,3,0.6805301987686335,16.14764999999978,2.7945699999999967,0.4823333897374487,-10.9207600000002,-148.69265,-0.02921131729751336,True,adaptive,with_cost
downtrend_forced_cover_signal,adaptive,,8244,8245,8248,2026-05-29 15:00:00+00:00,2026-05-29 15:05:00+00:00,2026-05-29 15:20:00+00:00,73328.602788,73587.2796,0.0035276386316516195,0.0027276386316516196,3,false_squeeze,3,73198.17,5,0.6500951573594487,139.25828999999976,35.74498,0.4658193223262545,-24.964210000000225,-213.28117000000003,-0.026563356583403808,True,adaptive,with_cost
downtrend_forced_cover_signal,adaptive,,8825,8826,8828,2026-05-31 15:25:00+00:00,2026-05-31 15:30:00+00:00,2026-05-31 15:40:00+00:00,73763.409732,73623.732308,-0.0018935868678993106,-0.0026935868678993106,2,false_squeeze,4,73742.0,3,0.7170075872737713,28.465379999999723,20.5799,0.43208016209774935,-8.333180000000274,-25.80489,-0.02918539274284271,False,adaptive,with_cost
downtrend_forced_cover_signal,adaptive,,8850,8851,8858,2026-05-31 17:30:00+00:00,2026-05-31 17:35:00+00:00,2026-05-31 18:10:00+00:00,73674.98204999999,73639.2692,-0.00048473510282986965,-0.0012847351028298696,7,false_squeeze,3,73610.36,3,0.7465909592783798,16.415209999999725,13.225670000000001,0.3123487142358246,-18.785500000000283,-19.767930000000003,-0.03043263234712601,False,adaptive,with_cost
downtrend_forced_cover_signal,adaptive,,9035,9036,9038,2026-06-01 08:55:00+00:00,2026-06-01 09:00:00+00:00,2026-06-01 09:10:00+00:00,72917.22052799999,72958.74533199999,0.0005694787006322866,-0.00023052129936771348,2,false_squeeze,3,72865.58,4,0.7317682861651428,59.93055999999973,109.96245,0.48917322914030786,-2.953170000000256,-67.61092999999998,-0.0306561382765419,False,adaptive,with_cost
downtrend_forced_cover_signal,adaptive,,9129,9130,9130,2026-06-01 16:45:00+00:00,2026-06-01 16:50:00+00:00,2026-06-01 16:50:00+00:00,71394.045954,71411.86477,0.00024958406211461615,-0.0005504159378853839,0,extreme_vol_exit,0,71356.0,3,0.5819339098730052,133.02346999999975,-207.13461000000007,0.5027932667634437,2.0858999999996684,-130.93757000000008,-0.031189680587325852,False,adaptive,with_cost
downtrend_forced_cover_signal,adaptive,,9270,9271,9273,2026-06-02 04:30:00+00:00,2026-06-02 04:35:00+00:00,2026-06-02 04:45:00+00:00,71044.19599800001,70895.798004,-0.0020888123500502065,-0.0028888123500502064,2,false_squeeze,4,71028.25,3,0.6132697817007485,27.61560999999966,16.302759999999992,0.46771404636366326,-6.484730000000344,-24.44857,-0.03398839180290125,False,adaptive,with_cost
downtrend_forced_cover_signal,adaptive,,9338,9339,9341,2026-06-02 10:10:00+00:00,2026-06-02 10:15:00+00:00,2026-06-02 10:25:00+00:00,69671.9316,69632.080798,-0.0005719778551396271,-0.001371977855139627,2,false_squeeze,4,69654.58,5,0.6786696240439092,152.6611799999996,58.81557999999998,0.45514207144428886,-12.561450000000374,-40.29194,-0.035313738337155565,False,adaptive,with_cost
downtrend_forced_cover_signal,adaptive,,9507,9508,9510,2026-06-03 00:15:00+00:00,2026-06-03 00:20:00+00:00,2026-06-03 00:30:00+00:00,67099.137144,66750.28872998834,-0.005198999999999843,-0.005998999999999843,2,stop_loss,0,66912.0,3,0.5548485860125352,50.51424999999954,109.22464,0.49746887362999176,-0.9977200000004736,-63.95442000000001,-0.041100891220870794,False,adaptive,with_cost
downtrend_forced_cover_signal,adaptive,,10133,10134,10136,2026-06-05 04:25:00+00:00,2026-06-05 04:30:00+00:00,2026-06-05 04:40:00+00:00,63252.968064,63012.514976000006,-0.003801451463221528,-0.004601451463221528,2,false_squeeze,3,62980.0,3,0.6363642434260616,89.03503999999973,97.24917000000002,0.3867105381804158,-41.008320000000296,-117.32338000000001,-0.045513218928044386,False,adaptive,with_cost
downtrend_forced_cover_signal,adaptive,,10169,10170,10171,2026-06-05 07:25:00+00:00,2026-06-05 07:30:00+00:00,2026-06-05 07:35:00+00:00,62265.390588,62755.4464,0.007870436648227619,0.0070704366482276185,1,extreme_vol_exit,0,62203.29,3,0.5833030952443384,86.53159999999971,52.9136,0.5961791145731206,151.49794999999978,14.047530000000052,-0.038764580610904376,True,adaptive,with_cost
downtrend_forced_cover_signal,adaptive,,10317,10318,10320,2026-06-05 19:45:00+00:00,2026-06-05 19:50:00+00:00,2026-06-05 20:00:00+00:00,60227.523096000004,60071.973202,-0.0025827044846600256,-0.0033827044846600255,2,false_squeeze,3,59972.0,3,0.515706892238713,21.315519999999736,35.86848999999998,0.43890909365980296,-62.347060000000226,-63.46847999999997,-0.04201615597488595,False,adaptive,with_cost
downtrend_forced_cover_signal,adaptive,,10509,10510,10516,2026-06-06 11:45:00+00:00,2026-06-06 11:50:00+00:00,2026-06-06 12:20:00+00:00,60902.188002,60862.67503,-0.0006487939644911345,-0.0014487939644911344,6,false_squeeze,3,60870.32,3,0.6595581757614367,42.04101999999975,11.53979,0.4200140400294601,-25.488350000000253,-37.6917,-0.04340407718618955,False,adaptive,with_cost
downtrend_forced_cover_signal,adaptive,,39,40,42,2026-05-01 03:15:00+00:00,2026-05-01 03:20:00+00:00,2026-05-01 03:30:00+00:00,77240.71,77230.0,-0.00013865745149166386,-0.00013865745149166386,2,false_squeeze,3,76729.7,3,0.7869739978296629,151.45113,138.86171000000002,0.39919829133009777,-132.14902000000004,-192.02451000000002,-0.00013865745149166386,False,adaptive,no_cost
downtrend_forced_cover_signal,adaptive,,263,264,266,2026-05-01 21:55:00+00:00,2026-05-01 22:00:00+00:00,2026-05-01 22:10:00+00:00,78200.0,78282.61,0.0010563938618926016,0.0010563938618926016,2,false_squeeze,3,78190.98,3,0.7322119554585614,45.70058999999998,50.83796999999999,0.3218600790487031,-35.73764000000001,-80.18114,0.000917589933520313,True,adaptive,no_cost
downtrend_forced_cover_signal,adaptive,,628,629,631,2026-05-03 04:20:00+00:00,2026-05-03 04:25:00+00:00,2026-05-03 04:35:00+00:00,78220.62,78218.87,-2.2372617348165313e-05,-2.2372617348165313e-05,2,false_squeeze,3,78217.59,3,0.8021692818171012,14.348459999999974,7.940040000000003,0.4970144819133151,-0.09787000000002832,-4.990470000000002,0.0008951967872836697,False,adaptive,no_cost
downtrend_forced_cover_signal,adaptive,,881,882,885,2026-05-04 01:25:00+00:00,2026-05-04 01:30:00+00:00,2026-05-04 01:45:00+00:00,78605.69,78980.23,0.004764795016747536,0.004764795016747536,3,false_squeeze,3,78585.86,4,0.6687443949436331,33.08244999999995,9.808639999999997,0.3720234393101028,-23.66282000000005,-36.62149000000001,0.00566425723322217,True,adaptive,no_cost
downtrend_forced_cover_signal,adaptive,,980,981,984,2026-05-04 09:40:00+00:00,2026-05-04 09:45:00+00:00,2026-05-04 10:00:00+00:00,79857.56,79458.27219999999,-0.0050000000000001155,-0.0050000000000001155,3,stop_loss,0,79823.25,3,0.7378613781305892,74.51010999999994,6.938229999999976,0.42365856301131566,-55.17059000000002,-77.73040999999998,0.0006359359470560211,False,adaptive,no_cost
downtrend_forced_cover_signal,adaptive,,1275,1276,1281,2026-05-05 10:15:00+00:00,2026-05-05 10:20:00+00:00,2026-05-05 10:45:00+00:00,80710.0,80810.37,0.0012435881551231542,0.0012435881551231542,5,false_squeeze,3,80707.98,3,0.7583747069477811,75.82783999999994,26.319820000000007,0.4338144784306953,-11.832310000000057,-12.13089,0.001880314944590289,True,adaptive,no_cost
downtrend_forced_cover_signal,adaptive,,1455,1456,1468,2026-05-06 01:15:00+00:00,2026-05-06 01:20:00+00:00,2026-05-06 02:20:00+00:00,81287.6,81289.76,2.6572318533091277e-05,2.6572318533091277e-05,12,time_stop,1,81262.28,3,0.6651863353939748,42.08853999999991,17.0036,0.6921915468425677,32.02574999999991,-21.03199,0.0019069372274509444,True,adaptive,no_cost
downtrend_forced_cover_signal,adaptive,,1788,1789,1797,2026-05-07 05:00:00+00:00,2026-05-07 05:05:00+00:00,2026-05-07 05:45:00+00:00,81087.91,81053.71,-0.0004217644775897922,-0.0004217644775897922,8,false_squeeze,3,80989.59,3,0.7675520498202382,57.08207999999985,35.211479999999995,0.4993472760704873,-0.08577000000013957,-13.822819999999997,0.0014843684714775929,False,adaptive,no_cost
downtrend_forced_cover_signal,adaptive,,1943,1944,1947,2026-05-07 17:55:00+00:00,2026-05-07 18:00:00+00:00,2026-05-07 18:15:00+00:00,80094.52,80170.0,0.0009423865702671286,0.0009423865702671286,3,false_squeeze,3,79948.66,3,0.6189537486851147,44.76761999999988,24.85457,0.4817457741150509,-4.215260000000111,-13.231220000000004,0.002428153890657647,True,adaptive,no_cost
downtrend_forced_cover_signal,adaptive,,2060,2061,2063,2026-05-08 03:40:00+00:00,2026-05-08 03:45:00+00:00,2026-05-08 03:55:00+00:00,79646.13,79578.85,-0.0008447365866991463,-0.0008447365866991463,2,false_squeeze,4,79642.55,3,0.6304708710788978,15.850759999999879,8.35204,0.4636009804367196,-4.516220000000119,-3.4663000000000004,0.0015813661535288848,False,adaptive,no_cost
downtrend_forced_cover_signal,adaptive,,2595,2596,2598,2026-05-10 00:15:00+00:00,2026-05-10 00:20:00+00:00,2026-05-10 00:30:00+00:00,80743.65,80726.23,-0.0002157445198476271,-0.0002157445198476271,2,false_squeeze,2,80732.51,3,0.46228990942732956,-12.163800000000123,16.659029999999994,0.7239123705723751,22.728569999999884,-1.2303300000000021,0.0013652804625998716,False,adaptive,no_cost
downtrend_forced_cover_signal,adaptive,,2936,2937,2947,2026-05-11 04:40:00+00:00,2026-05-11 04:45:00+00:00,2026-05-11 05:35:00+00:00,80822.07,80864.29,0.0005223820671753643,0.0005223820671753643,10,false_squeeze,3,80814.03,3,0.669342448256634,20.88431999999989,3.18347,0.4637056752505804,-3.7876300000001137,-14.564160000000001,0.0018883757278056468,True,adaptive,no_cost
downtrend_forced_cover_signal,adaptive,,3223,3224,3228,2026-05-12 04:35:00+00:00,2026-05-12 04:40:00+00:00,2026-05-12 05:00:00+00:00,81285.86,81259.47,-0.00032465671151171716,-0.00032465671151171716,4,false_squeeze,3,81227.01,3,0.7294669766379819,45.42385999999989,48.95024,0.3919794745680684,-28.554500000000118,-54.616569999999996,0.001563105942440135,False,adaptive,no_cost
downtrend_forced_cover_signal,adaptive,,3308,3309,3321,2026-05-12 11:40:00+00:00,2026-05-12 11:45:00+00:00,2026-05-12 12:45:00+00:00,80732.75,80973.1,0.0029771065645602945,0.0029771065645602945,12,time_stop,1,80705.76,3,0.739650158833498,42.58173999999987,4.224540000000005,0.5581263851445873,16.752079999999864,-6.350160000000017,0.004544866039962736,True,adaptive,no_cost
downtrend_forced_cover_signal,adaptive,,3663,3664,3671,2026-05-13 17:15:00+00:00,2026-05-13 17:20:00+00:00,2026-05-13 17:55:00+00:00,79300.0,79514.97,0.0027108448928121476,0.0027108448928121476,7,false_squeeze,3,79238.6,4,0.5148592605461588,6.578969999999888,6.329630000000002,0.4575644955528459,-12.864470000000122,-14.066880000000005,0.007268031359667804,True,adaptive,no_cost
downtrend_forced_cover_signal,adaptive,,3673,3674,3680,2026-05-13 18:05:00+00:00,2026-05-13 18:10:00+00:00,2026-05-13 18:40:00+00:00,79597.73,79647.29,0.0006226308212557985,0.0006226308212557985,6,false_squeeze,3,79596.27,3,0.6460493835505687,37.59474999999989,22.361250000000005,0.47507059030493065,-7.726000000000123,-52.70878999999999,0.00789518748125806,True,adaptive,no_cost
downtrend_forced_cover_signal,adaptive,,3745,3746,3758,2026-05-14 00:05:00+00:00,2026-05-14 00:10:00+00:00,2026-05-14 01:10:00+00:00,79480.34,79620.69,0.0017658454908473509,0.0017658454908473509,12,time_stop,0,79436.72,3,0.6621103171050885,38.04413999999988,1.1940699999999964,0.694992756435158,35.79747999999988,19.89761,0.00967497465331868,True,adaptive,no_cost
downtrend_forced_cover_signal,adaptive,,3893,3894,3906,2026-05-14 12:25:00+00:00,2026-05-14 12:30:00+00:00,2026-05-14 13:30:00+00:00,79423.19,79903.95,0.006053143924337423,0.006053143924337423,12,time_stop,1,79409.44,3,0.7089217148954495,45.256249999999895,10.771170000000005,0.5466931944577479,28.29259999999989,-50.31851,0.01578668259169702,True,adaptive,no_cost
downtrend_forced_cover_signal,adaptive,,4112,4113,4115,2026-05-15 06:40:00+00:00,2026-05-15 06:45:00+00:00,2026-05-15 06:55:00+00:00,80601.58,80580.0,-0.0002677366870476039,-0.0002677366870476039,2,false_squeeze,4,80598.21,3,0.680537071685791,82.33542999999989,61.6658,0.40809982228752545,-27.342650000000113,-94.8922,0.01551471923055292,False,adaptive,no_cost
downtrend_forced_cover_signal,adaptive,,4118,4119,4128,2026-05-15 07:10:00+00:00,2026-05-15 07:15:00+00:00,2026-05-15 08:00:00+00:00,80767.99,80695.25,-0.0009006043111882134,-0.0009006043111882134,9,false_squeeze,3,80663.0,3,0.7261289266282025,89.76028999999988,38.40539,0.45382100818041526,-12.239860000000121,-16.61636,0.01460014229633888,False,adaptive,no_cost
downtrend_forced_cover_signal,adaptive,,4644,4645,4647,2026-05-17 03:00:00+00:00,2026-05-17 03:05:00+00:00,2026-05-17 03:15:00+00:00,77976.9,77984.15,9.297625322379766e-05,9.297625322379766e-05,2,false_squeeze,2,77938.0,3,0.7080604271325164,34.71533999999988,8.50516,0.49370373465764905,-0.9010200000001198,0.02732999999999919,0.014694476016089864,True,adaptive,no_cost
downtrend_forced_cover_signal,adaptive,,4805,4806,4809,2026-05-17 16:25:00+00:00,2026-05-17 16:30:00+00:00,2026-05-17 16:45:00+00:00,78141.36,78107.01,-0.00043958794676735025,-0.00043958794676735025,3,false_squeeze,4,78127.22,3,0.6346360432587586,6.825489999999873,7.986660000000002,0.4186327913944691,-6.62622000000013,-16.6541,0.0142484285547817,False,adaptive,no_cost
downtrend_forced_cover_signal,adaptive,,5090,5091,5093,2026-05-18 16:10:00+00:00,2026-05-18 16:15:00+00:00,2026-05-18 16:25:00+00:00,76509.22,76278.34,-0.003017675516754803,-0.003017675516754803,2,false_squeeze,4,76485.29,3,0.42926045439166727,-54.29889000000012,26.859699999999982,0.3965928557650251,-79.86457000000016,-10.182390000000012,0.011187755904024987,False,adaptive,no_cost
downtrend_forced_cover_signal,adaptive,,5212,5213,5215,2026-05-19 02:20:00+00:00,2026-05-19 02:25:00+00:00,2026-05-19 02:35:00+00:00,76990.15,76784.52,-0.0026708611426266016,-0.0026708611426266016,2,false_squeeze,2,76983.02,3,0.6186532477914702,23.278499999999863,22.82286,0.551265907299122,17.529809999999856,-30.538510000000002,0.008487013818881062,False,adaptive,no_cost
downtrend_forced_cover_signal,adaptive,,5463,5464,5471,2026-05-19 23:15:00+00:00,2026-05-19 23:20:00+00:00,2026-05-19 23:55:00+00:00,76856.76,76834.36,-0.00029145126596530346,-0.00029145126596530346,7,false_squeeze,4,76845.35,3,0.784228548105631,21.782769999999843,7.1721,0.40967562626107235,-5.303840000000157,-27.34726,0.008193089001993892,False,adaptive,no_cost
downtrend_forced_cover_signal,adaptive,,5854,5855,5860,2026-05-21 07:50:00+00:00,2026-05-21 07:55:00+00:00,2026-05-21 08:20:00+00:00,77816.9,77996.01,0.0023016851095327695,0.0023016851095327695,5,false_squeeze,3,77789.57,3,0.8138050987813198,37.523319999999856,13.216570000000004,0.38233254278714385,-33.88466000000016,-40.12021000000001,0.010513632022483677,True,adaptive,no_cost
downtrend_forced_cover_signal,adaptive,,6250,6251,6253,2026-05-22 16:50:00+00:00,2026-05-22 16:55:00+00:00,2026-05-22 17:05:00+00:00,76999.46,76949.18,-0.0006529915924087248,-0.0006529915924087248,2,false_squeeze,4,76975.1,5,0.7377154300753295,95.95592999999985,40.94180000000001,0.3907923295647681,-20.369620000000168,-47.07983000000001,0.009853775116758667,False,adaptive,no_cost
downtrend_forced_cover_signal,adaptive,,6816,6817,6822,2026-05-24 16:00:00+00:00,2026-05-24 16:05:00+00:00,2026-05-24 16:30:00+00:00,76568.69,76558.73,-0.00013007927914143735,-0.00013007927914143735,5,false_squeeze,3,76539.38,4,0.5581474276006726,20.316409999999827,21.17819,0.4380223144086861,-6.213320000000169,-27.412099999999988,0.009722414065653329,False,adaptive,no_cost
downtrend_forced_cover_signal,adaptive,,7253,7254,7256,2026-05-26 04:25:00+00:00,2026-05-26 04:30:00+00:00,2026-05-26 04:40:00+00:00,76741.99,76768.94,0.00035117671564166564,0.00035117671564166564,2,false_squeeze,3,76705.71,4,0.7318280258303019,48.160069999999806,14.281849999999991,0.4909057407688492,-1.1875100000001853,-29.78195999999999,0.010077005066734701,True,adaptive,no_cost
downtrend_forced_cover_signal,adaptive,,7483,7484,7487,2026-05-26 23:35:00+00:00,2026-05-26 23:40:00+00:00,2026-05-26 23:55:00+00:00,75952.9,75930.01,-0.00030137098122651196,-0.00030137098122651196,3,false_squeeze,2,75945.02,3,0.6344168346113561,24.962009999999776,7.156710000000004,0.6175328405771536,9.095929999999774,-6.644230000000002,0.009772597168603347,False,adaptive,no_cost
downtrend_forced_cover_signal,adaptive,,7671,7672,7676,2026-05-27 15:15:00+00:00,2026-05-27 15:20:00+00:00,2026-05-27 15:40:00+00:00,75221.08,75202.01,-0.00025351935920103763,-0.00025351935920103763,4,false_squeeze,3,75172.87,3,0.6234161388794356,43.24501999999979,40.585409999999996,0.48999414947689396,-3.023720000000205,-7.7722,0.009516600266830322,False,adaptive,no_cost
downtrend_forced_cover_signal,adaptive,,7716,7717,7719,2026-05-27 19:00:00+00:00,2026-05-27 19:05:00+00:00,2026-05-27 19:15:00+00:00,75051.9,75004.0,-0.0006382250149562507,-0.0006382250149562507,2,false_squeeze,4,75032.01,3,0.7019501613946663,57.10097999999979,1.5047599999999974,0.47495243166520273,-5.710540000000208,-5.386859999999999,0.008872301519526449,False,adaptive,no_cost
downtrend_forced_cover_signal,adaptive,,7857,7858,7860,2026-05-28 06:45:00+00:00,2026-05-28 06:50:00+00:00,2026-05-28 07:00:00+00:00,73145.24,73194.69,0.0006760521942370534,0.0006760521942370534,2,false_squeeze,3,73077.55,4,0.5387033420175219,28.201779999999765,76.24571999999998,0.44334023810701423,-47.88406000000023,-17.19323,0.009554351852673726,True,adaptive,no_cost
downtrend_forced_cover_signal,adaptive,,8121,8122,8128,2026-05-29 04:45:00+00:00,2026-05-29 04:50:00+00:00,2026-05-29 05:20:00+00:00,73444.9,73552.02,0.0014585083511586827,0.0014585083511586827,6,false_squeeze,3,73440.67,3,0.6805301987686335,16.14764999999978,2.7945699999999967,0.4823333897374487,-10.9207600000002,-148.69265,0.01102679530579942,True,adaptive,no_cost
downtrend_forced_cover_signal,adaptive,,8244,8245,8248,2026-05-29 15:00:00+00:00,2026-05-29 15:05:00+00:00,2026-05-29 15:20:00+00:00,73313.94,73602.0,0.0039291299853752015,0.0039291299853752015,3,false_squeeze,3,73198.17,5,0.6500951573594487,139.25828999999976,35.74498,0.4658193223262545,-24.964210000000225,-213.28117000000003,0.014999251003253278,True,adaptive,no_cost
downtrend_forced_cover_signal,adaptive,,8825,8826,8828,2026-05-31 15:25:00+00:00,2026-05-31 15:30:00+00:00,2026-05-31 15:40:00+00:00,73748.66,73638.46,-0.0014942644381605863,-0.0014942644381605863,2,false_squeeze,4,73742.0,3,0.7170075872737713,28.465379999999723,20.5799,0.43208016209774935,-8.333180000000274,-25.80489,0.013482573717719548,False,adaptive,no_cost
downtrend_forced_cover_signal,adaptive,,8850,8851,8858,2026-05-31 17:30:00+00:00,2026-05-31 17:35:00+00:00,2026-05-31 18:10:00+00:00,73660.25,73654.0,-8.484901965444269e-05,-8.484901965444269e-05,7,false_squeeze,3,73610.36,3,0.7465909592783798,16.415209999999725,13.225670000000001,0.3123487142358246,-18.785500000000283,-19.767930000000003,0.013396580714902795,False,adaptive,no_cost
downtrend_forced_cover_signal,adaptive,,9035,9036,9038,2026-06-01 08:55:00+00:00,2026-06-01 09:00:00+00:00,2026-06-01 09:10:00+00:00,72902.64,72973.34,0.0009697865536830719,0.0009697865536830719,2,false_squeeze,3,72865.58,4,0.7317682861651428,59.93055999999973,109.96245,0.48917322914030786,-2.953170000000256,-67.61092999999998,0.0143793590924286,True,adaptive,no_cost
downtrend_forced_cover_signal,adaptive,,9129,9130,9130,2026-06-01 16:45:00+00:00,2026-06-01 16:50:00+00:00,2026-06-01 16:50:00+00:00,71379.77,71426.15,0.000649763931713343,0.000649763931713343,0,extreme_vol_exit,0,71356.0,3,0.5819339098730052,133.02346999999975,-207.13461000000007,0.5027932667634437,2.0858999999996684,-130.93757000000008,0.01503846621304139,True,adaptive,no_cost
downtrend_forced_cover_signal,adaptive,,9270,9271,9273,2026-06-02 04:30:00+00:00,2026-06-02 04:35:00+00:00,2026-06-02 04:45:00+00:00,71029.99,70909.98,-0.0016895680261254098,-0.0016895680261254098,2,false_squeeze,4,71028.25,3,0.6132697817007485,27.61560999999966,16.302759999999992,0.46771404636366326,-6.484730000000344,-24.44857,0.013323489675240552,False,adaptive,no_cost
downtrend_forced_cover_signal,adaptive,,9338,9339,9341,2026-06-02 10:10:00+00:00,2026-06-02 10:15:00+00:00,2026-06-02 10:25:00+00:00,69658.0,69646.01,-0.00017212667604593612,-0.00017212667604593612,2,false_squeeze,4,69654.58,5,0.6786696240439092,152.6611799999996,58.81557999999998,0.45514207144428886,-12.561450000000374,-40.29194,0.01314906967120355,False,adaptive,no_cost
downtrend_forced_cover_signal,adaptive,,9507,9508,9510,2026-06-03 00:15:00+00:00,2026-06-03 00:20:00+00:00,2026-06-03 00:30:00+00:00,67085.72,66750.2914,-0.0050000000000000044,-0.0050000000000000044,2,stop_loss,0,66912.0,3,0.5548485860125352,50.51424999999954,109.22464,0.49746887362999176,-0.9977200000004736,-63.95442000000001,0.00808332432284753,False,adaptive,no_cost
downtrend_forced_cover_signal,adaptive,,10133,10134,10136,2026-06-05 04:25:00+00:00,2026-06-05 04:30:00+00:00,2026-06-05 04:40:00+00:00,63240.32,63025.12,-0.003402892331980545,-0.003402892331980545,2,false_squeeze,3,62980.0,3,0.6363642434260616,89.03503999999973,97.24917000000002,0.3867105381804158,-41.008320000000296,-117.32338000000001,0.004652925308511913,False,adaptive,no_cost
downtrend_forced_cover_signal,adaptive,,10169,10170,10171,2026-06-05 07:25:00+00:00,2026-06-05 07:30:00+00:00,2026-06-05 07:35:00+00:00,62252.94,62768.0,0.008273665468650826,0.008273665468650826,1,extreme_vol_exit,0,62203.29,3,0.5833030952443384,86.53159999999971,52.9136,0.5961791145731206,151.49794999999978,14.047530000000052,0.012965087524615893,True,adaptive,no_cost
downtrend_forced_cover_signal,adaptive,,10317,10318,10320,2026-06-05 19:45:00+00:00,2026-06-05 19:50:00+00:00,2026-06-05 20:00:00+00:00,60215.48,60083.99,-0.0021836577571083815,-0.0021836577571083815,2,false_squeeze,3,59972.0,3,0.515706892238713,21.315519999999736,35.86848999999998,0.43890909365980296,-62.347060000000226,-63.46847999999997,0.010753118453562749,False,adaptive,no_cost
downtrend_forced_cover_signal,adaptive,,10509,10510,10516,2026-06-06 11:45:00+00:00,2026-06-06 11:50:00+00:00,2026-06-06 12:20:00+00:00,60890.01,60874.85,-0.00024897351798769396,-0.00024897351798769396,6,false_squeeze,3,60870.32,3,0.6595581757614367,42.04101999999975,11.53979,0.4200140400294601,-25.488350000000253,-37.6917,0.010501467693844413,False,adaptive,no_cost
downtrend_forced_cover_signal,fixed_horizon,6,39,40,46,2026-05-01 03:15:00+00:00,2026-05-01 03:20:00+00:00,2026-05-01 03:50:00+00:00,77256.158142,77134.130088,-0.0015795252693733275,-0.0023795252693733274,6,fixed_6b_exit,0,76729.7,3,0.7869739978296629,151.45113,138.86171000000002,0.4737777207669845,-3.2871299999999986,14.339600000000004,-0.0023795252693733504,False,fixed_6b,with_cost
downtrend_forced_cover_signal,fixed_horizon,6,263,264,270,2026-05-01 21:55:00+00:00,2026-05-01 22:00:00+00:00,2026-05-01 22:30:00+00:00,78215.64,78275.64174,0.0007671322512992074,-3.286774870079267e-05,6,fixed_6b_exit,0,78190.98,3,0.7322119554585614,45.70058999999998,50.83796999999999,0.5107914721608307,2.655389999999981,-0.9753300000000014,-0.0024123148084356227,False,fixed_6b,with_cost
downtrend_forced_cover_signal,fixed_horizon,6,628,629,635,2026-05-03 04:20:00+00:00,2026-05-03 04:25:00+00:00,2026-05-03 04:55:00+00:00,78236.264124,78147.557362,-0.0011338317721739655,-0.0019338317721739654,6,fixed_6b_exit,0,78217.59,3,0.8021692818171012,14.348459999999974,7.940040000000003,0.4203548521037228,-4.764720000000027,-5.264839999999999,-0.004341481569588579,False,fixed_6b,with_cost
downtrend_forced_cover_signal,fixed_horizon,6,881,882,888,2026-05-04 01:25:00+00:00,2026-05-04 01:30:00+00:00,2026-05-04 02:00:00+00:00,78621.411138,79714.063998,0.013897650069929712,0.013097650069929712,6,fixed_6b_exit,0,78585.86,4,0.6687443949436331,33.08244999999995,9.808639999999997,0.6352006666777386,469.0757900000001,227.35783000000006,0.008699305293957682,True,fixed_6b,with_cost
downtrend_forced_cover_signal,fixed_horizon,6,980,981,987,2026-05-04 09:40:00+00:00,2026-05-04 09:45:00+00:00,2026-05-04 10:15:00+00:00,79873.531512,78375.44177599999,-0.01875577187638111,-0.01955577187638111,6,fixed_6b_exit,0,79823.25,3,0.7378613781305892,74.51010999999994,6.938229999999976,0.4159765772356263,-239.32614000000012,31.616849999999886,-0.011026588212235122,False,fixed_6b,with_cost
downtrend_forced_cover_signal,fixed_horizon,6,1275,1276,1282,2026-05-05 10:15:00+00:00,2026-05-05 10:20:00+00:00,2026-05-05 10:50:00+00:00,80726.14199999999,80708.795012,-0.00021488687022841457,-0.0010148868702284145,6,fixed_6b_exit,0,80707.98,3,0.7583747069477811,75.82783999999994,26.319820000000007,0.4370889253549984,-8.707240000000057,3.125069999999999,-0.012030284342863573,False,fixed_6b,with_cost
downtrend_forced_cover_signal,fixed_horizon,6,1455,1456,1462,2026-05-06 01:15:00+00:00,2026-05-06 01:20:00+00:00,2026-05-06 01:50:00+00:00,81303.85752,81430.400662,0.0015564223624797702,0.0007564223624797701,6,fixed_6b_exit,0,81262.28,3,0.6651863353939748,42.08853999999991,17.0036,0.7336136632052164,113.39374999999993,50.06621000000001,-0.011282961956487703,True,fixed_6b,with_cost
downtrend_forced_cover_signal,fixed_horizon,6,1788,1789,1795,2026-05-07 05:00:00+00:00,2026-05-07 05:05:00+00:00,2026-05-07 05:35:00+00:00,81104.127582,81041.77840200001,-0.0007687547090245994,-0.0015687547090245993,6,fixed_6b_exit,0,80989.59,3,0.7675520498202382,57.08207999999985,35.211479999999995,0.5480904405068929,8.647169999999853,3.844580000000003,-0.012834016465811393,False,fixed_6b,with_cost
downtrend_forced_cover_signal,fixed_horizon,6,1943,1944,1950,2026-05-07 17:55:00+00:00,2026-05-07 18:00:00+00:00,2026-05-07 18:30:00+00:00,80110.538904,80167.543284,0.0007115715457650662,-8.842845423493383e-05,6,fixed_6b_exit,0,79948.66,3,0.6189537486851147,44.76761999999988,24.85457,0.381618218752479,-19.751020000000118,1.8678599999999967,-0.012921310027808608,False,fixed_6b,with_cost
downtrend_forced_cover_signal,fixed_horizon,6,2060,2061,2067,2026-05-08 03:40:00+00:00,2026-05-08 03:45:00+00:00,2026-05-08 04:15:00+00:00,79662.059226,79710.15478000001,0.0006037447998119561,-0.00019625520018804398,6,fixed_6b_exit,0,79642.55,3,0.6304708710788978,15.850759999999879,8.35204,0.6133239405128232,17.556919999999888,5.44652,-0.01311502935371045,False,fixed_6b,with_cost
downtrend_forced_cover_signal,fixed_horizon,6,2595,2596,2602,2026-05-10 00:15:00+00:00,2026-05-10 00:20:00+00:00,2026-05-10 00:50:00+00:00,80759.79873,80646.727428,-0.0014000939053603334,-0.0022000939053603333,6,fixed_6b_exit,0,80732.51,3,0.46228990942732956,-12.163800000000123,16.659029999999994,0.2589959505612992,-26.08918000000012,-17.095220000000005,-0.015286268962921068,False,fixed_6b,with_cost
downtrend_forced_cover_signal,fixed_horizon,6,2936,2937,2943,2026-05-11 04:40:00+00:00,2026-05-11 04:45:00+00:00,2026-05-11 05:15:00+00:00,80838.234414,80876.34149600001,0.00047139923671313255,-0.0003286007632868675,6,fixed_6b_exit,0,80814.03,3,0.669342448256634,20.88431999999989,3.18347,0.6514963113523758,15.765499999999886,2.868940000000002,-0.015609846646558956,False,fixed_6b,with_cost
downtrend_forced_cover_signal,fixed_horizon,6,2945,2946,2952,2026-05-11 05:25:00+00:00,2026-05-11 05:30:00+00:00,2026-05-11 06:00:00+00:00,80979.802722,80844.44787599999,-0.0016714642596088458,-0.0024714642596088457,6,fixed_6b_exit,0,80934.57,3,0.7657204379199767,21.73868999999989,11.093860000000003,0.34347321890594207,-81.70183000000009,-6.49212,-0.018042731728082906,False,fixed_6b,with_cost
downtrend_forced_cover_signal,fixed_horizon,6,3223,3224,3230,2026-05-12 04:35:00+00:00,2026-05-12 04:40:00+00:00,2026-05-12 05:10:00+00:00,81302.117172,81217.26329799999,-0.0010436859082094685,-0.0018436859082094684,6,fixed_6b_exit,0,81227.01,3,0.7294669766379819,45.42385999999989,48.95024,0.1848873352766575,-53.45587000000012,-23.09634,-0.01985315250605968,False,fixed_6b,with_cost
downtrend_forced_cover_signal,fixed_horizon,6,3308,3309,3315,2026-05-12 11:40:00+00:00,2026-05-12 11:45:00+00:00,2026-05-12 12:15:00+00:00,80748.89655,80820.452676,0.0008861560845687677,8.615608456876767e-05,6,fixed_6b_exit,0,80705.76,3,0.739650158833498,42.58173999999987,4.224540000000005,0.5927324060640201,24.277699999999868,13.369539999999994,-0.019768706891377108,True,fixed_6b,with_cost
downtrend_forced_cover_signal,fixed_horizon,6,3663,3664,3670,2026-05-13 17:15:00+00:00,2026-05-13 17:20:00+00:00,2026-05-13 17:50:00+00:00,79315.86,79450.166788,0.001693315662214312,0.0008933156622143119,6,fixed_6b_exit,0,79238.6,4,0.5148592605461588,6.578969999999888,6.329630000000002,0.5044565417775443,1.2024099999998832,-0.3366399999999956,-0.018893050924650545,True,fixed_6b,with_cost
downtrend_forced_cover_signal,fixed_horizon,6,3673,3674,3680,2026-05-13 18:05:00+00:00,2026-05-13 18:10:00+00:00,2026-05-13 18:40:00+00:00,79613.649546,79631.360542,0.0002224618027308889,-0.0005775381972691111,6,fixed_6b_exit,0,79596.27,3,0.6460493835505687,37.59474999999989,22.361250000000005,0.47507059030493065,-7.726000000000123,-52.70878999999999,-0.019459677663347774,False,fixed_6b,with_cost
downtrend_forced_cover_signal,fixed_horizon,6,3745,3746,3752,2026-05-14 00:05:00+00:00,2026-05-14 00:10:00+00:00,2026-05-14 00:40:00+00:00,79496.236068,79631.880438,0.0017062992754017792,0.0009062992754017791,6,fixed_6b_exit,0,79436.72,3,0.6621103171050885,38.04413999999988,1.1940699999999964,0.7354914645678183,54.32472999999989,17.848780000000005,-0.018571014679711784,True,fixed_6b,with_cost
downtrend_forced_cover_signal,fixed_horizon,6,3893,3894,3900,2026-05-14 12:25:00+00:00,2026-05-14 12:30:00+00:00,2026-05-14 13:00:00+00:00,79439.074638,79832.560294,0.004953301102676333,0.004153301102676333,6,fixed_6b_exit,0,79409.44,3,0.7089217148954495,45.256249999999895,10.771170000000005,0.5715791519529954,28.601409999999895,9.642699999999998,-0.014494844592782385,True,fixed_6b,with_cost
downtrend_forced_cover_signal,fixed_horizon,6,4112,4113,4119,2026-05-15 06:40:00+00:00,2026-05-15 06:45:00+00:00,2026-05-15 07:15:00+00:00,80617.700316,80710.15474,0.0011468253700812614,0.00034682537008126136,6,fixed_6b_exit,0,80598.21,3,0.680537071685791,82.33542999999989,61.6658,0.6733630693256941,63.120279999999866,-26.640010000000018,-0.014153046402541225,True,fixed_6b,with_cost
downtrend_forced_cover_signal,fixed_horizon,6,4644,4645,4651,2026-05-17 03:00:00+00:00,2026-05-17 03:05:00+00:00,2026-05-17 03:35:00+00:00,77992.49538,78033.310216,0.0005233174781900107,-0.0002766825218099893,6,fixed_6b_exit,0,77938.0,3,0.7080604271325164,34.71533999999988,8.50516,0.5698815608136788,4.466219999999883,3.4247400000000017,-0.01442581302378132,False,fixed_6b,with_cost
downtrend_forced_cover_signal,fixed_horizon,6,4805,4806,4812,2026-05-17 16:25:00+00:00,2026-05-17 16:30:00+00:00,2026-05-17 17:00:00+00:00,78156.988272,78013.37420399999,-0.0018375077030886589,-0.0026375077030886588,6,fixed_6b_exit,0,78127.22,3,0.6346360432587586,6.825489999999873,7.986660000000002,0.41237948926568513,-16.644960000000125,1.8955500000000036,-0.017025272533896407,False,fixed_6b,with_cost
downtrend_forced_cover_signal,fixed_horizon,6,5090,5091,5097,2026-05-18 16:10:00+00:00,2026-05-18 16:15:00+00:00,2026-05-18 16:45:00+00:00,76524.521844,76418.78318600002,-0.0013817617601785681,-0.002181761760178568,6,fixed_6b_exit,0,76485.29,3,0.42926045439166727,-54.29889000000012,26.859699999999982,0.4037640648923462,-50.009200000000135,-33.01601,-0.019169889205503887,False,fixed_6b,with_cost
downtrend_forced_cover_signal,fixed_horizon,6,5212,5213,5219,2026-05-19 02:20:00+00:00,2026-05-19 02:25:00+00:00,2026-05-19 02:55:00+00:00,77005.54802999999,76602.146506,-0.0052386033775492225,-0.006038603377549223,6,fixed_6b_exit,0,76983.02,3,0.6186532477914702,23.278499999999863,22.82286,0.2991004269142172,-33.59697000000014,6.324889999999996,-0.02509273322534955,False,fixed_6b,with_cost
downtrend_forced_cover_signal,fixed_horizon,6,5463,5464,5470,2026-05-19 23:15:00+00:00,2026-05-19 23:20:00+00:00,2026-05-19 23:50:00+00:00,76872.131352,76832.110504,-0.0005206158239160485,-0.0013206158239160485,6,fixed_6b_exit,0,76845.35,3,0.784228548105631,21.782769999999843,7.1721,0.6960025593749374,22.04341999999984,-2.8054999999999986,-0.02638021118870293,False,fixed_6b,with_cost
downtrend_forced_cover_signal,fixed_horizon,6,5854,5855,5861,2026-05-21 07:50:00+00:00,2026-05-21 07:55:00+00:00,2026-05-21 08:25:00+00:00,77832.46337999999,78039.73893,0.002663098930687058,0.001863098930687058,6,fixed_6b_exit,0,77789.57,3,0.8138050987813198,37.523319999999856,13.216570000000004,0.3744146918140107,-28.165110000000155,5.719550000000005,-0.02456626120127281,True,fixed_6b,with_cost
downtrend_forced_cover_signal,fixed_horizon,6,6250,6251,6257,2026-05-22 16:50:00+00:00,2026-05-22 16:55:00+00:00,2026-05-22 17:25:00+00:00,77014.85989200001,77044.72797200001,0.00038782229873413065,-0.0004121777012658694,6,fixed_6b_exit,0,76975.1,5,0.7377154300753295,95.95592999999985,40.94180000000001,0.4570672019247461,-12.081480000000163,17.928110000000004,-0.024968313237468065,False,fixed_6b,with_cost
downtrend_forced_cover_signal,fixed_horizon,6,6816,6817,6823,2026-05-24 16:00:00+00:00,2026-05-24 16:05:00+00:00,2026-05-24 16:35:00+00:00,76584.003738,76499.886962,-0.001098359603759591,-0.001898359603759591,6,fixed_6b_exit,0,76539.38,4,0.5581474276006726,20.316409999999827,21.17819,0.38474529050023554,-14.652730000000169,-8.439409999999999,-0.026819274004003635,False,fixed_6b,with_cost
downtrend_forced_cover_signal,fixed_horizon,6,7253,7254,7260,2026-05-26 04:25:00+00:00,2026-05-26 04:30:00+00:00,2026-05-26 05:00:00+00:00,76757.338398,76749.607008,-0.00010072509236724869,-0.0009007250923672487,6,fixed_6b_exit,0,76705.71,4,0.7318280258303019,48.160069999999806,14.281849999999991,0.5055910556971679,0.4517099999998164,5.372500000000001,-0.027695842303316454,False,fixed_6b,with_cost
downtrend_forced_cover_signal,fixed_horizon,6,7483,7484,7490,2026-05-26 23:35:00+00:00,2026-05-26 23:40:00+00:00,2026-05-27 00:10:00+00:00,75968.09057999999,75966.163728,-2.5363965123759158e-05,-0.0008253639651237592,6,fixed_6b_exit,0,75945.02,3,0.6344168346113561,24.962009999999776,7.156710000000004,0.47000849777076226,-19.438180000000237,18.521980000000006,-0.028498347118219303,False,fixed_6b,with_cost
downtrend_forced_cover_signal,fixed_horizon,6,7671,7672,7678,2026-05-27 15:15:00+00:00,2026-05-27 15:20:00+00:00,2026-05-27 15:50:00+00:00,75236.124216,75261.09477,0.00033189580484371817,-0.00046810419515628187,6,fixed_6b_exit,0,75172.87,3,0.6234161388794356,43.24501999999979,40.585409999999996,0.5754489452816749,36.38804999999978,26.26462999999999,-0.028953111117534513,False,fixed_6b,with_cost
downtrend_forced_cover_signal,fixed_horizon,6,7716,7717,7723,2026-05-27 19:00:00+00:00,2026-05-27 19:05:00+00:00,2026-05-27 19:35:00+00:00,75066.91037999999,75038.99919799999,-0.00037181738077007864,-0.0011718173807700786,6,fixed_6b_exit,0,75032.01,3,0.7019501613946663,57.10097999999979,1.5047599999999974,0.4000797880731509,-84.8121300000002,-220.23208,-0.030091000739469687,False,fixed_6b,with_cost
downtrend_forced_cover_signal,fixed_horizon,6,7857,7858,7864,2026-05-28 06:45:00+00:00,2026-05-28 06:50:00+00:00,2026-05-28 07:20:00+00:00,73159.86904800001,73296.917684,0.0018732761250581653,0.0010732761250581654,6,fixed_6b_exit,0,73077.55,4,0.5387033420175219,28.201779999999765,76.24571999999998,0.40280841690459235,-36.79858000000022,-69.71482,-0.029050020567084167,True,fixed_6b,with_cost
downtrend_forced_cover_signal,fixed_horizon,6,8121,8122,8128,2026-05-29 04:45:00+00:00,2026-05-29 04:50:00+00:00,2026-05-29 05:20:00+00:00,73459.58897999999,73537.309596,0.0010580050484787495,0.0002580050484787495,6,fixed_6b_exit,0,73440.67,3,0.6805301987686335,16.14764999999978,2.7945699999999967,0.4823333897374487,-10.9207600000002,-148.69265,-0.028799510570570064,True,fixed_6b,with_cost
downtrend_forced_cover_signal,fixed_horizon,6,8244,8245,8251,2026-05-29 15:00:00+00:00,2026-05-29 15:05:00+00:00,2026-05-29 15:35:00+00:00,73328.602788,74096.10781399999,0.010466652804212329,0.009666652804212328,6,fixed_6b_exit,0,73198.17,5,0.6500951573594487,139.25828999999976,35.74498,0.6700885234598339,193.63663999999977,51.635980000000046,-0.01941125263597454,True,fixed_6b,with_cost
downtrend_forced_cover_signal,fixed_horizon,6,8825,8826,8832,2026-05-31 15:25:00+00:00,2026-05-31 15:30:00+00:00,2026-05-31 16:00:00+00:00,73763.409732,73674.252202,-0.0012086958876212917,-0.0020086958876212916,6,fixed_6b_exit,0,73742.0,3,0.7170075872737713,28.465379999999723,20.5799,0.21056103304236523,-42.24683000000027,5.352170000000001,-0.02138095722025235,False,fixed_6b,with_cost
downtrend_forced_cover_signal,fixed_horizon,6,8850,8851,8857,2026-05-31 17:30:00+00:00,2026-05-31 17:35:00+00:00,2026-05-31 18:05:00+00:00,73674.98204999999,73618.143426,-0.0007714779483952716,-0.0015714779483952715,6,fixed_6b_exit,0,73610.36,3,0.7465909592783798,16.415209999999725,13.225670000000001,0.5059296214537568,0.9824299999997201,-15.763330000000007,-0.022918835465860488,False,fixed_6b,with_cost
downtrend_forced_cover_signal,fixed_horizon,6,9035,9036,9042,2026-06-01 08:55:00+00:00,2026-06-01 09:00:00+00:00,2026-06-01 09:30:00+00:00,72917.22052799999,72979.041272,0.0008478209063971232,4.7820906397123115e-05,6,fixed_6b_exit,0,72865.58,4,0.7317682861651428,59.93055999999973,109.96245,0.5325592914498196,15.698449999999735,5.016929999999999,-0.022872110558948777,True,fixed_6b,with_cost
downtrend_forced_cover_signal,fixed_horizon,6,9129,9130,9136,2026-06-01 16:45:00+00:00,2026-06-01 16:50:00+00:00,2026-06-01 17:20:00+00:00,71394.045954,71531.370864,0.0019234784660961957,0.0011234784660961957,6,fixed_6b_exit,0,71356.0,3,0.5819339098730052,133.02346999999975,-207.13461000000007,0.6233784913838664,40.45236999999965,4.242449999999998,-0.0217743284165397,True,fixed_6b,with_cost
downtrend_forced_cover_signal,fixed_horizon,6,9270,9271,9277,2026-06-02 04:30:00+00:00,2026-06-02 04:35:00+00:00,2026-06-02 05:05:00+00:00,71044.19599800001,70667.87359799999,-0.0052970182111795605,-0.006097018211179561,6,fixed_6b_exit,0,71028.25,3,0.6132697817007485,27.61560999999966,16.302759999999992,0.40255366661089714,-31.719450000000343,-2.1985699999999895,-0.027738588150827415,False,fixed_6b,with_cost
downtrend_forced_cover_signal,fixed_horizon,6,9338,9339,9345,2026-06-02 10:10:00+00:00,2026-06-02 10:15:00+00:00,2026-06-02 10:45:00+00:00,69671.9316,69466.104,-0.0029542398965151095,-0.0037542398965151095,6,fixed_6b_exit,0,69654.58,5,0.6786696240439092,152.6611799999996,58.81557999999998,0.44913758294979805,-18.718580000000383,-14.560300000000005,-0.03138869073303374,False,fixed_6b,with_cost
downtrend_forced_cover_signal,fixed_horizon,6,9507,9508,9514,2026-06-03 00:15:00+00:00,2026-06-03 00:20:00+00:00,2026-06-03 00:50:00+00:00,67099.137144,67011.185082,-0.001310777839232835,-0.002110777839232835,6,fixed_6b_exit,0,66912.0,3,0.5548485860125352,50.51424999999954,109.22464,0.4939070214571006,-2.679870000000463,-25.42908,-0.03343321401946475,False,fixed_6b,with_cost
downtrend_forced_cover_signal,fixed_horizon,6,10133,10134,10140,2026-06-05 04:25:00+00:00,2026-06-05 04:30:00+00:00,2026-06-05 05:00:00+00:00,63252.968064,63406.196224,0.0024224659283176297,0.0016224659283176298,6,fixed_6b_exit,0,62980.0,3,0.6363642434260616,89.03503999999973,97.24917000000002,0.6029053192909841,95.20950999999972,-6.249759999999981,-0.03186499234176776,True,fixed_6b,with_cost
downtrend_forced_cover_signal,fixed_horizon,6,10169,10170,10176,2026-06-05 07:25:00+00:00,2026-06-05 07:30:00+00:00,2026-06-05 08:00:00+00:00,62265.390588,62861.385208,0.009571844235967353,0.008771844235967352,6,fixed_6b_exit,0,62203.29,3,0.5833030952443384,86.53159999999971,52.9136,0.5706435064290614,99.14081999999974,-22.71456999999998,-0.023372662855202564,True,fixed_6b,with_cost
downtrend_forced_cover_signal,fixed_horizon,6,10317,10318,10324,2026-06-05 19:45:00+00:00,2026-06-05 19:50:00+00:00,2026-06-05 20:20:00+00:00,60227.523096000004,60881.831198,0.010863938418272046,0.010063938418272045,6,fixed_6b_exit,0,59972.0,3,0.515706892238713,21.315519999999736,35.86848999999998,0.49031358837980454,-11.882350000000216,-179.24836999999997,-0.013543945476576225,True,fixed_6b,with_cost
downtrend_forced_cover_signal,fixed_horizon,6,10509,10510,10516,2026-06-06 11:45:00+00:00,2026-06-06 11:50:00+00:00,2026-06-06 12:20:00+00:00,60902.188002,60862.67503,-0.0006487939644911345,-0.0014487939644911344,6,fixed_6b_exit,0,60870.32,3,0.6595581757614367,42.04101999999975,11.53979,0.4200140400294601,-25.488350000000253,-37.6917,-0.014973117054605467,False,fixed_6b,with_cost
downtrend_forced_cover_signal,fixed_horizon,6,39,40,46,2026-05-01 03:15:00+00:00,2026-05-01 03:20:00+00:00,2026-05-01 03:50:00+00:00,77240.71,77149.56,-0.0011800771898654583,-0.0011800771898654583,6,fixed_6b_exit,0,76729.7,3,0.7869739978296629,151.45113,138.86171000000002,0.4737777207669845,-3.2871299999999986,14.339600000000004,-0.0011800771898654583,False,fixed_6b,no_cost
downtrend_forced_cover_signal,fixed_horizon,6,263,264,270,2026-05-01 21:55:00+00:00,2026-05-01 22:00:00+00:00,2026-05-01 22:30:00+00:00,78200.0,78291.3,0.0011675191815856412,0.0011675191815856412,6,fixed_6b_exit,0,78190.98,3,0.7322119554585614,45.70058999999998,50.83796999999999,0.5107914721608307,2.655389999999981,-0.9753300000000014,-1.3935771034701006e-05,True,fixed_6b,no_cost
downtrend_forced_cover_signal,fixed_horizon,6,628,629,635,2026-05-03 04:20:00+00:00,2026-05-03 04:25:00+00:00,2026-05-03 04:55:00+00:00,78220.62,78163.19,-0.0007342053796044468,-0.0007342053796044468,6,fixed_6b_exit,0,78217.59,3,0.8021692818171012,14.348459999999974,7.940040000000003,0.4203548521037228,-4.764720000000027,-5.264839999999999,-0.0007481309189211194,False,fixed_6b,no_cost
downtrend_forced_cover_signal,fixed_horizon,6,881,882,888,2026-05-04 01:25:00+00:00,2026-05-04 01:30:00+00:00,2026-05-04 02:00:00+00:00,78605.69,79730.01,0.01430329025799515,0.01430329025799515,6,fixed_6b_exit,0,78585.86,4,0.6687443949436331,33.08244999999995,9.808639999999997,0.6352006666777386,469.0757900000001,227.35783000000006,0.013544458605389664,True,fixed_6b,no_cost
downtrend_forced_cover_signal,fixed_horizon,6,980,981,987,2026-05-04 09:40:00+00:00,2026-05-04 09:45:00+00:00,2026-05-04 10:15:00+00:00,79857.56,78391.12,-0.01836319566989031,-0.01836319566989031,6,fixed_6b_exit,0,79823.25,3,0.7378613781305892,74.51010999999994,6.938229999999976,0.4159765772356263,-239.32614000000012,31.616849999999886,-0.00506745660811414,False,fixed_6b,no_cost
downtrend_forced_cover_signal,fixed_horizon,6,1275,1276,1282,2026-05-05 10:15:00+00:00,2026-05-05 10:20:00+00:00,2026-05-05 10:50:00+00:00,80710.0,80724.94,0.0001851071738323551,0.0001851071738323551,6,fixed_6b_exit,0,80707.98,3,0.7583747069477811,75.82783999999994,26.319820000000007,0.4370889253549984,-8.707240000000057,3.125069999999999,-0.004883287456853069,True,fixed_6b,no_cost
downtrend_forced_cover_signal,fixed_horizon,6,1455,1456,1462,2026-05-06 01:15:00+00:00,2026-05-06 01:20:00+00:00,2026-05-06 01:50:00+00:00,81287.6,81446.69,0.001957125071966548,0.001957125071966548,6,fixed_6b_exit,0,81262.28,3,0.6651863353939748,42.08853999999991,17.0036,0.7336136632052164,113.39374999999993,50.06621000000001,-0.0029357195892019128,True,fixed_6b,no_cost
downtrend_forced_cover_signal,fixed_horizon,6,1788,1789,1795,2026-05-07 05:00:00+00:00,2026-05-07 05:05:00+00:00,2026-05-07 05:35:00+00:00,81087.91,81057.99,-0.00036898225641768256,-0.00036898225641768256,6,fixed_6b_exit,0,80989.59,3,0.7675520498202382,57.08207999999985,35.211479999999995,0.5480904405068929,8.647169999999853,3.844580000000003,-0.0033036186171813142,False,fixed_6b,no_cost
downtrend_forced_cover_signal,fixed_horizon,6,1943,1944,1950,2026-05-07 17:55:00+00:00,2026-05-07 18:00:00+00:00,2026-05-07 18:30:00+00:00,80094.52,80183.58,0.0011119362473237526,0.0011119362473237526,6,fixed_6b_exit,0,79948.66,3,0.6189537486851147,44.76761999999988,24.85457,0.381618218752479,-19.751020000000118,1.8678599999999967,-0.0021953557831453363,True,fixed_6b,no_cost
downtrend_forced_cover_signal,fixed_horizon,6,2060,2061,2067,2026-05-08 03:40:00+00:00,2026-05-08 03:45:00+00:00,2026-05-08 04:15:00+00:00,79646.13,79726.1,0.001004066362044309,0.001004066362044309,6,fixed_6b_exit,0,79642.55,3,0.6304708710788978,15.850759999999879,8.35204,0.6133239405128232,17.556919999999888,5.44652,-0.001193493703995574,True,fixed_6b,no_cost
downtrend_forced_cover_signal,fixed_horizon,6,2595,2596,2602,2026-05-10 00:15:00+00:00,2026-05-10 00:20:00+00:00,2026-05-10 00:50:00+00:00,80743.65,80662.86,-0.0010005740389491535,-0.0010005740389491535,6,fixed_6b_exit,0,80732.51,3,0.46228990942732956,-12.163800000000123,16.659029999999994,0.2589959505612992,-26.08918000000012,-17.095220000000005,-0.0021928735641288943,False,fixed_6b,no_cost
downtrend_forced_cover_signal,fixed_horizon,6,2936,2937,2943,2026-05-11 04:40:00+00:00,2026-05-11 04:45:00+00:00,2026-05-11 05:15:00+00:00,80822.07,80892.52,0.0008716678501305974,0.0008716678501305974,6,fixed_6b_exit,0,80814.03,3,0.669342448256634,20.88431999999989,3.18347,0.6514963113523758,15.765499999999886,2.868940000000002,-0.0013231171713835588,True,fixed_6b,no_cost
downtrend_forced_cover_signal,fixed_horizon,6,2945,2946,2952,2026-05-11 05:25:00+00:00,2026-05-11 05:30:00+00:00,2026-05-11 06:00:00+00:00,80963.61,80860.62,-0.0012720529630534383,-0.0012720529630534383,6,fixed_6b_exit,0,80934.57,3,0.7657204379199767,21.73868999999989,11.093860000000003,0.34347321890594207,-81.70183000000009,-6.49212,-0.002593487059318722,False,fixed_6b,no_cost
downtrend_forced_cover_signal,fixed_horizon,6,3223,3224,3230,2026-05-12 04:35:00+00:00,2026-05-12 04:40:00+00:00,2026-05-12 05:10:00+00:00,81285.86,81233.51,-0.0006440234500810771,-0.0006440234500810771,6,fixed_6b_exit,0,81227.01,3,0.7294669766379819,45.42385999999989,48.95024,0.1848873352766575,-53.45587000000012,-23.09634,-0.0032358402429161215,False,fixed_6b,no_cost
downtrend_forced_cover_signal,fixed_horizon,6,3308,3309,3315,2026-05-12 11:40:00+00:00,2026-05-12 11:45:00+00:00,2026-05-12 12:15:00+00:00,80732.75,80836.62,0.0012865906339123434,0.0012865906339123434,6,fixed_6b_exit,0,80705.76,3,0.739650158833498,42.58173999999987,4.224540000000005,0.5927324060640201,24.277699999999868,13.369539999999994,-0.001953412810753119,True,fixed_6b,no_cost
downtrend_forced_cover_signal,fixed_horizon,6,3663,3664,3670,2026-05-13 17:15:00+00:00,2026-05-13 17:20:00+00:00,2026-05-13 17:50:00+00:00,79300.0,79466.06,0.0020940731399747836,0.0020940731399747836,6,fixed_6b_exit,0,79238.6,4,0.5148592605461588,6.578969999999888,6.329630000000002,0.5044565417775443,1.2024099999998832,-0.3366399999999956,0.00013656973992337562,True,fixed_6b,no_cost
downtrend_forced_cover_signal,fixed_horizon,6,3673,3674,3680,2026-05-13 18:05:00+00:00,2026-05-13 18:10:00+00:00,2026-05-13 18:40:00+00:00,79597.73,79647.29,0.0006226308212557985,0.0006226308212557985,6,fixed_6b_exit,0,79596.27,3,0.6460493835505687,37.59474999999989,22.361250000000005,0.47507059030493065,-7.726000000000123,-52.70878999999999,0.0007592855937084142,True,fixed_6b,no_cost
downtrend_forced_cover_signal,fixed_horizon,6,3745,3746,3752,2026-05-14 00:05:00+00:00,2026-05-14 00:10:00+00:00,2026-05-14 00:40:00+00:00,79480.34,79647.81,0.002107061947646427,0.002107061947646427,6,fixed_6b_exit,0,79436.72,3,0.6621103171050885,38.04413999999988,1.1940699999999964,0.7354914645678183,54.32472999999989,17.848780000000005,0.0028679474031367835,True,fixed_6b,no_cost
downtrend_forced_cover_signal,fixed_horizon,6,3893,3894,3900,2026-05-14 12:25:00+00:00,2026-05-14 12:30:00+00:00,2026-05-14 13:00:00+00:00,79423.19,79848.53,0.005355362835464117,0.005355362835464117,6,fixed_6b_exit,0,79409.44,3,0.7089217148954495,45.256249999999895,10.771170000000005,0.5715791519529954,28.601409999999895,9.642699999999998,0.00823866913753779,True,fixed_6b,no_cost
downtrend_forced_cover_signal,fixed_horizon,6,4112,4113,4119,2026-05-15 06:40:00+00:00,2026-05-15 06:45:00+00:00,2026-05-15 07:15:00+00:00,80601.58,80726.3,0.0015473642079968375,0.0015473642079968375,6,fixed_6b_exit,0,80598.21,3,0.680537071685791,82.33542999999989,61.6658,0.6733630693256941,63.120279999999866,-26.640010000000018,0.009798781567279535,True,fixed_6b,no_cost
downtrend_forced_cover_signal,fixed_horizon,6,4644,4645,4651,2026-05-17 03:00:00+00:00,2026-05-17 03:05:00+00:00,2026-05-17 03:35:00+00:00,77976.9,78048.92,0.0009236068630582572,0.0009236068630582572,6,fixed_6b_exit,0,77938.0,3,0.7080604271325164,34.71533999999988,8.50516,0.5698815608136788,4.466219999999883,3.4247400000000017,0.01073143865224302,True,fixed_6b,no_cost
downtrend_forced_cover_signal,fixed_horizon,6,4805,4806,4812,2026-05-17 16:25:00+00:00,2026-05-17 16:30:00+00:00,2026-05-17 17:00:00+00:00,78141.36,78028.98,-0.001438162837196666,-0.001438162837196666,6,fixed_6b_exit,0,78127.22,3,0.6346360432587586,6.825489999999873,7.986660000000002,0.41237948926568513,-16.644960000000125,1.8955500000000036,0.009277842258787139,False,fixed_6b,no_cost
downtrend_forced_cover_signal,fixed_horizon,6,5090,5091,5097,2026-05-18 16:10:00+00:00,2026-05-18 16:15:00+00:00,2026-05-18 16:45:00+00:00,76509.22,76434.07,-0.000982234559442574,-0.000982234559442574,6,fixed_6b_exit,0,76485.29,3,0.42926045439166727,-54.29889000000012,26.859699999999982,0.4037640648923462,-50.009200000000135,-33.01601,0.008286494682040901,False,fixed_6b,no_cost
downtrend_forced_cover_signal,fixed_horizon,6,5212,5213,5219,2026-05-19 02:20:00+00:00,2026-05-19 02:25:00+00:00,2026-05-19 02:55:00+00:00,76990.15,76617.47,-0.004840619222069242,-0.004840619222069242,6,fixed_6b_exit,0,76983.02,3,0.6186532477914702,23.278499999999863,22.82286,0.2991004269142172,-33.59697000000014,6.324889999999996,0.0034057636945301617,False,fixed_6b,no_cost
downtrend_forced_cover_signal,fixed_horizon,6,5463,5464,5470,2026-05-19 23:15:00+00:00,2026-05-19 23:20:00+00:00,2026-05-19 23:50:00+00:00,76856.76,76847.48,-0.00012074409589990509,-0.00012074409589990509,6,fixed_6b_exit,0,76845.35,3,0.784228548105631,21.782769999999843,7.1721,0.6960025593749374,22.04341999999984,-2.8054999999999986,0.003284608372772002,False,fixed_6b,no_cost
downtrend_forced_cover_signal,fixed_horizon,6,5854,5855,5861,2026-05-21 07:50:00+00:00,2026-05-21 07:55:00+00:00,2026-05-21 08:25:00+00:00,77816.9,78055.35,0.0030642443993529334,0.0030642443993529334,6,fixed_6b_exit,0,77789.57,3,0.8138050987813198,37.523319999999856,13.216570000000004,0.3744146918140107,-28.165110000000155,5.719550000000005,0.006358917614935233,True,fixed_6b,no_cost
downtrend_forced_cover_signal,fixed_horizon,6,6250,6251,6257,2026-05-22 16:50:00+00:00,2026-05-22 16:55:00+00:00,2026-05-22 17:25:00+00:00,76999.46,77060.14,0.0007880574746887969,0.0007880574746887969,6,fixed_6b_exit,0,76975.1,5,0.7377154300753295,95.95592999999985,40.94180000000001,0.4570672019247461,-12.081480000000163,17.928110000000004,0.007151986282181388,True,fixed_6b,no_cost
downtrend_forced_cover_signal,fixed_horizon,6,6816,6817,6823,2026-05-24 16:00:00+00:00,2026-05-24 16:05:00+00:00,2026-05-24 16:35:00+00:00,76568.69,76515.19,-0.0006987190194843729,-0.0006987190194843729,6,fixed_6b_exit,0,76539.38,4,0.5581474276006726,20.316409999999827,21.17819,0.38474529050023554,-14.652730000000169,-8.439409999999999,0.0064482700338546195,False,fixed_6b,no_cost
downtrend_forced_cover_signal,fixed_horizon,6,7253,7254,7260,2026-05-26 04:25:00+00:00,2026-05-26 04:30:00+00:00,2026-05-26 05:00:00+00:00,76741.99,76764.96,0.00029931462553944854,0.00029931462553944854,6,fixed_6b_exit,0,76705.71,4,0.7318280258303019,48.160069999999806,14.281849999999991,0.5055910556971679,0.4517099999998164,5.372500000000001,0.006749514720924665,True,fixed_6b,no_cost
downtrend_forced_cover_signal,fixed_horizon,6,7483,7484,7490,2026-05-26 23:35:00+00:00,2026-05-26 23:40:00+00:00,2026-05-27 00:10:00+00:00,75952.9,75981.36,0.0003747059032637168,0.0003747059032637168,6,fixed_6b_exit,0,75945.02,3,0.6344168346113561,24.962009999999776,7.156710000000004,0.47000849777076226,-19.438180000000237,18.521980000000006,0.00712674970719851,True,fixed_6b,no_cost
downtrend_forced_cover_signal,fixed_horizon,6,7671,7672,7678,2026-05-27 15:15:00+00:00,2026-05-27 15:20:00+00:00,2026-05-27 15:50:00+00:00,75221.08,75276.15,0.000732108605725923,0.000732108605725923,6,fixed_6b_exit,0,75172.87,3,0.6234161388794356,43.24501999999979,40.585409999999996,0.5754489452816749,36.38804999999978,26.26462999999999,0.00786407586771598,True,fixed_6b,no_cost
downtrend_forced_cover_signal,fixed_horizon,6,7716,7717,7723,2026-05-27 19:00:00+00:00,2026-05-27 19:05:00+00:00,2026-05-27 19:35:00+00:00,75051.9,75054.01,2.8113878529412162e-05,2.8113878529412162e-05,6,fixed_6b_exit,0,75032.01,3,0.7019501613946663,57.10097999999979,1.5047599999999974,0.4000797880731509,-84.8121300000002,-220.23208,0.007892410835919073,True,fixed_6b,no_cost
downtrend_forced_cover_signal,fixed_horizon,6,7857,7858,7864,2026-05-28 06:45:00+00:00,2026-05-28 06:50:00+00:00,2026-05-28 07:20:00+00:00,73145.24,73311.58,0.002274105601403509,0.002274105601403509,6,fixed_6b_exit,0,73077.55,4,0.5387033420175219,28.201779999999765,76.24571999999998,0.40280841690459235,-36.79858000000022,-69.71482,0.010184464613013144,True,fixed_6b,no_cost
downtrend_forced_cover_signal,fixed_horizon,6,8121,8122,8128,2026-05-29 04:45:00+00:00,2026-05-29 04:50:00+00:00,2026-05-29 05:20:00+00:00,73444.9,73552.02,0.0014585083511586827,0.0014585083511586827,6,fixed_6b_exit,0,73440.67,3,0.6805301987686335,16.14764999999978,2.7945699999999967,0.4823333897374487,-10.9207600000002,-148.69265,0.01165782709086205,True,fixed_6b,no_cost
downtrend_forced_cover_signal,fixed_horizon,6,8244,8245,8251,2026-05-29 15:00:00+00:00,2026-05-29 15:05:00+00:00,2026-05-29 15:35:00+00:00,73313.94,74110.93,0.010870920318836852,0.010870920318836852,6,fixed_6b_exit,0,73198.17,5,0.6500951573594487,139.25828999999976,35.74498,0.6700885234598339,193.63663999999977,51.635980000000046,0.022655478719094457,True,fixed_6b,no_cost
downtrend_forced_cover_signal,fixed_horizon,6,8825,8826,8832,2026-05-31 15:25:00+00:00,2026-05-31 15:30:00+00:00,2026-05-31 16:00:00+00:00,73748.66,73688.99,-0.0008090994466882773,-0.0008090994466882773,6,fixed_6b_exit,0,73742.0,3,0.7170075872737713,28.465379999999723,20.5799,0.21056103304236523,-42.24683000000027,5.352170000000001,0.021828048737110084,False,fixed_6b,no_cost
downtrend_forced_cover_signal,fixed_horizon,6,8850,8851,8857,2026-05-31 17:30:00+00:00,2026-05-31 17:35:00+00:00,2026-05-31 18:05:00+00:00,73660.25,73632.87,-0.00037170658530216727,-0.00037170658530216727,6,fixed_6b_exit,0,73610.36,3,0.7465909592783798,16.415209999999725,13.225670000000001,0.5059296214537568,0.9824299999997201,-15.763330000000007,0.021448228522348067,False,fixed_6b,no_cost
downtrend_forced_cover_signal,fixed_horizon,6,9035,9036,9042,2026-06-01 08:55:00+00:00,2026-06-01 09:00:00+00:00,2026-06-01 09:30:00+00:00,72902.64,72993.64,0.0012482401186020287,0.0012482401186020287,6,fixed_6b_exit,0,72865.58,4,0.7317682861651428,59.93055999999973,109.96245,0.5325592914498196,15.698449999999735,5.016929999999999,0.022723241180264697,True,fixed_6b,no_cost
downtrend_forced_cover_signal,fixed_horizon,6,9129,9130,9136,2026-06-01 16:45:00+00:00,2026-06-01 16:50:00+00:00,2026-06-01 17:20:00+00:00,71379.77,71545.68,0.0023243280273947953,0.0023243280273947953,6,fixed_6b_exit,0,71356.0,3,0.5819339098730052,133.02346999999975,-207.13461000000007,0.6233784913838664,40.45236999999965,4.242449999999998,0.025100385474007947,True,fixed_6b,no_cost
downtrend_forced_cover_signal,fixed_horizon,6,9270,9271,9277,2026-06-02 04:30:00+00:00,2026-06-02 04:35:00+00:00,2026-06-02 05:05:00+00:00,71029.99,70682.01,-0.00489905742630703,-0.00489905742630703,6,fixed_6b_exit,0,71028.25,3,0.6132697817007485,27.61560999999966,16.302759999999992,0.40255366661089714,-31.719450000000343,-2.1985699999999895,0.02007835981784134,False,fixed_6b,no_cost
downtrend_forced_cover_signal,fixed_horizon,6,9338,9339,9345,2026-06-02 10:10:00+00:00,2026-06-02 10:15:00+00:00,2026-06-02 10:45:00+00:00,69658.0,69480.0,-0.0025553418128571037,-0.0025553418128571037,6,fixed_6b_exit,0,69654.58,5,0.6786696240439092,152.6611799999996,58.81557999999998,0.44913758294979805,-18.718580000000383,-14.560300000000005,0.01747171093260813,False,fixed_6b,no_cost
downtrend_forced_cover_signal,fixed_horizon,6,9507,9508,9514,2026-06-03 00:15:00+00:00,2026-06-03 00:20:00+00:00,2026-06-03 00:50:00+00:00,67085.72,67024.59,-0.0009112222392485547,-0.0009112222392485547,6,fixed_6b_exit,0,66912.0,3,0.5548485860125352,50.51424999999954,109.22464,0.4939070214571006,-2.679870000000463,-25.42908,0.01654456808180016,False,fixed_6b,no_cost
downtrend_forced_cover_signal,fixed_horizon,6,10133,10134,10140,2026-06-05 04:25:00+00:00,2026-06-05 04:30:00+00:00,2026-06-05 05:00:00+00:00,63240.32,63418.88,0.0028235151245281642,0.0028235151245281642,6,fixed_6b_exit,0,62980.0,3,0.6363642434260616,89.03503999999973,97.24917000000002,0.6029053192909841,95.20950999999972,-6.249759999999981,0.01941479704453597,True,fixed_6b,no_cost
downtrend_forced_cover_signal,fixed_horizon,6,10169,10170,10176,2026-06-05 07:25:00+00:00,2026-06-05 07:30:00+00:00,2026-06-05 08:00:00+00:00,62252.94,62873.96,0.009975753755565586,0.009975753755565586,6,fixed_6b_exit,0,62203.29,3,0.5833030952443384,86.53159999999971,52.9136,0.5706435064290614,99.14081999999974,-22.71456999999998,0.02958422803463212,True,fixed_6b,no_cost
downtrend_forced_cover_signal,fixed_horizon,6,10317,10318,10324,2026-06-05 19:45:00+00:00,2026-06-05 19:50:00+00:00,2026-06-05 20:20:00+00:00,60215.48,60894.01,0.011268364878931347,0.011268364878931347,6,fixed_6b_exit,0,59972.0,3,0.515706892238713,21.315519999999736,35.86848999999998,0.49031358837980454,-11.882350000000216,-179.24836999999997,0.0411859587897192,True,fixed_6b,no_cost
downtrend_forced_cover_signal,fixed_horizon,6,10509,10510,10516,2026-06-06 11:45:00+00:00,2026-06-06 11:50:00+00:00,2026-06-06 12:20:00+00:00,60890.01,60874.85,-0.00024897351798769396,-0.00024897351798769396,6,fixed_6b_exit,0,60870.32,3,0.6595581757614367,42.04101999999975,11.53979,0.4200140400294601,-25.488350000000253,-37.6917,0.04092673105867983,False,fixed_6b,no_cost
downtrend_forced_cover_signal,fixed_horizon,12,39,40,52,2026-05-01 03:15:00+00:00,2026-05-01 03:20:00+00:00,2026-05-01 04:20:00+00:00,77256.158142,77149.71697,-0.0013777694174794686,-0.0021777694174794685,12,fixed_12b_exit,0,76729.7,3,0.7869739978296629,151.45113,138.86171000000002,0.5780885796375681,14.101420000000005,-0.5421499999999959,-0.0021777694174794915,False,fixed_12b,with_cost
downtrend_forced_cover_signal,fixed_horizon,12,263,264,276,2026-05-01 21:55:00+00:00,2026-05-01 22:00:00+00:00,2026-05-01 23:00:00+00:00,78215.64,78130.71073199999,-0.0010858348534897866,-0.0018858348534897865,12,fixed_12b_exit,0,78190.98,3,0.7322119554585614,45.70058999999998,50.83796999999999,0.40088762617349927,-5.616500000000013,8.53136,-0.004059497357498998,False,fixed_12b,with_cost
downtrend_forced_cover_signal,fixed_horizon,12,628,629,641,2026-05-03 04:20:00+00:00,2026-05-03 04:25:00+00:00,2026-05-03 05:25:00+00:00,78236.264124,78210.51476800001,-0.00032912302610943467,-0.0011291230261094346,12,fixed_12b_exit,0,78217.59,3,0.8021692818171012,14.348459999999974,7.940040000000003,0.2901210600646959,-5.664960000000029,-4.668490000000001,-0.005184036711667672,False,fixed_12b,with_cost
downtrend_forced_cover_signal,fixed_horizon,12,881,882,894,2026-05-04 01:25:00+00:00,2026-05-04 01:30:00+00:00,2026-05-04 02:30:00+00:00,78621.411138,79735.90962800001,0.014175508603423426,0.013375508603423425,12,fixed_12b_exit,0,78585.86,4,0.6687443949436331,33.08244999999995,9.808639999999997,0.43392676560363797,-28.44268000000006,16.535050000000005,0.00812213276411855,True,fixed_12b,with_cost
downtrend_forced_cover_signal,fixed_horizon,12,980,981,993,2026-05-04 09:40:00+00:00,2026-05-04 09:45:00+00:00,2026-05-04 10:45:00+00:00,79873.531512,79054.645908,-0.010252277425306655,-0.011052277425306655,12,fixed_12b_exit,0,79823.25,3,0.7378613781305892,74.51010999999994,6.938229999999976,0.37745545970805117,-175.2083800000001,-225.81431000000003,-0.003019912725782392,False,fixed_12b,with_cost
downtrend_forced_cover_signal,fixed_horizon,12,1275,1276,1288,2026-05-05 10:15:00+00:00,2026-05-05 10:20:00+00:00,2026-05-05 11:20:00+00:00,80726.14199999999,80849.096946,0.0015231118811551703,0.0007231118811551702,12,fixed_12b_exit,0,80707.98,3,0.7583747069477811,75.82783999999994,26.319820000000007,0.4955968610049803,-1.5145700000000684,-28.63816,-0.0022989845793991437,True,fixed_12b,with_cost
downtrend_forced_cover_signal,fixed_horizon,12,1455,1456,1468,2026-05-06 01:15:00+00:00,2026-05-06 01:20:00+00:00,2026-05-06 02:20:00+00:00,81303.85752,81273.502048,-0.0003733583242657712,-0.0011733583242657711,12,fixed_12b_exit,0,81262.28,3,0.6651863353939748,42.08853999999991,17.0036,0.6921915468425677,32.02574999999991,-21.03199,-0.003469645370971386,False,fixed_12b,with_cost
downtrend_forced_cover_signal,fixed_horizon,12,1788,1789,1801,2026-05-07 05:00:00+00:00,2026-05-07 05:05:00+00:00,2026-05-07 06:05:00+00:00,81104.127582,80961.684424,-0.0017562997377165157,-0.0025562997377165156,12,fixed_12b_exit,0,80989.59,3,0.7675520498202382,57.08207999999985,35.211479999999995,0.44286756818447254,-10.662820000000146,-1.008860000000002,-0.006017075655136095,False,fixed_12b,with_cost
downtrend_forced_cover_signal,fixed_horizon,12,1943,1944,1956,2026-05-07 17:55:00+00:00,2026-05-07 18:00:00+00:00,2026-05-07 19:00:00+00:00,80110.538904,80064.813834,-0.0005707747148573361,-0.001370774714857336,12,fixed_12b_exit,0,79948.66,3,0.6189537486851147,44.76761999999988,24.85457,0.4000919493272549,-26.33376000000011,-0.8315299999999937,-0.007379602314828038,False,fixed_12b,with_cost
downtrend_forced_cover_signal,fixed_horizon,12,2060,2061,2073,2026-05-08 03:40:00+00:00,2026-05-08 03:45:00+00:00,2026-05-08 04:45:00+00:00,79662.059226,79609.08499799999,-0.0006649869274621967,-0.0014649869274621966,12,fixed_12b_exit,0,79642.55,3,0.6304708710788978,15.850759999999879,8.35204,0.39035822327004593,-15.629580000000121,27.83122,-0.008833778221369215,False,fixed_12b,with_cost
downtrend_forced_cover_signal,fixed_horizon,12,2595,2596,2608,2026-05-10 00:15:00+00:00,2026-05-10 00:20:00+00:00,2026-05-10 01:20:00+00:00,80759.79873,80556.655446,-0.0025154010682858496,-0.0033154010682858496,12,fixed_12b_exit,0,80732.51,3,0.46228990942732956,-12.163800000000123,16.659029999999994,0.3966171804399235,-20.48232000000012,-2.0625399999999985,-0.01211989177190298,False,fixed_12b,with_cost
downtrend_forced_cover_signal,fixed_horizon,12,2936,2937,2949,2026-05-11 04:40:00+00:00,2026-05-11 04:45:00+00:00,2026-05-11 05:45:00+00:00,80838.234414,80831.12054199999,-8.8001328227727e-05,-0.000888001328227727,12,fixed_12b_exit,0,80814.03,3,0.669342448256634,20.88431999999989,3.18347,0.29380250439455136,-32.957420000000106,-1.3758699999999955,-0.012997130620139297,False,fixed_12b,with_cost
downtrend_forced_cover_signal,fixed_horizon,12,3223,3224,3236,2026-05-12 04:35:00+00:00,2026-05-12 04:40:00+00:00,2026-05-12 05:40:00+00:00,81302.117172,81236.23950200001,-0.0008102823430861106,-0.0016102823430861105,12,fixed_12b_exit,0,81227.01,3,0.7294669766379819,45.42385999999989,48.95024,0.3752236045406926,-18.981140000000117,-12.424139999999996,-0.014586483913276993,False,fixed_12b,with_cost
downtrend_forced_cover_signal,fixed_horizon,12,3308,3309,3321,2026-05-12 11:40:00+00:00,2026-05-12 11:45:00+00:00,2026-05-12 12:45:00+00:00,80748.89655,80956.90538000001,0.002575995944058551,0.0017759959440585512,12,fixed_12b_exit,0,80705.76,3,0.739650158833498,42.58173999999987,4.224540000000005,0.5581263851445873,16.752079999999864,-6.350160000000017,-0.012836393505486376,True,fixed_12b,with_cost
downtrend_forced_cover_signal,fixed_horizon,12,3663,3664,3676,2026-05-13 17:15:00+00:00,2026-05-13 17:20:00+00:00,2026-05-13 18:20:00+00:00,79315.86,79758.19516999999,0.005576881723276861,0.0047768817232768605,12,fixed_12b_exit,0,79238.6,4,0.5148592605461588,6.578969999999888,6.329630000000002,0.7090915050117589,108.32352999999989,35.79173,-0.008120829715738576,True,fixed_12b,with_cost
downtrend_forced_cover_signal,fixed_horizon,12,3745,3746,3758,2026-05-14 00:05:00+00:00,2026-05-14 00:10:00+00:00,2026-05-14 01:10:00+00:00,79496.236068,79604.765862,0.001365219277893459,0.0005652192778934591,12,fixed_12b_exit,0,79436.72,3,0.6621103171050885,38.04413999999988,1.1940699999999964,0.694992756435158,35.79747999999988,19.89761,-0.007560200487352842,True,fixed_12b,with_cost
downtrend_forced_cover_signal,fixed_horizon,12,3893,3894,3906,2026-05-14 12:25:00+00:00,2026-05-14 12:30:00+00:00,2026-05-14 13:30:00+00:00,79439.074638,79887.96921,0.005650803134925386,0.004850803134925386,12,fixed_12b_exit,0,79409.44,3,0.7089217148954495,45.256249999999895,10.771170000000005,0.5466931944577479,28.29259999999989,-50.31851,-0.0027460703966520894,True,fixed_12b,with_cost
downtrend_forced_cover_signal,fixed_horizon,12,4112,4113,4125,2026-05-15 06:40:00+00:00,2026-05-15 06:45:00+00:00,2026-05-15 07:45:00+00:00,80617.700316,80831.370492,0.0026504126905440017,0.0018504126905440018,12,fixed_12b_exit,0,80598.21,3,0.680537071685791,82.33542999999989,61.6658,0.601170826480704,40.6754899999999,23.78479999999999,-0.000900739069619072,True,fixed_12b,with_cost
downtrend_forced_cover_signal,fixed_horizon,12,4644,4645,4657,2026-05-17 03:00:00+00:00,2026-05-17 03:05:00+00:00,2026-05-17 04:05:00+00:00,77992.49538,78039.099058,0.0005975405424964997,-0.00020245945750350036,12,fixed_12b_exit,0,77938.0,3,0.7080604271325164,34.71533999999988,8.50516,0.5623396545006161,5.218929999999883,7.77421,-0.0011030161639792313,False,fixed_12b,with_cost
downtrend_forced_cover_signal,fixed_horizon,12,4805,4806,4818,2026-05-17 16:25:00+00:00,2026-05-17 16:30:00+00:00,2026-05-17 17:30:00+00:00,78156.988272,77984.390002,-0.0022083536458612496,-0.0030083536458612495,12,fixed_12b_exit,0,78127.22,3,0.6346360432587586,6.825489999999873,7.986660000000002,0.6841936500099826,19.668779999999867,14.240289999999998,-0.004108051547142111,False,fixed_12b,with_cost
downtrend_forced_cover_signal,fixed_horizon,12,5090,5091,5103,2026-05-18 16:10:00+00:00,2026-05-18 16:15:00+00:00,2026-05-18 17:15:00+00:00,76524.521844,76646.677598,0.0015962955541102275,0.0007962955541102275,12,fixed_12b_exit,0,76485.29,3,0.42926045439166727,-54.29889000000012,26.859699999999982,0.5725404177456732,24.42425999999986,21.625570000000003,-0.0033150272162147942,True,fixed_12b,with_cost
downtrend_forced_cover_signal,fixed_horizon,12,5212,5213,5225,2026-05-19 02:20:00+00:00,2026-05-19 02:25:00+00:00,2026-05-19 03:25:00+00:00,77005.54802999999,76733.270276,-0.0035358199631787546,-0.004335819963178755,12,fixed_12b_exit,0,76983.02,3,0.6186532477914702,23.278499999999863,22.82286,0.4183311735586485,-10.29790000000013,-1.4809499999999964,-0.007636473818210976,False,fixed_12b,with_cost
downtrend_forced_cover_signal,fixed_horizon,12,5463,5464,5476,2026-05-19 23:15:00+00:00,2026-05-19 23:20:00+00:00,2026-05-20 00:20:00+00:00,76872.131352,76559.924952,-0.004061373016579828,-0.004861373016579828,12,fixed_12b_exit,0,76845.35,3,0.784228548105631,21.782769999999843,7.1721,0.37735558483266324,-20.64197000000015,10.481540000000003,-0.012460723087029169,False,fixed_12b,with_cost
downtrend_forced_cover_signal,fixed_horizon,12,5854,5855,5867,2026-05-21 07:50:00+00:00,2026-05-21 07:55:00+00:00,2026-05-21 08:55:00+00:00,77832.46337999999,77909.04507400001,0.0009839299782421485,0.0001839299782421484,12,fixed_12b_exit,0,77789.57,3,0.8138050987813198,37.523319999999856,13.216570000000004,0.4598857908014411,-3.192300000000154,17.983870000000003,-0.012279085009313184,True,fixed_12b,with_cost
downtrend_forced_cover_signal,fixed_horizon,12,6250,6251,6263,2026-05-22 16:50:00+00:00,2026-05-22 16:55:00+00:00,2026-05-22 17:55:00+00:00,77014.85989200001,76734.65000000001,-0.003638387350089922,-0.0044383873500899226,12,fixed_12b_exit,0,76975.1,5,0.7377154300753295,95.95592999999985,40.94180000000001,0.2735384034224665,-26.04206000000016,-6.065389999999997,-0.016662973023827132,False,fixed_12b,with_cost
downtrend_forced_cover_signal,fixed_horizon,12,6816,6817,6829,2026-05-24 16:00:00+00:00,2026-05-24 16:05:00+00:00,2026-05-24 17:05:00+00:00,76584.003738,76690.67879600001,0.0013929156585354985,0.0005929156585354984,12,fixed_12b_exit,0,76539.38,4,0.5581474276006726,20.316409999999827,21.17819,0.5283926094988033,4.659329999999828,-2.0711899999999996,-0.01607993710291511,True,fixed_12b,with_cost
downtrend_forced_cover_signal,fixed_horizon,12,7253,7254,7266,2026-05-26 04:25:00+00:00,2026-05-26 04:30:00+00:00,2026-05-26 05:30:00+00:00,76757.338398,76880.530818,0.0016049595070795064,0.0008049595070795064,12,fixed_12b_exit,0,76705.71,4,0.7318280258303019,48.160069999999806,14.281849999999991,0.7502600122316178,67.87020999999983,-24.077749999999995,-0.015287921294079743,True,fixed_12b,with_cost
downtrend_forced_cover_signal,fixed_horizon,12,7483,7484,7496,2026-05-26 23:35:00+00:00,2026-05-26 23:40:00+00:00,2026-05-27 00:40:00+00:00,75968.09057999999,75955.55585,-0.00016499993489749176,-0.0009649999348974918,12,fixed_12b_exit,0,75945.02,3,0.6344168346113561,24.962009999999776,7.156710000000004,0.6624319505719726,27.26993999999978,10.441600000000001,-0.016238168385923735,False,fixed_12b,with_cost
downtrend_forced_cover_signal,fixed_horizon,12,7671,7672,7684,2026-05-27 15:15:00+00:00,2026-05-27 15:20:00+00:00,2026-05-27 16:20:00+00:00,75236.124216,75048.347328,-0.0024958341482462787,-0.0032958341482462786,12,fixed_12b_exit,0,75172.87,3,0.6234161388794356,43.24501999999979,40.585409999999996,0.3493909269816099,-44.34448000000021,12.910879999999999,-0.01948048422429871,False,fixed_12b,with_cost
downtrend_forced_cover_signal,fixed_horizon,12,7716,7717,7729,2026-05-27 19:00:00+00:00,2026-05-27 19:05:00+00:00,2026-05-27 20:05:00+00:00,75066.91037999999,75256.93560200001,0.0025314112574779113,0.0017314112574779114,12,fixed_12b_exit,0,75032.01,3,0.7019501613946663,57.10097999999979,1.5047599999999974,0.5943145070984408,25.916009999999787,1.0446699999999964,-0.01778280169650781,True,fixed_12b,with_cost
downtrend_forced_cover_signal,fixed_horizon,12,7857,7858,7870,2026-05-28 06:45:00+00:00,2026-05-28 06:50:00+00:00,2026-05-28 07:50:00+00:00,73159.86904800001,73411.734716,0.0034426752163094765,0.0026426752163094766,12,fixed_12b_exit,0,73077.55,4,0.5387033420175219,28.201779999999765,76.24571999999998,0.6054165442087392,49.82104999999979,-60.21885,-0.015187120649518104,True,fixed_12b,with_cost
downtrend_forced_cover_signal,fixed_horizon,12,8121,8122,8134,2026-05-29 04:45:00+00:00,2026-05-29 04:50:00+00:00,2026-05-29 05:50:00+00:00,73459.58897999999,73652.56654,0.0026269893785078047,0.0018269893785078047,12,fixed_12b_exit,0,73440.67,3,0.6805301987686335,16.14764999999978,2.7945699999999967,0.47506952373769945,-10.069370000000212,-74.74575999999999,-0.013387877979126994,True,fixed_12b,with_cost
downtrend_forced_cover_signal,fixed_horizon,12,8244,8245,8257,2026-05-29 15:00:00+00:00,2026-05-29 15:05:00+00:00,2026-05-29 16:05:00+00:00,73328.602788,73885.229998,0.007590860712418879,0.006790860712418878,12,fixed_12b_exit,0,73198.17,5,0.6500951573594487,139.25828999999976,35.74498,0.6609104841500658,53.645749999999786,9.069339999999997,-0.006687932481299175,True,fixed_12b,with_cost
downtrend_forced_cover_signal,fixed_horizon,12,8825,8826,8838,2026-05-31 15:25:00+00:00,2026-05-31 15:30:00+00:00,2026-05-31 16:30:00+00:00,73763.409732,73423.96226999999,-0.004601840712533556,-0.005401840712533556,12,fixed_12b_exit,0,73742.0,3,0.7170075872737713,28.465379999999723,20.5799,0.28567642945464355,-52.37705000000027,-41.572019999999995,-0.012053646047872624,False,fixed_12b,with_cost
downtrend_forced_cover_signal,fixed_horizon,12,8850,8851,8863,2026-05-31 17:30:00+00:00,2026-05-31 17:35:00+00:00,2026-05-31 18:35:00+00:00,73674.98204999999,73652.47655800001,-0.0003054699352992296,-0.0011054699352992295,12,fixed_12b_exit,0,73610.36,3,0.7465909592783798,16.415209999999725,13.225670000000001,0.5368934540426997,3.883159999999731,7.391179999999999,-0.013145791039855248,False,fixed_12b,with_cost
downtrend_forced_cover_signal,fixed_horizon,12,9035,9036,9048,2026-06-01 08:55:00+00:00,2026-06-01 09:00:00+00:00,2026-06-01 10:00:00+00:00,72917.22052799999,72768.59337,-0.002038299827170631,-0.002838299827170631,12,fixed_12b_exit,0,72865.58,4,0.7317682861651428,59.93055999999973,109.96245,0.2096146331645603,-917.8228700000005,-9.91773999999998,-0.01594677917058951,False,fixed_12b,with_cost
downtrend_forced_cover_signal,fixed_horizon,12,9129,9130,9142,2026-06-01 16:45:00+00:00,2026-06-01 16:50:00+00:00,2026-06-01 17:50:00+00:00,71394.045954,71701.636804,0.004308354371710177,0.003508354371710177,12,fixed_12b_exit,0,71356.0,3,0.5819339098730052,133.02346999999975,-207.13461000000007,0.7195248059933711,151.48843999999963,2.553280000000001,-0.012494371751297084,True,fixed_12b,with_cost
downtrend_forced_cover_signal,fixed_horizon,12,9270,9271,9283,2026-06-02 04:30:00+00:00,2026-06-02 04:35:00+00:00,2026-06-02 05:35:00+00:00,71044.19599800001,70595.907994,-0.006309987715430454,-0.007109987715430454,12,fixed_12b_exit,0,71028.25,3,0.6132697817007485,27.61560999999966,16.302759999999992,0.520347901392211,8.76311999999967,30.34964000000001,-0.019515524637063852,False,fixed_12b,with_cost
downtrend_forced_cover_signal,fixed_horizon,12,9338,9339,9351,2026-06-02 10:10:00+00:00,2026-06-02 10:15:00+00:00,2026-06-02 11:15:00+00:00,69671.9316,69436.119998,-0.003384599746047545,-0.004184599746047546,12,fixed_12b_exit,0,69654.58,5,0.6786696240439092,152.6611799999996,58.81557999999998,0.41342315891679315,-18.689360000000374,-15.456420000000007,-0.02361845972367116,False,fixed_12b,with_cost
downtrend_forced_cover_signal,fixed_horizon,12,9507,9508,9520,2026-06-03 00:15:00+00:00,2026-06-03 00:20:00+00:00,2026-06-03 01:20:00+00:00,67099.137144,66930.821158,-0.002508467219761279,-0.003308467219761279,12,fixed_12b_exit,0,66912.0,3,0.5548485860125352,50.51424999999954,109.22464,0.46785877535847226,-13.404940000000462,4.671459999999993,-0.02684878604365548,False,fixed_12b,with_cost
downtrend_forced_cover_signal,fixed_horizon,12,10133,10134,10146,2026-06-05 04:25:00+00:00,2026-06-05 04:30:00+00:00,2026-06-05 05:30:00+00:00,63252.968064,63329.011664000005,0.0012022139407443788,0.0004022139407443788,12,fixed_12b_exit,0,62980.0,3,0.6363642434260616,89.03503999999973,97.24917000000002,0.6117372413505838,48.9320799999997,-26.700489999999988,-0.026457371058949852,True,fixed_12b,with_cost
downtrend_forced_cover_signal,fixed_horizon,12,10169,10170,10182,2026-06-05 07:25:00+00:00,2026-06-05 07:30:00+00:00,2026-06-05 08:30:00+00:00,62265.390588,62689.899512,0.006817734860267821,0.006017734860267821,12,fixed_12b_exit,0,62203.29,3,0.5833030952443384,86.53159999999971,52.9136,0.5133321614536664,7.529879999999711,-55.10884,-0.020598849642814443,True,fixed_12b,with_cost
downtrend_forced_cover_signal,fixed_horizon,12,10317,10318,10330,2026-06-05 19:45:00+00:00,2026-06-05 19:50:00+00:00,2026-06-05 20:50:00+00:00,60227.523096000004,61498.137912000006,0.02109691301723804,0.02029691301723804,12,fixed_12b_exit,0,59972.0,3,0.515706892238713,21.315519999999736,35.86848999999998,0.5320372713913566,40.619439999999784,1.8651499999999999,-0.0007200296850317089,True,fixed_12b,with_cost
downtrend_forced_cover_signal,fixed_horizon,12,10509,10510,10522,2026-06-06 11:45:00+00:00,2026-06-06 11:50:00+00:00,2026-06-06 12:50:00+00:00,60902.188002,61109.765602,0.003408376723561757,0.002608376723561757,12,fixed_12b_exit,0,60870.32,3,0.6595581757614367,42.04101999999975,11.53979,0.6237904052574856,36.816189999999736,20.22264999999999,0.0018864689298594417,True,fixed_12b,with_cost
downtrend_forced_cover_signal,fixed_horizon,12,39,40,52,2026-05-01 03:15:00+00:00,2026-05-01 03:20:00+00:00,2026-05-01 04:20:00+00:00,77240.71,77165.15,-0.0009782406194869253,-0.0009782406194869253,12,fixed_12b_exit,0,76729.7,3,0.7869739978296629,151.45113,138.86171000000002,0.5780885796375681,14.101420000000005,-0.5421499999999959,-0.0009782406194869253,False,fixed_12b,no_cost
downtrend_forced_cover_signal,fixed_horizon,12,263,264,276,2026-05-01 21:55:00+00:00,2026-05-01 22:00:00+00:00,2026-05-01 23:00:00+00:00,78200.0,78146.34,-0.0006861892583120976,-0.0006861892583120976,12,fixed_12b_exit,0,78190.98,3,0.7322119554585614,45.70058999999998,50.83796999999999,0.40088762617349927,-5.616500000000013,8.53136,-0.0016637586195938914,False,fixed_12b,no_cost
downtrend_forced_cover_signal,fixed_horizon,12,628,629,641,2026-05-03 04:20:00+00:00,2026-05-03 04:25:00+00:00,2026-05-03 05:25:00+00:00,78220.62,78226.16,7.082531434821071e-05,7.082531434821071e-05,12,fixed_12b_exit,0,78217.59,3,0.8021692818171012,14.348459999999974,7.940040000000003,0.2901210600646959,-5.664960000000029,-4.668490000000001,-0.001593051141472901,True,fixed_12b,no_cost
downtrend_forced_cover_signal,fixed_horizon,12,881,882,894,2026-05-04 01:25:00+00:00,2026-05-04 01:30:00+00:00,2026-05-04 02:30:00+00:00,78605.69,79751.86,0.014581259957135329,0.014581259957135329,12,fixed_12b_exit,0,78585.86,4,0.6687443949436331,33.08244999999995,9.808639999999997,0.43392676560363797,-28.44268000000006,16.535050000000005,0.012964980122843528,True,fixed_12b,no_cost
downtrend_forced_cover_signal,fixed_horizon,12,980,981,993,2026-05-04 09:40:00+00:00,2026-05-04 09:45:00+00:00,2026-05-04 10:45:00+00:00,79857.56,79070.46,-0.009856299140619806,-0.009856299140619806,12,fixed_12b_exit,0,79823.25,3,0.7378613781305892,74.51010999999994,6.938229999999976,0.37745545970805117,-175.2083800000001,-225.81431000000003,0.002980894259780875,False,fixed_12b,no_cost
downtrend_forced_cover_signal,fixed_horizon,12,1275,1276,1288,2026-05-05 10:15:00+00:00,2026-05-05 10:20:00+00:00,2026-05-05 11:20:00+00:00,80710.0,80865.27,0.0019238012637838864,0.0019238012637838864,12,fixed_12b_exit,0,80707.98,3,0.7583747069477811,75.82783999999994,26.319820000000007,0.4955968610049803,-1.5145700000000684,-28.63816,0.0049104301717088905,True,fixed_12b,no_cost
downtrend_forced_cover_signal,fixed_horizon,12,1455,1456,1468,2026-05-06 01:15:00+00:00,2026-05-06 01:20:00+00:00,2026-05-06 02:20:00+00:00,81287.6,81289.76,2.6572318533091277e-05,2.6572318533091277e-05,12,fixed_12b_exit,0,81262.28,3,0.6651863353939748,42.08853999999991,17.0036,0.6921915468425677,32.02574999999991,-21.03199,0.004937132971756686,True,fixed_12b,no_cost
downtrend_forced_cover_signal,fixed_horizon,12,1788,1789,1801,2026-05-07 05:00:00+00:00,2026-05-07 05:05:00+00:00,2026-05-07 06:05:00+00:00,81087.91,80977.88,-0.0013569223821405796,-0.0013569223821405796,12,fixed_12b_exit,0,80989.59,3,0.7675520498202382,57.08207999999985,35.211479999999995,0.44286756818447254,-10.662820000000146,-1.008860000000002,0.003573511283383235,False,fixed_12b,no_cost
downtrend_forced_cover_signal,fixed_horizon,12,1943,1944,1956,2026-05-07 17:55:00+00:00,2026-05-07 18:00:00+00:00,2026-05-07 19:00:00+00:00,80094.52,80080.83,-0.00017092305441124278,-0.00017092305441124278,12,fixed_12b_exit,0,79948.66,3,0.6189537486851147,44.76761999999988,24.85457,0.4000919493272549,-26.33376000000011,-0.8315299999999937,0.003401977433508563,False,fixed_12b,no_cost
downtrend_forced_cover_signal,fixed_horizon,12,2060,2061,2073,2026-05-08 03:40:00+00:00,2026-05-08 03:45:00+00:00,2026-05-08 04:45:00+00:00,79646.13,79625.01,-0.00026517295943961905,-0.00026517295943961905,12,fixed_12b_exit,0,79642.55,3,0.6304708710788978,15.850759999999879,8.35204,0.39035822327004593,-15.629580000000121,27.83122,0.003135902361644849,False,fixed_12b,no_cost
downtrend_forced_cover_signal,fixed_horizon,12,2595,2596,2608,2026-05-10 00:15:00+00:00,2026-05-10 00:20:00+00:00,2026-05-10 01:20:00+00:00,80743.65,80572.77,-0.0021163274139822663,-0.0021163274139822663,12,fixed_12b_exit,0,80732.51,3,0.46228990942732956,-12.163800000000123,16.659029999999994,0.3966171804399235,-20.48232000000012,-2.0625399999999985,0.0010129383515271595,False,fixed_12b,no_cost
downtrend_forced_cover_signal,fixed_horizon,12,2936,2937,2949,2026-05-11 04:40:00+00:00,2026-05-11 04:45:00+00:00,2026-05-11 05:45:00+00:00,80822.07,80847.29,0.0003120434802026395,0.0003120434802026395,12,fixed_12b_exit,0,80814.03,3,0.669342448256634,20.88431999999989,3.18347,0.29380250439455136,-32.957420000000106,-1.3758699999999955,0.0013252979125382147,True,fixed_12b,no_cost
downtrend_forced_cover_signal,fixed_horizon,12,3223,3224,3236,2026-05-12 04:35:00+00:00,2026-05-12 04:40:00+00:00,2026-05-12 05:40:00+00:00,81285.86,81252.49,-0.00041052650485573494,-0.00041052650485573494,12,fixed_12b_exit,0,81227.01,3,0.7294669766379819,45.42385999999989,48.95024,0.3752236045406926,-18.981140000000117,-12.424139999999996,0.0009142273377624743,False,fixed_12b,no_cost
downtrend_forced_cover_signal,fixed_horizon,12,3308,3309,3321,2026-05-12 11:40:00+00:00,2026-05-12 11:45:00+00:00,2026-05-12 12:45:00+00:00,80732.75,80973.1,0.0029771065645602945,0.0029771065645602945,12,fixed_12b_exit,0,80705.76,3,0.739650158833498,42.58173999999987,4.224540000000005,0.5581263851445873,16.752079999999864,-6.350160000000017,0.003894055654531492,True,fixed_12b,no_cost
downtrend_forced_cover_signal,fixed_horizon,12,3663,3664,3676,2026-05-13 17:15:00+00:00,2026-05-13 17:20:00+00:00,2026-05-13 18:20:00+00:00,79300.0,79774.15,0.005979192938209366,0.005979192938209366,12,fixed_12b_exit,0,79238.6,4,0.5148592605461588,6.578969999999888,6.329630000000002,0.7090915050117589,108.32352999999989,35.79173,0.009896531902811478,True,fixed_12b,no_cost
downtrend_forced_cover_signal,fixed_horizon,12,3745,3746,3758,2026-05-14 00:05:00+00:00,2026-05-14 00:10:00+00:00,2026-05-14 01:10:00+00:00,79480.34,79620.69,0.0017658454908473509,0.0017658454908473509,12,fixed_12b_exit,0,79436.72,3,0.6621103171050885,38.04413999999988,1.1940699999999964,0.694992756435158,35.79747999999988,19.89761,0.011679853139894503,True,fixed_12b,no_cost
downtrend_forced_cover_signal,fixed_horizon,12,3893,3894,3906,2026-05-14 12:25:00+00:00,2026-05-14 12:30:00+00:00,2026-05-14 13:30:00+00:00,79423.19,79903.95,0.006053143924337423,0.006053143924337423,12,fixed_12b_exit,0,79409.44,3,0.7089217148954495,45.256249999999895,10.771170000000005,0.5466931944577479,28.29259999999989,-50.31851,0.0178036968963029,True,fixed_12b,no_cost
downtrend_forced_cover_signal,fixed_horizon,12,4112,4113,4125,2026-05-15 06:40:00+00:00,2026-05-15 06:45:00+00:00,2026-05-15 07:45:00+00:00,80601.58,80847.54,0.0030515530836987548,0.0030515530836987548,12,fixed_12b_exit,0,80598.21,3,0.680537071685791,82.33542999999989,61.6658,0.601170826480704,40.6754899999999,23.78479999999999,0.020909578906166848,True,fixed_12b,no_cost
downtrend_forced_cover_signal,fixed_horizon,12,4644,4645,4657,2026-05-17 03:00:00+00:00,2026-05-17 03:05:00+00:00,2026-05-17 04:05:00+00:00,77976.9,78054.71,0.0009978596225292957,0.0009978596225292957,12,fixed_12b_exit,0,77938.0,3,0.7080604271325164,34.71533999999988,8.50516,0.5623396545006161,5.218929999999883,7.77421,0.02192830335321072,True,fixed_12b,no_cost
downtrend_forced_cover_signal,fixed_horizon,12,4805,4806,4818,2026-05-17 16:25:00+00:00,2026-05-17 16:30:00+00:00,2026-05-17 17:30:00+00:00,78141.36,77999.99,-0.0018091571480198798,-0.0018091571480198798,12,fixed_12b_exit,0,78127.22,3,0.6346360432587586,6.825489999999873,7.986660000000002,0.6841936500099826,19.668779999999867,14.240289999999998,0.020079474458435387,False,fixed_12b,no_cost
downtrend_forced_cover_signal,fixed_horizon,12,5090,5091,5103,2026-05-18 16:10:00+00:00,2026-05-18 16:15:00+00:00,2026-05-18 17:15:00+00:00,76509.22,76662.01,0.0019970142160643523,0.0019970142160643523,12,fixed_12b_exit,0,76485.29,3,0.42926045439166727,-54.29889000000012,26.859699999999982,0.5725404177456732,24.42425999999986,21.625570000000003,0.022116587670444332,True,fixed_12b,no_cost
downtrend_forced_cover_signal,fixed_horizon,12,5212,5213,5225,2026-05-19 02:20:00+00:00,2026-05-19 02:25:00+00:00,2026-05-19 03:25:00+00:00,76990.15,76748.62,-0.003137154558083055,-0.003137154558083055,12,fixed_12b_exit,0,76983.02,3,0.6186532477914702,23.278499999999863,22.82286,0.4183311735586485,-10.29790000000013,-1.4809499999999964,0.01891004995854173,False,fixed_12b,no_cost
downtrend_forced_cover_signal,fixed_horizon,12,5463,5464,5476,2026-05-19 23:15:00+00:00,2026-05-19 23:20:00+00:00,2026-05-20 00:20:00+00:00,76856.76,76575.24,-0.0036629178747580315,-0.0036629178747580315,12,fixed_12b_exit,0,76845.35,3,0.784228548105631,21.782769999999843,7.1721,0.37735558483266324,-20.64197000000015,10.481540000000003,0.015177866123778028,False,fixed_12b,no_cost
downtrend_forced_cover_signal,fixed_horizon,12,5854,5855,5867,2026-05-21 07:50:00+00:00,2026-05-21 07:55:00+00:00,2026-05-21 08:55:00+00:00,77816.9,77924.63,0.0013844036449666142,0.0013844036449666142,12,fixed_12b_exit,0,77789.57,3,0.8138050987813198,37.523319999999856,13.216570000000004,0.4598857908014411,-3.192300000000154,17.983870000000003,0.01658328206192916,True,fixed_12b,no_cost
downtrend_forced_cover_signal,fixed_horizon,12,6250,6251,6263,2026-05-22 16:50:00+00:00,2026-05-22 16:55:00+00:00,2026-05-22 17:55:00+00:00,76999.46,76750.0,-0.003239762980156047,-0.003239762980156047,12,fixed_12b_exit,0,76975.1,5,0.7377154300753295,95.95592999999985,40.94180000000001,0.2735384034224665,-26.04206000000016,-6.065389999999997,0.013289793178459464,False,fixed_12b,no_cost
downtrend_forced_cover_signal,fixed_horizon,12,6816,6817,6829,2026-05-24 16:00:00+00:00,2026-05-24 16:05:00+00:00,2026-05-24 17:05:00+00:00,76568.69,76706.02,0.0017935529522576932,0.0017935529522576932,12,fixed_12b_exit,0,76539.38,4,0.5581474276006726,20.316409999999827,21.17819,0.5283926094988033,4.659329999999828,-2.0711899999999996,0.015107182078507364,True,fixed_12b,no_cost
downtrend_forced_cover_signal,fixed_horizon,12,7253,7254,7266,2026-05-26 04:25:00+00:00,2026-05-26 04:30:00+00:00,2026-05-26 05:30:00+00:00,76741.99,76895.91,0.00200568163530801,0.00200568163530801,12,fixed_12b_exit,0,76705.71,4,0.7318280258303019,48.160069999999806,14.281849999999991,0.7502600122316178,67.87020999999983,-24.077749999999995,0.017143163911471415,True,fixed_12b,no_cost
downtrend_forced_cover_signal,fixed_horizon,12,7483,7484,7496,2026-05-26 23:35:00+00:00,2026-05-26 23:40:00+00:00,2026-05-27 00:40:00+00:00,75952.9,75970.75,0.00023501406792902912,0.00023501406792902912,12,fixed_12b_exit,0,75945.02,3,0.6344168346113561,24.962009999999776,7.156710000000004,0.6624319505719726,27.26993999999978,10.441600000000001,0.017382206864088534,True,fixed_12b,no_cost
downtrend_forced_cover_signal,fixed_horizon,12,7671,7672,7684,2026-05-27 15:15:00+00:00,2026-05-27 15:20:00+00:00,2026-05-27 16:20:00+00:00,75221.08,75063.36,-0.0020967526656091584,-0.0020967526656091584,12,fixed_12b_exit,0,75172.87,3,0.6234161388794356,43.24501999999979,40.585409999999996,0.3493909269816099,-44.34448000000021,12.910879999999999,0.015249008009903031,False,fixed_12b,no_cost
downtrend_forced_cover_signal,fixed_horizon,12,7716,7717,7729,2026-05-27 19:00:00+00:00,2026-05-27 19:05:00+00:00,2026-05-27 20:05:00+00:00,75051.9,75271.99,0.0029325040405374647,0.0029325040405374647,12,fixed_12b_exit,0,75032.01,3,0.7019501613946663,57.10097999999979,1.5047599999999974,0.5943145070984408,25.916009999999787,1.0446699999999964,0.018226229828043783,True,fixed_12b,no_cost
downtrend_forced_cover_signal,fixed_horizon,12,7857,7858,7870,2026-05-28 06:45:00+00:00,2026-05-28 06:50:00+00:00,2026-05-28 07:50:00+00:00,73145.24,73426.42,0.003844132577868198,0.003844132577868198,12,fixed_12b_exit,0,73077.55,4,0.5387033420175219,28.201779999999765,76.24571999999998,0.6054165442087392,49.82104999999979,-60.21885,0.02214042644976577,True,fixed_12b,no_cost
downtrend_forced_cover_signal,fixed_horizon,12,8121,8122,8134,2026-05-29 04:45:00+00:00,2026-05-29 04:50:00+00:00,2026-05-29 05:50:00+00:00,73444.9,73667.3,0.0030281204004636297,0.0030281204004636297,12,fixed_12b_exit,0,73440.67,3,0.6805301987686335,16.14764999999978,2.7945699999999967,0.47506952373769945,-10.069370000000212,-74.74575999999999,0.0252355907272368,True,fixed_12b,no_cost
downtrend_forced_cover_signal,fixed_horizon,12,8244,8245,8257,2026-05-29 15:00:00+00:00,2026-05-29 15:05:00+00:00,2026-05-29 16:05:00+00:00,73313.94,73900.01,0.007993977680097242,0.007993977680097242,12,fixed_12b_exit,0,73198.17,5,0.6500951573594487,139.25828999999976,35.74498,0.6609104841500658,53.645749999999786,9.069339999999997,0.03343130115635162,True,fixed_12b,no_cost
downtrend_forced_cover_signal,fixed_horizon,12,8825,8826,8838,2026-05-31 15:25:00+00:00,2026-05-31 15:30:00+00:00,2026-05-31 16:30:00+00:00,73748.66,73438.65,-0.004203601801036294,-0.004203601801036294,12,fixed_12b_exit,0,73742.0,3,0.7170075872737713,28.465379999999723,20.5799,0.28567642945464355,-52.37705000000027,-41.572019999999995,0.029087167477563458,False,fixed_12b,no_cost
downtrend_forced_cover_signal,fixed_horizon,12,8850,8851,8863,2026-05-31 17:30:00+00:00,2026-05-31 17:35:00+00:00,2026-05-31 18:35:00+00:00,73660.25,73667.21,9.448786828736289e-05,9.448786828736289e-05,12,fixed_12b_exit,0,73610.36,3,0.7465909592783798,16.415209999999725,13.225670000000001,0.5368934540426997,3.883159999999731,7.391179999999999,0.0291844037303004,True,fixed_12b,no_cost
downtrend_forced_cover_signal,fixed_horizon,12,9035,9036,9048,2026-06-01 08:55:00+00:00,2026-06-01 09:00:00+00:00,2026-06-01 10:00:00+00:00,72902.64,72783.15,-0.0016390352941951791,-0.0016390352941951791,12,fixed_12b_exit,0,72865.58,4,0.7317682861651428,59.93055999999973,109.96245,0.2096146331645603,-917.8228700000005,-9.91773999999998,0.027497534168351212,False,fixed_12b,no_cost
downtrend_forced_cover_signal,fixed_horizon,12,9129,9130,9142,2026-06-01 16:45:00+00:00,2026-06-01 16:50:00+00:00,2026-06-01 17:50:00+00:00,71379.77,71715.98,0.004710158074199278,0.004710158074199278,12,fixed_12b_exit,0,71356.0,3,0.5819339098730052,133.02346999999975,-207.13461000000007,0.7195248059933711,151.48843999999963,2.553280000000001,0.03233720997513423,True,fixed_12b,no_cost
downtrend_forced_cover_signal,fixed_horizon,12,9270,9271,9283,2026-06-02 04:30:00+00:00,2026-06-02 04:35:00+00:00,2026-06-02 05:35:00+00:00,71029.99,70610.03,-0.005912432199413287,-0.005912432199413287,12,fixed_12b_exit,0,71028.25,3,0.6132697817007485,27.61560999999966,16.302759999999992,0.520347901392211,8.76311999999967,30.34964000000001,0.02623358621422467,False,fixed_12b,no_cost
downtrend_forced_cover_signal,fixed_horizon,12,9338,9339,9351,2026-06-02 10:10:00+00:00,2026-06-02 10:15:00+00:00,2026-06-02 11:15:00+00:00,69658.0,69450.01,-0.0029858738407649854,-0.0029858738407649854,12,fixed_12b_exit,0,69654.58,5,0.6786696240439092,152.6611799999996,58.81557999999998,0.41342315891679315,-18.689360000000374,-15.456420000000007,0.02316938219463327,False,fixed_12b,no_cost
downtrend_forced_cover_signal,fixed_horizon,12,9507,9508,9520,2026-06-03 00:15:00+00:00,2026-06-03 00:20:00+00:00,2026-06-03 01:20:00+00:00,67085.72,66944.21,-0.002109390791363519,-0.002109390791363519,12,fixed_12b_exit,0,66912.0,3,0.5548485860125352,50.51424999999954,109.22464,0.46785877535847226,-13.404940000000462,4.671459999999993,0.021011118121826877,False,fixed_12b,no_cost
downtrend_forced_cover_signal,fixed_horizon,12,10133,10134,10146,2026-06-05 04:25:00+00:00,2026-06-05 04:30:00+00:00,2026-06-05 05:30:00+00:00,63240.32,63341.68,0.001602774938520346,0.001602774938520346,12,fixed_12b_exit,0,62980.0,3,0.6363642434260616,89.03503999999973,97.24917000000002,0.6117372413505838,48.9320799999997,-26.700489999999988,0.022647569153903202,True,fixed_12b,no_cost
downtrend_forced_cover_signal,fixed_horizon,12,10169,10170,10182,2026-06-05 07:25:00+00:00,2026-06-05 07:30:00+00:00,2026-06-05 08:30:00+00:00,62252.94,62702.44,0.007220542515743,0.007220542515743,12,fixed_12b_exit,0,62203.29,3,0.5833030952443384,86.53159999999971,52.9136,0.5133321614536664,7.529879999999711,-55.10884,0.030031639405600163,True,fixed_12b,no_cost
downtrend_forced_cover_signal,fixed_horizon,12,10317,10318,10330,2026-06-05 19:45:00+00:00,2026-06-05 19:50:00+00:00,2026-06-05 20:50:00+00:00,60215.48,61510.44,0.021505433486538772,0.021505433486538772,12,fixed_12b_exit,0,59972.0,3,0.515706892238713,21.315519999999736,35.86848999999998,0.5320372713913566,40.619439999999784,1.8651499999999999,0.0521829163158678,True,fixed_12b,no_cost
downtrend_forced_cover_signal,fixed_horizon,12,10509,10510,10522,2026-06-06 11:45:00+00:00,2026-06-06 11:50:00+00:00,2026-06-06 12:50:00+00:00,60890.01,61121.99,0.003809820362979055,0.003809820362979055,12,fixed_12b_exit,0,60870.32,3,0.6595581757614367,42.04101999999975,11.53979,0.6237904052574856,36.816189999999736,20.22264999999999,0.05619154421602679,True,fixed_12b,no_cost
downtrend_normalvol_forced_cover_signal,adaptive,,39,40,42,2026-05-01 03:15:00+00:00,2026-05-01 03:20:00+00:00,2026-05-01 03:30:00+00:00,77256.158142,77214.554,-0.0005385220155981196,-0.0013385220155981196,2,false_squeeze,3,76729.7,3,0.7869739978296629,151.45113,138.86171000000002,0.39919829133009777,-132.14902000000004,-192.02451000000002,-0.0013385220155981425,False,adaptive,with_cost
downtrend_normalvol_forced_cover_signal,adaptive,,628,629,631,2026-05-03 04:20:00+00:00,2026-05-03 04:25:00+00:00,2026-05-03 04:35:00+00:00,78236.264124,78203.226226,-0.0004222836860874324,-0.0012222836860874323,2,false_squeeze,3,78217.59,3,0.8021692818171012,14.348459999999974,7.940040000000003,0.4970144819133151,-0.09787000000002832,-4.990470000000002,-0.002559169648062465,False,adaptive,with_cost
downtrend_normalvol_forced_cover_signal,adaptive,,980,981,984,2026-05-04 09:40:00+00:00,2026-05-04 09:45:00+00:00,2026-05-04 10:00:00+00:00,79873.531512,79458.26902166911,-0.005199000000000065,-0.005999000000000065,3,stop_loss,0,79823.25,3,0.7378613781305892,74.51010999999994,6.938229999999976,0.42365856301131566,-55.17059000000002,-77.73040999999998,-0.008542817189343799,False,adaptive,with_cost
downtrend_normalvol_forced_cover_signal,adaptive,,2936,2937,2947,2026-05-11 04:40:00+00:00,2026-05-11 04:45:00+00:00,2026-05-11 05:35:00+00:00,80838.234414,80848.11714199999,0.00012225314013369903,-0.000677746859866301,10,false_squeeze,3,80814.03,3,0.669342448256634,20.88431999999989,3.18347,0.4637056752505804,-3.7876300000001137,-14.564160000000001,-0.009214774181685592,False,adaptive,with_cost
downtrend_normalvol_forced_cover_signal,adaptive,,3223,3224,3228,2026-05-12 04:35:00+00:00,2026-05-12 04:40:00+00:00,2026-05-12 05:00:00+00:00,81302.117172,81243.218106,-0.0007244468907912083,-0.0015244468907912082,4,false_squeeze,3,81227.01,3,0.7294669766379819,45.42385999999989,48.95024,0.3919794745680684,-28.554500000000118,-54.616569999999996,-0.01072517363862624,False,adaptive,with_cost
downtrend_normalvol_forced_cover_signal,adaptive,,3745,3746,3758,2026-05-14 00:05:00+00:00,2026-05-14 00:10:00+00:00,2026-05-14 01:10:00+00:00,79496.236068,79604.765862,0.001365219277893459,0.0005652192778934591,12,time_stop,0,79436.72,3,0.6621103171050885,38.04413999999988,1.1940699999999964,0.694992756435158,35.79747999999988,19.89761,-0.010166016435631975,True,adaptive,with_cost
downtrend_normalvol_forced_cover_signal,adaptive,,3893,3894,3906,2026-05-14 12:25:00+00:00,2026-05-14 12:30:00+00:00,2026-05-14 13:30:00+00:00,79439.074638,79887.96921,0.005650803134925386,0.004850803134925386,12,time_stop,1,79409.44,3,0.7089217148954495,45.256249999999895,10.771170000000005,0.5466931944577479,28.29259999999989,-50.31851,-0.005364526645102119,True,adaptive,with_cost
downtrend_normalvol_forced_cover_signal,adaptive,,4112,4113,4115,2026-05-15 06:40:00+00:00,2026-05-15 06:45:00+00:00,2026-05-15 06:55:00+00:00,80617.700316,80563.884,-0.0006675496297842143,-0.0014675496297842142,2,false_squeeze,4,80598.21,3,0.680537071685791,82.33542999999989,61.6658,0.40809982228752545,-27.342650000000113,-94.8922,-0.0068242035657943845,False,adaptive,with_cost
downtrend_normalvol_forced_cover_signal,adaptive,,4118,4119,4128,2026-05-15 07:10:00+00:00,2026-05-15 07:15:00+00:00,2026-05-15 08:00:00+00:00,80784.14359800001,80679.11095,-0.0013001641574944545,-0.0021001641574944544,9,false_squeeze,3,80663.0,3,0.7261289266282025,89.76028999999988,38.40539,0.45382100818041526,-12.239860000000121,-16.61636,-0.00891003577555649,False,adaptive,with_cost
downtrend_normalvol_forced_cover_signal,adaptive,,4644,4645,4647,2026-05-17 03:00:00+00:00,2026-05-17 03:05:00+00:00,2026-05-17 03:15:00+00:00,77992.49538,77968.55317,-0.0003069809458376982,-0.0011069809458376981,2,false_squeeze,2,77938.0,3,0.7080604271325164,34.71533999999988,8.50516,0.49370373465764905,-0.9010200000001198,0.02732999999999919,-0.01000715348156389,False,adaptive,with_cost
downtrend_normalvol_forced_cover_signal,adaptive,,4805,4806,4809,2026-05-17 16:25:00+00:00,2026-05-17 16:30:00+00:00,2026-05-17 16:45:00+00:00,78156.988272,78091.38859799999,-0.0008393321627454542,-0.0016393321627454541,3,false_squeeze,4,78127.22,3,0.6346360432587586,6.825489999999873,7.986660000000002,0.4186327913944691,-6.62622000000013,-16.6541,-0.011630080595749548,False,adaptive,with_cost
downtrend_normalvol_forced_cover_signal,adaptive,,5212,5213,5215,2026-05-19 02:20:00+00:00,2026-05-19 02:25:00+00:00,2026-05-19 02:35:00+00:00,77005.54802999999,76769.163096,-0.0030697130277924645,-0.0038697130277924644,2,false_squeeze,2,76983.02,3,0.6186532477914702,23.278499999999863,22.82286,0.551265907299122,17.529809999999856,-30.538510000000002,-0.015454788549146392,False,adaptive,with_cost
downtrend_normalvol_forced_cover_signal,adaptive,,5854,5855,5860,2026-05-21 07:50:00+00:00,2026-05-21 07:55:00+00:00,2026-05-21 08:20:00+00:00,77832.46337999999,77980.410798,0.0019008446035901905,0.0011008446035901905,5,false_squeeze,3,77789.57,3,0.8138050987813198,37.523319999999856,13.216570000000004,0.38233254278714385,-33.88466000000016,-40.12021000000001,-0.014370957266130024,True,adaptive,with_cost
downtrend_normalvol_forced_cover_signal,adaptive,,7253,7254,7256,2026-05-26 04:25:00+00:00,2026-05-26 04:30:00+00:00,2026-05-26 04:40:00+00:00,76757.338398,76753.58621200001,-4.888374295286546e-05,-0.0008488837429528655,2,false_squeeze,3,76705.71,4,0.7318280258303019,48.160069999999806,14.281849999999991,0.4909057407688492,-1.1875100000001853,-29.78195999999999,-0.015207641737088995,False,adaptive,with_cost
downtrend_normalvol_forced_cover_signal,adaptive,,7483,7484,7487,2026-05-26 23:35:00+00:00,2026-05-26 23:40:00+00:00,2026-05-26 23:55:00+00:00,75968.09057999999,75914.82399799999,-0.0007011704729356083,-0.0015011704729356082,3,false_squeeze,2,75945.02,3,0.6344168346113561,24.962009999999776,7.156710000000004,0.6175328405771536,9.095929999999774,-6.644230000000002,-0.01668598294728596,False,adaptive,with_cost
downtrend_normalvol_forced_cover_signal,adaptive,,7857,7858,7860,2026-05-28 06:45:00+00:00,2026-05-28 06:50:00+00:00,2026-05-28 07:00:00+00:00,73159.86904800001,73180.051062,0.0002758618114357958,-0.0005241381885642042,2,false_squeeze,3,73077.55,4,0.5387033420175219,28.201779999999765,76.24571999999998,0.44334023810701423,-47.88406000000023,-17.19323,-0.017201375374973793,False,adaptive,with_cost
downtrend_normalvol_forced_cover_signal,adaptive,,8121,8122,8128,2026-05-29 04:45:00+00:00,2026-05-29 04:50:00+00:00,2026-05-29 05:20:00+00:00,73459.58897999999,73537.309596,0.0010580050484787495,0.0002580050484787495,6,false_squeeze,3,73440.67,3,0.6805301987686335,16.14764999999978,2.7945699999999967,0.4823333897374487,-10.9207600000002,-148.69265,-0.016947808368182438,True,adaptive,with_cost
downtrend_normalvol_forced_cover_signal,adaptive,,9338,9339,9341,2026-06-02 10:10:00+00:00,2026-06-02 10:15:00+00:00,2026-06-02 10:25:00+00:00,69671.9316,69632.080798,-0.0005719778551396271,-0.001371977855139627,2,false_squeeze,4,69654.58,5,0.6786696240439092,152.6611799999996,58.81557999999998,0.45514207144428886,-12.561450000000374,-40.29194,-0.018296534205547776,False,adaptive,with_cost
downtrend_normalvol_forced_cover_signal,adaptive,,10133,10134,10136,2026-06-05 04:25:00+00:00,2026-06-05 04:30:00+00:00,2026-06-05 04:40:00+00:00,63252.968064,63012.514976000006,-0.003801451463221528,-0.004601451463221528,2,false_squeeze,3,62980.0,3,0.6363642434260616,89.03503999999973,97.24917000000002,0.3867105381804158,-41.008320000000296,-117.32338000000001,-0.02281379505467729,False,adaptive,with_cost
downtrend_normalvol_forced_cover_signal,adaptive,,10317,10318,10320,2026-06-05 19:45:00+00:00,2026-06-05 19:50:00+00:00,2026-06-05 20:00:00+00:00,60227.523096000004,60071.973202,-0.0025827044846600256,-0.0033827044846600255,2,false_squeeze,3,59972.0,3,0.515706892238713,21.315519999999736,35.86848999999998,0.43890909365980296,-62.347060000000226,-63.46847999999997,-0.02611932721249377,False,adaptive,with_cost
downtrend_normalvol_forced_cover_signal,adaptive,,39,40,42,2026-05-01 03:15:00+00:00,2026-05-01 03:20:00+00:00,2026-05-01 03:30:00+00:00,77240.71,77230.0,-0.00013865745149166386,-0.00013865745149166386,2,false_squeeze,3,76729.7,3,0.7869739978296629,151.45113,138.86171000000002,0.39919829133009777,-132.14902000000004,-192.02451000000002,-0.00013865745149166386,False,adaptive,no_cost
downtrend_normalvol_forced_cover_signal,adaptive,,628,629,631,2026-05-03 04:20:00+00:00,2026-05-03 04:25:00+00:00,2026-05-03 04:35:00+00:00,78220.62,78218.87,-2.2372617348165313e-05,-2.2372617348165313e-05,2,false_squeeze,3,78217.59,3,0.8021692818171012,14.348459999999974,7.940040000000003,0.4970144819133151,-0.09787000000002832,-4.990470000000002,-0.00016102696670972083,False,adaptive,no_cost
downtrend_normalvol_forced_cover_signal,adaptive,,980,981,984,2026-05-04 09:40:00+00:00,2026-05-04 09:45:00+00:00,2026-05-04 10:00:00+00:00,79857.56,79458.27219999999,-0.0050000000000001155,-0.0050000000000001155,3,stop_loss,0,79823.25,3,0.7378613781305892,74.51010999999994,6.938229999999976,0.42365856301131566,-55.17059000000002,-77.73040999999998,-0.005160221831876255,False,adaptive,no_cost
downtrend_normalvol_forced_cover_signal,adaptive,,2936,2937,2947,2026-05-11 04:40:00+00:00,2026-05-11 04:45:00+00:00,2026-05-11 05:35:00+00:00,80822.07,80864.29,0.0005223820671753643,0.0005223820671753643,10,false_squeeze,3,80814.03,3,0.669342448256634,20.88431999999989,3.18347,0.4637056752505804,-3.7876300000001137,-14.564160000000001,-0.00464053537204856,True,adaptive,no_cost
downtrend_normalvol_forced_cover_signal,adaptive,,3223,3224,3228,2026-05-12 04:35:00+00:00,2026-05-12 04:40:00+00:00,2026-05-12 05:00:00+00:00,81285.86,81259.47,-0.00032465671151171716,-0.00032465671151171716,4,false_squeeze,3,81227.01,3,0.7294669766379819,45.42385999999989,48.95024,0.3919794745680684,-28.554500000000118,-54.616569999999996,-0.0049636855026067295,False,adaptive,no_cost
downtrend_normalvol_forced_cover_signal,adaptive,,3745,3746,3758,2026-05-14 00:05:00+00:00,2026-05-14 00:10:00+00:00,2026-05-14 01:10:00+00:00,79480.34,79620.69,0.0017658454908473509,0.0017658454908473509,12,time_stop,0,79436.72,3,0.6621103171050885,38.04413999999988,1.1940699999999964,0.694992756435158,35.79747999999988,19.89761,-0.0032066051134221896,True,adaptive,no_cost
downtrend_normalvol_forced_cover_signal,adaptive,,3893,3894,3906,2026-05-14 12:25:00+00:00,2026-05-14 12:30:00+00:00,2026-05-14 13:30:00+00:00,79423.19,79903.95,0.006053143924337423,0.006053143924337423,12,time_stop,1,79409.44,3,0.7089217148954495,45.256249999999895,10.771170000000005,0.5466931944577479,28.29259999999989,-50.31851,0.002827128768655207,True,adaptive,no_cost
downtrend_normalvol_forced_cover_signal,adaptive,,4112,4113,4115,2026-05-15 06:40:00+00:00,2026-05-15 06:45:00+00:00,2026-05-15 06:55:00+00:00,80601.58,80580.0,-0.0002677366870476039,-0.0002677366870476039,2,false_squeeze,4,80598.21,3,0.680537071685791,82.33542999999989,61.6658,0.40809982228752545,-27.342650000000113,-94.8922,0.0025586351555171305,False,adaptive,no_cost
downtrend_normalvol_forced_cover_signal,adaptive,,4118,4119,4128,2026-05-15 07:10:00+00:00,2026-05-15 07:15:00+00:00,2026-05-15 08:00:00+00:00,80767.99,80695.25,-0.0009006043111882134,-0.0009006043111882134,9,false_squeeze,3,80663.0,3,0.7261289266282025,89.76028999999988,38.40539,0.45382100818041526,-12.239860000000121,-16.61636,0.0016557265264771637,False,adaptive,no_cost
downtrend_normalvol_forced_cover_signal,adaptive,,4644,4645,4647,2026-05-17 03:00:00+00:00,2026-05-17 03:05:00+00:00,2026-05-17 03:15:00+00:00,77976.9,77984.15,9.297625322379766e-05,9.297625322379766e-05,2,false_squeeze,2,77938.0,3,0.7080604271325164,34.71533999999988,8.50516,0.49370373465764905,-0.9010200000001198,0.02732999999999919,0.0017488567229497765,True,adaptive,no_cost
downtrend_normalvol_forced_cover_signal,adaptive,,4805,4806,4809,2026-05-17 16:25:00+00:00,2026-05-17 16:30:00+00:00,2026-05-17 16:45:00+00:00,78141.36,78107.01,-0.00043958794676735025,-0.00043958794676735025,3,false_squeeze,4,78127.22,3,0.6346360432587586,6.825489999999873,7.986660000000002,0.4186327913944691,-6.62622000000013,-16.6541,0.001308499999846502,False,adaptive,no_cost
downtrend_normalvol_forced_cover_signal,adaptive,,5212,5213,5215,2026-05-19 02:20:00+00:00,2026-05-19 02:25:00+00:00,2026-05-19 02:35:00+00:00,76990.15,76784.52,-0.0026708611426266016,-0.0026708611426266016,2,false_squeeze,2,76983.02,3,0.6186532477914702,23.278499999999863,22.82286,0.551265907299122,17.529809999999856,-30.538510000000002,-0.0013658559645848278,False,adaptive,no_cost
downtrend_normalvol_forced_cover_signal,adaptive,,5854,5855,5860,2026-05-21 07:50:00+00:00,2026-05-21 07:55:00+00:00,2026-05-21 08:20:00+00:00,77816.9,77996.01,0.0023016851095327695,0.0023016851095327695,5,false_squeeze,3,77789.57,3,0.8138050987813198,37.523319999999856,13.216570000000004,0.38233254278714385,-33.88466000000016,-40.12021000000001,0.0009326853746125519,True,adaptive,no_cost
downtrend_normalvol_forced_cover_signal,adaptive,,7253,7254,7256,2026-05-26 04:25:00+00:00,2026-05-26 04:30:00+00:00,2026-05-26 04:40:00+00:00,76741.99,76768.94,0.00035117671564166564,0.00035117671564166564,2,false_squeeze,3,76705.71,4,0.7318280258303019,48.160069999999806,14.281849999999991,0.4909057407688492,-1.1875100000001853,-29.78195999999999,0.0012841896276407638,True,adaptive,no_cost
downtrend_normalvol_forced_cover_signal,adaptive,,7483,7484,7487,2026-05-26 23:35:00+00:00,2026-05-26 23:40:00+00:00,2026-05-26 23:55:00+00:00,75952.9,75930.01,-0.00030137098122651196,-0.00030137098122651196,3,false_squeeze,2,75945.02,3,0.6344168346113561,24.962009999999776,7.156710000000004,0.6175328405771536,9.095929999999774,-6.644230000000002,0.0009824316289261947,False,adaptive,no_cost
downtrend_normalvol_forced_cover_signal,adaptive,,7857,7858,7860,2026-05-28 06:45:00+00:00,2026-05-28 06:50:00+00:00,2026-05-28 07:00:00+00:00,73145.24,73194.69,0.0006760521942370534,0.0006760521942370534,2,false_squeeze,3,73077.55,4,0.5387033420175219,28.201779999999765,76.24571999999998,0.44334023810701423,-47.88406000000023,-17.19323,0.001659147998221755,True,adaptive,no_cost
downtrend_normalvol_forced_cover_signal,adaptive,,8121,8122,8128,2026-05-29 04:45:00+00:00,2026-05-29 04:50:00+00:00,2026-05-29 05:20:00+00:00,73444.9,73552.02,0.0014585083511586827,0.0014585083511586827,6,false_squeeze,3,73440.67,3,0.6805301987686335,16.14764999999978,2.7945699999999967,0.4823333897374487,-10.9207600000002,-148.69265,0.0031200762305916285,True,adaptive,no_cost
downtrend_normalvol_forced_cover_signal,adaptive,,9338,9339,9341,2026-06-02 10:10:00+00:00,2026-06-02 10:15:00+00:00,2026-06-02 10:25:00+00:00,69658.0,69646.01,-0.00017212667604593612,-0.00017212667604593612,2,false_squeeze,4,69654.58,5,0.6786696240439092,152.6611799999996,58.81557999999998,0.45514207144428886,-12.561450000000374,-40.29194,0.002947412506195013,False,adaptive,no_cost
downtrend_normalvol_forced_cover_signal,adaptive,,10133,10134,10136,2026-06-05 04:25:00+00:00,2026-06-05 04:30:00+00:00,2026-06-05 04:40:00+00:00,63240.32,63025.12,-0.003402892331980545,-0.003402892331980545,2,false_squeeze,3,62980.0,3,0.6363642434260616,89.03503999999973,97.24917000000002,0.3867105381804158,-41.008320000000296,-117.32338000000001,-0.0004655095532020148,False,adaptive,no_cost
downtrend_normalvol_forced_cover_signal,adaptive,,10317,10318,10320,2026-06-05 19:45:00+00:00,2026-06-05 19:50:00+00:00,2026-06-05 20:00:00+00:00,60215.48,60083.99,-0.0021836577571083815,-0.0021836577571083815,2,false_squeeze,3,59972.0,3,0.515706892238713,21.315519999999736,35.86848999999998,0.43890909365980296,-62.347060000000226,-63.46847999999997,-0.0026481507967635043,False,adaptive,no_cost
downtrend_normalvol_forced_cover_signal,fixed_horizon,6,39,40,46,2026-05-01 03:15:00+00:00,2026-05-01 03:20:00+00:00,2026-05-01 03:50:00+00:00,77256.158142,77134.130088,-0.0015795252693733275,-0.0023795252693733274,6,fixed_6b_exit,0,76729.7,3,0.7869739978296629,151.45113,138.86171000000002,0.4737777207669845,-3.2871299999999986,14.339600000000004,-0.0023795252693733504,False,fixed_6b,with_cost
downtrend_normalvol_forced_cover_signal,fixed_horizon,6,628,629,635,2026-05-03 04:20:00+00:00,2026-05-03 04:25:00+00:00,2026-05-03 04:55:00+00:00,78236.264124,78147.557362,-0.0011338317721739655,-0.0019338317721739654,6,fixed_6b_exit,0,78217.59,3,0.8021692818171012,14.348459999999974,7.940040000000003,0.4203548521037228,-4.764720000000027,-5.264839999999999,-0.004308755439978773,False,fixed_6b,with_cost
downtrend_normalvol_forced_cover_signal,fixed_horizon,6,980,981,987,2026-05-04 09:40:00+00:00,2026-05-04 09:45:00+00:00,2026-05-04 10:15:00+00:00,79873.531512,78375.44177599999,-0.01875577187638111,-0.01955577187638111,6,fixed_6b_exit,0,79823.25,3,0.7378613781305892,74.51010999999994,6.938229999999976,0.4159765772356263,-239.32614000000012,31.616849999999886,-0.023780266277904527,False,fixed_6b,with_cost
downtrend_normalvol_forced_cover_signal,fixed_horizon,6,2936,2937,2943,2026-05-11 04:40:00+00:00,2026-05-11 04:45:00+00:00,2026-05-11 05:15:00+00:00,80838.234414,80876.34149600001,0.00047139923671313255,-0.0003286007632868675,6,fixed_6b_exit,0,80814.03,3,0.669342448256634,20.88431999999989,3.18347,0.6514963113523758,15.765499999999886,2.868940000000002,-0.02410105282754138,False,fixed_6b,with_cost
downtrend_normalvol_forced_cover_signal,fixed_horizon,6,2945,2946,2952,2026-05-11 05:25:00+00:00,2026-05-11 05:30:00+00:00,2026-05-11 06:00:00+00:00,80979.802722,80844.44787599999,-0.0016714642596088458,-0.0024714642596088457,6,fixed_6b_exit,0,80934.57,3,0.7657204379199767,21.73868999999989,11.093860000000003,0.34347321890594207,-81.70183000000009,-6.49212,-0.026512952196467987,False,fixed_6b,with_cost
downtrend_normalvol_forced_cover_signal,fixed_horizon,6,3223,3224,3230,2026-05-12 04:35:00+00:00,2026-05-12 04:40:00+00:00,2026-05-12 05:10:00+00:00,81302.117172,81217.26329799999,-0.0010436859082094685,-0.0018436859082094684,6,fixed_6b_exit,0,81227.01,3,0.7294669766379819,45.42385999999989,48.95024,0.1848873352766575,-53.45587000000012,-23.09634,-0.028307756548327845,False,fixed_6b,with_cost
downtrend_normalvol_forced_cover_signal,fixed_horizon,6,3745,3746,3752,2026-05-14 00:05:00+00:00,2026-05-14 00:10:00+00:00,2026-05-14 00:40:00+00:00,79496.236068,79631.880438,0.0017062992754017792,0.0009062992754017791,6,fixed_6b_exit,0,79436.72,3,0.6621103171050885,38.04413999999988,1.1940699999999964,0.7354914645678183,54.32472999999989,17.848780000000005,-0.027427112572174006,True,fixed_6b,with_cost
downtrend_normalvol_forced_cover_signal,fixed_horizon,6,3893,3894,3900,2026-05-14 12:25:00+00:00,2026-05-14 12:30:00+00:00,2026-05-14 13:00:00+00:00,79439.074638,79832.560294,0.004953301102676333,0.004153301102676333,6,fixed_6b_exit,0,79409.44,3,0.7089217148954495,45.256249999999895,10.771170000000005,0.5715791519529954,28.601409999999895,9.642699999999998,-0.02338772452638682,True,fixed_6b,with_cost
downtrend_normalvol_forced_cover_signal,fixed_horizon,6,4112,4113,4119,2026-05-15 06:40:00+00:00,2026-05-15 06:45:00+00:00,2026-05-15 07:15:00+00:00,80617.700316,80710.15474,0.0011468253700812614,0.00034682537008126136,6,fixed_6b_exit,0,80598.21,3,0.680537071685791,82.33542999999989,61.6658,0.6733630693256941,63.120279999999866,-26.640010000000018,-0.023049010612519738,True,fixed_6b,with_cost
downtrend_normalvol_forced_cover_signal,fixed_horizon,6,4644,4645,4651,2026-05-17 03:00:00+00:00,2026-05-17 03:05:00+00:00,2026-05-17 03:35:00+00:00,77992.49538,78033.310216,0.0005233174781900107,-0.0002766825218099893,6,fixed_6b_exit,0,77938.0,3,0.7080604271325164,34.71533999999988,8.50516,0.5698815608136788,4.466219999999883,3.4247400000000017,-0.023319315875948265,False,fixed_6b,with_cost
downtrend_normalvol_forced_cover_signal,fixed_horizon,6,4805,4806,4812,2026-05-17 16:25:00+00:00,2026-05-17 16:30:00+00:00,2026-05-17 17:00:00+00:00,78156.988272,78013.37420399999,-0.0018375077030886589,-0.0026375077030886588,6,fixed_6b_exit,0,78127.22,3,0.6346360432587586,6.825489999999873,7.986660000000002,0.41237948926568513,-16.644960000000125,1.8955500000000036,-0.025895318703783365,False,fixed_6b,with_cost
downtrend_normalvol_forced_cover_signal,fixed_horizon,6,5212,5213,5219,2026-05-19 02:20:00+00:00,2026-05-19 02:25:00+00:00,2026-05-19 02:55:00+00:00,77005.54802999999,76602.146506,-0.0052386033775492225,-0.006038603377549223,6,fixed_6b_exit,0,76983.02,3,0.6186532477914702,23.278499999999863,22.82286,0.2991004269142172,-33.59697000000014,6.324889999999996,-0.03177755052234521,False,fixed_6b,with_cost
downtrend_normalvol_forced_cover_signal,fixed_horizon,6,5854,5855,5861,2026-05-21 07:50:00+00:00,2026-05-21 07:55:00+00:00,2026-05-21 08:25:00+00:00,77832.46337999999,78039.73893,0.002663098930687058,0.001863098930687058,6,fixed_6b_exit,0,77789.57,3,0.8138050987813198,37.523319999999856,13.216570000000004,0.3744146918140107,-28.165110000000155,5.719550000000005,-0.029973656312056063,True,fixed_6b,with_cost
downtrend_normalvol_forced_cover_signal,fixed_horizon,6,7253,7254,7260,2026-05-26 04:25:00+00:00,2026-05-26 04:30:00+00:00,2026-05-26 05:00:00+00:00,76757.338398,76749.607008,-0.00010072509236724869,-0.0009007250923672487,6,fixed_6b_exit,0,76705.71,4,0.7318280258303019,48.160069999999806,14.281849999999991,0.5055910556971679,0.4517099999998164,5.372500000000001,-0.03084738338007309,False,fixed_6b,with_cost
downtrend_normalvol_forced_cover_signal,fixed_horizon,6,7483,7484,7490,2026-05-26 23:35:00+00:00,2026-05-26 23:40:00+00:00,2026-05-27 00:10:00+00:00,75968.09057999999,75966.163728,-2.5363965123759158e-05,-0.0008253639651237592,6,fixed_6b_exit,0,75945.02,3,0.6344168346113561,24.962009999999776,7.156710000000004,0.47000849777076226,-19.438180000000237,18.521980000000006,-0.03164728702653663,False,fixed_6b,with_cost
downtrend_normalvol_forced_cover_signal,fixed_horizon,6,7857,7858,7864,2026-05-28 06:45:00+00:00,2026-05-28 06:50:00+00:00,2026-05-28 07:20:00+00:00,73159.86904800001,73296.917684,0.0018732761250581653,0.0010732761250581654,6,fixed_6b_exit,0,73077.55,4,0.5387033420175219,28.201779999999765,76.24571999999998,0.40280841690459235,-36.79858000000022,-69.71482,-0.030607977179066825,True,fixed_6b,with_cost
downtrend_normalvol_forced_cover_signal,fixed_horizon,6,8121,8122,8128,2026-05-29 04:45:00+00:00,2026-05-29 04:50:00+00:00,2026-05-29 05:20:00+00:00,73459.58897999999,73537.309596,0.0010580050484787495,0.0002580050484787495,6,fixed_6b_exit,0,73440.67,3,0.6805301987686335,16.14764999999978,2.7945699999999967,0.4823333897374487,-10.9207600000002,-148.69265,-0.030357869143223914,True,fixed_6b,with_cost
downtrend_normalvol_forced_cover_signal,fixed_horizon,6,9338,9339,9345,2026-06-02 10:10:00+00:00,2026-06-02 10:15:00+00:00,2026-06-02 10:45:00+00:00,69671.9316,69466.104,-0.0029542398965151095,-0.0037542398965151095,6,fixed_6b_exit,0,69654.58,5,0.6786696240439092,152.6611799999996,58.81557999999998,0.44913758294979805,-18.718580000000383,-14.560300000000005,-0.03399813831622833,False,fixed_6b,with_cost
downtrend_normalvol_forced_cover_signal,fixed_horizon,6,10133,10134,10140,2026-06-05 04:25:00+00:00,2026-06-05 04:30:00+00:00,2026-06-05 05:00:00+00:00,63252.968064,63406.196224,0.0024224659283176297,0.0016224659283176298,6,fixed_6b_exit,0,62980.0,3,0.6363642434260616,89.03503999999973,97.24917000000002,0.6029053192909841,95.20950999999972,-6.249759999999981,-0.0324308332089549,True,fixed_6b,with_cost
downtrend_normalvol_forced_cover_signal,fixed_horizon,6,10317,10318,10324,2026-06-05 19:45:00+00:00,2026-06-05 19:50:00+00:00,2026-06-05 20:20:00+00:00,60227.523096000004,60881.831198,0.010863938418272046,0.010063938418272045,6,fixed_6b_exit,0,59972.0,3,0.515706892238713,21.315519999999736,35.86848999999998,0.49031358837980454,-11.882350000000216,-179.24836999999997,-0.022693276698950937,True,fixed_6b,with_cost
downtrend_normalvol_forced_cover_signal,fixed_horizon,6,39,40,46,2026-05-01 03:15:00+00:00,2026-05-01 03:20:00+00:00,2026-05-01 03:50:00+00:00,77240.71,77149.56,-0.0011800771898654583,-0.0011800771898654583,6,fixed_6b_exit,0,76729.7,3,0.7869739978296629,151.45113,138.86171000000002,0.4737777207669845,-3.2871299999999986,14.339600000000004,-0.0011800771898654583,False,fixed_6b,no_cost
downtrend_normalvol_forced_cover_signal,fixed_horizon,6,628,629,635,2026-05-03 04:20:00+00:00,2026-05-03 04:25:00+00:00,2026-05-03 04:55:00+00:00,78220.62,78163.19,-0.0007342053796044468,-0.0007342053796044468,6,fixed_6b_exit,0,78217.59,3,0.8021692818171012,14.348459999999974,7.940040000000003,0.4203548521037228,-4.764720000000027,-5.264839999999999,-0.0019134161504487102,False,fixed_6b,no_cost
downtrend_normalvol_forced_cover_signal,fixed_horizon,6,980,981,987,2026-05-04 09:40:00+00:00,2026-05-04 09:45:00+00:00,2026-05-04 10:15:00+00:00,79857.56,78391.12,-0.01836319566989031,-0.01836319566989031,6,fixed_6b_exit,0,79823.25,3,0.7378613781305892,74.51010999999994,6.938229999999976,0.4159765772356263,-239.32614000000012,31.616849999999886,-0.020241475385170404,False,fixed_6b,no_cost
downtrend_normalvol_forced_cover_signal,fixed_horizon,6,2936,2937,2943,2026-05-11 04:40:00+00:00,2026-05-11 04:45:00+00:00,2026-05-11 05:15:00+00:00,80822.07,80892.52,0.0008716678501305974,0.0008716678501305974,6,fixed_6b_exit,0,80814.03,3,0.669342448256634,20.88431999999989,3.18347,0.6514963113523758,15.765499999999886,2.868940000000002,-0.019387451378372278,True,fixed_6b,no_cost
downtrend_normalvol_forced_cover_signal,fixed_horizon,6,2945,2946,2952,2026-05-11 05:25:00+00:00,2026-05-11 05:30:00+00:00,2026-05-11 06:00:00+00:00,80963.61,80860.62,-0.0012720529630534383,-0.0012720529630534383,6,fixed_6b_exit,0,80934.57,3,0.7657204379199767,21.73868999999989,11.093860000000003,0.34347321890594207,-81.70183000000009,-6.49212,-0.020634842476453752,False,fixed_6b,no_cost
downtrend_normalvol_forced_cover_signal,fixed_horizon,6,3223,3224,3230,2026-05-12 04:35:00+00:00,2026-05-12 04:40:00+00:00,2026-05-12 05:10:00+00:00,81285.86,81233.51,-0.0006440234500810771,-0.0006440234500810771,6,fixed_6b_exit,0,81227.01,3,0.7294669766379819,45.42385999999989,48.95024,0.1848873352766575,-53.45587000000012,-23.09634,-0.02126557660409123,False,fixed_6b,no_cost
downtrend_normalvol_forced_cover_signal,fixed_horizon,6,3745,3746,3752,2026-05-14 00:05:00+00:00,2026-05-14 00:10:00+00:00,2026-05-14 00:40:00+00:00,79480.34,79647.81,0.002107061947646427,0.002107061947646427,6,fixed_6b_exit,0,79436.72,3,0.6621103171050885,38.04413999999988,1.1940699999999964,0.7354914645678183,54.32472999999989,17.848780000000005,-0.01920332254370205,True,fixed_6b,no_cost
downtrend_normalvol_forced_cover_signal,fixed_horizon,6,3893,3894,3900,2026-05-14 12:25:00+00:00,2026-05-14 12:30:00+00:00,2026-05-14 13:00:00+00:00,79423.19,79848.53,0.005355362835464117,0.005355362835464117,6,fixed_6b_exit,0,79409.44,3,0.7089217148954495,45.256249999999895,10.771170000000005,0.5715791519529954,28.601409999999895,9.642699999999998,-0.013950800468105928,True,fixed_6b,no_cost
downtrend_normalvol_forced_cover_signal,fixed_horizon,6,4112,4113,4119,2026-05-15 06:40:00+00:00,2026-05-15 06:45:00+00:00,2026-05-15 07:15:00+00:00,80601.58,80726.3,0.0015473642079968375,0.0015473642079968375,6,fixed_6b_exit,0,80598.21,3,0.680537071685791,82.33542999999989,61.6658,0.6733630693256941,63.120279999999866,-26.640010000000018,-0.01242502322942629,True,fixed_6b,no_cost
downtrend_normalvol_forced_cover_signal,fixed_horizon,6,4644,4645,4651,2026-05-17 03:00:00+00:00,2026-05-17 03:05:00+00:00,2026-05-17 03:35:00+00:00,77976.9,78048.92,0.0009236068630582572,0.0009236068630582572,6,fixed_6b_exit,0,77938.0,3,0.7080604271325164,34.71533999999988,8.50516,0.5698815608136788,4.466219999999883,3.4247400000000017,-0.01151289220309637,True,fixed_6b,no_cost
downtrend_normalvol_forced_cover_signal,fixed_horizon,6,4805,4806,4812,2026-05-17 16:25:00+00:00,2026-05-17 16:30:00+00:00,2026-05-17 17:00:00+00:00,78141.36,78028.98,-0.001438162837196666,-0.001438162837196666,6,fixed_6b_exit,0,78127.22,3,0.6346360432587586,6.825489999999873,7.986660000000002,0.41237948926568513,-16.644960000000125,1.8955500000000036,-0.012934497626577945,False,fixed_6b,no_cost
downtrend_normalvol_forced_cover_signal,fixed_horizon,6,5212,5213,5219,2026-05-19 02:20:00+00:00,2026-05-19 02:25:00+00:00,2026-05-19 02:55:00+00:00,76990.15,76617.47,-0.004840619222069242,-0.004840619222069242,6,fixed_6b_exit,0,76983.02,3,0.6186532477914702,23.278499999999863,22.82286,0.2991004269142172,-33.59697000000014,6.324889999999996,-0.017712505870808193,False,fixed_6b,no_cost
downtrend_normalvol_forced_cover_signal,fixed_horizon,6,5854,5855,5861,2026-05-21 07:50:00+00:00,2026-05-21 07:55:00+00:00,2026-05-21 08:25:00+00:00,77816.9,78055.35,0.0030642443993529334,0.0030642443993529334,6,fixed_6b_exit,0,77789.57,3,0.8138050987813198,37.523319999999856,13.216570000000004,0.3744146918140107,-28.165110000000155,5.719550000000005,-0.014702536918368425,True,fixed_6b,no_cost
downtrend_normalvol_forced_cover_signal,fixed_horizon,6,7253,7254,7260,2026-05-26 04:25:00+00:00,2026-05-26 04:30:00+00:00,2026-05-26 05:00:00+00:00,76741.99,76764.96,0.00029931462553944854,0.00029931462553944854,6,fixed_6b_exit,0,76705.71,4,0.7318280258303019,48.160069999999806,14.281849999999991,0.5055910556971679,0.4517099999998164,5.372500000000001,-0.014407622977161139,True,fixed_6b,no_cost
downtrend_normalvol_forced_cover_signal,fixed_horizon,6,7483,7484,7490,2026-05-26 23:35:00+00:00,2026-05-26 23:40:00+00:00,2026-05-27 00:10:00+00:00,75952.9,75981.36,0.0003747059032637168,0.0003747059032637168,6,fixed_6b_exit,0,75945.02,3,0.6344168346113561,24.962009999999776,7.156710000000004,0.47000849777076226,-19.438180000000237,18.521980000000006,-0.014038315695278913,True,fixed_6b,no_cost
downtrend_normalvol_forced_cover_signal,fixed_horizon,6,7857,7858,7864,2026-05-28 06:45:00+00:00,2026-05-28 06:50:00+00:00,2026-05-28 07:20:00+00:00,73145.24,73311.58,0.002274105601403509,0.002274105601403509,6,fixed_6b_exit,0,73077.55,4,0.5387033420175219,28.201779999999765,76.24571999999998,0.40280841690459235,-36.79858000000022,-69.71482,-0.011796134706232309,True,fixed_6b,no_cost
downtrend_normalvol_forced_cover_signal,fixed_horizon,6,8121,8122,8128,2026-05-29 04:45:00+00:00,2026-05-29 04:50:00+00:00,2026-05-29 05:20:00+00:00,73444.9,73552.02,0.0014585083511586827,0.0014585083511586827,6,fixed_6b_exit,0,73440.67,3,0.6805301987686335,16.14764999999978,2.7945699999999967,0.4823333897374487,-10.9207600000002,-148.69265,-0.010354831116054064,True,fixed_6b,no_cost
downtrend_normalvol_forced_cover_signal,fixed_horizon,6,9338,9339,9345,2026-06-02 10:10:00+00:00,2026-06-02 10:15:00+00:00,2026-06-02 10:45:00+00:00,69658.0,69480.0,-0.0025553418128571037,-0.0025553418128571037,6,fixed_6b_exit,0,69654.58,5,0.6786696240439092,152.6611799999996,58.81557999999998,0.44913758294979805,-18.718580000000383,-14.560300000000005,-0.012883712795995206,False,fixed_6b,no_cost
downtrend_normalvol_forced_cover_signal,fixed_horizon,6,10133,10134,10140,2026-06-05 04:25:00+00:00,2026-06-05 04:30:00+00:00,2026-06-05 05:00:00+00:00,63240.32,63418.88,0.0028235151245281642,0.0028235151245281642,6,fixed_6b_exit,0,62980.0,3,0.6363642434260616,89.03503999999973,97.24917000000002,0.6029053192909841,95.20950999999972,-6.249759999999981,-0.01009657502940664,True,fixed_6b,no_cost
downtrend_normalvol_forced_cover_signal,fixed_horizon,6,10317,10318,10324,2026-06-05 19:45:00+00:00,2026-06-05 19:50:00+00:00,2026-06-05 20:20:00+00:00,60215.48,60894.01,0.011268364878931347,0.011268364878931347,6,fixed_6b_exit,0,59972.0,3,0.515706892238713,21.315519999999736,35.86848999999998,0.49031358837980454,-11.882350000000216,-179.24836999999997,0.0010580179580659266,True,fixed_6b,no_cost
downtrend_normalvol_forced_cover_signal,fixed_horizon,12,39,40,52,2026-05-01 03:15:00+00:00,2026-05-01 03:20:00+00:00,2026-05-01 04:20:00+00:00,77256.158142,77149.71697,-0.0013777694174794686,-0.0021777694174794685,12,fixed_12b_exit,0,76729.7,3,0.7869739978296629,151.45113,138.86171000000002,0.5780885796375681,14.101420000000005,-0.5421499999999959,-0.0021777694174794915,False,fixed_12b,with_cost
downtrend_normalvol_forced_cover_signal,fixed_horizon,12,628,629,641,2026-05-03 04:20:00+00:00,2026-05-03 04:25:00+00:00,2026-05-03 05:25:00+00:00,78236.264124,78210.51476800001,-0.00032912302610943467,-0.0011291230261094346,12,fixed_12b_exit,0,78217.59,3,0.8021692818171012,14.348459999999974,7.940040000000003,0.2901210600646959,-5.664960000000029,-4.668490000000001,-0.0033044334739941172,False,fixed_12b,with_cost
downtrend_normalvol_forced_cover_signal,fixed_horizon,12,980,981,993,2026-05-04 09:40:00+00:00,2026-05-04 09:45:00+00:00,2026-05-04 10:45:00+00:00,79873.531512,79054.645908,-0.010252277425306655,-0.011052277425306655,12,fixed_12b_exit,0,79823.25,3,0.7378613781305892,74.51010999999994,6.938229999999976,0.37745545970805117,-175.2083800000001,-225.81431000000003,-0.014320189383812743,False,fixed_12b,with_cost
downtrend_normalvol_forced_cover_signal,fixed_horizon,12,2936,2937,2949,2026-05-11 04:40:00+00:00,2026-05-11 04:45:00+00:00,2026-05-11 05:45:00+00:00,80838.234414,80831.12054199999,-8.8001328227727e-05,-0.000888001328227727,12,fixed_12b_exit,0,80814.03,3,0.669342448256634,20.88431999999989,3.18347,0.29380250439455136,-32.957420000000106,-1.3758699999999955,-0.015195474364847139,False,fixed_12b,with_cost
downtrend_normalvol_forced_cover_signal,fixed_horizon,12,3223,3224,3236,2026-05-12 04:35:00+00:00,2026-05-12 04:40:00+00:00,2026-05-12 05:40:00+00:00,81302.117172,81236.23950200001,-0.0008102823430861106,-0.0016102823430861105,12,fixed_12b_exit,0,81227.01,3,0.7294669766379819,45.42385999999989,48.95024,0.3752236045406926,-18.981140000000117,-12.424139999999996,-0.016781287703868775,False,fixed_12b,with_cost
downtrend_normalvol_forced_cover_signal,fixed_horizon,12,3745,3746,3758,2026-05-14 00:05:00+00:00,2026-05-14 00:10:00+00:00,2026-05-14 01:10:00+00:00,79496.236068,79604.765862,0.001365219277893459,0.0005652192778934591,12,fixed_12b_exit,0,79436.72,3,0.6621103171050885,38.04413999999988,1.1940699999999964,0.694992756435158,35.79747999999988,19.89761,-0.016225553533293358,True,fixed_12b,with_cost
downtrend_normalvol_forced_cover_signal,fixed_horizon,12,3893,3894,3906,2026-05-14 12:25:00+00:00,2026-05-14 12:30:00+00:00,2026-05-14 13:30:00+00:00,79439.074638,79887.96921,0.005650803134925386,0.004850803134925386,12,fixed_12b_exit,0,79409.44,3,0.7089217148954495,45.256249999999895,10.771170000000005,0.5466931944577479,28.29259999999989,-50.31851,-0.011453457364313135,True,fixed_12b,with_cost
downtrend_normalvol_forced_cover_signal,fixed_horizon,12,4112,4113,4125,2026-05-15 06:40:00+00:00,2026-05-15 06:45:00+00:00,2026-05-15 07:45:00+00:00,80617.700316,80831.370492,0.0026504126905440017,0.0018504126905440018,12,fixed_12b_exit,0,80598.21,3,0.680537071685791,82.33542999999989,61.6658,0.601170826480704,40.6754899999999,23.78479999999999,-0.00962423829662662,True,fixed_12b,with_cost
downtrend_normalvol_forced_cover_signal,fixed_horizon,12,4644,4645,4657,2026-05-17 03:00:00+00:00,2026-05-17 03:05:00+00:00,2026-05-17 04:05:00+00:00,77992.49538,78039.099058,0.0005975405424964997,-0.00020245945750350036,12,fixed_12b_exit,0,77938.0,3,0.7080604271325164,34.71533999999988,8.50516,0.5623396545006161,5.218929999999883,7.77421,-0.009824749236065689,False,fixed_12b,with_cost
downtrend_normalvol_forced_cover_signal,fixed_horizon,12,4805,4806,4818,2026-05-17 16:25:00+00:00,2026-05-17 16:30:00+00:00,2026-05-17 17:30:00+00:00,78156.988272,77984.390002,-0.0022083536458612496,-0.0030083536458612495,12,fixed_12b_exit,0,78127.22,3,0.6346360432587586,6.825489999999873,7.986660000000002,0.6841936500099826,19.668779999999867,14.240289999999998,-0.012803546561742984,False,fixed_12b,with_cost
downtrend_normalvol_forced_cover_signal,fixed_horizon,12,5212,5213,5225,2026-05-19 02:20:00+00:00,2026-05-19 02:25:00+00:00,2026-05-19 03:25:00+00:00,77005.54802999999,76733.270276,-0.0035358199631787546,-0.004335819963178755,12,fixed_12b_exit,0,76983.02,3,0.6186532477914702,23.278499999999863,22.82286,0.4183311735586485,-10.29790000000013,-1.4809499999999964,-0.017083852652139853,False,fixed_12b,with_cost
downtrend_normalvol_forced_cover_signal,fixed_horizon,12,5854,5855,5867,2026-05-21 07:50:00+00:00,2026-05-21 07:55:00+00:00,2026-05-21 08:55:00+00:00,77832.46337999999,77909.04507400001,0.0009839299782421485,0.0001839299782421484,12,fixed_12b_exit,0,77789.57,3,0.8138050987813198,37.523319999999856,13.216570000000004,0.4598857908014411,-3.192300000000154,17.983870000000003,-0.016903064906544252,True,fixed_12b,with_cost
downtrend_normalvol_forced_cover_signal,fixed_horizon,12,7253,7254,7266,2026-05-26 04:25:00+00:00,2026-05-26 04:30:00+00:00,2026-05-26 05:30:00+00:00,76757.338398,76880.530818,0.0016049595070795064,0.0008049595070795064,12,fixed_12b_exit,0,76705.71,4,0.7318280258303019,48.160069999999806,14.281849999999991,0.7502600122316178,67.87020999999983,-24.077749999999995,-0.01611171168226,True,fixed_12b,with_cost
downtrend_normalvol_forced_cover_signal,fixed_horizon,12,7483,7484,7496,2026-05-26 23:35:00+00:00,2026-05-26 23:40:00+00:00,2026-05-27 00:40:00+00:00,75968.09057999999,75955.55585,-0.00016499993489749176,-0.0009649999348974918,12,fixed_12b_exit,0,75945.02,3,0.6344168346113561,24.962009999999776,7.156710000000004,0.6624319505719726,27.26993999999978,10.441600000000001,-0.017061163816433078,False,fixed_12b,with_cost
downtrend_normalvol_forced_cover_signal,fixed_horizon,12,7857,7858,7870,2026-05-28 06:45:00+00:00,2026-05-28 06:50:00+00:00,2026-05-28 07:50:00+00:00,73159.86904800001,73411.734716,0.0034426752163094765,0.0026426752163094766,12,fixed_12b_exit,0,73077.55,4,0.5387033420175219,28.201779999999765,76.24571999999998,0.6054165442087392,49.82104999999979,-60.21885,-0.014463575714902643,True,fixed_12b,with_cost
downtrend_normalvol_forced_cover_signal,fixed_horizon,12,8121,8122,8134,2026-05-29 04:45:00+00:00,2026-05-29 04:50:00+00:00,2026-05-29 05:50:00+00:00,73459.58897999999,73652.56654,0.0026269893785078047,0.0018269893785078047,12,fixed_12b_exit,0,73440.67,3,0.6805301987686335,16.14764999999978,2.7945699999999967,0.47506952373769945,-10.069370000000212,-74.74575999999999,-0.012663011135601088,True,fixed_12b,with_cost
downtrend_normalvol_forced_cover_signal,fixed_horizon,12,9338,9339,9351,2026-06-02 10:10:00+00:00,2026-06-02 10:15:00+00:00,2026-06-02 11:15:00+00:00,69671.9316,69436.119998,-0.003384599746047545,-0.004184599746047546,12,fixed_12b_exit,0,69654.58,5,0.6786696240439092,152.6611799999996,58.81557999999998,0.41342315891679315,-18.689360000000374,-15.456420000000007,-0.016794621248466424,False,fixed_12b,with_cost
downtrend_normalvol_forced_cover_signal,fixed_horizon,12,10133,10134,10146,2026-06-05 04:25:00+00:00,2026-06-05 04:30:00+00:00,2026-06-05 05:30:00+00:00,63252.968064,63329.011664000005,0.0012022139407443788,0.0004022139407443788,12,fixed_12b_exit,0,62980.0,3,0.6363642434260616,89.03503999999973,97.24917000000002,0.6117372413505838,48.9320799999997,-26.700489999999988,-0.01639916233851757,True,fixed_12b,with_cost
downtrend_normalvol_forced_cover_signal,fixed_horizon,12,10317,10318,10330,2026-06-05 19:45:00+00:00,2026-06-05 19:50:00+00:00,2026-06-05 20:50:00+00:00,60227.523096000004,61498.137912000006,0.02109691301723804,0.02029691301723804,12,fixed_12b_exit,0,59972.0,3,0.515706892238713,21.315519999999736,35.86848999999998,0.5320372713913566,40.619439999999784,1.8651499999999999,0.0035648983071800977,True,fixed_12b,with_cost
downtrend_normalvol_forced_cover_signal,fixed_horizon,12,39,40,52,2026-05-01 03:15:00+00:00,2026-05-01 03:20:00+00:00,2026-05-01 04:20:00+00:00,77240.71,77165.15,-0.0009782406194869253,-0.0009782406194869253,12,fixed_12b_exit,0,76729.7,3,0.7869739978296629,151.45113,138.86171000000002,0.5780885796375681,14.101420000000005,-0.5421499999999959,-0.0009782406194869253,False,fixed_12b,no_cost
downtrend_normalvol_forced_cover_signal,fixed_horizon,12,628,629,641,2026-05-03 04:20:00+00:00,2026-05-03 04:25:00+00:00,2026-05-03 05:25:00+00:00,78220.62,78226.16,7.082531434821071e-05,7.082531434821071e-05,12,fixed_12b_exit,0,78217.59,3,0.8021692818171012,14.348459999999974,7.940040000000003,0.2901210600646959,-5.664960000000029,-4.668490000000001,-0.0009074845893380923,True,fixed_12b,no_cost
downtrend_normalvol_forced_cover_signal,fixed_horizon,12,980,981,993,2026-05-04 09:40:00+00:00,2026-05-04 09:45:00+00:00,2026-05-04 10:45:00+00:00,79857.56,79070.46,-0.009856299140619806,-0.009856299140619806,12,fixed_12b_exit,0,79823.25,3,0.7378613781305892,74.51010999999994,6.938229999999976,0.37745545970805117,-175.2083800000001,-225.81431000000003,-0.010754839290379903,False,fixed_12b,no_cost
downtrend_normalvol_forced_cover_signal,fixed_horizon,12,2936,2937,2949,2026-05-11 04:40:00+00:00,2026-05-11 04:45:00+00:00,2026-05-11 05:45:00+00:00,80822.07,80847.29,0.0003120434802026395,0.0003120434802026395,12,fixed_12b_exit,0,80814.03,3,0.669342448256634,20.88431999999989,3.18347,0.29380250439455136,-32.957420000000106,-1.3758699999999955,-0.010446151787658509,True,fixed_12b,no_cost
downtrend_normalvol_forced_cover_signal,fixed_horizon,12,3223,3224,3236,2026-05-12 04:35:00+00:00,2026-05-12 04:40:00+00:00,2026-05-12 05:40:00+00:00,81285.86,81252.49,-0.00041052650485573494,-0.00041052650485573494,12,fixed_12b_exit,0,81227.01,3,0.7294669766379819,45.42385999999989,48.95024,0.3752236045406926,-18.981140000000117,-12.424139999999996,-0.010852389870331658,False,fixed_12b,no_cost
downtrend_normalvol_forced_cover_signal,fixed_horizon,12,3745,3746,3758,2026-05-14 00:05:00+00:00,2026-05-14 00:10:00+00:00,2026-05-14 01:10:00+00:00,79480.34,79620.69,0.0017658454908473509,0.0017658454908473509,12,fixed_12b_exit,0,79436.72,3,0.6621103171050885,38.04413999999988,1.1940699999999964,0.694992756435158,35.79747999999988,19.89761,-0.009105708023201764,True,fixed_12b,no_cost
downtrend_normalvol_forced_cover_signal,fixed_horizon,12,3893,3894,3906,2026-05-14 12:25:00+00:00,2026-05-14 12:30:00+00:00,2026-05-14 13:30:00+00:00,79423.19,79903.95,0.006053143924337423,0.006053143924337423,12,fixed_12b_exit,0,79409.44,3,0.7089217148954495,45.256249999999895,10.771170000000005,0.5466931944577479,28.29259999999989,-50.31851,-0.0031076822600617504,True,fixed_12b,no_cost
downtrend_normalvol_forced_cover_signal,fixed_horizon,12,4112,4113,4125,2026-05-15 06:40:00+00:00,2026-05-15 06:45:00+00:00,2026-05-15 07:45:00+00:00,80601.58,80847.54,0.0030515530836987548,0.0030515530836987548,12,fixed_12b_exit,0,80598.21,3,0.680537071685791,82.33542999999989,61.6658,0.601170826480704,40.6754899999999,23.78479999999999,-6.561243374680892e-05,True,fixed_12b,no_cost
downtrend_normalvol_forced_cover_signal,fixed_horizon,12,4644,4645,4657,2026-05-17 03:00:00+00:00,2026-05-17 03:05:00+00:00,2026-05-17 04:05:00+00:00,77976.9,78054.71,0.0009978596225292957,0.0009978596225292957,12,fixed_12b_exit,0,77938.0,3,0.7080604271325164,34.71533999999988,8.50516,0.5623396545006161,5.218929999999883,7.77421,0.0009321817167842195,True,fixed_12b,no_cost
downtrend_normalvol_forced_cover_signal,fixed_horizon,12,4805,4806,4818,2026-05-17 16:25:00+00:00,2026-05-17 16:30:00+00:00,2026-05-17 17:30:00+00:00,78141.36,77999.99,-0.0018091571480198798,-0.0018091571480198798,12,fixed_12b_exit,0,78127.22,3,0.6346360432587586,6.825489999999873,7.986660000000002,0.6841936500099826,19.668779999999867,14.240289999999998,-0.0008786618944518487,False,fixed_12b,no_cost
downtrend_normalvol_forced_cover_signal,fixed_horizon,12,5212,5213,5225,2026-05-19 02:20:00+00:00,2026-05-19 02:25:00+00:00,2026-05-19 03:25:00+00:00,76990.15,76748.62,-0.003137154558083055,-0.003137154558083055,12,fixed_12b_exit,0,76983.02,3,0.6186532477914702,23.278499999999863,22.82286,0.4183311735586485,-10.29790000000013,-1.4809499999999964,-0.004013059954367737,False,fixed_12b,no_cost
downtrend_normalvol_forced_cover_signal,fixed_horizon,12,5854,5855,5867,2026-05-21 07:50:00+00:00,2026-05-21 07:55:00+00:00,2026-05-21 08:55:00+00:00,77816.9,77924.63,0.0013844036449666142,0.0013844036449666142,12,fixed_12b_exit,0,77789.57,3,0.8138050987813198,37.523319999999856,13.216570000000004,0.4598857908014411,-3.192300000000154,17.983870000000003,-0.0026342120042294193,True,fixed_12b,no_cost
downtrend_normalvol_forced_cover_signal,fixed_horizon,12,7253,7254,7266,2026-05-26 04:25:00+00:00,2026-05-26 04:30:00+00:00,2026-05-26 05:30:00+00:00,76741.99,76895.91,0.00200568163530801,0.00200568163530801,12,fixed_12b_exit,0,76705.71,4,0.7318280258303019,48.160069999999806,14.281849999999991,0.7502600122316178,67.87020999999983,-24.077749999999995,-0.0006338137595618409,True,fixed_12b,no_cost
downtrend_normalvol_forced_cover_signal,fixed_horizon,12,7483,7484,7496,2026-05-26 23:35:00+00:00,2026-05-26 23:40:00+00:00,2026-05-27 00:40:00+00:00,75952.9,75970.75,0.00023501406792902912,0.00023501406792902912,12,fixed_12b_exit,0,75945.02,3,0.6344168346113561,24.962009999999776,7.156710000000004,0.6624319505719726,27.26993999999978,10.441600000000001,-0.00039894864678280406,True,fixed_12b,no_cost
downtrend_normalvol_forced_cover_signal,fixed_horizon,12,7857,7858,7870,2026-05-28 06:45:00+00:00,2026-05-28 06:50:00+00:00,2026-05-28 07:50:00+00:00,73145.24,73426.42,0.003844132577868198,0.003844132577868198,12,fixed_12b_exit,0,73077.55,4,0.5387033420175219,28.201779999999765,76.24571999999998,0.6054165442087392,49.82104999999979,-60.21885,0.0034436503195953705,True,fixed_12b,no_cost
downtrend_normalvol_forced_cover_signal,fixed_horizon,12,8121,8122,8134,2026-05-29 04:45:00+00:00,2026-05-29 04:50:00+00:00,2026-05-29 05:50:00+00:00,73444.9,73667.3,0.0030281204004636297,0.0030281204004636297,12,fixed_12b_exit,0,73440.67,3,0.6805301987686335,16.14764999999978,2.7945699999999967,0.47506952373769945,-10.069370000000212,-74.74575999999999,0.006482198507843817,True,fixed_12b,no_cost
downtrend_normalvol_forced_cover_signal,fixed_horizon,12,9338,9339,9351,2026-06-02 10:10:00+00:00,2026-06-02 10:15:00+00:00,2026-06-02 11:15:00+00:00,69658.0,69450.01,-0.0029858738407649854,-0.0029858738407649854,12,fixed_12b_exit,0,69654.58,5,0.6786696240439092,152.6611799999996,58.81557999999998,0.41342315891679315,-18.689360000000374,-15.456420000000007,0.0034769696401235617,False,fixed_12b,no_cost
downtrend_normalvol_forced_cover_signal,fixed_horizon,12,10133,10134,10146,2026-06-05 04:25:00+00:00,2026-06-05 04:30:00+00:00,2026-06-05 05:30:00+00:00,63240.32,63341.68,0.001602774938520346,0.001602774938520346,12,fixed_12b_exit,0,62980.0,3,0.6363642434260616,89.03503999999973,97.24917000000002,0.6117372413505838,48.9320799999997,-26.700489999999988,0.005085317378445087,True,fixed_12b,no_cost
downtrend_normalvol_forced_cover_signal,fixed_horizon,12,10317,10318,10330,2026-06-05 19:45:00+00:00,2026-06-05 19:50:00+00:00,2026-06-05 20:50:00+00:00,60215.48,61510.44,0.021505433486538772,0.021505433486538772,12,fixed_12b_exit,0,59972.0,3,0.515706892238713,21.315519999999736,35.86848999999998,0.5320372713913566,40.619439999999784,1.8651499999999999,0.026700112819624033,True,fixed_12b,no_cost
downtrend_highvol_forced_cover_signal,adaptive,,881,882,885,2026-05-04 01:25:00+00:00,2026-05-04 01:30:00+00:00,2026-05-04 01:45:00+00:00,78621.411138,78964.433954,0.004362969463851396,0.003562969463851396,3,false_squeeze,3,78585.86,4,0.6687443949436331,33.08244999999995,9.808639999999997,0.3720234393101028,-23.66282000000005,-36.62149000000001,0.003562969463851484,True,adaptive,with_cost
downtrend_highvol_forced_cover_signal,adaptive,,1455,1456,1468,2026-05-06 01:15:00+00:00,2026-05-06 01:20:00+00:00,2026-05-06 02:20:00+00:00,81303.85752,81273.502048,-0.0003733583242657712,-0.0011733583242657711,12,time_stop,1,81262.28,3,0.6651863353939748,42.08853999999991,17.0036,0.6921915468425677,32.02574999999991,-21.03199,0.002385430499706187,False,adaptive,with_cost
downtrend_highvol_forced_cover_signal,adaptive,,1943,1944,1947,2026-05-07 17:55:00+00:00,2026-05-07 18:00:00+00:00,2026-05-07 18:15:00+00:00,80110.538904,80153.966,0.0005420896750181203,-0.0002579103249818797,3,false_squeeze,3,79948.66,3,0.6189537486851147,44.76761999999988,24.85457,0.4817457741150509,-4.215260000000111,-13.231220000000004,0.0021269049475689528,False,adaptive,with_cost
downtrend_highvol_forced_cover_signal,adaptive,,2060,2061,2063,2026-05-08 03:40:00+00:00,2026-05-08 03:45:00+00:00,2026-05-08 03:55:00+00:00,79662.059226,79562.93423000001,-0.001244318775626474,-0.002044318775626474,2,false_squeeze,4,79642.55,3,0.6304708710788978,15.850759999999879,8.35204,0.4636009804367196,-4.516220000000119,-3.4663000000000004,7.823810022422606e-05,False,adaptive,with_cost
downtrend_highvol_forced_cover_signal,adaptive,,3663,3664,3671,2026-05-13 17:15:00+00:00,2026-05-13 17:20:00+00:00,2026-05-13 17:55:00+00:00,79315.86,79499.067006,0.002309840755682302,0.001509840755682302,7,false_squeeze,3,79238.6,4,0.5148592605461588,6.578969999999888,6.329630000000002,0.4575644955528459,-12.864470000000122,-14.066880000000005,0.0015881969829789622,True,adaptive,with_cost
downtrend_highvol_forced_cover_signal,adaptive,,3673,3674,3680,2026-05-13 18:05:00+00:00,2026-05-13 18:10:00+00:00,2026-05-13 18:40:00+00:00,79613.649546,79631.360542,0.0002224618027308889,-0.0005775381972691111,6,false_squeeze,3,79596.27,3,0.6460493835505687,37.59474999999989,22.361250000000005,0.47507059030493065,-7.726000000000123,-52.70878999999999,0.0010097415412873012,False,adaptive,with_cost
downtrend_highvol_forced_cover_signal,adaptive,,5090,5091,5093,2026-05-18 16:10:00+00:00,2026-05-18 16:15:00+00:00,2026-05-18 16:25:00+00:00,76524.521844,76263.084332,-0.003416388703910589,-0.004216388703910589,2,false_squeeze,4,76485.29,3,0.42926045439166727,-54.29889000000012,26.859699999999982,0.3965928557650251,-79.86457000000016,-10.182390000000012,-0.003210904625451816,False,adaptive,with_cost
downtrend_highvol_forced_cover_signal,adaptive,,6250,6251,6253,2026-05-22 16:50:00+00:00,2026-05-22 16:55:00+00:00,2026-05-22 17:05:00+00:00,77014.85989200001,76933.79016399999,-0.0010526504639974954,-0.0018526504639974953,2,false_squeeze,4,76975.1,5,0.7377154300753295,95.95592999999985,40.94180000000001,0.3907923295647681,-20.369620000000168,-47.07983000000001,-0.005057606405505122,False,adaptive,with_cost
downtrend_highvol_forced_cover_signal,adaptive,,6816,6817,6822,2026-05-24 16:00:00+00:00,2026-05-24 16:05:00+00:00,2026-05-24 16:30:00+00:00,76584.003738,76543.418254,-0.0005299472738307109,-0.0013299472738307109,5,false_squeeze,3,76539.38,4,0.5581474276006726,20.316409999999827,21.17819,0.4380223144086861,-6.213320000000169,-27.412099999999988,-0.006380827329484751,False,adaptive,with_cost
downtrend_highvol_forced_cover_signal,adaptive,,7671,7672,7676,2026-05-27 15:15:00+00:00,2026-05-27 15:20:00+00:00,2026-05-27 15:40:00+00:00,75236.124216,75186.969598,-0.0006533379877314838,-0.0014533379877314837,4,false_squeeze,3,75172.87,3,0.6234161388794356,43.24501999999979,40.585409999999996,0.48999414947689396,-3.023720000000205,-7.7722,-0.00782489181846513,False,adaptive,with_cost
downtrend_highvol_forced_cover_signal,adaptive,,7716,7717,7719,2026-05-27 19:00:00+00:00,2026-05-27 19:05:00+00:00,2026-05-27 19:15:00+00:00,75066.91037999999,74988.9992,-0.001037889791994706,-0.001837889791994706,2,false_squeeze,4,75032.01,3,0.7019501613946663,57.10097999999979,1.5047599999999974,0.47495243166520273,-5.710540000000208,-5.386859999999999,-0.009648400321663253,False,adaptive,with_cost
downtrend_highvol_forced_cover_signal,adaptive,,8244,8245,8248,2026-05-29 15:00:00+00:00,2026-05-29 15:05:00+00:00,2026-05-29 15:20:00+00:00,73328.602788,73587.2796,0.0035276386316516195,0.0027276386316516196,3,false_squeeze,3,73198.17,5,0.6500951573594487,139.25828999999976,35.74498,0.4658193223262545,-24.964210000000225,-213.28117000000003,-0.006947079039462567,True,adaptive,with_cost
downtrend_highvol_forced_cover_signal,adaptive,,8825,8826,8828,2026-05-31 15:25:00+00:00,2026-05-31 15:30:00+00:00,2026-05-31 15:40:00+00:00,73763.409732,73623.732308,-0.0018935868678993106,-0.0026935868678993106,2,false_squeeze,4,73742.0,3,0.7170075872737713,28.465379999999723,20.5799,0.43208016209774935,-8.333180000000274,-25.80489,-0.009621953346490963,False,adaptive,with_cost
downtrend_highvol_forced_cover_signal,adaptive,,8850,8851,8858,2026-05-31 17:30:00+00:00,2026-05-31 17:35:00+00:00,2026-05-31 18:10:00+00:00,73674.98204999999,73639.2692,-0.00048473510282986965,-0.0012847351028298696,7,false_squeeze,3,73610.36,3,0.7465909592783798,16.415209999999725,13.225670000000001,0.3123487142358246,-18.785500000000283,-19.767930000000003,-0.010894326788098874,False,adaptive,with_cost
downtrend_highvol_forced_cover_signal,adaptive,,9035,9036,9038,2026-06-01 08:55:00+00:00,2026-06-01 09:00:00+00:00,2026-06-01 09:10:00+00:00,72917.22052799999,72958.74533199999,0.0005694787006322866,-0.00023052129936771348,2,false_squeeze,3,72865.58,4,0.7317682861651428,59.93055999999973,109.96245,0.48917322914030786,-2.953170000000256,-67.61092999999998,-0.0111223367130997,False,adaptive,with_cost
downtrend_highvol_forced_cover_signal,adaptive,,9129,9130,9130,2026-06-01 16:45:00+00:00,2026-06-01 16:50:00+00:00,2026-06-01 16:50:00+00:00,71394.045954,71411.86477,0.00024958406211461615,-0.0005504159378853839,0,extreme_vol_exit,0,71356.0,3,0.5819339098730052,133.02346999999975,-207.13461000000007,0.5027932667634437,2.0858999999996684,-130.93757000000008,-0.011666630739591732,False,adaptive,with_cost
downtrend_highvol_forced_cover_signal,adaptive,,9270,9271,9273,2026-06-02 04:30:00+00:00,2026-06-02 04:35:00+00:00,2026-06-02 04:45:00+00:00,71044.19599800001,70895.798004,-0.0020888123500502065,-0.0028888123500502064,2,false_squeeze,4,71028.25,3,0.6132697817007485,27.61560999999966,16.302759999999992,0.46771404636366326,-6.484730000000344,-24.44857,-0.01452174038267795,False,adaptive,with_cost
downtrend_highvol_forced_cover_signal,adaptive,,9507,9508,9510,2026-06-03 00:15:00+00:00,2026-06-03 00:20:00+00:00,2026-06-03 00:30:00+00:00,67099.137144,66750.28872998834,-0.005198999999999843,-0.005998999999999843,2,stop_loss,0,66912.0,3,0.5548485860125352,50.51424999999954,109.22464,0.49746887362999176,-0.9977200000004736,-63.95442000000001,-0.020433624462122157,False,adaptive,with_cost
downtrend_highvol_forced_cover_signal,adaptive,,10169,10170,10171,2026-06-05 07:25:00+00:00,2026-06-05 07:30:00+00:00,2026-06-05 07:35:00+00:00,62265.390588,62755.4464,0.007870436648227619,0.0070704366482276185,1,extreme_vol_exit,0,62203.29,3,0.5833030952443384,86.53159999999971,52.9136,0.5961791145731206,151.49794999999978,14.047530000000052,-0.01350766246114754,True,adaptive,with_cost
downtrend_highvol_forced_cover_signal,adaptive,,881,882,885,2026-05-04 01:25:00+00:00,2026-05-04 01:30:00+00:00,2026-05-04 01:45:00+00:00,78605.69,78980.23,0.004764795016747536,0.004764795016747536,3,false_squeeze,3,78585.86,4,0.6687443949436331,33.08244999999995,9.808639999999997,0.3720234393101028,-23.66282000000005,-36.62149000000001,0.004764795016747536,True,adaptive,no_cost
downtrend_highvol_forced_cover_signal,adaptive,,1455,1456,1468,2026-05-06 01:15:00+00:00,2026-05-06 01:20:00+00:00,2026-05-06 02:20:00+00:00,81287.6,81289.76,2.6572318533091277e-05,2.6572318533091277e-05,12,time_stop,1,81262.28,3,0.6651863353939748,42.08853999999991,17.0036,0.6921915468425677,32.02574999999991,-21.03199,0.004791493946931569,True,adaptive,no_cost
downtrend_highvol_forced_cover_signal,adaptive,,1943,1944,1947,2026-05-07 17:55:00+00:00,2026-05-07 18:00:00+00:00,2026-05-07 18:15:00+00:00,80094.52,80170.0,0.0009423865702671286,0.0009423865702671286,3,false_squeeze,3,79948.66,3,0.6189537486851147,44.76761999999988,24.85457,0.4817457741150509,-4.215260000000111,-13.231220000000004,0.0057383959567458565,True,adaptive,no_cost
downtrend_highvol_forced_cover_signal,adaptive,,2060,2061,2063,2026-05-08 03:40:00+00:00,2026-05-08 03:45:00+00:00,2026-05-08 03:55:00+00:00,79646.13,79578.85,-0.0008447365866991463,-0.0008447365866991463,2,false_squeeze,4,79642.55,3,0.6304708710788978,15.850759999999879,8.35204,0.4636009804367196,-4.516220000000119,-3.4663000000000004,0.004888811937033166,False,adaptive,no_cost
downtrend_highvol_forced_cover_signal,adaptive,,3663,3664,3671,2026-05-13 17:15:00+00:00,2026-05-13 17:20:00+00:00,2026-05-13 17:55:00+00:00,79300.0,79514.97,0.0027108448928121476,0.0027108448928121476,7,false_squeeze,3,79238.6,4,0.5148592605461588,6.578969999999888,6.329630000000002,0.4575644955528459,-12.864470000000122,-14.066880000000005,0.007612909640716703,True,adaptive,no_cost
downtrend_highvol_forced_cover_signal,adaptive,,3673,3674,3680,2026-05-13 18:05:00+00:00,2026-05-13 18:10:00+00:00,2026-05-13 18:40:00+00:00,79597.73,79647.29,0.0006226308212557985,0.0006226308212557985,6,false_squeeze,3,79596.27,3,0.6460493835505687,37.59474999999989,22.361250000000005,0.47507059030493065,-7.726000000000123,-52.70878999999999,0.00824028049415415,True,adaptive,no_cost
downtrend_highvol_forced_cover_signal,adaptive,,5090,5091,5093,2026-05-18 16:10:00+00:00,2026-05-18 16:15:00+00:00,2026-05-18 16:25:00+00:00,76509.22,76278.34,-0.003017675516754803,-0.003017675516754803,2,false_squeeze,4,76485.29,3,0.42926045439166727,-54.29889000000012,26.859699999999982,0.3965928557650251,-79.86457000000016,-10.182390000000012,0.005197738484700842,False,adaptive,no_cost
downtrend_highvol_forced_cover_signal,adaptive,,6250,6251,6253,2026-05-22 16:50:00+00:00,2026-05-22 16:55:00+00:00,2026-05-22 17:05:00+00:00,76999.46,76949.18,-0.0006529915924087248,-0.0006529915924087248,2,false_squeeze,4,76975.1,5,0.7377154300753295,95.95592999999985,40.94180000000001,0.3907923295647681,-20.369620000000168,-47.07983000000001,0.004541352812762023,False,adaptive,no_cost
downtrend_highvol_forced_cover_signal,adaptive,,6816,6817,6822,2026-05-24 16:00:00+00:00,2026-05-24 16:05:00+00:00,2026-05-24 16:30:00+00:00,76568.69,76558.73,-0.00013007927914143735,-0.00013007927914143735,5,false_squeeze,3,76539.38,4,0.5581474276006726,20.316409999999827,21.17819,0.4380223144086861,-6.213320000000169,-27.412099999999988,0.004410682797720389,False,adaptive,no_cost
downtrend_highvol_forced_cover_signal,adaptive,,7671,7672,7676,2026-05-27 15:15:00+00:00,2026-05-27 15:20:00+00:00,2026-05-27 15:40:00+00:00,75221.08,75202.01,-0.00025351935920103763,-0.00025351935920103763,4,false_squeeze,3,75172.87,3,0.6234161388794356,43.24501999999979,40.585409999999996,0.48999414947689396,-3.023720000000205,-7.7722,0.004156045245042872,False,adaptive,no_cost
downtrend_highvol_forced_cover_signal,adaptive,,7716,7717,7719,2026-05-27 19:00:00+00:00,2026-05-27 19:05:00+00:00,2026-05-27 19:15:00+00:00,75051.9,75004.0,-0.0006382250149562507,-0.0006382250149562507,2,false_squeeze,4,75032.01,3,0.7019501613946663,57.10097999999979,1.5047599999999974,0.47495243166520273,-5.710540000000208,-5.386859999999999,0.003515167738048053,False,adaptive,no_cost
downtrend_highvol_forced_cover_signal,adaptive,,8244,8245,8248,2026-05-29 15:00:00+00:00,2026-05-29 15:05:00+00:00,2026-05-29 15:20:00+00:00,73313.94,73602.0,0.0039291299853752015,0.0039291299853752015,3,false_squeeze,3,73198.17,5,0.6500951573594487,139.25828999999976,35.74498,0.4658193223262545,-24.964210000000225,-213.28117000000003,0.007458109274386393,True,adaptive,no_cost
downtrend_highvol_forced_cover_signal,adaptive,,8825,8826,8828,2026-05-31 15:25:00+00:00,2026-05-31 15:30:00+00:00,2026-05-31 15:40:00+00:00,73748.66,73638.46,-0.0014942644381605863,-0.0014942644381605863,2,false_squeeze,4,73742.0,3,0.7170075872737713,28.465379999999723,20.5799,0.43208016209774935,-8.333180000000274,-25.80489,0.005952700448761172,False,adaptive,no_cost
downtrend_highvol_forced_cover_signal,adaptive,,8850,8851,8858,2026-05-31 17:30:00+00:00,2026-05-31 17:35:00+00:00,2026-05-31 18:10:00+00:00,73660.25,73654.0,-8.484901965444269e-05,-8.484901965444269e-05,7,false_squeeze,3,73610.36,3,0.7465909592783798,16.415209999999725,13.225670000000001,0.3123487142358246,-18.785500000000283,-19.767930000000003,0.005867346348309432,False,adaptive,no_cost
downtrend_highvol_forced_cover_signal,adaptive,,9035,9036,9038,2026-06-01 08:55:00+00:00,2026-06-01 09:00:00+00:00,2026-06-01 09:10:00+00:00,72902.64,72973.34,0.0009697865536830719,0.0009697865536830719,2,false_squeeze,3,72865.58,4,0.7317682861651428,59.93055999999973,109.96245,0.48917322914030786,-2.953170000000256,-67.61092999999998,0.006842822975586804,True,adaptive,no_cost
downtrend_highvol_forced_cover_signal,adaptive,,9129,9130,9130,2026-06-01 16:45:00+00:00,2026-06-01 16:50:00+00:00,2026-06-01 16:50:00+00:00,71379.77,71426.15,0.000649763931713343,0.000649763931713343,0,extreme_vol_exit,0,71356.0,3,0.5819339098730052,133.02346999999975,-207.13461000000007,0.5027932667634437,2.0858999999996684,-130.93757000000008,0.007497033126860675,True,adaptive,no_cost
downtrend_highvol_forced_cover_signal,adaptive,,9270,9271,9273,2026-06-02 04:30:00+00:00,2026-06-02 04:35:00+00:00,2026-06-02 04:45:00+00:00,71029.99,70909.98,-0.0016895680261254098,-0.0016895680261254098,2,false_squeeze,4,71028.25,3,0.6132697817007485,27.61560999999966,16.302759999999992,0.46771404636366326,-6.484730000000344,-24.44857,0.005794798353273345,False,adaptive,no_cost
downtrend_highvol_forced_cover_signal,adaptive,,9507,9508,9510,2026-06-03 00:15:00+00:00,2026-06-03 00:20:00+00:00,2026-06-03 00:30:00+00:00,67085.72,66750.2914,-0.0050000000000000044,-0.0050000000000000044,2,stop_loss,0,66912.0,3,0.5548485860125352,50.51424999999954,109.22464,0.49746887362999176,-0.9977200000004736,-63.95442000000001,0.0007658243615069615,False,adaptive,no_cost
downtrend_highvol_forced_cover_signal,adaptive,,10169,10170,10171,2026-06-05 07:25:00+00:00,2026-06-05 07:30:00+00:00,2026-06-05 07:35:00+00:00,62252.94,62768.0,0.008273665468650826,0.008273665468650826,1,extreme_vol_exit,0,62203.29,3,0.5833030952443384,86.53159999999971,52.9136,0.5961791145731206,151.49794999999978,14.047530000000052,0.009045826004732582,True,adaptive,no_cost
downtrend_highvol_forced_cover_signal,fixed_horizon,6,881,882,888,2026-05-04 01:25:00+00:00,2026-05-04 01:30:00+00:00,2026-05-04 02:00:00+00:00,78621.411138,79714.063998,0.013897650069929712,0.013097650069929712,6,fixed_6b_exit,0,78585.86,4,0.6687443949436331,33.08244999999995,9.808639999999997,0.6352006666777386,469.0757900000001,227.35783000000006,0.0130976500699298,True,fixed_6b,with_cost
downtrend_highvol_forced_cover_signal,fixed_horizon,6,1455,1456,1462,2026-05-06 01:15:00+00:00,2026-05-06 01:20:00+00:00,2026-05-06 01:50:00+00:00,81303.85752,81430.400662,0.0015564223624797702,0.0007564223624797701,6,fixed_6b_exit,0,81262.28,3,0.6651863353939748,42.08853999999991,17.0036,0.7336136632052164,113.39374999999993,50.06621000000001,0.013863979787818392,True,fixed_6b,with_cost
downtrend_highvol_forced_cover_signal,fixed_horizon,6,1943,1944,1950,2026-05-07 17:55:00+00:00,2026-05-07 18:00:00+00:00,2026-05-07 18:30:00+00:00,80110.538904,80167.543284,0.0007115715457650662,-8.842845423493383e-05,6,fixed_6b_exit,0,79948.66,3,0.6189537486851147,44.76761999999988,24.85457,0.381618218752479,-19.751020000000118,1.8678599999999967,0.013774325363281159,False,fixed_6b,with_cost
downtrend_highvol_forced_cover_signal,fixed_horizon,6,2060,2061,2067,2026-05-08 03:40:00+00:00,2026-05-08 03:45:00+00:00,2026-05-08 04:15:00+00:00,79662.059226,79710.15478000001,0.0006037447998119561,-0.00019625520018804398,6,fixed_6b_exit,0,79642.55,3,0.6304708710788978,15.850759999999879,8.35204,0.6133239405128232,17.556919999999888,5.44652,0.013575366880111517,False,fixed_6b,with_cost
downtrend_highvol_forced_cover_signal,fixed_horizon,6,3663,3664,3670,2026-05-13 17:15:00+00:00,2026-05-13 17:20:00+00:00,2026-05-13 17:50:00+00:00,79315.86,79450.166788,0.001693315662214312,0.0008933156622143119,6,fixed_6b_exit,0,79238.6,4,0.5148592605461588,6.578969999999888,6.329630000000002,0.5044565417775443,1.2024099999998832,-0.3366399999999956,0.01448080963018028,True,fixed_6b,with_cost
downtrend_highvol_forced_cover_signal,fixed_horizon,6,3673,3674,3680,2026-05-13 18:05:00+00:00,2026-05-13 18:10:00+00:00,2026-05-13 18:40:00+00:00,79613.649546,79631.360542,0.0002224618027308889,-0.0005775381972691111,6,fixed_6b_exit,0,79596.27,3,0.6460493835505687,37.59474999999989,22.361250000000005,0.47507059030493065,-7.726000000000123,-52.70878999999999,0.01389490821222239,False,fixed_6b,with_cost
downtrend_highvol_forced_cover_signal,fixed_horizon,6,5090,5091,5097,2026-05-18 16:10:00+00:00,2026-05-18 16:15:00+00:00,2026-05-18 16:45:00+00:00,76524.521844,76418.78318600002,-0.0013817617601785681,-0.002181761760178568,6,fixed_6b_exit,0,76485.29,3,0.42926045439166727,-54.29889000000012,26.859699999999982,0.4037640648923462,-50.009200000000135,-33.01601,0.011682831072645117,False,fixed_6b,with_cost
downtrend_highvol_forced_cover_signal,fixed_horizon,6,6250,6251,6257,2026-05-22 16:50:00+00:00,2026-05-22 16:55:00+00:00,2026-05-22 17:25:00+00:00,77014.85989200001,77044.72797200001,0.00038782229873413065,-0.0004121777012658694,6,fixed_6b_exit,0,76975.1,5,0.7377154300753295,95.95592999999985,40.94180000000001,0.4570672019247461,-12.081480000000163,17.928110000000004,0.011265837968923442,False,fixed_6b,with_cost
downtrend_highvol_forced_cover_signal,fixed_horizon,6,6816,6817,6823,2026-05-24 16:00:00+00:00,2026-05-24 16:05:00+00:00,2026-05-24 16:35:00+00:00,76584.003738,76499.886962,-0.001098359603759591,-0.001898359603759591,6,fixed_6b_exit,0,76539.38,4,0.5581474276006726,20.316409999999827,21.17819,0.38474529050023554,-14.652730000000169,-8.439409999999999,0.009346091753461128,False,fixed_6b,with_cost
downtrend_highvol_forced_cover_signal,fixed_horizon,6,7671,7672,7678,2026-05-27 15:15:00+00:00,2026-05-27 15:20:00+00:00,2026-05-27 15:50:00+00:00,75236.124216,75261.09477,0.00033189580484371817,-0.00046810419515628187,6,fixed_6b_exit,0,75172.87,3,0.6234161388794356,43.24501999999979,40.585409999999996,0.5754489452816749,36.38804999999978,26.26462999999999,0.008873612613546689,False,fixed_6b,with_cost
downtrend_highvol_forced_cover_signal,fixed_horizon,6,7716,7717,7723,2026-05-27 19:00:00+00:00,2026-05-27 19:05:00+00:00,2026-05-27 19:35:00+00:00,75066.91037999999,75038.99919799999,-0.00037181738077007864,-0.0011718173807700786,6,fixed_6b_exit,0,75032.01,3,0.7019501613946663,57.10097999999979,1.5047599999999974,0.4000797880731509,-84.8121300000002,-220.23208,0.007691396979285781,False,fixed_6b,with_cost
downtrend_highvol_forced_cover_signal,fixed_horizon,6,8244,8245,8251,2026-05-29 15:00:00+00:00,2026-05-29 15:05:00+00:00,2026-05-29 15:35:00+00:00,73328.602788,74096.10781399999,0.010466652804212329,0.009666652804212328,6,fixed_6b_exit,0,73198.17,5,0.6500951573594487,139.25828999999976,35.74498,0.6700885234598339,193.63663999999977,51.635980000000046,0.017432399847676416,True,fixed_6b,with_cost
downtrend_highvol_forced_cover_signal,fixed_horizon,6,8825,8826,8832,2026-05-31 15:25:00+00:00,2026-05-31 15:30:00+00:00,2026-05-31 16:00:00+00:00,73763.409732,73674.252202,-0.0012086958876212917,-0.0020086958876212916,6,fixed_6b_exit,0,73742.0,3,0.7170075872737713,28.465379999999723,20.5799,0.21056103304236523,-42.24683000000027,5.352170000000001,0.015388687570169646,False,fixed_6b,with_cost
downtrend_highvol_forced_cover_signal,fixed_horizon,6,8850,8851,8857,2026-05-31 17:30:00+00:00,2026-05-31 17:35:00+00:00,2026-05-31 18:05:00+00:00,73674.98204999999,73618.143426,-0.0007714779483952716,-0.0015714779483952715,6,fixed_6b_exit,0,73610.36,3,0.7465909592783798,16.415209999999725,13.225670000000001,0.5059296214537568,0.9824299999997201,-15.763330000000007,0.013793026638603045,False,fixed_6b,with_cost
downtrend_highvol_forced_cover_signal,fixed_horizon,6,9035,9036,9042,2026-06-01 08:55:00+00:00,2026-06-01 09:00:00+00:00,2026-06-01 09:30:00+00:00,72917.22052799999,72979.041272,0.0008478209063971232,4.7820906397123115e-05,6,fixed_6b_exit,0,72865.58,4,0.7317682861651428,59.93055999999973,109.96245,0.5325592914498196,15.698449999999735,5.016929999999999,0.01384150714003618,True,fixed_6b,with_cost
downtrend_highvol_forced_cover_signal,fixed_horizon,6,9129,9130,9136,2026-06-01 16:45:00+00:00,2026-06-01 16:50:00+00:00,2026-06-01 17:20:00+00:00,71394.045954,71531.370864,0.0019234784660961957,0.0011234784660961957,6,fixed_6b_exit,0,71356.0,3,0.5819339098730052,133.02346999999975,-207.13461000000007,0.6233784913838664,40.45236999999965,4.242449999999998,0.014980536241342657,True,fixed_6b,with_cost
downtrend_highvol_forced_cover_signal,fixed_horizon,6,9270,9271,9277,2026-06-02 04:30:00+00:00,2026-06-02 04:35:00+00:00,2026-06-02 05:05:00+00:00,71044.19599800001,70667.87359799999,-0.0052970182111795605,-0.006097018211179561,6,fixed_6b_exit,0,71028.25,3,0.6132697817007485,27.61560999999966,16.302759999999992,0.40255366661089714,-31.719450000000343,-2.1985699999999895,0.008792181427886403,False,fixed_6b,with_cost
downtrend_highvol_forced_cover_signal,fixed_horizon,6,9507,9508,9514,2026-06-03 00:15:00+00:00,2026-06-03 00:20:00+00:00,2026-06-03 00:50:00+00:00,67099.137144,67011.185082,-0.001310777839232835,-0.002110777839232835,6,fixed_6b_exit,0,66912.0,3,0.5548485860125352,50.51424999999954,109.22464,0.4939070214571006,-2.679870000000463,-25.42908,0.006662845246937055,False,fixed_6b,with_cost
downtrend_highvol_forced_cover_signal,fixed_horizon,6,10169,10170,10176,2026-06-05 07:25:00+00:00,2026-06-05 07:30:00+00:00,2026-06-05 08:00:00+00:00,62265.390588,62861.385208,0.009571844235967353,0.008771844235967352,6,fixed_6b_exit,0,62203.29,3,0.5833030952443384,86.53159999999971,52.9136,0.5706435064290614,99.14081999999974,-22.71456999999998,0.015493134923578955,True,fixed_6b,with_cost
downtrend_highvol_forced_cover_signal,fixed_horizon,6,881,882,888,2026-05-04 01:25:00+00:00,2026-05-04 01:30:00+00:00,2026-05-04 02:00:00+00:00,78605.69,79730.01,0.01430329025799515,0.01430329025799515,6,fixed_6b_exit,0,78585.86,4,0.6687443949436331,33.08244999999995,9.808639999999997,0.6352006666777386,469.0757900000001,227.35783000000006,0.01430329025799515,True,fixed_6b,no_cost
downtrend_highvol_forced_cover_signal,fixed_horizon,6,1455,1456,1462,2026-05-06 01:15:00+00:00,2026-05-06 01:20:00+00:00,2026-05-06 01:50:00+00:00,81287.6,81446.69,0.001957125071966548,0.001957125071966548,6,fixed_6b_exit,0,81262.28,3,0.6651863353939748,42.08853999999991,17.0036,0.7336136632052164,113.39374999999993,50.06621000000001,0.016288408657937126,True,fixed_6b,no_cost
downtrend_highvol_forced_cover_signal,fixed_horizon,6,1943,1944,1950,2026-05-07 17:55:00+00:00,2026-05-07 18:00:00+00:00,2026-05-07 18:30:00+00:00,80094.52,80183.58,0.0011119362473237526,0.0011119362473237526,6,fixed_6b_exit,0,79948.66,3,0.6189537486851147,44.76761999999988,24.85457,0.381618218752479,-19.751020000000118,1.8678599999999967,0.017418456577258823,True,fixed_6b,no_cost
downtrend_highvol_forced_cover_signal,fixed_horizon,6,2060,2061,2067,2026-05-08 03:40:00+00:00,2026-05-08 03:45:00+00:00,2026-05-08 04:15:00+00:00,79646.13,79726.1,0.001004066362044309,0.001004066362044309,6,fixed_6b_exit,0,79642.55,3,0.6304708710788978,15.850759999999879,8.35204,0.6133239405128232,17.556919999999888,5.44652,0.018440012225631186,True,fixed_6b,no_cost
downtrend_highvol_forced_cover_signal,fixed_horizon,6,3663,3664,3670,2026-05-13 17:15:00+00:00,2026-05-13 17:20:00+00:00,2026-05-13 17:50:00+00:00,79300.0,79466.06,0.0020940731399747836,0.0020940731399747836,6,fixed_6b_exit,0,79238.6,4,0.5148592605461588,6.578969999999888,6.329630000000002,0.5044565417775443,1.2024099999998832,-0.3366399999999956,0.020572700099908525,True,fixed_6b,no_cost
downtrend_highvol_forced_cover_signal,fixed_horizon,6,3673,3674,3680,2026-05-13 18:05:00+00:00,2026-05-13 18:10:00+00:00,2026-05-13 18:40:00+00:00,79597.73,79647.29,0.0006226308212557985,0.0006226308212557985,6,fixed_6b_exit,0,79596.27,3,0.6460493835505687,37.59474999999989,22.361250000000005,0.47507059030493065,-7.726000000000123,-52.70878999999999,0.02120814011832306,True,fixed_6b,no_cost
downtrend_highvol_forced_cover_signal,fixed_horizon,6,5090,5091,5097,2026-05-18 16:10:00+00:00,2026-05-18 16:15:00+00:00,2026-05-18 16:45:00+00:00,76509.22,76434.07,-0.000982234559442574,-0.000982234559442574,6,fixed_6b_exit,0,76485.29,3,0.42926045439166727,-54.29889000000012,26.859699999999982,0.4037640648923462,-50.009200000000135,-33.01601,0.02020507419071471,False,fixed_6b,no_cost
downtrend_highvol_forced_cover_signal,fixed_horizon,6,6250,6251,6257,2026-05-22 16:50:00+00:00,2026-05-22 16:55:00+00:00,2026-05-22 17:25:00+00:00,76999.46,77060.14,0.0007880574746887969,0.0007880574746887969,6,fixed_6b_exit,0,76975.1,5,0.7377154300753295,95.95592999999985,40.94180000000001,0.4570672019247461,-12.081480000000163,17.928110000000004,0.021009054425146223,True,fixed_6b,no_cost
downtrend_highvol_forced_cover_signal,fixed_horizon,6,6816,6817,6823,2026-05-24 16:00:00+00:00,2026-05-24 16:05:00+00:00,2026-05-24 16:35:00+00:00,76568.69,76515.19,-0.0006987190194843729,-0.0006987190194843729,6,fixed_6b_exit,0,76539.38,4,0.5581474276006726,20.316409999999827,21.17819,0.38474529050023554,-14.652730000000169,-8.439409999999999,0.02029565597975358,False,fixed_6b,no_cost
downtrend_highvol_forced_cover_signal,fixed_horizon,6,7671,7672,7678,2026-05-27 15:15:00+00:00,2026-05-27 15:20:00+00:00,2026-05-27 15:50:00+00:00,75221.08,75276.15,0.000732108605725923,0.000732108605725923,6,fixed_6b_exit,0,75172.87,3,0.6234161388794356,43.24501999999979,40.585409999999996,0.5754489452816749,36.38804999999978,26.26462999999999,0.02104262320988104,True,fixed_6b,no_cost
downtrend_highvol_forced_cover_signal,fixed_horizon,6,7716,7717,7723,2026-05-27 19:00:00+00:00,2026-05-27 19:05:00+00:00,2026-05-27 19:35:00+00:00,75051.9,75054.01,2.8113878529412162e-05,2.8113878529412162e-05,6,fixed_6b_exit,0,75032.01,3,0.7019501613946663,57.10097999999979,1.5047599999999974,0.4000797880731509,-84.8121300000002,-220.23208,0.021071328678163415,True,fixed_6b,no_cost
downtrend_highvol_forced_cover_signal,fixed_horizon,6,8244,8245,8251,2026-05-29 15:00:00+00:00,2026-05-29 15:05:00+00:00,2026-05-29 15:35:00+00:00,73313.94,74110.93,0.010870920318836852,0.010870920318836852,6,fixed_6b_exit,0,73198.17,5,0.6500951573594487,139.25828999999976,35.74498,0.6700885234598339,193.63663999999977,51.635980000000046,0.03217131373207249,True,fixed_6b,no_cost
downtrend_highvol_forced_cover_signal,fixed_horizon,6,8825,8826,8832,2026-05-31 15:25:00+00:00,2026-05-31 15:30:00+00:00,2026-05-31 16:00:00+00:00,73748.66,73688.99,-0.0008090994466882773,-0.0008090994466882773,6,fixed_6b_exit,0,73742.0,3,0.7170075872737713,28.465379999999723,20.5799,0.21056103304236523,-42.24683000000027,5.352170000000001,0.03133618449324427,False,fixed_6b,no_cost
downtrend_highvol_forced_cover_signal,fixed_horizon,6,8850,8851,8857,2026-05-31 17:30:00+00:00,2026-05-31 17:35:00+00:00,2026-05-31 18:05:00+00:00,73660.25,73632.87,-0.00037170658530216727,-0.00037170658530216727,6,fixed_6b_exit,0,73610.36,3,0.7465909592783798,16.415209999999725,13.225670000000001,0.5059296214537568,0.9824299999997201,-15.763330000000007,0.03095283004180782,False,fixed_6b,no_cost
downtrend_highvol_forced_cover_signal,fixed_horizon,6,9035,9036,9042,2026-06-01 08:55:00+00:00,2026-06-01 09:00:00+00:00,2026-06-01 09:30:00+00:00,72902.64,72993.64,0.0012482401186020287,0.0012482401186020287,6,fixed_6b_exit,0,72865.58,4,0.7317682861651428,59.93055999999973,109.96245,0.5325592914498196,15.698449999999735,5.016929999999999,0.03223970672465226,True,fixed_6b,no_cost
downtrend_highvol_forced_cover_signal,fixed_horizon,6,9129,9130,9136,2026-06-01 16:45:00+00:00,2026-06-01 16:50:00+00:00,2026-06-01 17:20:00+00:00,71379.77,71545.68,0.0023243280273947953,0.0023243280273947953,6,fixed_6b_exit,0,71356.0,3,0.5819339098730052,133.02346999999975,-207.13461000000007,0.6233784913838664,40.45236999999965,4.242449999999998,0.03463897040598218,True,fixed_6b,no_cost
downtrend_highvol_forced_cover_signal,fixed_horizon,6,9270,9271,9277,2026-06-02 04:30:00+00:00,2026-06-02 04:35:00+00:00,2026-06-02 05:05:00+00:00,71029.99,70682.01,-0.00489905742630703,-0.00489905742630703,6,fixed_6b_exit,0,71028.25,3,0.6132697817007485,27.61560999999966,16.302759999999992,0.40255366661089714,-31.719450000000343,-2.1985699999999895,0.029570214674468076,False,fixed_6b,no_cost
downtrend_highvol_forced_cover_signal,fixed_horizon,6,9507,9508,9514,2026-06-03 00:15:00+00:00,2026-06-03 00:20:00+00:00,2026-06-03 00:50:00+00:00,67085.72,67024.59,-0.0009112222392485547,-0.0009112222392485547,6,fixed_6b_exit,0,66912.0,3,0.5548485860125352,50.51424999999954,109.22464,0.4939070214571006,-2.679870000000463,-25.42908,0.028632047397988858,False,fixed_6b,no_cost
downtrend_highvol_forced_cover_signal,fixed_horizon,6,10169,10170,10176,2026-06-05 07:25:00+00:00,2026-06-05 07:30:00+00:00,2026-06-05 08:00:00+00:00,62252.94,62873.96,0.009975753755565586,0.009975753755565586,6,fixed_6b_exit,0,62203.29,3,0.5833030952443384,86.53159999999971,52.9136,0.5706435064290614,99.14081999999974,-22.71456999999998,0.03889342740791446,True,fixed_6b,no_cost
downtrend_highvol_forced_cover_signal,fixed_horizon,12,881,882,894,2026-05-04 01:25:00+00:00,2026-05-04 01:30:00+00:00,2026-05-04 02:30:00+00:00,78621.411138,79735.90962800001,0.014175508603423426,0.013375508603423425,12,fixed_12b_exit,0,78585.86,4,0.6687443949436331,33.08244999999995,9.808639999999997,0.43392676560363797,-28.44268000000006,16.535050000000005,0.013375508603423514,True,fixed_12b,with_cost
downtrend_highvol_forced_cover_signal,fixed_horizon,12,1455,1456,1468,2026-05-06 01:15:00+00:00,2026-05-06 01:20:00+00:00,2026-05-06 02:20:00+00:00,81303.85752,81273.502048,-0.0003733583242657712,-0.0011733583242657711,12,fixed_12b_exit,0,81262.28,3,0.6651863353939748,42.08853999999991,17.0036,0.6921915468425677,32.02574999999991,-21.03199,0.01218645601479662,False,fixed_12b,with_cost
downtrend_highvol_forced_cover_signal,fixed_horizon,12,1943,1944,1956,2026-05-07 17:55:00+00:00,2026-05-07 18:00:00+00:00,2026-05-07 19:00:00+00:00,80110.538904,80064.813834,-0.0005707747148573361,-0.001370774714857336,12,fixed_12b_exit,0,79948.66,3,0.6189537486851147,44.76761999999988,24.85457,0.4000919493272549,-26.33376000000011,-0.8315299999999937,0.010798976414170491,False,fixed_12b,with_cost
downtrend_highvol_forced_cover_signal,fixed_horizon,12,2060,2061,2073,2026-05-08 03:40:00+00:00,2026-05-08 03:45:00+00:00,2026-05-08 04:45:00+00:00,79662.059226,79609.08499799999,-0.0006649869274621967,-0.0014649869274621966,12,fixed_12b_exit,0,79642.55,3,0.6304708710788978,15.850759999999879,8.35204,0.39035822327004593,-15.629580000000121,27.83122,0.009318169127431553,False,fixed_12b,with_cost
downtrend_highvol_forced_cover_signal,fixed_horizon,12,3663,3664,3676,2026-05-13 17:15:00+00:00,2026-05-13 17:20:00+00:00,2026-05-13 18:20:00+00:00,79315.86,79758.19516999999,0.005576881723276861,0.0047768817232768605,12,fixed_12b_exit,0,79238.6,4,0.5148592605461588,6.578969999999888,6.329630000000002,0.7090915050117589,108.32352999999989,35.79173,0.01413956264250782,True,fixed_12b,with_cost
downtrend_highvol_forced_cover_signal,fixed_horizon,12,5090,5091,5103,2026-05-18 16:10:00+00:00,2026-05-18 16:15:00+00:00,2026-05-18 17:15:00+00:00,76524.521844,76646.677598,0.0015962955541102275,0.0007962955541102275,12,fixed_12b_exit,0,76485.29,3,0.42926045439166727,-54.29889000000012,26.859699999999982,0.5725404177456732,24.42425999999986,21.625570000000003,0.014947117467487336,True,fixed_12b,with_cost
downtrend_highvol_forced_cover_signal,fixed_horizon,12,6250,6251,6263,2026-05-22 16:50:00+00:00,2026-05-22 16:55:00+00:00,2026-05-22 17:55:00+00:00,77014.85989200001,76734.65000000001,-0.003638387350089922,-0.0044383873500899226,12,fixed_12b_exit,0,76975.1,5,0.7377154300753295,95.95592999999985,40.94180000000001,0.2735384034224665,-26.04206000000016,-6.065389999999997,0.010442389020309362,False,fixed_12b,with_cost
downtrend_highvol_forced_cover_signal,fixed_horizon,12,6816,6817,6829,2026-05-24 16:00:00+00:00,2026-05-24 16:05:00+00:00,2026-05-24 17:05:00+00:00,76584.003738,76690.67879600001,0.0013929156585354985,0.0005929156585354984,12,fixed_12b_exit,0,76539.38,4,0.5581474276006726,20.316409999999827,21.17819,0.5283926094988033,4.659329999999828,-2.0711899999999996,0.011041496134807538,True,fixed_12b,with_cost
downtrend_highvol_forced_cover_signal,fixed_horizon,12,7671,7672,7684,2026-05-27 15:15:00+00:00,2026-05-27 15:20:00+00:00,2026-05-27 16:20:00+00:00,75236.124216,75048.347328,-0.0024958341482462787,-0.0032958341482462786,12,fixed_12b_exit,0,75172.87,3,0.6234161388794356,43.24501999999979,40.585409999999996,0.3493909269816099,-44.34448000000021,12.910879999999999,0.007709271046552502,False,fixed_12b,with_cost
downtrend_highvol_forced_cover_signal,fixed_horizon,12,7716,7717,7729,2026-05-27 19:00:00+00:00,2026-05-27 19:05:00+00:00,2026-05-27 20:05:00+00:00,75066.91037999999,75256.93560200001,0.0025314112574779113,0.0017314112574779114,12,fixed_12b_exit,0,75032.01,3,0.7019501613946663,57.10097999999979,1.5047599999999974,0.5943145070984408,25.916009999999787,1.0446699999999964,0.009454030222707521,True,fixed_12b,with_cost
downtrend_highvol_forced_cover_signal,fixed_horizon,12,8244,8245,8257,2026-05-29 15:00:00+00:00,2026-05-29 15:05:00+00:00,2026-05-29 16:05:00+00:00,73328.602788,73885.229998,0.007590860712418879,0.006790860712418878,12,fixed_12b_exit,0,73198.17,5,0.6500951573594487,139.25828999999976,35.74498,0.6609104841500658,53.645749999999786,9.069339999999997,0.016309091937539932,True,fixed_12b,with_cost
downtrend_highvol_forced_cover_signal,fixed_horizon,12,8825,8826,8838,2026-05-31 15:25:00+00:00,2026-05-31 15:30:00+00:00,2026-05-31 16:30:00+00:00,73763.409732,73423.96226999999,-0.004601840712533556,-0.005401840712533556,12,fixed_12b_exit,0,73742.0,3,0.7170075872737713,28.465379999999723,20.5799,0.28567642945464355,-52.37705000000027,-41.572019999999995,0.01081915210819373,False,fixed_12b,with_cost
downtrend_highvol_forced_cover_signal,fixed_horizon,12,8850,8851,8863,2026-05-31 17:30:00+00:00,2026-05-31 17:35:00+00:00,2026-05-31 18:35:00+00:00,73674.98204999999,73652.47655800001,-0.0003054699352992296,-0.0011054699352992295,12,fixed_12b_exit,0,73610.36,3,0.7465909592783798,16.415209999999725,13.225670000000001,0.5368934540426997,3.883159999999731,7.391179999999999,0.009701721925513329,False,fixed_12b,with_cost
downtrend_highvol_forced_cover_signal,fixed_horizon,12,9035,9036,9048,2026-06-01 08:55:00+00:00,2026-06-01 09:00:00+00:00,2026-06-01 10:00:00+00:00,72917.22052799999,72768.59337,-0.002038299827170631,-0.002838299827170631,12,fixed_12b_exit,0,72865.58,4,0.7317682861651428,59.93055999999973,109.96245,0.2096146331645603,-917.8228700000005,-9.91773999999998,0.006835885702678235,False,fixed_12b,with_cost
downtrend_highvol_forced_cover_signal,fixed_horizon,12,9129,9130,9142,2026-06-01 16:45:00+00:00,2026-06-01 16:50:00+00:00,2026-06-01 17:50:00+00:00,71394.045954,71701.636804,0.004308354371710177,0.003508354371710177,12,fixed_12b_exit,0,71356.0,3,0.5819339098730052,133.02346999999975,-207.13461000000007,0.7195248059933711,151.48843999999963,2.553280000000001,0.010368222783877945,True,fixed_12b,with_cost
downtrend_highvol_forced_cover_signal,fixed_horizon,12,9270,9271,9283,2026-06-02 04:30:00+00:00,2026-06-02 04:35:00+00:00,2026-06-02 05:35:00+00:00,71044.19599800001,70595.907994,-0.006309987715430454,-0.007109987715430454,12,fixed_12b_exit,0,71028.25,3,0.6132697817007485,27.61560999999966,16.302759999999992,0.520347901392211,8.76311999999967,30.34964000000001,0.003184517131823217,False,fixed_12b,with_cost
downtrend_highvol_forced_cover_signal,fixed_horizon,12,9507,9508,9520,2026-06-03 00:15:00+00:00,2026-06-03 00:20:00+00:00,2026-06-03 01:20:00+00:00,67099.137144,66930.821158,-0.002508467219761279,-0.003308467219761279,12,fixed_12b_exit,0,66912.0,3,0.5548485860125352,50.51424999999954,109.22464,0.46785877535847226,-13.404940000000462,4.671459999999993,-0.00013448595847953548,False,fixed_12b,with_cost
downtrend_highvol_forced_cover_signal,fixed_horizon,12,10169,10170,10182,2026-06-05 07:25:00+00:00,2026-06-05 07:30:00+00:00,2026-06-05 08:30:00+00:00,62265.390588,62689.899512,0.006817734860267821,0.006017734860267821,12,fixed_12b_exit,0,62203.29,3,0.5833030952443384,86.53159999999971,52.9136,0.5133321614536664,7.529879999999711,-55.10884,0.005882439600947809,True,fixed_12b,with_cost
downtrend_highvol_forced_cover_signal,fixed_horizon,12,881,882,894,2026-05-04 01:25:00+00:00,2026-05-04 01:30:00+00:00,2026-05-04 02:30:00+00:00,78605.69,79751.86,0.014581259957135329,0.014581259957135329,12,fixed_12b_exit,0,78585.86,4,0.6687443949436331,33.08244999999995,9.808639999999997,0.43392676560363797,-28.44268000000006,16.535050000000005,0.014581259957135329,True,fixed_12b,no_cost
downtrend_highvol_forced_cover_signal,fixed_horizon,12,1455,1456,1468,2026-05-06 01:15:00+00:00,2026-05-06 01:20:00+00:00,2026-05-06 02:20:00+00:00,81287.6,81289.76,2.6572318533091277e-05,2.6572318533091277e-05,12,fixed_12b_exit,0,81262.28,3,0.6651863353939748,42.08853999999991,17.0036,0.6921915468425677,32.02574999999991,-21.03199,0.014608219733552641,True,fixed_12b,no_cost
downtrend_highvol_forced_cover_signal,fixed_horizon,12,1943,1944,1956,2026-05-07 17:55:00+00:00,2026-05-07 18:00:00+00:00,2026-05-07 19:00:00+00:00,80094.52,80080.83,-0.00017092305441124278,-0.00017092305441124278,12,fixed_12b_exit,0,79948.66,3,0.6189537486851147,44.76761999999988,24.85457,0.4000919493272549,-26.33376000000011,-0.8315299999999937,0.014434799797605091,False,fixed_12b,no_cost
downtrend_highvol_forced_cover_signal,fixed_horizon,12,2060,2061,2073,2026-05-08 03:40:00+00:00,2026-05-08 03:45:00+00:00,2026-05-08 04:45:00+00:00,79646.13,79625.01,-0.00026517295943961905,-0.00026517295943961905,12,fixed_12b_exit,0,79642.55,3,0.6304708710788978,15.850759999999879,8.35204,0.39035822327004593,-15.629580000000121,27.83122,0.014165799119584266,False,fixed_12b,no_cost
downtrend_highvol_forced_cover_signal,fixed_horizon,12,3663,3664,3676,2026-05-13 17:15:00+00:00,2026-05-13 17:20:00+00:00,2026-05-13 18:20:00+00:00,79300.0,79774.15,0.005979192938209366,0.005979192938209366,12,fixed_12b_exit,0,79238.6,4,0.5148592605461588,6.578969999999888,6.329630000000002,0.7090915050117589,108.32352999999989,35.79173,0.020229692103853614,True,fixed_12b,no_cost
downtrend_highvol_forced_cover_signal,fixed_horizon,12,5090,5091,5103,2026-05-18 16:10:00+00:00,2026-05-18 16:15:00+00:00,2026-05-18 17:15:00+00:00,76509.22,76662.01,0.0019970142160643523,0.0019970142160643523,12,fixed_12b_exit,0,76485.29,3,0.42926045439166727,-54.29889000000012,26.859699999999982,0.5725404177456732,24.42425999999986,21.625570000000003,0.02226710530263598,True,fixed_12b,no_cost
downtrend_highvol_forced_cover_signal,fixed_horizon,12,6250,6251,6263,2026-05-22 16:50:00+00:00,2026-05-22 16:55:00+00:00,2026-05-22 17:55:00+00:00,76999.46,76750.0,-0.003239762980156047,-0.003239762980156047,12,fixed_12b_exit,0,76975.1,5,0.7377154300753295,95.95592999999985,40.94180000000001,0.2735384034224665,-26.04206000000016,-6.065389999999997,0.018955202179045116,False,fixed_12b,no_cost
downtrend_highvol_forced_cover_signal,fixed_horizon,12,6816,6817,6829,2026-05-24 16:00:00+00:00,2026-05-24 16:05:00+00:00,2026-05-24 17:05:00+00:00,76568.69,76706.02,0.0017935529522576932,0.0017935529522576932,12,fixed_12b_exit,0,76539.38,4,0.5581474276006726,20.316409999999827,21.17819,0.5283926094988033,4.659329999999828,-2.0711899999999996,0.0207827522901316,True,fixed_12b,no_cost
downtrend_highvol_forced_cover_signal,fixed_horizon,12,7671,7672,7684,2026-05-27 15:15:00+00:00,2026-05-27 15:20:00+00:00,2026-05-27 16:20:00+00:00,75221.08,75063.36,-0.0020967526656091584,-0.0020967526656091584,12,fixed_12b_exit,0,75172.87,3,0.6234161388794356,43.24501999999979,40.585409999999996,0.3493909269816099,-44.34448000000021,12.910879999999999,0.018642423333259384,False,fixed_12b,no_cost
downtrend_highvol_forced_cover_signal,fixed_horizon,12,7716,7717,7729,2026-05-27 19:00:00+00:00,2026-05-27 19:05:00+00:00,2026-05-27 20:05:00+00:00,75051.9,75271.99,0.0029325040405374647,0.0029325040405374647,12,fixed_12b_exit,0,75032.01,3,0.7019501613946663,57.10097999999979,1.5047599999999974,0.5943145070984408,25.916009999999787,1.0446699999999964,0.021629596355547065,True,fixed_12b,no_cost
downtrend_highvol_forced_cover_signal,fixed_horizon,12,8244,8245,8257,2026-05-29 15:00:00+00:00,2026-05-29 15:05:00+00:00,2026-05-29 16:05:00+00:00,73313.94,73900.01,0.007993977680097242,0.007993977680097242,12,fixed_12b_exit,0,73198.17,5,0.6500951573594487,139.25828999999976,35.74498,0.6609104841500658,53.645749999999786,9.069339999999997,0.029796480546140147,True,fixed_12b,no_cost
downtrend_highvol_forced_cover_signal,fixed_horizon,12,8825,8826,8838,2026-05-31 15:25:00+00:00,2026-05-31 15:30:00+00:00,2026-05-31 16:30:00+00:00,73748.66,73438.65,-0.004203601801036294,-0.004203601801036294,12,fixed_12b_exit,0,73742.0,3,0.7170075872737713,28.465379999999723,20.5799,0.28567642945464355,-52.37705000000027,-41.572019999999995,0.025467626205815552,False,fixed_12b,no_cost
downtrend_highvol_forced_cover_signal,fixed_horizon,12,8850,8851,8863,2026-05-31 17:30:00+00:00,2026-05-31 17:35:00+00:00,2026-05-31 18:35:00+00:00,73660.25,73667.21,9.448786828736289e-05,9.448786828736289e-05,12,fixed_12b_exit,0,73610.36,3,0.7465909592783798,16.415209999999725,13.225670000000001,0.5368934540426997,3.883159999999731,7.391179999999999,0.025564520455813478,True,fixed_12b,no_cost
downtrend_highvol_forced_cover_signal,fixed_horizon,12,9035,9036,9048,2026-06-01 08:55:00+00:00,2026-06-01 09:00:00+00:00,2026-06-01 10:00:00+00:00,72902.64,72783.15,-0.0016390352941951791,-0.0016390352941951791,12,fixed_12b_exit,0,72865.58,4,0.7317682861651428,59.93055999999973,109.96245,0.2096146331645603,-917.8228700000005,-9.91773999999998,0.023883584010311987,False,fixed_12b,no_cost
downtrend_highvol_forced_cover_signal,fixed_horizon,12,9129,9130,9142,2026-06-01 16:45:00+00:00,2026-06-01 16:50:00+00:00,2026-06-01 17:50:00+00:00,71379.77,71715.98,0.004710158074199278,0.004710158074199278,12,fixed_12b_exit,0,71356.0,3,0.5819339098730052,133.02346999999975,-207.13461000000007,0.7195248059933711,151.48843999999963,2.553280000000001,0.028706237540578217,True,fixed_12b,no_cost
downtrend_highvol_forced_cover_signal,fixed_horizon,12,9270,9271,9283,2026-06-02 04:30:00+00:00,2026-06-02 04:35:00+00:00,2026-06-02 05:35:00+00:00,71029.99,70610.03,-0.005912432199413287,-0.005912432199413287,12,fixed_12b_exit,0,71028.25,3,0.6132697817007485,27.61560999999966,16.302759999999992,0.520347901392211,8.76311999999967,30.34964000000001,0.022624081658006112,False,fixed_12b,no_cost
downtrend_highvol_forced_cover_signal,fixed_horizon,12,9507,9508,9520,2026-06-03 00:15:00+00:00,2026-06-03 00:20:00+00:00,2026-06-03 01:20:00+00:00,67085.72,66944.21,-0.002109390791363519,-0.002109390791363519,12,fixed_12b_exit,0,66912.0,3,0.5548485860125352,50.51424999999954,109.22464,0.46785877535847226,-13.404940000000462,4.671459999999993,0.02046696783713009,False,fixed_12b,no_cost
downtrend_highvol_forced_cover_signal,fixed_horizon,12,10169,10170,10182,2026-06-05 07:25:00+00:00,2026-06-05 07:30:00+00:00,2026-06-05 08:30:00+00:00,62252.94,62702.44,0.007220542515743,0.007220542515743,12,fixed_12b_exit,0,62203.29,3,0.5833030952443384,86.53159999999971,52.9136,0.5133321614536664,7.529879999999711,-55.10884,0.027835292964309533,True,fixed_12b,no_cost
