sample_split,signal_name,signal_time,entry_time,entry_price,trend_regime,volatility_regime,forced_cover_score,buy_aggression_ratio_15m,cvd_15m,cvd_slope_15m,volume_shock_15m,vol_percentile,ret_1b,mfe_1b,mae_1b,ret_2b,mfe_2b,mae_2b,ret_3b,mfe_3b,mae_3b,ret_6b,mfe_6b,mae_6b,ret_12b,mfe_12b,mae_12b
in_sample,breakout_forced_cover_signal,2026-05-01 03:15:00+00:00,2026-05-01 03:20:00+00:00,77240.71,trend_down,normal_vol,3,0.7869739978296629,151.45113,138.86171000000002,,,-0.0005494511896640963,0.002758001577147562,-0.0007061043328059347,-0.00013865745149166386,0.002758001577147562,-0.0008034623192875179,-0.0013039755848955892,0.002758001577147562,-0.0013754404898661532,-0.0011800771898654583,0.002758001577147562,-0.0020506025902662373,-0.0009782406194869253,0.002758001577147562,-0.0022336666765493396
in_sample,breakout_forced_cover_signal,2026-05-01 08:10:00+00:00,2026-05-01 08:15:00+00:00,77249.99,trend_up,normal_vol,3,0.7791722363635174,116.18608,110.87657,,0.3333333333333333,0.0030736573558129976,0.0032363758234790208,-0.00028789647739768665,0.0024691265332201784,0.0032363758234790208,-0.00028789647739768665,0.0021940455914621904,0.0032363758234790208,-0.00028789647739768665,0.0014476377278496155,0.0032363758234790208,-0.00028789647739768665,0.0010319742436213364,0.0032363758234790208,-0.00028789647739768665
in_sample,breakout_forced_cover_signal,2026-05-01 10:20:00+00:00,2026-05-01 10:25:00+00:00,77408.77,trend_up,normal_vol,3,0.6920287224066014,64.313,38.8061,,0.5955056179775281,-0.0012298348107068202,0.0,-0.0013718083881193444,-0.002005069968170403,0.0,-0.002005069968170403,-0.002038011972028575,0.0,-0.002038141156357365,-0.0013490719462407874,0.0,-0.002038141156357365,-0.00033768783562893034,0.0024703919207087477,-0.002038141156357365
in_sample,breakout_forced_cover_signal,2026-05-01 11:15:00+00:00,2026-05-01 11:20:00+00:00,77433.93,trend_up,normal_vol,3,0.8180452745725164,57.82064999999999,23.45736000000001,,0.51,-0.0006625002760416443,0.0021446670729485806,-0.0011299955975371256,-0.0007610358921469329,0.0021446670729485806,-0.0011299955975371256,-0.000818116812616787,0.0021446670729485806,-0.0011513040859477686,-0.00042371606348790003,0.0021446670729485806,-0.0011513040859477686,0.0042297995207012384,0.004520886386626621,-0.0011513040859477686
in_sample,breakout_forced_cover_signal,2026-05-01 12:15:00+00:00,2026-05-01 12:20:00+00:00,77691.14,trend_up,normal_vol,3,0.6419618867039846,64.64678,24.54444,,0.6160714285714286,0.0009254594539351846,0.0013944962063885402,-0.0002538255971015202,0.003287633570571824,0.005687392410511638,-0.0002538255971015202,0.00440307607791568,0.006166211488208173,-0.0002538255971015202,0.0033382184892640776,0.006166211488208173,-0.0002538255971015202,0.008354363187359493,0.009512796439851368,-0.0002538255971015202
in_sample,breakout_forced_cover_signal,2026-05-01 12:20:00+00:00,2026-05-01 12:25:00+00:00,77761.47,trend_up,normal_vol,3,0.6653953910072181,95.15220000000001,30.50542,,0.6460176991150443,0.002380227637157617,0.004777816057232487,-0.0001772085841483806,0.0034946613020561124,0.005256202075397898,-0.0001772085841483806,0.002541232823916495,0.005256202075397898,-0.0001772085841483806,0.0017301627656987062,0.005256202075397898,-0.0001772085841483806,0.00666371147561895,0.008599760266877698,-0.0001772085841483806
in_sample,breakout_forced_cover_signal,2026-05-01 12:30:00+00:00,2026-05-01 12:35:00+00:00,77946.55,trend_up,normal_vol,3,0.679921329103087,196.11955999999998,132.17230999999998,,0.6869565217391305,0.00016075118141856137,0.0028692738806270768,-7.197239646916653e-05,0.0005715455013723947,0.0028692738806270768,-7.197239646916653e-05,5.0547458482874674e-05,0.0028692738806270768,-7.197239646916653e-05,0.0032515871452938327,0.0035080449359208288,-0.0006485213264730838,0.0035076600567953697,0.007603928589527076,-0.0006485213264730838
in_sample,breakout_forced_cover_signal,2026-05-01 17:35:00+00:00,2026-05-01 17:40:00+00:00,78512.46,trend_up,high_vol,3,0.7373911477980973,74.10553999999998,25.792930000000013,,0.7954545454545454,-0.0006702120911764586,0.0005096006417324439,-0.0011692411624856236,5.107469565968081e-05,0.000664735253486981,-0.0011692411624856236,0.0005155869526951573,0.0009189624169207988,-0.0011692411624856236,0.00018977879434678435,0.001231014796887031,-0.0011692411624856236,-0.0010690022959414236,0.001412642018858934,-0.0012638758230223424
in_sample,breakout_forced_cover_signal,2026-05-01 21:55:00+00:00,2026-05-01 22:00:00+00:00,78200.0,trend_down,low_vol,3,0.7322119554585614,45.70058999999998,50.83796999999999,,0.14035087719298245,0.0009244245524295813,0.0010904092071610805,0.0,0.0010563938618926016,0.0014578005115088999,0.0,0.0020459079283887682,0.002046035805626678,0.0,0.0011675191815856412,0.002699872122762237,0.0,-0.0006861892583120976,0.002699872122762237,-0.0012787723785165905
in_sample,breakout_forced_cover_signal,2026-05-01 22:00:00+00:00,2026-05-01 22:05:00+00:00,78241.06,trend_down,low_vol,3,0.7736878070466209,53.73315999999998,8.03257,,0.15283842794759825,0.000531051087498069,0.0009322470835646524,-5.099624161519767e-05,0.001520045868499409,0.0015201736786285558,-5.099624161519767e-05,0.0021736668700553796,0.0021736668700553796,-5.099624161519767e-05,0.00017816732033026916,0.0021736668700553796,-5.099624161519767e-05,-0.0014857927538303173,0.0021736668700553796,-0.0018028896847767095
in_sample,breakout_forced_cover_signal,2026-05-02 01:30:00+00:00,2026-05-02 01:35:00+00:00,78424.1,trend_up,low_vol,3,0.639542618442797,11.395239999999989,30.554000000000002,0.23080253978727772,0.2029520295202952,-0.000657833497611171,0.0,-0.001299600505457077,-0.001138808095980881,0.0,-0.0013994422632838122,-0.001047509630330623,0.0,-0.001449554409932774,-0.0015671203112309628,0.0,-0.0015824217300549615,-0.000748494404143818,0.0,-0.0020803554009546366
in_sample,breakout_forced_cover_signal,2026-05-02 06:45:00+00:00,2026-05-02 06:50:00+00:00,78299.99,mixed_trend,low_vol,3,0.6512873636863039,12.287949999999984,13.03249,0.2432708088572145,0.1076388888888889,0.0003551724591535077,0.0008074075105246603,-0.00019936145585719434,0.00012260537964303708,0.0008074075105246603,-0.00019936145585719434,0.00019169861962931023,0.0008074075105246603,-0.00019936145585719434,0.0003544061755307304,0.0008074075105246603,-0.00019936145585719434,-0.0008421457014234912,0.0008074075105246603,-0.001185057622612784
in_sample,breakout_forced_cover_signal,2026-05-02 12:25:00+00:00,2026-05-02 12:30:00+00:00,78242.86,mixed_trend,low_vol,3,0.7715534839327687,32.84402999999999,10.500300000000003,0.4124884897998691,0.1388888888888889,-0.0005493152985460714,0.0002389994435274545,-0.000557750573023541,-0.00019362789141386116,0.0002389994435274545,-0.0006617856249119258,-0.00045972245902059505,0.0002389994435274545,-0.0006617856249119258,0.0008278071634908457,0.0008278071634908457,-0.0007397480102337983,0.0008257622484659777,0.002313182314654716,-0.0007397480102337983
in_sample,breakout_forced_cover_signal,2026-05-02 13:00:00+00:00,2026-05-02 13:05:00+00:00,78307.63,mixed_trend,low_vol,3,0.723570859511533,17.303449999999987,10.03553,0.2826268044714963,0.1875,0.0010830362252056691,0.0014841465640065277,-0.00016435180071228128,0.00025055029758913605,0.0014841465640065277,-0.00016435180071228128,-1.0726924055903808e-05,0.0014841465640065277,-0.00016435180071228128,-2.043223629732971e-06,0.0014841465640065277,-0.00016435180071228128,0.0002739196678536171,0.0014841465640065277,-0.00016435180071228128
in_sample,breakout_forced_cover_signal,2026-05-02 13:05:00+00:00,2026-05-02 13:10:00+00:00,78311.6,mixed_trend,low_vol,4,0.9007317655577206,93.64356,76.34011000000001,0.8591263235809009,0.1875,0.0001998426797562569,0.0014333764091143397,0.0,-6.142129646202754e-05,0.0014333764091143397,-6.142129646202754e-05,-6.142129646202754e-05,0.0014333764091143397,-6.142129646202754e-05,0.0006351549451166782,0.0014333764091143397,-8.530026203024121e-05,-2.2474320535037506e-05,0.0014333764091143397,-8.530026203024121e-05
in_sample,breakout_forced_cover_signal,2026-05-02 13:10:00+00:00,2026-05-02 13:15:00+00:00,78392.43,trend_up,low_vol,4,0.8706044869955354,110.29108,16.64752,1.100251385207232,0.2569444444444444,-0.0010924524217452714,1.2756333744867732e-07,-0.0010924524217452714,-0.0010924524217452714,1.2756333744867732e-07,-0.0010924524217452714,-0.0010837781147999825,1.2756333744867732e-07,-0.0011163067658445103,-0.0005790099885919497,1.2756333744867732e-07,-0.0011163067658445103,-0.0006241674100418981,5.96996419170992e-05,-0.0011163067658445103
in_sample,breakout_forced_cover_signal,2026-05-02 14:25:00+00:00,2026-05-02 14:30:00+00:00,78420.43,trend_up,normal_vol,4,0.8316016083933422,68.46145999999999,66.64376,0.9896244670721955,0.4027777777777778,-0.0004256543862356521,0.0005243531564416148,-0.0004256543862356521,-0.00027875389104581316,0.0005243531564416148,-0.00045179553338325906,0.00016411539697003263,0.0005243531564416148,-0.00045179553338325906,0.0001604173810318965,0.0007596234807689672,-0.00045179553338325906,-0.00010788005115491828,0.0007596234807689672,-0.0006945894073774328
in_sample,breakout_forced_cover_signal,2026-05-03 04:20:00+00:00,2026-05-03 04:25:00+00:00,78220.62,trend_down,normal_vol,3,0.8021692818171012,14.348459999999974,7.940040000000003,0.38919366119491733,0.625,-9.549911519490806e-05,0.00020237630435548937,-0.00023574346508636879,-2.2372617348165313e-05,0.00020237630435548937,-0.0002636133541257246,-0.0004358185859431041,0.00020237630435548937,-0.0004358185859431041,-0.0007342053796044468,0.00020237630435548937,-0.000970843749384831,7.082531434821071e-05,0.0005130360766765207,-0.000970843749384831
in_sample,breakout_forced_cover_signal,2026-05-03 06:50:00+00:00,2026-05-03 06:55:00+00:00,78330.6,mixed_trend,normal_vol,3,0.7447587138242954,26.149599999999957,22.84565,0.9841397555452329,0.6805555555555556,0.00030307440514931727,0.0005125710769482428,-0.0007326638631646176,0.0007986661662235939,0.0014500080428336837,-0.0007326638631646176,0.00020490076674994917,0.0014500080428336837,-0.0007326638631646176,0.0010488876633141242,0.0019541532938596173,-0.0007326638631646176,0.0004168230551022667,0.0019541532938596173,-0.0007326638631646176
in_sample,breakout_forced_cover_signal,2026-05-03 07:00:00+00:00,2026-05-03 07:05:00+00:00,78354.34,mixed_trend,high_vol,3,0.747576316895302,27.926459999999956,-2.0396,1.0407289071534087,0.7222222222222222,-9.814389349716013e-05,0.0011465861367729868,-9.814389349716013e-05,-0.00011141692980876083,0.0011465861367729868,-0.00013821825313065084,0.0005458536183191587,0.0011465861367729868,-0.00013821825313065084,0.000812462972695549,0.0016505786405704992,-0.00013821825313065084,0.0013358545295640845,0.0019345450424315125,-0.00013821825313065084
in_sample,breakout_forced_cover_signal,2026-05-03 07:05:00+00:00,2026-05-03 07:10:00+00:00,78393.16,trend_up,normal_vol,3,0.7621774739711675,28.778869999999955,0.852409999999999,1.0132748726367047,0.6979166666666666,-0.0006065580211335186,0.00022935674489965585,-0.0006333460725400641,5.038704907422975e-05,0.00022935674489965585,-0.0006333460725400641,0.0002500218131273879,0.0011545650156212783,-0.0006333460725400641,-0.00018241387386352947,0.0011545650156212783,-0.0006333460725400641,0.0007320791762954748,0.0014383907983808175,-0.0006333460725400641
in_sample,breakout_forced_cover_signal,2026-05-03 09:20:00+00:00,2026-05-03 09:25:00+00:00,78484.93,trend_up,high_vol,4,0.7083287415628613,27.108589999999953,19.999099999999995,1.192720217890982,0.7326388888888888,0.00032324676851991363,0.0005250689527276364,-0.00039408839378451965,0.0015028362769771153,0.0015256432030965605,-0.00039408839378451965,0.00038096485529148794,0.0015256432030965605,-0.00039408839378451965,0.0005687716100404305,0.0015256432030965605,-0.00039408839378451965,-0.0006923622152685827,0.0015256432030965605,-0.0007150417283928734
in_sample,breakout_forced_cover_signal,2026-05-03 09:25:00+00:00,2026-05-03 09:30:00+00:00,78500.0,trend_up,high_vol,4,0.7743927422926173,42.43103999999995,15.32245,1.4158193438995186,0.7291666666666666,0.001310573248407776,0.0013333757961784265,-0.0005859872611464478,0.0001889171974522874,0.0013333757961784265,-0.0005859872611464478,0.00017324840764332272,0.0013333757961784265,-0.0005859872611464478,-0.00028917197452227317,0.0013333757961784265,-0.0005859872611464478,-0.000468152866242022,0.0013333757961784265,-0.000906878980891701
in_sample,breakout_forced_cover_signal,2026-05-03 09:35:00+00:00,2026-05-03 09:40:00+00:00,78602.87,trend_up,high_vol,4,0.7454626867066597,57.77928999999995,-5.024739999999994,2.143185325440459,0.7326388888888888,-0.0011357091668534602,1.2722181774726948e-07,-0.0014775541910874157,-0.0009652319310986535,1.2722181774726948e-07,-0.0014775541910874157,-0.0009325359239426012,1.2722181774726948e-07,-0.0014775541910874157,-0.0014199227076568954,1.2722181774726948e-07,-0.0022144229593652476,-0.0019378427276255383,1.2722181774726948e-07,-0.0022144229593652476
in_sample,breakout_forced_cover_signal,2026-05-03 11:10:00+00:00,2026-05-03 11:15:00+00:00,78526.21,trend_up,normal_vol,4,0.7810533345513762,44.61004999999996,24.24608,1.4502496632164559,0.4409722222222222,-0.0003183650401566984,5.348532674620543e-05,-0.000318492386172875,-0.00022298287412580997,5.348532674620543e-05,-0.000318492386172875,0.0004946119263873339,0.0005418572983464376,-0.000318492386172875,0.0034864792277635726,0.004113403664840032,-0.000318492386172875,0.0031528326656793393,0.0044897111423052305,-0.000318492386172875
in_sample,breakout_forced_cover_signal,2026-05-03 11:30:00+00:00,2026-05-03 11:35:00+00:00,78565.05,trend_up,normal_vol,3,0.8210825109628523,24.788089999999958,13.348840000000003,0.703195045839817,0.4583333333333333,0.001935211649454649,0.0023213884545352226,-0.00019156100581618762,0.0029903882196982146,0.003617002725766705,-0.00019156100581618762,0.001972251020014637,0.003617002725766705,-0.00019156100581618762,0.002401194933370432,0.003617002725766705,-0.00019156100581618762,0.0020949518901851594,0.003993124169080264,-0.00019156100581618762
in_sample,breakout_forced_cover_signal,2026-05-03 11:40:00+00:00,2026-05-03 11:45:00+00:00,78717.1,trend_up,high_vol,5,0.838941073340927,93.49275999999996,57.53566,2.5123151272689954,0.7291666666666666,3.68407880879662e-05,0.0016784154904079251,-0.0006661830783908362,-0.0007760702566533828,0.0016784154904079251,-0.0007761972938535866,0.0003062866899314898,0.0016784154904079251,-0.0007761972938535866,0.0007201738885196374,0.002053810417304458,-0.0007761972938535866,0.0009550656718806394,0.002053810417304458,-0.0007761972938535866
in_sample,breakout_forced_cover_signal,2026-05-03 11:45:00+00:00,2026-05-03 11:50:00+00:00,78799.99,trend_up,high_vol,5,0.7877808889186013,125.17937999999995,31.68661999999999,3.9512992172780343,0.7430555555555556,-0.0018271575922790273,1.2690356943068082e-07,-0.001827284495848347,-0.0007459391809567784,1.2690356943068082e-07,-0.001827284495848347,-0.0005874366227712757,0.0001592639796019757,-0.001827284495848347,-0.0002747462277598034,0.0009997463197648493,-0.001827284495848347,-0.0005917513441309197,0.0009997463197648493,-0.001827284495848347
in_sample,breakout_forced_cover_signal,2026-05-03 12:10:00+00:00,2026-05-03 12:15:00+00:00,78856.79,trend_up,high_vol,5,0.6657468873698181,39.28422999999995,21.14203,2.099180908983145,0.8541666666666666,-0.0009948414080765966,1.2681216166043896e-07,-0.0010861461644583459,-0.0010597692348368604,1.2681216166043896e-07,-0.0013826329983759322,-0.0017574897481877905,1.2681216166043896e-07,-0.0021468030844267183,-0.000818065254748479,1.2681216166043896e-07,-0.0021468030844267183,-0.0023374017633737143,1.2681216166043896e-07,-0.0023374017633737143
in_sample,breakout_forced_cover_signal,2026-05-03 15:00:00+00:00,2026-05-03 15:05:00+00:00,78800.0,trend_up,normal_vol,4,0.5227683545386551,4.189649999999961,29.640620000000002,1.5535958049490273,0.5833333333333334,-0.0006978426395939374,0.00019276649746191588,-0.0010558375634517336,-0.0005351522842639289,0.00019276649746191588,-0.0010558375634517336,-0.0007635786802030475,0.00019276649746191588,-0.0010558375634517336,-0.0013420050761421276,0.00019276649746191588,-0.0016074873096446618,-0.0021161167512689927,0.00019276649746191588,-0.002295812182741108
in_sample,breakout_forced_cover_signal,2026-05-03 20:20:00+00:00,2026-05-03 20:25:00+00:00,78930.05,trend_up,normal_vol,5,0.6698530679452158,35.42761999999993,37.21974999999999,1.6576047139668653,0.5555555555555556,2.6732530892914497e-05,0.0005399717851439778,-0.0005463065081044993,0.001259596313444522,0.0042816392489297694,-0.0005463065081044993,0.0009849227258817983,0.0042816392489297694,-0.0005463065081044993,-0.00017813240964625887,0.0042816392489297694,-0.0011825660822462059,-0.00016001510197960478,0.0042816392489297694,-0.0011825660822462059
in_sample,breakout_forced_cover_signal,2026-05-03 20:35:00+00:00,2026-05-03 20:40:00+00:00,79029.48,trend_up,normal_vol,5,0.6144003515800969,91.47339999999996,41.50246000000001,6.238361453009083,0.5833333333333334,-0.002320273396712147,0.00024383306077679912,-0.002439216353188556,-0.0020165892525167983,0.00024383306077679912,-0.002439216353188556,-0.0014360463968634551,0.00024383306077679912,-0.002439216353188556,-0.00023953086873396146,0.00034303654788070403,-0.002439216353188556,-0.004169077159561163,0.00034303654788070403,-0.004653073764372406
in_sample,breakout_forced_cover_signal,2026-05-04 01:25:00+00:00,2026-05-04 01:30:00+00:00,78605.69,trend_down,high_vol,4,0.6687443949436331,33.08244999999995,9.808639999999997,1.2509199113545495,0.8680555555555556,0.0033384351692606895,0.006863498049568539,-9.999276133831891e-05,0.00247195845491599,0.006863498049568539,-9.999276133831891e-05,0.004764795016747536,0.006863498049568539,-9.999276133831891e-05,0.01430329025799515,0.019010201424349837,-9.999276133831891e-05,0.014581259957135329,0.019010201424349837,-9.999276133831891e-05
in_sample,breakout_forced_cover_signal,2026-05-04 01:30:00+00:00,2026-05-04 01:35:00+00:00,78949.6,trend_up,high_vol,5,0.6080844392155779,37.94776999999996,4.865320000000011,2.2408437843868927,0.8888888888888888,-0.0018948797713985721,0.00016630863234246007,-0.002072208092251282,0.0003879690334085417,0.0006181158612581505,-0.002072208092251282,0.003824211902276886,0.003991787165482652,-0.002072208092251282,0.012605383687820826,0.014571321450646879,-0.002072208092251282,0.012579037765865886,0.014571321450646879,-0.002072208092251282
in_sample,breakout_forced_cover_signal,2026-05-04 01:50:00+00:00,2026-05-04 01:55:00+00:00,79251.52,trend_up,high_vol,4,0.5749252803507674,29.92913999999995,53.59196,2.5182994865688606,0.9305555555555556,0.006037612906351741,0.01070616689749282,-0.003739738998066011,0.008747718655742975,0.01070616689749282,-0.003739738998066011,0.008595040196074377,0.01070616689749282,-0.003739738998066011,0.0057245589737584535,0.01070616689749282,-0.003739738998066011,0.0116310702936675,0.014755300592341758,-0.003739738998066011
in_sample,breakout_forced_cover_signal,2026-05-04 09:40:00+00:00,2026-05-04 09:45:00+00:00,79857.56,trend_down,normal_vol,3,0.7378613781305892,74.51010999999994,6.938229999999976,1.0217255389919353,0.4166666666666667,0.0007820173819486076,0.0009071151184685267,-0.0008192086009138899,-0.00023892540668657425,0.0009071151184685267,-0.0008192086009138899,-0.00783582668942051,0.0009071151184685267,-0.008308919030333484,-0.01836319566989031,0.0009071151184685267,-0.018720707219203714,-0.009856299140619806,0.0009071151184685267,-0.020731412279563766
in_sample,breakout_forced_cover_signal,2026-05-04 14:20:00+00:00,2026-05-04 14:25:00+00:00,79274.9,mixed_trend,normal_vol,5,0.6158765429745418,93.37189999999993,83.40274000000001,1.913397742568356,0.6111111111111112,0.00010936626851631992,0.0015444989523796249,-0.0005455699092651312,0.0030526686252521085,0.0036909538832594624,-0.0005455699092651312,0.0032621926990763495,0.003958756176292821,-0.0005455699092651312,0.01187336723225152,0.016023608985946458,-0.0005455699092651312,0.005367020330520722,0.016023608985946458,-0.0005455699092651312
in_sample,breakout_forced_cover_signal,2026-05-04 14:35:00+00:00,2026-05-04 14:40:00+00:00,79516.9,mixed_trend,normal_vol,5,0.6352958084372349,114.73822999999993,13.40440000000001,1.9860591494628785,0.6354166666666666,0.00640920357810737,0.008673627870301903,-0.0006547035913120336,0.011831321392056449,0.012277893127121464,-0.0006547035913120336,0.008793853885149083,0.012931464883565669,-0.0006547035913120336,0.007365981319694237,0.012931464883565669,-0.0006547035913120336,0.004943477424296017,0.012931464883565669,-0.002472681907871088
in_sample,breakout_forced_cover_signal,2026-05-04 14:45:00+00:00,2026-05-04 14:50:00+00:00,80026.54,trend_up,high_vol,5,0.661325662001045,220.6781699999999,87.13828999999998,3.173581621373435,0.7569444444444444,0.00236946393034132,0.006480725019474942,0.0,0.0009179454715899649,0.006480725019474942,0.0,0.0006881467073298619,0.006480725019474942,0.0,-0.006095727742321366,0.006480725019474942,-0.008825322199360275,-0.0013765433317495246,0.006480725019474942,-0.008825322199360275
in_sample,breakout_forced_cover_signal,2026-05-04 14:50:00+00:00,2026-05-04 14:55:00+00:00,80457.69,trend_up,high_vol,4,0.6031193126537627,196.12576999999987,-24.552400000000034,4.372651570401869,0.8784722222222222,-0.004445690648090972,0.0010872795378540356,-0.004450289338408742,-0.004674257985781138,0.0010872795378540356,-0.005345418194332985,-0.004413126949083468,0.0010872795378540356,-0.006508886844750372,-0.009412649058157196,0.0010872795378540356,-0.01413674690386968,-0.005330006367321727,0.0010872795378540356,-0.01413674690386968
in_sample,breakout_forced_cover_signal,2026-05-04 21:20:00+00:00,2026-05-04 21:25:00+00:00,80275.75,trend_up,low_vol,3,0.7060345879498546,34.209129999999924,26.617690000000003,0.29784789792474875,0.19444444444444445,-0.000379068398613458,0.00015135330408000414,-0.0009716508410073654,-0.0001715337446240861,0.00017751313441483063,-0.0009716508410073654,-0.0003947642968143983,0.00017751313441483063,-0.0009716508410073654,-0.00020653808902437731,0.0013378884656947143,-0.0009716508410073654,-8.744857569076281e-05,0.00151278561707624,-0.0009716508410073654
in_sample,breakout_forced_cover_signal,2026-05-05 00:30:00+00:00,2026-05-05 00:35:00+00:00,80093.96,mixed_trend,normal_vol,3,0.6523713065692767,19.00860999999991,18.52022,0.22936050745977393,0.3020833333333333,-0.00022074074000100197,7.553628263590184e-05,-0.0010416515802190718,-0.0006056636480454847,7.553628263590184e-05,-0.0010416515802190718,0.0008476294592001388,0.001115814475898036,-0.0010416515802190718,0.0014441788119852195,0.001490749115164114,-0.0010416515802190718,0.001974680737473644,0.0030179554113691776,-0.0010416515802190718
in_sample,breakout_forced_cover_signal,2026-05-05 01:05:00+00:00,2026-05-05 01:10:00+00:00,80209.63,trend_up,normal_vol,3,0.6465664927513611,21.65183999999991,11.561849999999996,0.2723303960108009,0.3472222222222222,3.353712016873622e-05,0.0006248626255973555,-0.0002514660646109057,0.0007159988146061558,0.0009531274486616059,-0.0002514660646109057,0.0007900547602575081,0.0009531274486616059,-0.0002514660646109057,0.0004535614987875025,0.0015715070621817873,-0.0005329783967336077,0.003076064557335556,0.0038347016436803827,-0.0005329783967336077
in_sample,breakout_forced_cover_signal,2026-05-05 02:00:00+00:00,2026-05-05 02:05:00+00:00,80497.44,trend_up,normal_vol,3,0.7261319028667926,49.51484999999991,42.48997,0.4074388956168643,0.3020833333333333,-0.0005103267880320894,0.0002455978724293928,-0.0012104732771626159,-0.001219293433431079,0.0002455978724293928,-0.001219293433431079,-0.00015466330357827296,0.0002455978724293928,-0.0015185576087886066,0.0027942503513154193,0.0033454480043091372,-0.0015185576087886066,0.0003260973268217615,0.005000904376586401,-0.0015185576087886066
in_sample,breakout_forced_cover_signal,2026-05-05 02:35:00+00:00,2026-05-05 02:40:00+00:00,80723.12,trend_up,normal_vol,3,0.6859447949890171,63.11888999999991,69.87749,0.6763757693696855,0.4409722222222222,-0.002042413623259298,0.002191193799248703,-0.0021488267549617523,-0.002239878736104317,0.002191193799248703,-0.002239878736104317,-0.0020866388712428297,0.002191193799248703,-0.00275299071690982,-0.0005570894682961347,0.002191193799248703,-0.00328518025566904,0.0023217635790093727,0.0044703425734784474,-0.00328518025566904
in_sample,breakout_forced_cover_signal,2026-05-05 02:40:00+00:00,2026-05-05 02:45:00+00:00,80809.04,trend_up,normal_vol,3,0.7092864491263158,110.4759499999999,47.35705999999999,1.052190664083477,0.4444444444444444,-0.00330074457016194,0.0011256166389306266,-0.00330074457016194,-0.003147667637185103,0.0011256166389306266,-0.0038133109859985748,-0.003981732736832333,0.0011256166389306266,-0.004344934675625356,-0.0006577234428226664,0.0011256166389306266,-0.004344934675625356,0.0011866246647651568,0.0034023421141990973,-0.004344934675625356
in_sample,breakout_forced_cover_signal,2026-05-05 05:35:00+00:00,2026-05-05 05:40:00+00:00,81235.84,trend_up,normal_vol,3,0.49249874306421243,-5.698740000000079,10.610199999999992,1.6274360121592828,0.4722222222222222,-0.003396776595158024,0.00012728372107684294,-0.0039801398003640465,-0.0025824808360447316,0.00012728372107684294,-0.0039801398003640465,-0.003272447235111997,0.00012728372107684294,-0.0039801398003640465,-0.0034087171376575576,0.00012728372107684294,-0.004134135869094169,-0.005223433400824096,0.00012728372107684294,-0.005365119631925985
in_sample,breakout_forced_cover_signal,2026-05-05 07:20:00+00:00,2026-05-05 07:25:00+00:00,81042.0,trend_up,normal_vol,3,0.6055143293405565,19.14145999999991,7.408669999999994,0.3948070649392843,0.4861111111111111,0.0004613657116063763,0.0006539818859356838,-0.0003110732706498309,0.0010226795982331005,0.0011671725771822405,-0.0003110732706498309,-0.0003819007428246257,0.0011671725771822405,-0.0005820438784827076,-0.0023001653463636806,0.0011671725771822405,-0.002665284667209611,-0.0024600824263961707,0.0011671725771822405,-0.0028277929962241544
in_sample,breakout_forced_cover_signal,2026-05-05 07:35:00+00:00,2026-05-05 07:40:00+00:00,81124.88,trend_up,normal_vol,3,0.519440792847645,13.639279999999893,-43.10256999999999,1.5207876128847102,0.4652777777777778,-0.002078154075543903,1.2326674614371314e-07,-0.00289085173377146,-0.0030801894560583687,1.2326674614371314e-07,-0.003338186756023487,-0.0033194502105889923,1.2326674614371314e-07,-0.0036841965128331378,-0.003273471714226206,1.2326674614371314e-07,-0.0036841965128331378,-0.004728635654068114,1.2326674614371314e-07,-0.004951378664597161
in_sample,breakout_forced_cover_signal,2026-05-05 10:15:00+00:00,2026-05-05 10:20:00+00:00,80710.0,trend_down,low_vol,3,0.7583747069477811,75.82783999999994,26.319820000000007,0.626888765391467,0.006944444444444444,0.0002772890595961197,0.00048383099987603373,-8.858877462514236e-05,0.0013676124395987088,0.0014228720109032977,-8.858877462514236e-05,0.0010060711188204507,0.0015099739809192325,-8.858877462514236e-05,0.0001851071738323551,0.0015099739809192325,-8.858877462514236e-05,0.0019238012637838864,0.0033327964316689496,-8.858877462514236e-05
in_sample,breakout_forced_cover_signal,2026-05-05 11:10:00+00:00,2026-05-05 11:15:00+00:00,80942.73,trend_up,low_vol,3,0.6872047671716864,60.97903999999994,35.630239999999986,0.815811972550846,0.0625,-0.0009569729115881387,0.00021336073048194848,-0.0015320708851801479,8.030369126421633e-05,0.00030626592406757247,-0.0015320708851801479,0.0007074137479674558,0.0007075372921077072,-0.0015320708851801479,0.0006908588331526744,0.0018871367447081955,-0.0015320708851801479,0.0017354245402891877,0.0023637700383962734,-0.0015320708851801479
in_sample,breakout_forced_cover_signal,2026-05-05 13:00:00+00:00,2026-05-05 13:05:00+00:00,81473.48,trend_up,low_vol,4,0.5912349196633157,55.834009999999935,49.74673999999999,1.5185088776650277,0.1909722222222222,0.0018229244657279597,0.002362977498935992,-0.0003716546783075758,0.0009519662103545379,0.002362977498935992,-0.0003716546783075758,0.0009394467991303834,0.002931506055712907,-0.0003716546783075758,-0.0014466056930426685,0.002931506055712907,-0.0014466056930426685,-0.0025220476650806845,0.002931506055712907,-0.0034180447429027483
in_sample,breakout_forced_cover_signal,2026-05-05 13:05:00+00:00,2026-05-05 13:10:00+00:00,81587.72,trend_up,low_vol,5,0.6094183928601751,107.59800999999993,51.763999999999996,2.435970140682802,0.19791666666666666,-0.00044957746092189055,0.0008970712749418741,-0.0013418686047360628,-0.0004620793423323333,0.001527190611528395,-0.0013418686047360628,-0.0015621223389989947,0.001527190611528395,-0.0020702870480999724,-0.0021280163240251504,0.001527190611528395,-0.004565270361765239,-0.005927852868054195,0.001527190611528395,-0.006100427858506174
in_sample,breakout_forced_cover_signal,2026-05-05 15:10:00+00:00,2026-05-05 15:15:00+00:00,81564.85,trend_up,high_vol,4,0.6690633154925842,91.60054999999993,46.4213,1.3554043566230443,0.8576388888888888,0.0007027536984374194,0.0012891582587351014,-0.0005638458232928301,0.0005534246676111021,0.0012891582587351014,-0.0005638458232928301,0.0004869744749116389,0.0012891582587351014,-0.0005638458232928301,0.0010238478952635521,0.0015245537753088012,-0.0005638458232928301,-0.0009700256912139604,0.0015245537753088012,-0.0018207598003308068
in_sample,breakout_forced_cover_signal,2026-05-05 18:10:00+00:00,2026-05-05 18:15:00+00:00,81562.07,trend_up,normal_vol,3,0.7269393239102274,76.38286999999994,73.19055999999999,0.996927852541115,0.4027777777777778,-0.0015550120294887115,0.0001617173276744488,-0.001677127615814622,-0.0012590411204620455,0.0001617173276744488,-0.001716974569184071,-0.0009493383382742637,0.0001617173276744488,-0.001716974569184071,-0.00036597894094647643,0.0001617173276744488,-0.001716974569184071,-0.00011745655793193865,0.0001617173276744488,-0.001894140254164789
in_sample,breakout_forced_cover_signal,2026-05-05 19:30:00+00:00,2026-05-05 19:35:00+00:00,81590.5,trend_up,low_vol,3,0.6968428835264642,43.95051999999994,32.754090000000005,0.6757051331631976,0.21875,0.0007803604586318347,0.0009334420061160031,-0.0008385780207254001,0.0007630790349366645,0.0010969414331325478,-0.0008385780207254001,0.00024316556461845273,0.0010969414331325478,-0.0008385780207254001,0.0008211740337416007,0.002200011030695892,-0.000985041150624144,0.00047762913574489474,0.002200011030695892,-0.000985041150624144
in_sample,breakout_forced_cover_signal,2026-05-05 19:40:00+00:00,2026-05-05 19:45:00+00:00,81654.16,trend_up,low_vol,3,0.6723414918659617,50.56315999999995,11.869050000000009,0.887628562190221,0.1909722222222222,-0.0005366536132391797,0.0003164566263371693,-0.0015695464872824694,-0.0005855182393645908,0.0003164566263371693,-0.0015695464872824694,0.0005864979812417737,0.0014186662381927562,-0.0015695464872824694,-0.0003490330437543321,0.0014186662381927562,-0.001763902782172977,-0.0006772465726180288,0.0014186662381927562,-0.001763902782172977
in_sample,breakout_forced_cover_signal,2026-05-05 20:00:00+00:00,2026-05-05 20:05:00+00:00,81702.06,trend_up,low_vol,5,0.6810451245885505,94.40815999999992,89.6429,1.574374868945991,0.19444444444444445,-2.5091166611979077e-05,0.0008315579803006568,-0.002349145174552425,-0.0009351049410504242,0.0008315579803006568,-0.002349145174552425,-0.0013129411914460931,0.0008315579803006568,-0.002349145174552425,-0.0008884720899325904,0.0008315579803006568,-0.002349145174552425,-0.0006008416434052366,0.0010944644480199717,-0.002349145174552425
in_sample,breakout_forced_cover_signal,2026-05-06 01:15:00+00:00,2026-05-06 01:20:00+00:00,81287.6,trend_down,high_vol,3,0.6651863353939748,42.08853999999991,17.0036,0.7030682702516919,0.8958333333333334,-0.00046255517446702754,0.0003987077979912268,-0.0008282936142781638,0.0004273714564089204,0.0005896348274521124,-0.0008282936142781638,0.00039883081798453013,0.0008925100507333195,-0.0008282936142781638,0.001957125071966548,0.0030340420925207834,-0.0008282936142781638,2.6572318533091277e-05,0.0030340420925207834,-0.0008282936142781638
in_sample,breakout_forced_cover_signal,2026-05-06 03:20:00+00:00,2026-05-06 03:25:00+00:00,81651.32,trend_up,high_vol,4,0.7611914647681888,136.44650999999993,159.43714,1.4274474590226984,0.7222222222222222,-0.00017746191978285086,0.0013413132818917983,-0.0007178083587625617,-0.00019840463081322035,0.0013413132818917983,-0.0007178083587625617,-0.0013195132669012732,0.0013413132818917983,-0.0015266134093118167,-0.0008527724965132766,0.0013413132818917983,-0.0019190136791420453,-0.002688015331534288,0.0013413132818917983,-0.002728063673679726
in_sample,breakout_forced_cover_signal,2026-05-06 08:30:00+00:00,2026-05-06 08:35:00+00:00,81715.48,trend_up,normal_vol,4,0.5184121982322738,13.85990999999987,8.622079999999972,2.1294385972601115,0.4375,-0.00018931541490063708,0.0014830727299159907,-0.0011519237236321533,-0.0009235704177470438,0.0014830727299159907,-0.0011519237236321533,0.0025121311164053584,0.0028699580544593317,-0.0011519237236321533,0.0017033492307700904,0.003310511056167087,-0.0011519237236321533,0.0036040906814720497,0.0036042130573057385,-0.0011519237236321533
in_sample,breakout_forced_cover_signal,2026-05-06 08:50:00+00:00,2026-05-06 08:55:00+00:00,81920.77,trend_up,normal_vol,5,0.6291198900888213,98.70287999999994,159.59038000000004,2.118827967031737,0.6180555555555556,-0.0012552372249431398,0.0007962571640867111,-0.0019400452412741132,-0.0008068771814523368,0.0007962571640867111,-0.0019400452412741132,-0.0012886841761864387,0.0007962571640867111,-0.0019400452412741132,-0.0018917058518859164,0.0007962571640867111,-0.0029061006140446155,0.0009305332457201221,0.0016995689859848895,-0.0029061006140446155
in_sample,breakout_forced_cover_signal,2026-05-06 09:35:00+00:00,2026-05-06 09:40:00+00:00,82010.0,trend_up,normal_vol,5,0.7248155520613043,179.1846899999999,148.70321000000004,2.172176911039603,0.6979166666666666,-0.001409584197049174,0.0006096817461285209,-0.002954273869040347,-0.0006680892574075781,0.0006096817461285209,-0.002954273869040347,-0.00015851725399340655,0.0006096817461285209,-0.002954273869040347,0.00039970735276173563,0.0014754298256309806,-0.002954273869040347,0.002926594317766096,0.0035142055846848486,-0.002954273869040347
in_sample,breakout_forced_cover_signal,2026-05-06 09:40:00+00:00,2026-05-06 09:45:00+00:00,82014.78,trend_up,normal_vol,5,0.7060650949222818,195.6090799999999,16.42438999999999,2.5784430948380805,0.6875,-0.000726332497630211,0.0,-0.0030123838654446677,-0.0002167901931822147,0.0,-0.0030123838654446677,0.00028324163034998406,0.000526978186127014,-0.0030123838654446677,0.0014341317503989703,0.0014718078863347195,-0.0030123838654446677,0.0018884401079903856,0.0034557185912100774,-0.0030123838654446677
in_sample,breakout_forced_cover_signal,2026-05-06 10:15:00+00:00,2026-05-06 10:20:00+00:00,82132.4,trend_up,normal_vol,4,0.6541423111861746,74.05709999999992,4.843499999999992,1.2773125017536573,0.65625,0.0007196916198723979,0.0013490413040408988,-0.0003427392843748933,0.0011474156362167864,0.0019511179510156573,-0.0003427392843748933,0.0013979866654330042,0.001973033784474776,-0.0003427392843748933,0.0026094452372025234,0.003136399277264612,-0.0003427392843748933,0.007657026946734868,0.008737112272379832,-0.0003427392843748933
in_sample,breakout_forced_cover_signal,2026-05-06 10:20:00+00:00,2026-05-06 10:25:00+00:00,82174.93,trend_up,normal_vol,3,0.5869925301237282,65.86153999999995,-8.195559999999972,2.0093395459849104,0.65625,0.0006292673446757213,0.0014325536997719102,-0.0007622762806125394,0.000879708689742742,0.001454458190594199,-0.0007622762806125394,0.000913660650517123,0.0015000925464738746,-0.0007622762806125394,0.001400792188079647,0.002617221578406159,-0.0007622762806125394,0.006195076770981078,0.008215035899635126,-0.0007622762806125394
in_sample,breakout_forced_cover_signal,2026-05-06 10:50:00+00:00,2026-05-06 10:55:00+00:00,82346.72,trend_up,normal_vol,4,0.6773221319737378,98.1502399999999,103.47991999999999,1.4264666611853531,0.6701388888888888,0.0007370056755144905,0.0009870459928458253,-0.0010336780869959483,0.0013319291891649154,0.0016696475585185055,-0.0010336780869959483,0.0008601435491297771,0.0016696475585185055,-0.0010336780869959483,0.0040959737072707725,0.006111718839560298,-0.0010336780869959483,0.0021393687568855846,0.006111718839560298,-0.0010336780869959483
in_sample,breakout_forced_cover_signal,2026-05-06 11:00:00+00:00,2026-05-06 11:05:00+00:00,82407.4,trend_up,normal_vol,5,0.7427284575180607,142.66050999999993,52.691830000000024,1.5050141221271471,0.6597222222222222,0.00012316855039729013,0.0009320764882767563,-0.0003203595793580538,0.0014747461999771172,0.00245851707492295,-0.0003203595793580538,0.004294395891631053,0.005370876887270004,-0.0003203595793580538,0.0037352228076605876,0.005370876887270004,-0.0003203595793580538,-0.0006515191596869752,0.005370876887270004,-0.0011011147057180537
in_sample,breakout_forced_cover_signal,2026-05-06 11:05:00+00:00,2026-05-06 11:10:00+00:00,82456.4,trend_up,normal_vol,3,0.7409025594228104,116.80930999999993,-25.851200000000006,1.2389795455603676,0.6631944444444444,0.0008796163790802947,0.0018628026447917723,-0.000914422652456226,0.0036975904841831664,0.004773431777278736,-0.000914422652456226,0.0027603679035224093,0.004773431777278736,-0.000914422652456226,0.0005512003919647679,0.004773431777278736,-0.000914422652456226,-0.0031038221411556766,0.004773431777278736,-0.0031095221232068093
in_sample,breakout_forced_cover_signal,2026-05-06 11:15:00+00:00,2026-05-06 11:20:00+00:00,82528.92,trend_up,normal_vol,5,0.7202238771843553,156.1275899999999,56.27991,1.807155458859326,0.6944444444444444,0.0018792200358370703,0.003890514985534832,0.0,0.002052129120313273,0.003890514985534832,0.0,0.0022572693305571434,0.003890514985534832,0.0,0.0002759032833581365,0.003890514985534832,-0.0005598037633353092,-0.0013881194616384152,0.003890514985534832,-0.00417683885842679
in_sample,breakout_forced_cover_signal,2026-05-06 11:20:00+00:00,2026-05-06 11:25:00+00:00,82761.29,trend_up,high_vol,5,0.6913514950777311,233.15344999999996,77.02586000000005,3.0952512990465464,0.8020833333333334,-0.0007613462767436241,0.0005633068310078038,-0.001505172285255485,-0.0005567820414590363,0.0005633068310078038,-0.001505172285255485,-0.003134798889674051,0.0005633068310078038,-0.0031571523353489672,-0.002880573756160576,0.0005633068310078038,-0.003365945600896203,-0.004504521377083237,0.0005633068310078038,-0.006972825097336988
in_sample,breakout_forced_cover_signal,2026-05-06 20:00:00+00:00,2026-05-06 20:05:00+00:00,81623.84,trend_up,low_vol,3,0.6561621602052,47.96521999999986,45.88634,0.7327974905670798,0.2604166666666667,0.00017556145361452558,0.00032061711382369573,-0.0007576217928486617,0.00020006409892014965,0.0006267776669168779,-0.0007576217928486617,3.675396795843611e-05,0.0006267776669168779,-0.0007576217928486617,-0.002959919552914858,0.0009330607332367347,-0.003938677719646511,-0.0015766227121880583,0.0009330607332367347,-0.003938677719646511
in_sample,breakout_forced_cover_signal,2026-05-06 20:10:00+00:00,2026-05-06 20:15:00+00:00,81638.18,trend_up,low_vol,3,0.7280494972519953,71.36990999999985,33.23731999999999,0.7502057896909027,0.2673611111111111,-0.00013890559539664338,0.0004510144640657021,-0.0007385024996882095,-0.0009575176712660616,0.0007572437308132063,-0.0009576401629727282,-0.0034809693209720827,0.0007572437308132063,-0.00411363898607231,-0.003613872822740505,0.0007572437308132063,-0.00411363898607231,-0.0026513329914997774,0.0007572437308132063,-0.004208080091937294
in_sample,breakout_forced_cover_signal,2026-05-06 23:50:00+00:00,2026-05-06 23:55:00+00:00,81440.71,mixed_trend,normal_vol,3,0.6174124481564528,9.549299999999858,10.226379999999999,0.2072067023267893,0.3020833333333333,-7.600621360004389e-05,0.0006055939345321892,-0.0002542954254697305,-0.00026571477581660563,0.0006055939345321892,-0.0009113378309202336,-0.00017350045204667097,0.0006055939345321892,-0.0009113378309202336,-0.0026208022989976376,0.0006055939345321892,-0.0026208022989976376,-0.005203171730698286,0.0006055939345321892,-0.005656998815457337
in_sample,breakout_forced_cover_signal,2026-05-06 23:55:00+00:00,2026-05-07 00:00:00+00:00,81447.01,mixed_trend,low_vol,3,0.7019769474522983,18.31101999999986,8.761720000000002,0.2311895162465224,0.28125,-0.0003430451283600311,0.0005281961854708417,-0.0009886182439353686,-0.00025083793745150906,0.0005281961854708417,-0.0009886182439353686,-0.0005078148356827406,0.0005281961854708417,-0.001191081170444419,-0.0033712717016868288,0.0005281961854708417,-0.0037472216598252173,-0.005360417773470072,0.0005281961854708417,-0.005878177725615608
in_sample,breakout_forced_cover_signal,2026-05-07 05:00:00+00:00,2026-05-07 05:05:00+00:00,81087.91,trend_down,low_vol,3,0.7675520498202382,57.08207999999985,35.211479999999995,0.5790597994206638,0.04513888888888889,0.0003568966076448188,0.0010403523780548873,-0.0007785377622879786,0.0006563247221442747,0.0010403523780548873,-0.0007785377622879786,3.502371685248917e-05,0.0010403523780548873,-0.0007785377622879786,-0.00036898225641768256,0.0010403523780548873,-0.0007785377622879786,-0.0013569223821405796,0.0010403523780548873,-0.0019473926507663775
in_sample,breakout_forced_cover_signal,2026-05-07 05:10:00+00:00,2026-05-07 05:15:00+00:00,81116.85,mixed_trend,low_vol,3,0.7689903121925762,81.58664999999985,40.42236,0.8250329690326698,0.03125,-0.00032175805643352984,0.0004791852740828606,-0.00045391308957398735,-0.00018282268110758615,0.0004791852740828606,-0.0007256198927843016,-0.0008241197728955374,0.0004791852740828606,-0.0008241197728955374,-0.0007783832828813786,0.0004791852740828606,-0.0009768623904898854,-0.0019931740446036406,0.0004791852740828606,-0.002988774835314789
in_sample,breakout_forced_cover_signal,2026-05-07 06:30:00+00:00,2026-05-07 06:35:00+00:00,81280.54,trend_up,normal_vol,3,0.7334144141524308,76.09209999999985,58.82285999999999,0.8983289972583453,0.3333333333333333,0.001096941531146367,0.0012517141249308583,-0.00020767578561842193,0.0003462083298166885,0.0013609653676023292,-0.00020767578561842193,0.001328239207072368,0.0013609653676023292,-0.00020767578561842193,0.001812980081087101,0.0031882170074164495,-0.00020767578561842193,0.004202727983844579,0.00526300637274324,-0.00020767578561842193
in_sample,breakout_forced_cover_signal,2026-05-07 06:40:00+00:00,2026-05-07 06:45:00+00:00,81369.7,trend_up,normal_vol,4,0.7204700036362496,117.72143999999983,27.59272999999999,1.4679866940909811,0.3506944444444444,0.00023104423391018258,0.000263734535091098,-0.0008751414838692462,0.000846875433976102,0.0009034075337626124,-0.0008751414838692462,0.0007231192937910969,0.0011702144655811875,-0.0008751414838692462,0.002839140367974835,0.004143557122614494,-0.0008751414838692462,0.0019649820510583282,0.004161499919503431,-0.0008751414838692462
in_sample,breakout_forced_cover_signal,2026-05-07 12:10:00+00:00,2026-05-07 12:15:00+00:00,81080.0,mixed_trend,normal_vol,3,0.7434206646247793,58.773899999999855,34.16013,0.78716379769085,0.6388888888888888,-0.0009126788357177729,0.000301554020720296,-0.0013136408485445727,-0.00022200296003949127,0.000301554020720296,-0.0013136408485445727,-0.00046867291563890134,0.000301554020720296,-0.0013136408485445727,-0.00027183029107047396,0.0006307350764676034,-0.0013136408485445727,-0.00033152442032569063,0.0012333497779970504,-0.0026260483473112828
in_sample,breakout_forced_cover_signal,2026-05-07 12:55:00+00:00,2026-05-07 13:00:00+00:00,81162.0,mixed_trend,normal_vol,3,0.6151086360518809,26.446809999999857,10.36354,0.7622236158584689,0.4861111111111111,-0.0017223577536285006,1.2321036924056727e-07,-0.0019149355609767715,-0.002837288386190573,1.2321036924056727e-07,-0.0032157906409403525,-0.0013415145018604857,1.2321036924056727e-07,-0.003633720213893188,-0.0042728123998915235,1.2321036924056727e-07,-0.00493075577240587,-0.008913038121288186,1.2321036924056727e-07,-0.011101500702299205
in_sample,breakout_forced_cover_signal,2026-05-07 17:55:00+00:00,2026-05-07 18:00:00+00:00,80094.52,trend_down,high_vol,3,0.6189537486851147,44.76761999999988,24.85457,1.1339530090682188,0.8784722222222222,0.00029852229590732193,0.0015070943680040028,-0.00017329525166021043,0.0008140382138503988,0.0015070943680040028,-0.00017329525166021043,0.0009423865702671286,0.0015070943680040028,-0.00017329525166021043,0.0011119362473237526,0.001797126694810025,-0.00017329525166021043,-0.00017092305441124278,0.002179175304377834,-0.0011251706109233206
in_sample,breakout_forced_cover_signal,2026-05-07 18:00:00+00:00,2026-05-07 18:05:00+00:00,80140.0,trend_down,high_vol,4,0.6270758013066865,52.95438999999989,8.18677000000001,1.253008739506143,0.8784722222222222,0.0002460693785875101,0.0009387322186173996,-0.000623908160718778,0.000374344896431289,0.0009387322186173996,-0.000623908160718778,0.0007228599950086512,0.0009387322186173996,-0.000623908160718778,0.001192163713501282,0.0013608684801595938,-0.000623908160718778,-0.0004987521836785636,0.0016104317444471938,-0.0016920389318693108
in_sample,breakout_forced_cover_signal,2026-05-07 23:40:00+00:00,2026-05-07 23:45:00+00:00,80012.0,trend_up,normal_vol,3,0.66278417204309,13.702539999999884,8.411659999999998,0.250615561527143,0.4409722222222222,5.0492426135972934e-05,0.0007002699595060058,-1.2498125279147843e-07,-7.498875168721053e-05,0.0007002699595060058,-7.511373294000201e-05,0.0003794430835375451,0.0007002699595060058,-7.511373294000201e-05,0.0011140828875668696,0.0013720441933708916,-0.00027145928110783313,-0.0017658601209817881,0.0016352547117932659,-0.002084937259411168
in_sample,breakout_forced_cover_signal,2026-05-07 23:45:00+00:00,2026-05-07 23:50:00+00:00,80040.78,trend_up,normal_vol,3,0.6929209780216795,18.603639999999885,4.901100000000001,0.28709085264859724,0.4340277777777778,-0.00043452849909753066,0.00034045145487082706,-0.00043465343541126966,1.9739937566765065e-05,0.00034045145487082706,-0.00043465343541126966,0.0004344035627839027,0.0009285266835230566,-0.00043465343541126966,0.0011375451363668798,0.0011376700726803968,-0.0006309283842561575,-0.0033040657524825434,0.0012751000177659844,-0.0033641601193792336
in_sample,breakout_forced_cover_signal,2026-05-08 00:05:00+00:00,2026-05-08 00:10:00+00:00,80075.54,mixed_trend,low_vol,5,0.7315355754217582,136.91012999999992,33.34592000000001,1.7533694270751616,0.1909722222222222,0.0003196981250455089,0.0005774547383634587,-0.0010647446148973616,0.0007029612288598219,0.0007030861109398323,-0.0010647446148973616,-0.000685727501806288,0.0008404563990451752,-0.0010647446148973616,-0.0017550927536672534,0.0008404563990451752,-0.0020598050291010805,-0.004658476233816211,0.0008404563990451752,-0.004658476233816211
in_sample,breakout_forced_cover_signal,2026-05-08 00:20:00+00:00,2026-05-08 00:25:00+00:00,80131.84,mixed_trend,low_vol,4,0.809265938023881,167.50029999999987,-18.703180000000003,1.5830606012703954,0.1111111111111111,-0.0016452885644457904,0.000137273772822466,-0.0017390091129817487,-0.002566769963100679,0.000137273772822466,-0.002595971838410205,-0.0024564517674871,0.000137273772822466,-0.002760949954474956,-0.0037419582527993267,0.000137273772822466,-0.005018229957030718,-0.004779248797980973,0.000137273772822466,-0.00647944687155555
in_sample,breakout_forced_cover_signal,2026-05-08 03:40:00+00:00,2026-05-08 03:45:00+00:00,79646.13,trend_down,high_vol,3,0.6304708710788978,15.850759999999879,8.35204,0.3381161061942127,0.8090277777777778,-0.0005907380559482256,0.00025776519210651827,-0.0008143521850967339,-0.0008447365866991463,0.00025776519210651827,-0.0010394729787875923,-0.0003093684526793705,0.00025776519210651827,-0.0010394729787875923,0.001004066362044309,0.001018756341331306,-0.0010394729787875923,-0.00026517295943961905,0.0012790326410083708,-0.0011911438760427995
in_sample,breakout_forced_cover_signal,2026-05-08 05:40:00+00:00,2026-05-08 05:45:00+00:00,79751.95,mixed_trend,low_vol,3,0.6170471709201782,14.897379999999888,4.680700000000002,0.35905715411549927,0.11805555555555555,-0.0009587226393836801,0.000338549715712233,-0.0012211613634525165,-0.0019051571779750143,0.000338549715712233,-0.0019052825667584816,-0.0026998712884135356,0.000338549715712233,-0.003784484266528776,-0.0019934308816272894,0.000338549715712233,-0.003784484266528776,-0.0030489536619481283,0.000338549715712233,-0.004275130576744446
in_sample,breakout_forced_cover_signal,2026-05-08 07:45:00+00:00,2026-05-08 07:50:00+00:00,79678.72,mixed_trend,low_vol,3,0.6350671736328378,73.1951299999999,-17.448049999999995,1.4885887334679213,0.11805555555555555,4.61854808910811e-05,0.0006059334286494522,-0.0004006088451219414,0.0004233250734950733,0.0006059334286494522,-0.0004006088451219414,0.0003773906006521166,0.0006059334286494522,-0.0004006088451219414,0.0007600523703190643,0.0010200967083808798,-0.0004006088451219414,0.0034046731674404196,0.003872426665488593,-0.0004006088451219414
in_sample,breakout_forced_cover_signal,2026-05-08 08:35:00+00:00,2026-05-08 08:40:00+00:00,79849.99,trend_up,low_vol,4,0.7017609104328076,85.69671999999989,23.768550000000005,1.167047001866848,0.1527777777777778,0.001223168594009838,0.0017192237594518822,-0.00033312465036006156,0.0012524735444550128,0.0017192237594518822,-0.00033312465036006156,0.0004510958611265714,0.0017192237594518822,-0.00033312465036006156,0.0016320603171020576,0.0018786476992669332,-0.00033312465036006156,0.00017182218808042826,0.002644709160264158,-0.00033312465036006156
in_sample,breakout_forced_cover_signal,2026-05-08 08:40:00+00:00,2026-05-08 08:45:00+00:00,79893.69,trend_up,low_vol,3,0.7372823061434669,84.43678999999989,-1.259929999999997,0.9770795038750464,0.15625,0.000704811606523581,0.001171306519951676,-8.949392624135744e-05,-9.612774175293826e-05,0.001171306519951676,-0.00015896123961722797,-0.000486271193632537,0.001171306519951676,-0.0007820392323848457,0.0009911921704957027,0.001330643258560249,-0.0007820392323848457,-0.000685410825310595,0.0020962857016617598,-0.0012367685107547155
in_sample,breakout_forced_cover_signal,2026-05-08 08:45:00+00:00,2026-05-08 08:50:00+00:00,79947.65,trend_up,low_vol,4,0.7741242348246772,105.2574999999999,20.820710000000005,1.0540648649211894,0.1527777777777778,-0.0007710045260868048,0.00025266533788070866,-0.000833795615005406,-0.001160884653895411,0.00025266533788070866,-0.0014564530664752384,0.0004429148323934484,0.00044303991424410327,-0.0014564530664752384,0.0005653699639702747,0.0009451184618936015,-0.0014564530664752384,-0.0009446181344916482,0.0014199291661480817,-0.0019108754291088381
in_sample,breakout_forced_cover_signal,2026-05-08 10:35:00+00:00,2026-05-08 10:40:00+00:00,80056.94,trend_up,low_vol,3,0.6155008824151253,21.81834999999988,1.9285199999999918,0.5286245958640304,0.2847222222222222,0.001349039820907505,0.0015152964877247488,-0.00014964349124502174,0.0018844087720564229,0.002205680107183694,-0.00014964349124502174,0.0019438664530520011,0.0027727764763429974,-0.00014964349124502174,0.002136354449720379,0.003547475084608509,-0.00014964349124502174,0.0010510019493625844,0.003547475084608509,-0.00014964349124502174
in_sample,breakout_forced_cover_signal,2026-05-08 10:40:00+00:00,2026-05-08 10:45:00+00:00,80158.89,trend_up,low_vol,3,0.7127216181935118,67.26120999999988,45.442859999999996,0.8882912852978724,0.2951388888888889,0.0006101631397341656,0.0009310258662513782,-0.0003520507831383801,0.0006695451995404333,0.0014974009744894712,-0.0003520507831383801,0.00105527908382963,0.0022711142831444153,-0.0003520507831383801,0.0007124599654511066,0.0022711142831444153,-0.0003520507831383801,0.0008665289651592634,0.0022711142831444153,-0.00039109823002791977
in_sample,breakout_forced_cover_signal,2026-05-08 10:50:00+00:00,2026-05-08 10:55:00+00:00,80207.81,trend_up,low_vol,4,0.6882494697777697,73.09183999999988,0.7921399999999892,1.0906425567700087,0.2916666666666667,0.00044471978476900986,0.0016598134271463838,-0.0005344866042346075,0.00012355405290342958,0.0016598134271463838,-0.0005344866042346075,0.0002513470945035845,0.0016598134271463838,-0.0005344866042346075,0.0011493893175740233,0.0016598134271463838,-0.0005344866042346075,0.0002918668394014112,0.0016598134271463838,-0.00100077536090315
in_sample,breakout_forced_cover_signal,2026-05-08 17:30:00+00:00,2026-05-08 17:35:00+00:00,80246.22,mixed_trend,high_vol,5,0.7069137701070674,227.11351999999988,137.50507,3.3763832754194905,0.8368055555555556,-0.001502749911459933,0.00019502476253707712,-0.002254311791882513,0.0001252395439934606,0.00019502476253707712,-0.002254311791882513,-0.000780348283071719,0.00019502476253707712,-0.002254311791882513,-0.0009403558198755047,0.00019502476253707712,-0.0034188526263293495,-0.000414100502179382,0.0006700627144806681,-0.0034188526263293495
in_sample,breakout_forced_cover_signal,2026-05-08 19:55:00+00:00,2026-05-08 20:00:00+00:00,80180.0,trend_up,normal_vol,3,0.638770223940002,33.337819999999894,36.101489999999984,0.7125549781516946,0.6736111111111112,-0.00018495884260416595,0.00011586430531296266,-0.0004739336492890489,0.000623472187577967,0.000623596906959234,-0.0004739336492890489,0.0003196557745073214,0.0009728111748565915,-0.0004739336492890489,0.0010614866550262558,0.0014957595410325375,-0.0004739336492890489,1.7834871538946473e-05,0.0014957595410325375,-0.0011254676976802935
in_sample,breakout_forced_cover_signal,2026-05-08 20:20:00+00:00,2026-05-08 20:25:00+00:00,80280.0,trend_up,normal_vol,3,0.657494888979836,32.555799999999905,39.967099999999995,0.61610534248959,0.5104166666666666,-0.000185475834578952,0.0002482561036372122,-0.0015483308420528585,-0.000636646736422497,0.0002482561036372122,-0.0015483308420528585,-0.00037767812655709054,0.0002482561036372122,-0.0015483308420528585,-0.0018299701046338157,0.0002482561036372122,-0.0023697060288989658,-0.0009943946188341046,0.0002482561036372122,-0.0023697060288989658
in_sample,breakout_forced_cover_signal,2026-05-08 22:00:00+00:00,2026-05-08 22:05:00+00:00,80310.31,trend_up,low_vol,3,0.6903544329904745,45.99939999999991,36.98361,0.7261220625778909,0.003472222222222222,0.0010014903441415424,0.00111654406513928,-0.00018503228290367435,0.00041563779295583636,0.0012299790649543674,-0.00018503228290367435,0.0005064106962107129,0.0012299790649543674,-0.00018515679991770728,-0.00018951489541008115,0.0012299790649543674,-0.00018963941242411408,-0.0008728642686099963,0.0012299790649543674,-0.0010453203330929028
in_sample,breakout_forced_cover_signal,2026-05-08 22:10:00+00:00,2026-05-08 22:15:00+00:00,80390.74,trend_up,low_vol,3,0.8423913609051621,80.93774999999991,51.30295999999999,0.7116141983380116,0.006944444444444444,-0.0004945843265034,0.0002282601205063628,-0.0011854599173984903,-0.0005197115986244061,0.0002282601205063628,-0.0011854599173984903,-0.0006718435481500862,0.0002282601205063628,-0.0011854599173984903,-0.00059559098473283,0.0002282601205063628,-0.001189938045103256,-0.0019219875323950308,0.0002282601205063628,-0.0028911290031662373
in_sample,breakout_forced_cover_signal,2026-05-09 00:30:00+00:00,2026-05-09 00:35:00+00:00,80217.99,mixed_trend,low_vol,3,0.6827948142154466,16.084919999999908,14.172269999999997,0.27172851669272746,0.020833333333333332,-0.0002854721241458691,1.2466031606983563e-07,-0.000433443919499954,-7.69154151082363e-05,0.00019085494413406678,-0.000433443919499954,0.0002174075914889162,0.0002383505246141837,-0.000433443919499954,0.0005662071562750892,0.0005662071562750892,-0.000433443919499954,0.0016754346500080786,0.0022680697933217253,-0.000433443919499954
in_sample,breakout_forced_cover_signal,2026-05-09 01:10:00+00:00,2026-05-09 01:15:00+00:00,80320.56,trend_up,low_vol,3,0.7402189659733861,31.833629999999914,25.881590000000003,0.4174605906093458,0.003472222222222222,-0.0008483506589097578,0.0003664068079207716,-0.0008483506589097578,-0.0005688456355383842,0.0003664068079207716,-0.0008483506589097578,0.0006427993031921098,0.0008030322497751818,-0.0008483506589097578,0.000988912427901445,0.0009890369290255219,-0.0008483506589097578,0.0011937167768751866,0.0018098728395319341,-0.0008483506589097578
in_sample,breakout_forced_cover_signal,2026-05-09 01:30:00+00:00,2026-05-09 01:35:00+00:00,80372.19,trend_up,low_vol,3,0.6063224309018909,14.475479999999916,21.173520000000007,0.4314812135241914,0.06597222222222222,0.00011148134696825629,0.0003451442594757381,-0.000311923813448467,0.00034589078635294257,0.0003460152074989953,-0.000311923813448467,0.0006499760675924282,0.0009255689063591976,-0.000311923813448467,0.0010180138179636256,0.0010630542728773396,-0.0005529275735799422,0.00042514705646312656,0.0013099058268786212,-0.0005529275735799422
in_sample,breakout_forced_cover_signal,2026-05-09 01:50:00+00:00,2026-05-09 01:55:00+00:00,80424.44,trend_up,low_vol,3,0.7742046347384355,46.67456999999992,24.76396000000001,0.5455134881497441,0.034722222222222224,-4.003758061610352e-05,0.0,-0.001202246481293523,0.0003676743039802144,0.00041268549709516655,-0.001202246481293523,0.00014386174153013798,0.0005158879564468588,-0.001202246481293523,5.234727155079e-05,0.0005158879564468588,-0.001202246481293523,-8.169158529436338e-05,0.0006593766770399689,-0.001202246481293523
in_sample,breakout_forced_cover_signal,2026-05-09 04:05:00+00:00,2026-05-09 04:10:00+00:00,80600.01,trend_up,normal_vol,3,0.6492377034209139,33.54916999999991,26.95174,0.7708438773994368,0.3229166666666667,-0.0010296524777104743,0.0001403225632354843,-0.0013411909005965894,-0.0010395780347917105,0.0001403225632354843,-0.0014815134638319627,-0.0015303968324568151,0.0001403225632354843,-0.001960421592999695,-0.00235756794571107,0.0001403225632354843,-0.002481513339762542,-0.0028305207406301713,0.0001403225632354843,-0.003188709281797819
in_sample,breakout_forced_cover_signal,2026-05-09 08:00:00+00:00,2026-05-09 08:05:00+00:00,80377.72,mixed_trend,normal_vol,3,0.738001626931917,38.105259999999916,79.14268000000001,0.5858542916167301,0.4479166666666667,0.00027706682896710966,0.00027719124155289876,-0.00046928427429893116,0.00037697013550519465,0.0004844626097879612,-0.00046928427429893116,0.0001449406626612415,0.0004844626097879612,-0.00046928427429893116,0.0006765556425338826,0.0009296108424075022,-0.00046928427429893116,0.0002817945072339789,0.0009296108424075022,-0.00046928427429893116
in_sample,breakout_forced_cover_signal,2026-05-09 08:10:00+00:00,2026-05-09 08:15:00+00:00,80400.0,mixed_trend,normal_vol,3,0.7707447465679579,50.534089999999914,9.207139999999995,0.6858264845739225,0.4652777777777778,-0.00013221393034834605,0.0002072139303483933,-0.00013221393034834605,6.0820895522395446e-05,0.0002072139303483933,-0.0002736318407959848,0.00010609452736320968,0.00041318407960200254,-0.0002736318407959848,0.00023271144278624867,0.0006522388059702067,-0.0002736318407959848,-0.0017470149253732137,0.0006522388059702067,-0.0021075870646766193
in_sample,breakout_forced_cover_signal,2026-05-09 10:40:00+00:00,2026-05-09 10:45:00+00:00,80329.99,mixed_trend,normal_vol,3,0.7045068010755771,19.022739999999907,14.8001,0.35926163806093725,0.3368055555555556,-0.0006936388265453841,1.2448650865692912e-07,-0.0008048052788256488,-0.0008212374979755799,1.2448650865692912e-07,-0.0008213619844843478,-0.0005096477666685084,1.2448650865692912e-07,-0.0009092494596353307,0.00014066975484494648,0.00021100463226741972,-0.0009092494596353307,0.00011191337133231727,0.00044914732343426245,-0.0009092494596353307
in_sample,breakout_forced_cover_signal,2026-05-09 12:20:00+00:00,2026-05-09 12:25:00+00:00,80398.0,trend_up,low_vol,4,0.764012622059207,67.25324999999991,25.17293999999999,1.0421822217986638,0.024305555555555556,-0.0005546157864623202,0.00022649817159647867,-0.0006965347396701294,-0.0008496480011940255,0.00022649817159647867,-0.0009158188014627422,-0.0005852135625264987,0.00022649817159647867,-0.0009158188014627422,-3.7314361056584033e-07,0.00022649817159647867,-0.0009158188014627422,-0.0006408119604965901,0.0002985148884300237,-0.0009158188014627422
in_sample,breakout_forced_cover_signal,2026-05-09 12:25:00+00:00,2026-05-09 12:30:00+00:00,80416.21,trend_up,low_vol,3,0.7216012023395932,66.73435999999991,-0.518889999999999,1.2308940805196364,0.017361111111111112,-0.0010759024828452812,0.0,-0.0011420582989426498,-0.000811527924531763,0.0,-0.0011420582989426498,-0.00042105938591241454,0.0,-0.0011420582989426498,-0.00043523563221892214,0.0,-0.0011420582989426498,-0.0009462022644440848,7.200040887278547e-05,-0.0011420582989426498
in_sample,breakout_forced_cover_signal,2026-05-09 13:10:00+00:00,2026-05-09 13:15:00+00:00,80422.0,trend_up,low_vol,3,0.8378367934571752,53.68027999999991,27.21584,0.6806086993652392,0.006944444444444444,-0.0008311158638183436,0.0,-0.0008952774116535167,-0.0009390465295566752,0.0,-0.0009390465295566752,-0.0010181293675860514,0.0,-0.001018253711670969,-0.0008098530252916847,0.0,-0.0012844743975529704,-0.0005895153067568826,6.092860162643099e-05,-0.0012844743975529704
in_sample,breakout_forced_cover_signal,2026-05-09 15:35:00+00:00,2026-05-09 15:40:00+00:00,80526.52,trend_up,low_vol,4,0.8301879176854029,77.38777999999989,54.59313999999999,1.1658204547376758,0.20833333333333334,6.954230730427113e-05,0.000912494417987908,-0.0009815399945261039,1.2542451853114756e-05,0.000912494417987908,-0.0009815399945261039,1.738557682595676e-05,0.000912494417987908,-0.0009815399945261039,0.0006387957656683874,0.00118408196455011,-0.0009815399945261039,0.0013914670595476242,0.00311052805957579,-0.0009815399945261039
in_sample,breakout_forced_cover_signal,2026-05-09 16:20:00+00:00,2026-05-09 16:25:00+00:00,80728.19,trend_up,normal_vol,4,0.5840906607584335,34.12378999999991,22.505860000000006,2.0881933070869985,0.4236111111111111,-0.0012731612092380384,0.0004987105495612987,-0.0013557841442994878,-0.001409049304833876,0.0004987105495612987,-0.0014091731773003824,-0.0011101450435094806,0.0004987105495612987,-0.0016676950145916303,-0.001278116107892524,0.0004987105495612987,-0.0016676950145916303,0.0012914943342592355,0.0013023951112987042,-0.0016676950145916303
in_sample,breakout_forced_cover_signal,2026-05-09 18:25:00+00:00,2026-05-09 18:30:00+00:00,81040.53,trend_up,high_vol,5,0.7598632668703559,81.81637999999988,66.09478999999999,1.861899539431472,0.8958333333333334,-0.0011074705459107603,0.0004870402501069293,-0.0011074705459107603,-0.0017092681896330175,0.0004870402501069293,-0.0017340705940595003,-0.0017271604714332867,0.0004870402501069293,-0.002156698629685705,-0.001953220197350558,0.0004870402501069293,-0.002156698629685705,-0.002873500457116873,0.0004870402501069293,-0.0032519530659534945
in_sample,breakout_forced_cover_signal,2026-05-09 19:50:00+00:00,2026-05-09 19:55:00+00:00,80931.5,trend_up,high_vol,3,0.6353016242879364,12.913849999999883,25.076739999999994,0.5744489617425637,0.8784722222222222,-0.0005340318664549537,0.0003147105885841217,-0.0006014963271407936,-0.0006874949803228336,0.0003147105885841217,-0.0008425643908738234,-0.0012356128330749394,0.0003147105885841217,-0.0012356128330749394,-0.0016601694025194513,0.0003147105885841217,-0.0019525153988250166,-0.0015568721696743726,0.0003147105885841217,-0.002304665056251376
in_sample,breakout_forced_cover_signal,2026-05-10 00:15:00+00:00,2026-05-10 00:20:00+00:00,80743.65,trend_down,low_vol,3,0.46228990942732956,-12.163800000000123,16.659029999999994,2.0274849941993276,0.059027777777777776,-0.000367211539235468,0.00033265773841040236,-0.00046629053801749976,-0.0002157445198476271,0.00033265773841040236,-0.0010306692848291998,-1.3499513583981049e-05,0.00033265773841040236,-0.0010306692848291998,-0.0010005740389491535,0.00033265773841040236,-0.001217309348784612,-0.0021163274139822663,0.00033265773841040236,-0.0021163274139822663
in_sample,breakout_forced_cover_signal,2026-05-10 02:25:00+00:00,2026-05-10 02:30:00+00:00,80740.71,mixed_trend,low_vol,3,0.706736068822418,24.57242999999989,37.69718,0.7274696448735539,0.2361111111111111,-8.79358132976904e-06,0.0004840185329060276,-0.00033824324804687667,0.00021562852246392872,0.0004840185329060276,-0.00033824324804687667,0.0005159726735124437,0.0005160965267707596,-0.0004666790767632323,0.0008981838282073884,0.001139573828369711,-0.0004666790767632323,0.00023866522848248195,0.001139573828369711,-0.0004666790767632323
in_sample,breakout_forced_cover_signal,2026-05-10 03:00:00+00:00,2026-05-10 03:05:00+00:00,80813.24,mixed_trend,low_vol,3,0.6422755976531959,24.869469999999883,33.84443,1.064435593535106,0.20833333333333334,-0.00035192253150595487,0.00020949537476777635,-0.0006390042027766274,-0.0005075900929105703,0.00020949537476777635,-0.0006390042027766274,-0.0007519807397897704,0.00020949537476777635,-0.0009405636997107392,0.000578494316030298,0.000578618058129976,-0.0012825868632417858,-0.0005147671346923399,0.0009145778587764664,-0.0012825868632417858
in_sample,breakout_forced_cover_signal,2026-05-10 03:35:00+00:00,2026-05-10 03:40:00+00:00,80859.99,trend_up,normal_vol,3,0.8132358160677302,44.321069999999885,34.8402,0.8792286242674412,0.3958333333333333,-0.0005670295037137896,0.0003358892327340879,-0.0006800643927856731,-0.0005670295037137896,0.0003358892327340879,-0.0006800643927856731,-0.0010510760636998073,0.0003358892327340879,-0.001054291498181037,-0.0009626516154653819,0.0003358892327340879,-0.0013914174364850762,-0.001113158683299531,0.0003358892327340879,-0.0013914174364850762
in_sample,breakout_forced_cover_signal,2026-05-10 08:20:00+00:00,2026-05-10 08:25:00+00:00,80829.99,trend_up,normal_vol,3,0.6121230719735077,13.745209999999885,9.98259,0.7836829043097127,0.3368055555555556,0.0002627737551370579,0.0009855252982213791,-1.237164573009153e-07,0.00032512684957652915,0.0009855252982213791,-1.237164573009153e-07,8.326117570955915e-05,0.0009855252982213791,-0.0003029816037339872,4.206359545566585e-06,0.0009855252982213791,-0.0003029816037339872,-0.0001233453078491875,0.0010368676279681743,-0.0003029816037339872
in_sample,breakout_forced_cover_signal,2026-05-10 08:25:00+00:00,2026-05-10 08:30:00+00:00,80873.63,trend_up,low_vol,4,0.654952534048382,30.631769999999882,16.886559999999996,1.2623352851343808,0.22569444444444445,-0.0002146558773237217,0.00044538621550671564,-0.00028995854396562937,-0.00045639103871064624,0.00044538621550671564,-0.0008424253987363572,-0.0002923078882448582,0.00044538621550671564,-0.0008424253987363572,0.0003015816156637374,0.0004967008405583062,-0.0008424253987363572,-0.0008529356231444796,0.0004967008405583062,-0.0008529356231444796
in_sample,breakout_forced_cover_signal,2026-05-10 10:50:00+00:00,2026-05-10 10:55:00+00:00,80877.87,trend_up,high_vol,3,0.6803884529526858,22.362889999999886,13.750960000000001,0.7893193643653488,0.7881944444444444,0.0006995733196237808,0.0012058922916737824,-5.044643238005797e-05,0.00012525057843393306,0.0012058922916737824,-5.044643238005797e-05,0.00044437372052463786,0.0012058922916737824,-6.18216083089207e-05,-0.001050101838735329,0.0012058922916737824,-0.001581025810892367,-0.0007005624653565468,0.0012058922916737824,-0.001581025810892367
in_sample,breakout_forced_cover_signal,2026-05-10 11:00:00+00:00,2026-05-10 11:05:00+00:00,80934.44,trend_up,high_vol,5,0.730996991721849,57.912839999999896,54.70456000000001,1.5920726372136178,0.7916666666666666,-0.00025489766779140943,0.0,-0.0007607391859387747,-0.0008207877882395742,0.0,-0.0009854889957848778,-0.0016231656140450745,0.0,-0.0022788815243548477,-0.001501956398289761,0.0,-0.0022788815243548477,-0.0014284401053494822,0.0,-0.0022788815243548477
in_sample,breakout_forced_cover_signal,2026-05-10 12:20:00+00:00,2026-05-10 12:25:00+00:00,80913.8,trend_up,high_vol,3,0.7011261042739497,15.961789999999887,10.846990000000002,0.5011947506405348,0.7847222222222222,-0.00014707009187564513,0.00025978263287607106,-0.0004669166446267248,7.662475375025402e-05,0.00025978263287607106,-0.000516599146252017,0.00010653312537534099,0.00025978263287607106,-0.000516599146252017,0.00017203493100059752,0.00044738969125157624,-0.000516599146252017,0.0007477092906278404,0.0010654548420663268,-0.0005976730792522922
in_sample,breakout_forced_cover_signal,2026-05-10 12:25:00+00:00,2026-05-10 12:30:00+00:00,80927.32,trend_up,high_vol,3,0.7975397121952842,31.819479999999885,15.857689999999998,0.6779768132909256,0.7847222222222222,-9.045153107756221e-05,7.784762920581834e-05,-0.0006835763250284677,-6.054815604927821e-05,7.784762920581834e-05,-0.0006835763250284677,-0.0001514939577884622,0.00028025146514165655,-0.0006835763250284677,-0.00028161070946142175,0.00028025146514165655,-0.0006835763250284677,0.000844090722391444,0.000898213359839195,-0.0007646367135351051
in_sample,breakout_forced_cover_signal,2026-05-10 15:00:00+00:00,2026-05-10 15:05:00+00:00,81048.74,trend_up,normal_vol,5,0.7172023092191198,102.99961999999988,54.90765999999999,3.052222501753463,0.6701388888888888,-4.947640148400545e-05,0.0003147488782675456,-0.0013910148387255017,-0.0004639183780031919,0.0003147488782675456,-0.0013910148387255017,-0.001012723948577099,0.0003147488782675456,-0.0013910148387255017,0.0005980352069632211,0.0007558414850126205,-0.0013910148387255017,0.005148260170361629,0.0052382060473732395,-0.0013910148387255017
in_sample,breakout_forced_cover_signal,2026-05-10 15:40:00+00:00,2026-05-10 15:45:00+00:00,81141.01,trend_up,high_vol,3,0.5339723983531253,11.569569999999892,-4.040809999999997,2.161967753617938,0.9479166666666666,0.0025410085479586897,0.0037194508670770343,-0.00013076001888567834,0.0034138101066278903,0.0037194508670770343,-0.00013076001888567834,0.0034797447061603037,0.004095093221048174,-0.00013076001888567834,0.002672261535812792,0.004424273249741484,-0.00013076001888567834,0.002205789649401879,0.004424273249741484,-0.00013076001888567834
in_sample,breakout_forced_cover_signal,2026-05-10 19:20:00+00:00,2026-05-10 19:25:00+00:00,81466.62,trend_up,high_vol,5,0.7492913209088086,64.15034999999989,19.711099999999995,1.5335606035211433,0.8715277777777778,-0.000282078721321688,0.00018780698155884679,-0.0004336745528413788,-0.0007215225082370935,0.00018780698155884679,-0.0009219727048943582,-0.000446440517600899,0.00018780698155884679,-0.0009219727048943582,-0.0003533962744495245,0.00018780698155884679,-0.001639567223974625,-0.003863668334343484,0.00018780698155884679,-0.005047957065114406
in_sample,breakout_forced_cover_signal,2026-05-10 19:25:00+00:00,2026-05-10 19:30:00+00:00,81481.36,trend_up,high_vol,4,0.7424249563036095,61.640389999999904,-2.5099599999999853,1.510684841610554,0.8680555555555556,-0.0009022922543266976,6.872737519314498e-06,-0.0011027061894892665,-0.0006272600260968098,6.872737519314498e-06,-0.0011027061894892665,-0.0011456607989852596,6.872737519314498e-06,-0.0011457835264409022,-0.0007180783433167193,6.872737519314498e-06,-0.0018201708955274398,-0.0061400546088087316,6.872737519314498e-06,-0.006959260375624554
in_sample,breakout_forced_cover_signal,2026-05-11 04:40:00+00:00,2026-05-11 04:45:00+00:00,80822.07,trend_down,normal_vol,3,0.669342448256634,20.88431999999989,3.18347,0.4249045819058853,0.6875,0.0007058715521637282,0.0007058715521637282,-0.0011437469988085924,3.142705946523883e-05,0.0007058715521637282,-0.0011437469988085924,0.00077788158605685,0.0008404882478263431,-0.0011437469988085924,0.0008716678501305974,0.001026699761587313,-0.0011437469988085924,0.0003120434802026395,0.001976316617478213,-0.0011437469988085924
in_sample,breakout_forced_cover_signal,2026-05-11 04:50:00+00:00,2026-05-11 04:55:00+00:00,80879.11,trend_down,normal_vol,3,0.6965253246012774,20.440429999999886,6.3894400000000005,0.3581139809638529,0.6875,7.208289013083125e-05,0.0001346453985460183,-0.0008506522883350298,-0.0002413478585508999,0.00014577311743413368,-0.0008506522883350298,-0.00047453538991715227,0.00014577311743413368,-0.0008506522883350298,0.001044769162271919,0.0010630680777767854,-0.0008506522883350298,-0.0005783940995394143,0.0012696727251326756,-0.001451301825650675
in_sample,breakout_forced_cover_signal,2026-05-11 05:00:00+00:00,2026-05-11 05:05:00+00:00,80884.94,trend_down,normal_vol,3,0.7251242588108391,23.705669999999888,7.495660000000004,0.3622039003623541,0.6875,-0.000546578881062465,7.368491588155557e-05,-0.000729554846674918,9.371336617181036e-05,0.00024862477489628887,-0.000729554846674918,0.0005774869833616858,0.000613587646847602,-0.000729554846674918,-0.00025530092499304047,0.0011975035154876412,-0.000729554846674918,0.0005403972606023988,0.0011975035154876412,-0.0015232749137231716
in_sample,breakout_forced_cover_signal,2026-05-11 05:15:00+00:00,2026-05-11 05:20:00+00:00,80892.52,trend_down,normal_vol,3,0.6514963113523758,15.765499999999886,2.868940000000002,0.3573290198088183,0.6701388888888888,0.0008788204397638388,0.0008971163217561529,-1.2362082435490862e-07,0.0010398983737927026,0.001103686719118091,-1.2362082435490862e-07,-0.0003489815869256452,0.001103686719118091,-0.000644311736116121,-0.00040201492053904,0.001103686719118091,-0.0016168367606795853,0.0011061591356036349,0.0011506626323423141,-0.0016168367606795853
in_sample,breakout_forced_cover_signal,2026-05-11 05:25:00+00:00,2026-05-11 05:30:00+00:00,80963.61,trend_down,normal_vol,3,0.7657204379199767,21.73868999999989,11.093860000000003,0.2806892081268148,0.6701388888888888,-0.0012267239566022825,0.0002246688357894211,-0.0015217947915119323,-0.002093780156294911,0.0002246688357894211,-0.002093903668574093,-0.0014366948311718142,0.0002246688357894211,-0.0024934658916518915,-0.0012720529630534383,0.0002246688357894211,-0.0024934658916518915,-0.00018502139417941876,0.0010609704779713791,-0.0024934658916518915
in_sample,breakout_forced_cover_signal,2026-05-11 08:45:00+00:00,2026-05-11 08:50:00+00:00,80855.98,mixed_trend,normal_vol,3,0.564872041885939,27.102879999999892,17.45895000000001,1.4024153482617996,0.3229166666666667,-0.0010884785516173112,2.8321962086241825e-05,-0.0015230784414460574,-0.00027283077887374496,2.8321962086241825e-05,-0.0015230784414460574,9.918870564673554e-05,0.00012812905118453344,-0.0015230784414460574,0.0008296232387512426,0.0011628082425072517,-0.0015230784414460574,0.001075987205893636,0.0017364207322700942,-0.0015230784414460574
in_sample,breakout_forced_cover_signal,2026-05-11 09:10:00+00:00,2026-05-11 09:15:00+00:00,80925.36,trend_up,normal_vol,3,0.6019145821961468,11.348149999999894,11.10106,0.37106817300935263,0.3576388888888889,-2.842125138524665e-05,0.00030447810179645707,-0.00031337518918672647,-7.883807992947744e-05,0.00030447810179645707,-0.00031337518918672647,-0.00037454266499403754,0.00030447810179645707,-0.0005915327407872706,0.0005533494074045908,0.000877598814512659,-0.0008893380270412754,0.0025765717940580135,0.0031375825822708148,-0.0008893380270412754
in_sample,breakout_forced_cover_signal,2026-05-11 10:05:00+00:00,2026-05-11 10:10:00+00:00,81068.7,trend_up,low_vol,3,0.6679282250830301,40.454429999999896,19.310790000000004,0.7974884098674709,0.2465277777777778,0.0008038860867387587,0.0013639049349503107,-0.0006007250640506223,0.0008359576507332989,0.0013639049349503107,-0.0006007250640506223,0.0013730329954717568,0.0016057985387702978,-0.0006007250640506223,8.141243167836265e-06,0.0016196139817217237,-0.0008474294024697349,-0.0013231987191111294,0.0016196139817217237,-0.0020809510945654086
in_sample,breakout_forced_cover_signal,2026-05-11 10:15:00+00:00,2026-05-11 10:20:00+00:00,81133.86,trend_up,low_vol,3,0.7110538264533318,56.7251099999999,26.803599999999996,0.8885865559251236,0.2534722222222222,0.0005688130701533289,0.0008013916754361361,-0.00036581520958089975,-0.0006292070906031011,0.0008151960229674238,-0.0006359860112659099,-0.0013169594051115618,0.0008151960229674238,-0.0016498660362024298,-0.001156730371265513,0.0008151960229674238,-0.0016498660362024298,-4.7822203947944786e-05,0.0008151960229674238,-0.002882397065787301
in_sample,breakout_forced_cover_signal,2026-05-11 10:25:00+00:00,2026-05-11 10:30:00+00:00,81180.0,trend_up,low_vol,3,0.6474772005211298,36.132739999999885,1.9394599999999826,0.8093358368439606,0.2361111111111111,-0.0018845774821385497,0.0002463661000247086,-0.0022172949002217113,-0.001362897265336338,0.0002463661000247086,-0.0022172949002217113,-0.0012961320522296704,0.0002463661000247086,-0.0022172949002217113,-0.002276176398127605,0.0002463661000247086,-0.002956393200295615,-0.00031165311653125194,0.0002463661000247086,-0.003449125400344921
in_sample,breakout_forced_cover_signal,2026-05-11 12:20:00+00:00,2026-05-11 12:25:00+00:00,81313.75,trend_up,normal_vol,3,0.6817325033561354,55.8793899999999,94.92482,0.99215273920816,0.3958333333333333,-0.0009230911131266062,0.0005252494196861246,-0.0009230911131266062,-0.001050621819802866,0.0005252494196861246,-0.0013435612058231294,-0.0018509784630520443,0.0005252494196861246,-0.002005687844921611,-0.0031864229604464667,0.0005252494196861246,-0.003492398272124886,-0.0019936357627092782,0.0005252494196861246,-0.003492398272124886
in_sample,breakout_forced_cover_signal,2026-05-11 15:25:00+00:00,2026-05-11 15:30:00+00:00,81343.38,trend_up,high_vol,3,0.572060544699888,32.411349999999906,35.88535000000001,1.3639009954881975,0.8159722222222222,-0.000766257807334858,0.0011396133280914267,-0.001443018473046065,-0.0013608974694684361,0.0011396133280914267,-0.0015515706379548577,-0.0013627415039798585,0.0011396133280914267,-0.001615005425149696,0.00013277048482596143,0.0014090882380348724,-0.001615005425149696,0.006842720329546248,0.006970081646471948,-0.001615005425149696
in_sample,breakout_forced_cover_signal,2026-05-11 15:55:00+00:00,2026-05-11 16:00:00+00:00,81445.89,trend_up,high_vol,3,0.658340305448416,38.1233799999999,23.042930000000002,0.7294659108873439,0.8229166666666666,0.0015790852061412508,0.0018921765113009137,-0.001242174405608365,0.004184864331398419,0.004184864331398419,-0.001242174405608365,0.004740570702831182,0.004816694863301274,-0.001242174405608365,0.005575480849923764,0.00570268186645162,-0.001242174405608365,0.0009150860773945446,0.00570268186645162,-0.001242174405608365
in_sample,breakout_forced_cover_signal,2026-05-11 16:05:00+00:00,2026-05-11 16:10:00+00:00,81574.49,trend_up,high_vol,3,0.574608190038949,35.14540999999989,4.526080000000004,1.43826248453506,0.8229166666666666,0.003156624086770199,0.0032326282395389594,-7.110065904181173e-05,0.003377281304486335,0.0035919317423864783,-7.110065904181173e-05,0.002513776059157591,0.003617062147737604,-7.110065904181173e-05,6.313248173528407e-05,0.004117218507893927,-0.00020214652889649631,-0.0006681010203066773,0.004117218507893927,-0.0025138986465009783
in_sample,breakout_forced_cover_signal,2026-05-11 16:10:00+00:00,2026-05-11 16:15:00+00:00,81786.72,trend_up,high_vol,3,0.5443234099001213,30.462039999999888,-4.683370000000004,2.0992845851950763,0.8472222222222222,0.0007735974740152862,0.0009876909111894427,-0.0013048573166890565,-8.766704423401883e-05,0.0010127561051476164,-0.0013048573166890565,0.0013849436681163674,0.0015116145995339725,-0.0013048573166890565,-0.001074257532274192,0.0015116145995339725,-0.002796542030295446,-0.002160986526908104,0.0015116145995339725,-0.005102295335966511
in_sample,breakout_forced_cover_signal,2026-05-11 16:15:00+00:00,2026-05-11 16:20:00+00:00,81831.99,trend_up,high_vol,4,0.5893070348210615,74.20423999999988,43.7422,2.5343177087776185,0.84375,-0.0006408251834032486,0.00045898920458853354,-0.0013124451696703288,0.0008309708709270947,0.0009575717271448347,-0.0013124451696703288,0.00011108125318703976,0.0009575717271448347,-0.0013124451696703288,-0.0021897304464916223,0.0009575717271448347,-0.003348201601843015,-0.0027222850134770438,0.0009575717271448347,-0.005652679349481882
in_sample,breakout_forced_cover_signal,2026-05-11 16:20:00+00:00,2026-05-11 16:25:00+00:00,81849.98,trend_up,high_vol,3,0.5625790691975668,52.541189999999894,-21.66304999999999,2.5474083780025105,0.8402777777777778,0.0006109958731816967,0.0007375689034989641,-0.0015319490609527753,-0.000108735518322578,0.0007375689034989641,-0.0015319490609527753,-0.0033028719127359274,0.0007375689034989641,-0.0035672580494215955,-0.003349176139077703,0.0007375689034989641,-0.0035672580494215955,-0.0025907153550923656,0.0007375689034989641,-0.005871229290465241
in_sample,breakout_forced_cover_signal,2026-05-11 17:40:00+00:00,2026-05-11 17:45:00+00:00,81978.01,trend_up,normal_vol,4,0.6729094924108476,70.1500899999999,47.463380000000015,1.204690693848395,0.6701388888888888,-0.0005571006175923987,0.0011437213467369034,-0.0006261435231228463,-0.00045036467706394134,0.0011437213467369034,-0.0009035349845646357,0.00024384588013304231,0.0011437213467369034,-0.0009035349845646357,-0.0010980993561564567,0.0014880819868645645,-0.0015834734217139435,0.0005996730098718484,0.0019425941176176575,-0.0016398299983129139
in_sample,breakout_forced_cover_signal,2026-05-12 04:35:00+00:00,2026-05-12 04:40:00+00:00,81285.86,trend_down,normal_vol,3,0.7294669766379819,45.42385999999989,48.95024,0.8160430598768806,0.4444444444444444,0.00019462179522977685,0.00019474481785630715,-0.0004193841339686921,-0.0006964310889987502,0.00022304002196693595,-0.0008671864946745433,-0.000564058742812179,0.00022304002196693595,-0.0008671864946745433,-0.0006440234500810771,0.00022304002196693595,-0.001009400650986536,-0.00041052650485573494,0.00023841785028788642,-0.0012831259950992768
in_sample,breakout_forced_cover_signal,2026-05-12 11:40:00+00:00,2026-05-12 11:45:00+00:00,80732.75,trend_down,low_vol,3,0.739650158833498,42.58173999999987,4.224540000000005,0.6997151640662921,0.24305555555555555,0.0004299370453750839,0.00048158894624550364,-0.00028179394359784116,0.000645586828145861,0.0006519039671013527,-0.00028179394359784116,0.0002511991725786533,0.0008284122614428124,-0.00028179394359784116,0.0012865906339123434,0.0014367155832051282,-0.00040565941331116573,0.0029771065645602945,0.003297918131117683,-0.001406616274064687
in_sample,breakout_forced_cover_signal,2026-05-12 12:35:00+00:00,2026-05-12 12:40:00+00:00,80984.53,mixed_trend,low_vol,4,0.5516383105348533,26.361529999999888,18.010180000000002,2.0216280328203813,0.1701388888888889,-0.0001411380667393214,0.00017867610023802882,-0.0016208033805962252,-0.0008956031479098181,0.00017867610023802882,-0.0016208033805962252,-0.0012751818155888328,0.00017867610023802882,-0.0016208033805962252,-0.0022785833294334257,0.00017867610023802882,-0.0022785833294334257,-0.002633836363562292,0.00017867610023802882,-0.004893527195873104
in_sample,breakout_forced_cover_signal,2026-05-12 18:50:00+00:00,2026-05-12 18:55:00+00:00,80730.36,mixed_trend,normal_vol,3,0.6341098846583842,19.074869999999827,12.072270000000005,0.5303815501424549,0.5520833333333334,-1.734167914024809e-05,0.0005519608732080794,-0.0006348293256712711,0.00063978409113985,0.0006892078766898013,-0.0006348293256712711,0.001051772839858467,0.0013190824368924936,-0.0006348293256712711,-0.00017601804327405102,0.0013190824368924936,-0.0006348293256712711,0.0012917073576781402,0.001784458783535614,-0.0006348293256712711
in_sample,breakout_forced_cover_signal,2026-05-12 20:00:00+00:00,2026-05-12 20:05:00+00:00,80880.01,trend_up,low_vol,3,0.7007319719400118,50.98622999999982,41.046809999999994,0.9584375640530007,0.1388888888888889,-0.0014023242578729,0.0,-0.0017558108610520318,-0.0009982689171278425,0.0,-0.0017558108610520318,-0.0010280661439087124,0.0,-0.0017558108610520318,-0.0026288325137446833,0.0,-0.0026288325137446833,-0.0018693123306980919,0.0,-0.002932244939138684
in_sample,breakout_forced_cover_signal,2026-05-12 22:00:00+00:00,2026-05-12 22:05:00+00:00,80761.07,trend_up,low_vol,3,0.6212306791499113,18.667259999999832,17.21797,0.5848900944484058,0.28125,-0.0016476998137840981,0.000382238620662001,-0.0017426713142855155,-0.0008828511063561084,0.000382238620662001,-0.0017843993399294655,-0.0012119700741954897,0.000382238620662001,-0.0017843993399294655,-0.0011477064382628965,0.000382238620662001,-0.0017843993399294655,-0.0011874533113541696,0.000382238620662001,-0.0017843993399294655
in_sample,breakout_forced_cover_signal,2026-05-13 01:05:00+00:00,2026-05-13 01:10:00+00:00,80837.99,trend_up,low_vol,3,0.6344657611358493,15.077669999999832,22.392220000000002,0.4412852714838471,0.21180555555555555,0.001014498257564167,0.001935352425264325,-0.00014893987344322124,0.0023826668624491454,0.003402113288566211,-0.00014893987344322124,0.0028028900768066745,0.003402113288566211,-0.00014893987344322124,0.003374527248883874,0.003916846522284745,-0.00014893987344322124,0.0027891589090722757,0.0044248997284568325,-0.00014893987344322124
in_sample,breakout_forced_cover_signal,2026-05-13 01:10:00+00:00,2026-05-13 01:15:00+00:00,80954.89,trend_up,normal_vol,3,0.7095926701846845,44.18381999999983,29.106149999999992,0.8299566558604347,0.3645833333333333,0.0009352121903940525,0.0019531865215305366,-0.0010654081550849348,0.0013548285965183648,0.0019531865215305366,-0.0010654081550849348,0.002039530904186293,0.0024671764732184798,-0.0010654081550849348,0.0020496600020085687,0.0024671764732184798,-0.0010654081550849348,0.001146440937662918,0.0029744960434139323,-0.0010654081550849348
in_sample,breakout_forced_cover_signal,2026-05-13 01:20:00+00:00,2026-05-13 01:25:00+00:00,81030.59,trend_up,normal_vol,5,0.7036605130070881,77.83169999999983,32.40705,1.502605945691726,0.4583333333333333,0.0011034104527685162,0.0015306565088566426,-0.00035282971529637663,0.0003629493503627401,0.0015306565088566426,-0.00035282971529637663,0.0009896262633655173,0.0015306565088566426,-0.00035282971529637663,-0.0003034656418026138,0.0020375021334535504,-0.0005674400248103506,0.001114023728569613,0.003098459483017457,-0.001183503662012031
in_sample,breakout_forced_cover_signal,2026-05-13 01:30:00+00:00,2026-05-13 01:35:00+00:00,81120.01,trend_up,normal_vol,3,0.5628414961623307,40.122629999999816,-17.178660000000015,2.4989228057931077,0.46875,-0.00011378203725564973,0.0003696991654711379,-0.001041666538256103,9.985205869922353e-06,0.00039681947770975334,-0.001041666538256103,-0.0007241123367710545,0.0009329387410086376,-0.001041666538256103,-0.000821498912537133,0.0009329387410086376,-0.002284516483664012,-0.0009169131019582943,0.0019927265788060033,-0.002284516483664012
in_sample,breakout_forced_cover_signal,2026-05-13 02:20:00+00:00,2026-05-13 02:25:00+00:00,81222.0,trend_up,normal_vol,3,0.6504347198290186,30.671779999999824,8.222669999999997,0.8153920432568352,0.6631944444444444,-0.0018945605870330784,1.2804412597544612e-05,-0.002158159119450276,-0.0021714560094555635,1.2804412597544612e-05,-0.0021714560094555635,-0.001994533500775608,1.2804412597544612e-05,-0.0025451232424712478,-0.0021176528526754,1.2804412597544612e-05,-0.0025451232424712478,-0.0015807293590406335,1.2804412597544612e-05,-0.0030254118342321057
in_sample,breakout_forced_cover_signal,2026-05-13 03:45:00+00:00,2026-05-13 03:50:00+00:00,81267.22,trend_up,normal_vol,4,0.6250738194060043,37.29201999999982,23.153779999999998,1.188492585858864,0.5590277777777778,-0.00021201660398861844,0.0004032376153633166,-0.0007448267579474033,-0.0004742379522765239,0.0004032376153633166,-0.0007448267579474033,-0.0012142657273129798,0.0004032376153633166,-0.0012142657273129798,-0.0008763681100448784,0.0004032376153633166,-0.0017516287624950166,-0.0004219413436316044,0.0004032376153633166,-0.0017516287624950166
in_sample,breakout_forced_cover_signal,2026-05-13 08:00:00+00:00,2026-05-13 08:05:00+00:00,81057.71,mixed_trend,low_vol,4,0.6843273685884679,61.74957999999987,10.712730000000008,1.359991102172165,0.10069444444444445,-0.0005346807848385371,3.2075912332896195e-06,-0.001050362760063206,-0.0002340307911486983,0.00047719088042330604,-0.001050362760063206,-9.721468815249157e-05,0.00047719088042330604,-0.001050362760063206,-0.00034197857304385515,0.0007684648381998116,-0.0014073923381255904,0.002716459668056004,0.003293085876716617,-0.0014073923381255904
in_sample,breakout_forced_cover_signal,2026-05-13 09:00:00+00:00,2026-05-13 09:05:00+00:00,81317.34,trend_up,low_vol,3,0.5978752604549932,29.300949999999865,31.788310000000003,1.2257205686663595,0.17708333333333334,-0.0010229060616099295,1.2297500151525753e-07,-0.0010601674870327482,-0.0013936756908182746,1.2297500151525753e-07,-0.0013937986658195678,-0.002205433675031676,1.2297500151525753e-07,-0.002205433675031676,-0.0003681871541789672,1.2297500151525753e-07,-0.0022082621000636404,-0.0016607773938498438,1.2297500151525753e-07,-0.0022082621000636404
in_sample,breakout_forced_cover_signal,2026-05-13 17:15:00+00:00,2026-05-13 17:20:00+00:00,79300.0,trend_down,high_vol,4,0.5148592605461588,6.578969999999888,6.329630000000002,1.5631600904157001,0.8506944444444444,0.0004031525851198037,0.0009904161412357393,-0.00021134930643118555,0.0006890290037830926,0.0009904161412357393,-0.00021134930643118555,0.0007138713745271641,0.0009904161412357393,-0.00021134930643118555,0.0020940731399747836,0.0026344262295081577,-0.00021134930643118555,0.005979192938209366,0.006305170239596425,-0.00021134930643118555
in_sample,breakout_forced_cover_signal,2026-05-13 17:40:00+00:00,2026-05-13 17:45:00+00:00,79430.61,trend_down,high_vol,3,0.6538088297462873,31.68970999999989,20.30807,0.7241141098179714,0.8263888888888888,0.0004463014951037181,0.0009857660667593748,-0.000489861528194302,0.0010620590726924117,0.001583142821136585,-0.000489861528194302,0.0012000411428287894,0.002085593954270326,-0.000489861528194302,0.003553919578358933,0.0036430539813303575,-0.000489861528194302,0.0018830272107943635,0.00465047416858555,-0.000489861528194302
in_sample,breakout_forced_cover_signal,2026-05-13 18:05:00+00:00,2026-05-13 18:10:00+00:00,79597.73,trend_down,high_vol,3,0.6460493835505687,37.59474999999989,22.361250000000005,0.9007824944367341,0.7777777777777778,0.00144690055859642,0.001535847818775693,-0.0005258943942245686,0.0022163948645268494,0.00254115286956047,-0.0005258943942245686,0.0021388800911785744,0.00254115286956047,-0.0005258943942245686,0.0006226308212557985,0.00254115286956047,-0.0005258943942245686,-0.0010433714629801694,0.00254115286956047,-0.001568009539970494
in_sample,breakout_forced_cover_signal,2026-05-13 18:15:00+00:00,2026-05-13 18:20:00+00:00,79712.9,mixed_trend,high_vol,4,0.6969252298915355,72.53179999999989,52.22863999999999,1.2869280474267994,0.78125,0.0006909797535907813,0.0010926713242147557,-1.2545020933174555e-07,5.6578044457245014e-05,0.0010926713242147557,-0.00046266037241138314,0.0003336975571082146,0.0010926713242147557,-0.00046266037241138314,-0.0009244425933567779,0.0010926713242147557,-0.0019397111383476773,-0.003644203133997048,0.0010926713242147557,-0.003704042883899583
in_sample,breakout_forced_cover_signal,2026-05-13 18:20:00+00:00,2026-05-13 18:25:00+00:00,79774.44,mixed_trend,high_vol,5,0.7090915050117589,108.32352999999989,35.79173,1.8056875174628286,0.78125,-0.0007148906341429839,0.0001778765228561685,-0.0012337284974986984,-0.00043798489842117316,0.0001778765228561685,-0.0012337284974986984,-0.0015938689134014083,0.00032040337732230917,-0.0015938689134014083,-0.0022098556881127163,0.00032040337732230917,-0.002709639829499344,-0.003491093137100054,0.00032040337732230917,-0.00469373398296502
in_sample,breakout_forced_cover_signal,2026-05-14 00:05:00+00:00,2026-05-14 00:10:00+00:00,79480.34,trend_down,normal_vol,3,0.6621103171050885,38.04413999999988,1.1940699999999964,0.7600253248241949,0.4027777777777778,0.0003126559347885749,0.001379586448674086,-0.00020558543156701248,0.00011298391526781693,0.001379586448674086,-0.000482383442244938,-0.00023074888708318753,0.001379586448674086,-0.000482383442244938,0.002107061947646427,0.0021071877649241344,-0.000482383442244938,0.0017658454908473509,0.0025338341532006314,-0.000482383442244938
in_sample,breakout_forced_cover_signal,2026-05-14 00:10:00+00:00,2026-05-14 00:15:00+00:00,79525.75,mixed_trend,normal_vol,4,0.7822619957305992,100.79821999999987,62.754079999999995,1.1551852833657095,0.4097222222222222,-0.000458090618447371,0.0008077886722226424,-0.0010531180152341113,-0.0008016271459244662,0.0008077886722226424,-0.0010531180152341113,0.000909768219727658,0.0009336598523119743,-0.0010531180152341113,0.001140511092319052,0.0019613772897457693,-0.0010531180152341113,0.001059405286966797,0.0019613772897457693,-0.0010531180152341113
in_sample,breakout_forced_cover_signal,2026-05-14 00:30:00+00:00,2026-05-14 00:35:00+00:00,79598.1,mixed_trend,normal_vol,3,0.6036249308619305,17.352489999999882,0.40585000000000804,0.5382256741625527,0.6284722222222222,0.0006245123941399644,0.0006246380252794559,-0.00037814972970462435,0.00023053314086629584,0.0010506532191094653,-0.00037814972970462435,-0.0004467443318372233,0.0010506532191094653,-0.000567350225696428,0.00014887290023235522,0.0010506532191094653,-0.0006364473523865488,-0.0017460215758919873,0.0010506532191094653,-0.002370408338892571
in_sample,breakout_forced_cover_signal,2026-05-14 00:40:00+00:00,2026-05-14 00:45:00+00:00,79647.81,trend_up,normal_vol,3,0.7354914645678183,54.32472999999989,17.848780000000005,0.7405503873557111,0.6354166666666666,-0.0010705881304207132,0.00042587486084055826,-0.0011911187514132004,-0.0008513730634903682,0.00042587486084055826,-0.0011911187514132004,0.0002809870101889711,0.00042587486084055826,-0.0012601727530234808,-0.00047471487288852643,0.00042587486084055826,-0.0017987939655842444,-0.0012027951553219562,0.00042587486084055826,-0.0029930515352525333
in_sample,breakout_forced_cover_signal,2026-05-14 04:45:00+00:00,2026-05-14 04:50:00+00:00,79436.09,trend_up,high_vol,3,0.6794985596769877,33.082639999999884,24.56527,0.568655418002371,0.8784722222222222,0.0001956289641145137,0.0002506417423113749,-0.0005268386195744768,0.0002072106016295372,0.0004824003799785981,-0.0005268386195744768,0.0004057349751229733,0.0005452181747616081,-0.0005268386195744768,0.001915250360384091,0.0019973289219044066,-0.0009642972104995096,0.005250510190015767,0.007073736887100113,-0.0009642972104995096
in_sample,breakout_forced_cover_signal,2026-05-14 05:25:00+00:00,2026-05-14 05:30:00+00:00,79596.68,trend_up,high_vol,3,0.595604855595932,40.93771999999989,14.5077,1.3027046889339815,0.8993055555555556,0.0013437746398468065,0.002151346010914157,0.0,0.001424054370106953,0.002151346010914157,0.0,0.002899115892773585,0.0031827960663688426,0.0,0.0035932403210787722,0.005041918833800674,0.0,0.002177477754097268,0.005041918833800674,0.0
in_sample,breakout_forced_cover_signal,2026-05-14 05:30:00+00:00,2026-05-14 05:35:00+00:00,79690.02,trend_up,high_vol,5,0.6939655962422278,96.30444999999989,55.36673,1.5054834442922862,0.9097222222222222,0.0002510979417498227,0.0009775377142582364,-1.2548622785324426e-07,0.001724431741891852,0.0020077796441761997,-1.2548622785324426e-07,0.002047307805920884,0.003864724842583822,-1.2548622785324426e-07,0.0021061608467407567,0.003864724842583822,-1.2548622785324426e-07,0.0017832847827117249,0.003864724842583822,-1.2548622785324426e-07
in_sample,breakout_forced_cover_signal,2026-05-14 05:45:00+00:00,2026-05-14 05:50:00+00:00,79827.45,trend_up,high_vol,3,0.6274191080746753,54.7008599999999,-0.7654799999999966,1.2868692691544579,0.8541666666666666,-0.0002291191814344229,0.0021364831270447304,-0.0006787139010452359,0.0006919925414128336,0.0021364831270447304,-0.0006787139010452359,0.0003809466543149842,0.0021364831270447304,-0.0006787139010452359,0.000292881709236692,0.0021364831270447304,-0.0006787139010452359,0.00012815140656496915,0.0021364831270447304,-0.0007307010307857631
in_sample,breakout_forced_cover_signal,2026-05-14 05:50:00+00:00,2026-05-14 05:55:00+00:00,79853.16,trend_up,high_vol,4,0.6374493785035217,67.79200999999989,13.091149999999992,1.4740757860803164,0.8159722222222222,0.0003698037748287586,0.0004361756003143924,-0.001000461346802095,5.885803392113864e-05,0.0012546779613982206,-0.001000461346802095,0.0008152463847390656,0.0012546779613982206,-0.001000461346802095,-0.0003716822227198824,0.0012546779613982206,-0.001000461346802095,-0.0006067386688265453,0.0012546779613982206,-0.0010524317384560389
in_sample,breakout_forced_cover_signal,2026-05-14 07:30:00+00:00,2026-05-14 07:35:00+00:00,79915.29,trend_up,normal_vol,3,0.6640245671584657,43.04416999999988,33.62013999999999,0.7850322325908543,0.3611111111111111,-2.6778354930589998e-05,0.0002790454742767068,-0.0004518534563285881,-0.0003147082366840026,0.0002790454742767068,-0.0005234292461429035,-0.0009590154775137583,0.0002790454742767068,-0.0009591406100133426,-0.0018537128501942002,0.0002790454742767068,-0.0033892137537133715,0.00027141239179639953,0.0002790454742767068,-0.0033892137537133715
in_sample,breakout_forced_cover_signal,2026-05-14 12:25:00+00:00,2026-05-14 12:30:00+00:00,79423.19,trend_down,normal_vol,3,0.7089217148954495,45.256249999999895,10.771170000000005,0.6527466729007537,0.5972222222222222,0.0023094010703925694,0.00302040247942692,-0.00025093426743505454,0.003268189051585546,0.003268189051585546,-0.00025093426743505454,0.0040105415055728955,0.0040106674133837394,-0.00025093426743505454,0.005355362835464117,0.0054437501188255855,-0.00025093426743505454,0.006053143924337423,0.00801428398934867,-0.00025093426743505454
in_sample,breakout_forced_cover_signal,2026-05-14 12:30:00+00:00,2026-05-14 12:35:00+00:00,79573.79,trend_down,normal_vol,3,0.7584052600514782,68.46512999999989,23.208879999999994,0.8008507298769517,0.6111111111111112,0.0013694207602779063,0.0013694207602779063,-0.00027383388424750965,0.002110368250651362,0.0021104939201714856,-0.00027383388424750965,0.0019092970185283775,0.0021391465707489843,-0.00027383388424750965,0.0028929123521703737,0.0038948754357435167,-0.00027383388424750965,0.003596158986520548,0.00610653331957689,-0.00027383388424750965
in_sample,breakout_forced_cover_signal,2026-05-14 12:35:00+00:00,2026-05-14 12:40:00+00:00,79606.61,trend_down,normal_vol,4,0.6944126027142229,70.34319999999988,1.878069999999994,1.0997742421535441,0.6076388888888888,0.0016972208714829407,0.0016973464891922863,-0.00020588742567984042,0.0014962325364691331,0.0017259873269317438,-0.00020588742567984042,0.00201616423560802,0.0021155278437305913,-0.00020588742567984042,0.0034824997572437955,0.003483253463500091,-0.00020588742567984042,0.00310778213015217,0.0056917384121746295,-0.00020588742567984042
in_sample,breakout_forced_cover_signal,2026-05-14 12:40:00+00:00,2026-05-14 12:45:00+00:00,79682.76,mixed_trend,normal_vol,3,0.681180149765482,68.61704999999989,-1.7261499999999899,1.1587872862614543,0.6145833333333334,0.0005391379515469197,0.000768673173469292,-0.0002001687692544385,0.0010585727703207315,0.0011578414201516285,-0.0002001687692544385,0.0020803747259758865,0.002168474083980021,-0.0002001687692544385,0.0013950319993936144,0.0036695516068971923,-0.0002001687692544385,0.004047550561752766,0.004730634330437411,-0.0002001687692544385
in_sample,breakout_forced_cover_signal,2026-05-14 13:20:00+00:00,2026-05-14 13:25:00+00:00,80019.61,trend_up,normal_vol,5,0.6535146909828112,87.3327299999999,65.77979,1.768075580120342,0.6527777777777778,-0.00144539569737967,0.0,-0.002291063403083382,-0.0019952609116690168,0.0,-0.0040742512991504,-0.002069492715598198,0.0,-0.0040742512991504,-0.003972526234506835,0.00032816955743708576,-0.004358056731343707,0.0015469957926561584,0.002852925676593454,-0.005724721727586535
in_sample,breakout_forced_cover_signal,2026-05-15 06:40:00+00:00,2026-05-15 06:45:00+00:00,80601.58,trend_down,normal_vol,3,0.680537071685791,82.33542999999989,61.6658,1.0737360195866672,0.3888888888888889,-0.00011960063313898317,0.0003525985470755888,-0.00045892400620439755,-0.0002677366870476039,0.0005324957649712747,-0.0004909333042851793,0.00020136081699639874,0.0005324957649712747,-0.0004909333042851793,0.0015473642079968375,0.002585805389919038,-0.0005173595852586699,0.0030515530836987548,0.004984889874367182,-0.0005173595852586699
in_sample,breakout_forced_cover_signal,2026-05-15 07:10:00+00:00,2026-05-15 07:15:00+00:00,80767.99,trend_down,normal_vol,3,0.7261289266282025,89.76028999999988,38.40539,0.9232603449247765,0.4027777777777778,0.0017347218867276304,0.0019439631963107384,-0.0007330874520958819,0.0018201517705218606,0.0029142733402178767,-0.0007330874520958819,0.0005507132219086941,0.0029142733402178767,-0.0007330874520958819,0.0009849198921501046,0.0029142733402178767,-0.0007330874520958819,-0.0018109897250135898,0.0029142733402178767,-0.002519067269100117
in_sample,breakout_forced_cover_signal,2026-05-15 07:20:00+00:00,2026-05-15 07:25:00+00:00,80908.1,mixed_trend,normal_vol,3,0.7766638364184829,111.29447999999988,48.17420000000001,0.9325125425638828,0.4444444444444444,-0.001181958295893848,0.0011775088031975578,-0.001566097831984803,-0.001376129213268018,0.0011775088031975578,-0.0018304718563407762,-0.001088766143315878,0.0011775088031975578,-0.0021404531808312255,-0.0011521714142341821,0.0011775088031975578,-0.0021404531808312255,-0.004681237107285963,0.0011775088031975578,-0.004796800320363559
in_sample,breakout_forced_cover_signal,2026-05-16 00:05:00+00:00,2026-05-16 00:10:00+00:00,79176.0,mixed_trend,low_vol,3,0.6637043116947872,32.2546899999999,9.542489999999976,0.5456584907928319,0.003472222222222222,-0.00013880468828941783,1.250378902706295e-05,-0.0003264878245934355,0.0001377942810953936,0.000293270688087377,-0.0003264878245934355,2.917550772951749e-05,0.000293270688087377,-0.0003264878245934355,-0.0001385520864908285,0.0006538597554814896,-0.0003264878245934355,-0.00046112458320701766,0.0006538597554814896,-0.0012745023744569206
in_sample,breakout_forced_cover_signal,2026-05-16 01:55:00+00:00,2026-05-16 02:00:00+00:00,79168.0,trend_up,low_vol,3,0.6331047869078626,17.4125099999999,18.651850000000003,0.3709653388280214,0.052083333333333336,6.871463217472673e-05,0.0005528748989491739,-0.0008187651576395671,0.00031224737267576685,0.0005528748989491739,-0.0008187651576395671,0.0003886671382378193,0.0005528748989491739,-0.0008187651576395671,-0.0009457103880354811,0.0005528748989491739,-0.0009457103880354811,-0.00015372372675825918,0.0005528748989491739,-0.0011102970897332032
in_sample,breakout_forced_cover_signal,2026-05-16 02:00:00+00:00,2026-05-16 02:05:00+00:00,79189.98,trend_up,low_vol,3,0.6478381419574326,18.856139999999904,1.4436300000000024,0.36195191254778747,0.05555555555555555,3.460033706281784e-05,0.00027516107467140394,-0.00032643018725342365,0.00011099889152643705,0.00027516107467140394,-0.0006082840278529567,-0.0001599949892649999,0.00027516107467140394,-0.0006082840278529567,-0.001262407188384218,0.00027516107467140394,-0.0012625334669865707,-0.0003894432098605627,0.00027516107467140394,-0.0013875492833814729
in_sample,breakout_forced_cover_signal,2026-05-16 14:30:00+00:00,2026-05-16 14:35:00+00:00,78104.09,mixed_trend,normal_vol,5,0.7576651297388443,144.2891899999999,30.840199999999996,1.8364008232249316,0.4756944444444444,0.0014714978434549053,0.0015822474853750546,-0.000247618274535899,0.0009112198861800369,0.003097276979989294,-0.000247618274535899,0.00017655925573167863,0.003097276979989294,-0.000247618274535899,0.00023391860784771623,0.003097276979989294,-0.000247618274535899,0.0014659923699258393,0.003097276979989294,-0.00033122465161550263
in_sample,breakout_forced_cover_signal,2026-05-16 14:35:00+00:00,2026-05-16 14:40:00+00:00,78111.85,mixed_trend,normal_vol,4,0.7328653341972081,134.5207799999999,-9.768410000000017,1.8988408846501237,0.4722222222222222,0.0008117846395903072,0.0029976245601659457,-1.280215486954006e-07,7.719699379804545e-05,0.0029976245601659457,-9.21755149828618e-05,0.00023940029585767242,0.0029976245601659457,-9.21755149828618e-05,0.00010382547590404023,0.0029976245601659457,-0.0004305364678983681,0.0013252790709730178,0.0029976245601659457,-0.0004305364678983681
in_sample,breakout_forced_cover_signal,2026-05-16 14:40:00+00:00,2026-05-16 14:45:00+00:00,78219.01,mixed_trend,normal_vol,4,0.6418264922636107,64.90746999999989,-69.61331,1.506602343700956,0.5104166666666666,-0.0012929082073525056,0.00162351837488095,-0.0014620486758909479,-0.0011309271237259777,0.00162351837488095,-0.0014620486758909479,-0.00015443816023752444,0.00162351837488095,-0.0014620486758909479,-0.0011553457401212164,0.00162351837488095,-0.0017999460744899665,0.0005428347916958121,0.00162351837488095,-0.0017999460744899665
in_sample,breakout_forced_cover_signal,2026-05-17 03:00:00+00:00,2026-05-17 03:05:00+00:00,77976.9,trend_down,normal_vol,3,0.7080604271325164,34.71533999999988,8.50516,0.6501399585018459,0.65625,-0.0002350696167709998,1.2824310791081928e-07,-0.0003788301407210426,9.297625322379766e-05,0.0004131992936369233,-0.0003788301407210426,0.00023840393757645906,0.0004311533287424396,-0.0003788301407210426,0.0009236068630582572,0.000923735106165946,-0.0003788301407210426,0.0009978596225292957,0.0013221864423951235,-0.0003788301407210426
in_sample,breakout_forced_cover_signal,2026-05-17 04:15:00+00:00,2026-05-17 04:20:00+00:00,78083.54,mixed_trend,normal_vol,3,0.6049505768736961,14.22327999999988,10.651719999999996,0.5358640359726039,0.4444444444444444,0.0001622621105550337,0.0007968388728276654,-6.198489463971057e-05,-3.0480175463254433e-05,0.0007968388728276654,-0.0003724216396949753,0.0009689622166209055,0.0012103703290093915,-0.0003724216396949753,0.0012799112335326601,0.0015418102201820716,-0.0003724216396949753,0.0015427066959310398,0.0030790099936557347,-0.0003724216396949753
in_sample,breakout_forced_cover_signal,2026-05-17 04:20:00+00:00,2026-05-17 04:25:00+00:00,78130.25,mixed_trend,normal_vol,3,0.6257246508371186,18.558959999999878,4.335679999999998,0.5835697033012497,0.4444444444444444,-0.0006283097775828805,0.00019851465981468586,-0.000970046812854064,0.0003705351000411472,0.0006117988871148228,-0.000970046812854064,0.0007149599546909524,0.0008768690743981011,-0.000970046812854064,0.0003563280547547176,0.0009430406276698111,-0.000970046812854064,0.0006112869215189054,0.0024793213896026067,-0.000970046812854064
in_sample,breakout_forced_cover_signal,2026-05-17 04:40:00+00:00,2026-05-17 04:45:00+00:00,78186.11,mixed_trend,normal_vol,3,0.6857244409645136,23.795969999999883,11.604379999999995,0.5086851168365598,0.3194444444444444,-3.363768833120062e-05,0.00022791772093522233,-0.000353259677454143,-0.0003583756756795342,0.00022791772093522233,-0.00036259637421542923,8.67161699180663e-05,0.00022791772093522233,-0.0006493480747411517,-2.225459228000215e-05,0.0017631008883802757,-0.0006493480747411517,-0.00014094575110601415,0.0017631008883802757,-0.0006493480747411517
in_sample,breakout_forced_cover_signal,2026-05-17 07:30:00+00:00,2026-05-17 07:35:00+00:00,78200.0,trend_up,normal_vol,3,0.7121493658830629,16.02067999999988,11.241679999999999,0.3297245537922256,0.3958333333333333,-0.0006143222506392876,0.00011112531969303951,-0.0012244245524296593,-0.0004008951406649919,0.00011112531969303951,-0.0012244245524296593,-0.0002031969309462811,0.00011112531969303951,-0.0012244245524296593,-0.0003989769820971212,0.00011112531969303951,-0.0012244245524296593,-0.0016869565217391136,0.00011112531969303951,-0.001710485933503758
in_sample,breakout_forced_cover_signal,2026-05-17 09:55:00+00:00,2026-05-17 10:00:00+00:00,78249.33,trend_up,low_vol,3,0.7067761043622028,22.38206999999988,13.700500000000002,0.5381610039754071,0.2361111111111111,0.0014272326676789682,0.0014414180926531905,-3.833898641780742e-06,0.002526028018386972,0.0035324264118299364,-3.833898641780742e-06,0.0022788693526192283,0.0035324264118299364,-3.833898641780742e-06,0.0028905039825899426,0.004481316325647855,-3.833898641780742e-06,0.0020241706861898745,0.004481316325647855,-3.833898641780742e-06
in_sample,breakout_forced_cover_signal,2026-05-17 10:00:00+00:00,2026-05-17 10:05:00+00:00,78319.2,trend_up,low_vol,3,0.6779291302859716,26.19040999999988,3.8083399999999976,0.7365848028972019,0.2638888888888889,0.0016316560945466296,0.0026371566614573627,-0.0004913226897107492,0.0013847179235741969,0.0026371566614573627,-0.0004913226897107492,0.0021812020551792433,0.0026371566614573627,-0.0004913226897107492,0.001862889304283133,0.003585200053116022,-0.0004913226897107492,0.0016782602478064845,0.003585200053116022,-0.0004913226897107492
in_sample,breakout_forced_cover_signal,2026-05-17 10:05:00+00:00,2026-05-17 10:10:00+00:00,78361.01,trend_up,low_vol,3,0.6635947088381129,27.59313999999988,1.4027300000000018,0.8511222841771567,0.2708333333333333,0.0008504229335482005,0.0021021934250211594,-1.276144857564887e-07,0.001646482096134383,0.0021021934250211594,-1.276144857564887e-07,0.0021210803689233337,0.0030497309822832275,-1.276144857564887e-07,0.0015311186009472344,0.0030497309822832275,-1.276144857564887e-07,-4.377176863845644e-05,0.0030497309822832275,-4.389938312421293e-05
in_sample,breakout_forced_cover_signal,2026-05-17 10:10:00+00:00,2026-05-17 10:15:00+00:00,78446.98,trend_up,normal_vol,5,0.6290751849711949,38.14346999999988,10.550329999999999,1.5071315736826474,0.3472222222222222,0.0005487782958630838,0.0007013654317860052,-0.0006083089495605432,0.001022856456679433,0.001950489362369412,-0.0006083089495605432,0.00036368512847784196,0.001950489362369412,-0.0006083089495605432,1.2874937951767862e-05,0.001950489362369412,-0.0006083089495605432,-0.0014316676053048871,0.001950489362369412,-0.0016782035458853262
in_sample,breakout_forced_cover_signal,2026-05-17 10:25:00+00:00,2026-05-17 10:30:00+00:00,78527.22,trend_up,normal_vol,4,0.6414998930501846,70.65083999999987,-5.870650000000012,2.5851442646105958,0.375,-0.0007910632771667148,0.00010174815815466864,-0.0011871042932629638,-0.0005887130602610924,0.00010174815815466864,-0.0013387714476585932,-0.001008949508208734,0.00010174815815466864,-0.0013387714476585932,-0.0015217653190829905,0.00010174815815466864,-0.0020341990968227863,-0.001668720731486606,0.00010174815815466864,-0.003033597776669006
in_sample,breakout_forced_cover_signal,2026-05-17 16:25:00+00:00,2026-05-17 16:30:00+00:00,78141.36,trend_down,normal_vol,3,0.6346360432587586,6.825489999999873,7.986660000000002,0.3836986741062302,0.5763888888888888,7.806365284634964e-06,0.0002536428851505068,-0.0003793125689135479,0.0003796964885176557,0.0006692998432584751,-0.0003793125689135479,-0.00043958794676735025,0.0006692998432584751,-0.0005292971609400787,-0.001438162837196666,0.0006692998432584751,-0.002548458332437553,-0.0018091571480198798,0.0006692998432584751,-0.00364301312390769
in_sample,breakout_forced_cover_signal,2026-05-17 18:00:00+00:00,2026-05-17 18:05:00+00:00,78189.89,mixed_trend,high_vol,3,0.6328059178976222,10.841889999999868,7.8957799999999985,0.6301556553364499,0.8055555555555556,-0.0008237637883875548,0.0004510813354514642,-0.0008237637883875548,-0.0017263101406076453,0.0004510813354514642,-0.0017264380343802177,-0.0015927890421637558,0.0004510813354514642,-0.0022453030692330955,-0.0005559542288651187,0.0004510813354514642,-0.0022453030692330955,0.0009296598319807892,0.0013826595740191738,-0.0022453030692330955
in_sample,breakout_forced_cover_signal,2026-05-17 18:55:00+00:00,2026-05-17 19:00:00+00:00,78268.04,mixed_trend,high_vol,3,0.6268938502810807,13.322729999999861,13.476129999999994,0.8309524697287934,0.875,-6.976027507510363e-05,0.0003827871504129554,-0.0005447945291590095,-6.554399471347949e-05,0.0003827871504129554,-0.0005447945291590095,-0.00025642650563362235,0.0003827871504129554,-0.0005447945291590095,-0.0005094033273350673,0.0004083403647261452,-0.0005447945291590095,0.0015568295820362898,0.002560687606333545,-0.0007420653436573943
in_sample,breakout_forced_cover_signal,2026-05-17 19:00:00+00:00,2026-05-17 19:05:00+00:00,78275.79,mixed_trend,high_vol,4,0.6989715798068695,31.99037999999986,18.66765,1.2739744196233678,0.8715277777777778,-0.00016454640700513945,0.00028374034934697256,-0.00047856431726833737,-0.0003554100188576381,0.00028374034934697256,-0.00047856431726833737,-0.0005462736307100258,0.00030929103366461597,-0.0005462736307100258,0.0002910222943774965,0.00030929103366461597,-0.0008410007743133718,0.0009363048268182794,0.0024614251737351545,-0.0008410007743133718
in_sample,breakout_forced_cover_signal,2026-05-17 19:40:00+00:00,2026-05-17 19:45:00+00:00,78383.92,trend_up,high_vol,3,0.6660315866853912,18.655939999999866,21.30061,0.8942867556350603,0.8958333333333334,0.00045251628140063893,0.001078537536780555,-0.00038158336556792793,0.000400337212020041,0.001078537536780555,-0.00038158336556792793,7.616358048956329e-05,0.001078537536780555,-0.00038158336556792793,-0.001070500174015332,0.001078537536780555,-0.0010706277512020357,-0.0012090489988253461,0.001078537536780555,-0.0017238229473595101
in_sample,breakout_forced_cover_signal,2026-05-17 19:45:00+00:00,2026-05-17 19:50:00+00:00,78431.44,trend_up,high_vol,3,0.6966288366612883,24.859189999999863,6.203249999999997,1.0094361058692776,0.8784722222222222,-0.00020578482302502366,0.00047200459407603645,-0.0006167169696233987,-0.0005297620444046913,0.00047200459407603645,-0.0007989143129337739,-0.00105008909692339,0.00047200459407603645,-0.0010502165968137023,-0.0018918433730147344,0.00047200459407603645,-0.0023286579973541555,-0.0018920983727954699,0.00047200459407603645,-0.0023286579973541555
in_sample,breakout_forced_cover_signal,2026-05-17 21:20:00+00:00,2026-05-17 21:25:00+00:00,78422.6,trend_up,normal_vol,3,0.5673000517388942,11.691259999999872,22.59276,1.405697108394661,0.3090277777777778,0.00016882888351044123,0.00024342472705574103,-0.0005555796415830372,-0.00041913938073989687,0.0008002795112631578,-0.0005555796415830372,0.00010252146702605103,0.0008002795112631578,-0.0006881944745520396,-0.00021524407504980303,0.0008002795112631578,-0.0006881944745520396,-0.005390792960192736,0.0008002795112631578,-0.006059987809636569
in_sample,breakout_forced_cover_signal,2026-05-17 21:25:00+00:00,2026-05-17 21:30:00+00:00,78431.52,trend_up,low_vol,4,0.7013333915533483,35.04255999999987,23.351299999999995,1.4062117482528462,0.21875,-0.0005328214982956991,0.0006864587094574937,-0.0005733664220711754,-1.1219978906518158e-05,0.0006864587094574937,-0.0008018459925295263,-0.00012788225958138,0.0006864587094574937,-0.0008018459925295263,-0.0018192940797271406,0.0006864587094574937,-0.004657311244254836,-0.004042252400565549,0.0006864587094574937,-0.006173028394706681
in_sample,breakout_forced_cover_signal,2026-05-17 21:30:00+00:00,2026-05-17 21:35:00+00:00,78435.84,trend_up,low_vol,5,0.7274516228936945,45.56309999999987,10.520540000000004,1.6137485761674668,0.2013888888888889,-6.629622376708166e-05,0.000631344038643622,-0.0008568786921896443,-0.00018295207904950317,0.000631344038643622,-0.0008568786921896443,-0.000501301445869573,0.000631344038643622,-0.0008568786921896443,-0.004052101692287646,0.000631344038643622,-0.004712131596984137,-0.005015309327980555,0.000631344038643622,-0.0062277652664903815
in_sample,breakout_forced_cover_signal,2026-05-18 07:25:00+00:00,2026-05-18 07:30:00+00:00,77035.47,trend_up,high_vol,3,0.515158365613187,8.416499999999893,-1.0445599999999917,2.413852541152067,0.8229166666666666,-0.0005041833326907552,0.0005858340320374911,-0.0005041833326907552,-0.0008363679743890184,0.0005858340320374911,-0.0013371762384262187,-5.6856925777282186e-05,0.0005858340320374911,-0.0013371762384262187,0.0015670703378587447,0.00156720014819145,-0.0013371762384262187,-0.0005124911939915489,0.0019005530828850592,-0.0014597171926126196
in_sample,breakout_forced_cover_signal,2026-05-18 08:00:00+00:00,2026-05-18 08:05:00+00:00,77156.19,mixed_trend,high_vol,3,0.41384792078629506,-43.178390000000114,4.869159999999994,2.0542371154271537,0.8125,-0.0015214592633462365,0.00033296097176394035,-0.0017651208542049934,-0.0018807305026337096,0.00033296097176394035,-0.001998413866729276,-0.002154072148974673,0.00033296097176394035,-0.002468888108653422,-0.002801071437042113,0.00033296097176394035,-0.0034456081877553,-0.002890759639635032,0.00033296097176394035,-0.0034456081877553
in_sample,breakout_forced_cover_signal,2026-05-18 11:40:00+00:00,2026-05-18 11:45:00+00:00,77356.0,trend_up,normal_vol,4,0.5753555321963312,52.7950699999999,35.22049000000001,2.715216696038262,0.6631944444444444,-0.0007271575572677103,0.00022325352913799001,-0.001898107451264286,-0.0009071048141061633,0.00022325352913799001,-0.001898107451264286,-0.001034696726821327,0.0016484823413827066,-0.001898107451264286,0.0011767671544546943,0.0016484823413827066,-0.001898107451264286,0.004139433269559012,0.005739696985366249,-0.001898107451264286
in_sample,breakout_forced_cover_signal,2026-05-18 12:20:00+00:00,2026-05-18 12:25:00+00:00,77532.45,trend_up,high_vol,3,0.5999138839536945,34.63499999999989,17.72059000000001,1.292287350812042,0.7361111111111112,0.000445490888008937,0.0004456198662625699,-0.0029980995054328385,0.0014571963094160978,0.0018950774804615822,-0.0029980995054328385,0.0024992116204247683,0.002499340598678401,-0.0029980995054328385,0.0013869031611923877,0.0034508131756445515,-0.0029980995054328385,-0.0032443189915963844,0.0034508131756445515,-0.0032443189915963844
in_sample,breakout_forced_cover_signal,2026-05-18 12:30:00+00:00,2026-05-18 12:35:00+00:00,77567.0,trend_up,high_vol,4,0.5323563064650646,18.0875499999999,19.435770000000005,2.067272588876081,0.8576388888888888,0.0020526770404940553,0.0020528059612978655,-0.0006291335232766482,0.0014079440999394954,0.003003854732038125,-0.0006291335232766482,0.0005800146969716646,0.003003854732038125,-0.0006291335232766482,-0.0011164541622081803,0.003003854732038125,-0.0012389289259608915,-0.0069890546237445506,0.003003854732038125,-0.01036316990472752
in_sample,breakout_forced_cover_signal,2026-05-18 12:35:00+00:00,2026-05-18 12:40:00+00:00,77645.42,trend_up,high_vol,4,0.5719540717509934,48.48118999999988,30.393639999999976,2.476921515717824,0.8576388888888888,0.00039654624831708674,0.001990845049199219,-1.815947418415398e-05,-0.0004305469659381389,0.001990845049199219,-0.0006865826728736923,-7.006208479520826e-05,0.001990845049199219,-0.0007335912407968603,-0.002119378065055244,0.001990845049199219,-0.002323639951976486,-0.010631148624091313,0.001990845049199219,-0.011362679215335514
in_sample,breakout_forced_cover_signal,2026-05-18 12:40:00+00:00,2026-05-18 12:45:00+00:00,77726.22,trend_up,high_vol,5,0.6810773613841712,97.16662999999987,48.68543999999999,1.9595437189095468,0.8541666666666666,-0.0014696456356683152,0.0009492292304964511,-0.0017254151816465946,-0.0011095354952292968,0.0009492292304964511,-0.001772374881989558,-0.0026354041145960627,0.0009492292304964511,-0.003284863203176558,-0.003969188261052636,0.0009492292304964511,-0.004300093327579746,-0.010232068406259898,0.0009492292304964511,-0.013263349227583765
in_sample,breakout_forced_cover_signal,2026-05-18 16:10:00+00:00,2026-05-18 16:15:00+00:00,76509.22,trend_down,high_vol,3,0.42926045439166727,-54.29889000000012,26.859699999999982,2.05879247716657,0.8506944444444444,-0.0002195813785580425,0.002044982291023123,-0.0013462429756831984,-0.003017675516754803,0.002044982291023123,-0.0038063386347423345,-0.0016379725214817897,0.002044982291023123,-0.0038063386347423345,-0.000982234559442574,0.002044982291023123,-0.0038063386347423345,0.0019970142160643523,0.0024428428364580146,-0.0038063386347423345
in_sample,breakout_forced_cover_signal,2026-05-18 19:00:00+00:00,2026-05-18 19:05:00+00:00,76779.14,mixed_trend,high_vol,5,0.6091963638733241,94.47666999999984,116.07041999999998,2.111937300539521,0.8819444444444444,-0.0020758242408029925,0.0009574215079772852,-0.002939079546866563,-0.0019995014270803857,0.0009574215079772852,-0.002939079546866563,-0.0020794710646668824,0.0009574215079772852,-0.002939079546866563,-0.0007248062429455748,0.0009574215079772852,-0.002984274114036789,0.00232524094435016,0.0031843284517123482,-0.002984274114036789
in_sample,breakout_forced_cover_signal,2026-05-18 20:10:00+00:00,2026-05-18 20:15:00+00:00,77057.0,trend_up,high_vol,3,0.6047909256938223,23.38848999999986,18.02268,0.5277271306067797,0.7534722222222222,0.0004705607537276446,0.00047069052779113996,-0.00011510959419647193,0.0010651855120236142,0.0013544518992434362,-0.00011510959419647193,0.0005951438545492849,0.0016239926288332818,-0.00011510959419647193,-0.0021901968672541905,0.0016239926288332818,-0.002190326641317464,-0.0014058424283323046,0.0016239926288332818,-0.003335193428241401
in_sample,breakout_forced_cover_signal,2026-05-18 20:20:00+00:00,2026-05-18 20:25:00+00:00,77093.27,trend_up,high_vol,3,0.6184167023842674,22.42840999999986,9.94039,0.4468896088003052,0.7222222222222222,0.00012439477531556165,0.0011527595080607078,-0.0002072813878566393,-0.00017589083975810826,0.0011527595080607078,-0.0002072813878566393,-0.0016481334881760512,0.0011527595080607078,-0.0017181785128586036,-0.0023782880139862073,0.0011527595080607078,-0.002685448418519476,-0.0009657133495569736,0.0011527595080607078,-0.0038040934052998576
in_sample,breakout_forced_cover_signal,2026-05-19 00:20:00+00:00,2026-05-19 00:25:00+00:00,77255.07,trend_up,low_vol,3,0.6020690533276764,46.03022999999985,22.557329999999993,1.1665736527095236,0.08333333333333333,-0.0004279330793436342,0.00031997899943636554,-0.0008351555438368408,-0.0010212921948036247,0.00031997899943636554,-0.0011011575033199605,-0.0009275766626061221,0.00031997899943636554,-0.001687915110296423,-0.0014782201349375912,0.0007401455982112282,-0.001687915110296423,-0.006336542054780514,0.0007401455982112282,-0.0074493492789534654
in_sample,breakout_forced_cover_signal,2026-05-19 02:20:00+00:00,2026-05-19 02:25:00+00:00,76990.15,trend_down,normal_vol,3,0.6186532477914702,23.278499999999863,22.82286,0.5168248577247384,0.5659722222222222,-0.002626309989005038,1.3378334760894006e-05,-0.0028545210004135013,-0.0026708611426266016,1.3378334760894006e-05,-0.0033489998395898057,-0.0031194899607287496,1.3378334760894006e-05,-0.0033489998395898057,-0.004840619222069242,1.3378334760894006e-05,-0.004952451709731576,-0.003137154558083055,1.3378334760894006e-05,-0.005247944055181031
in_sample,breakout_forced_cover_signal,2026-05-19 10:55:00+00:00,2026-05-19 11:00:00+00:00,77041.87,trend_up,normal_vol,3,0.6606426806039069,40.759529999999856,41.31702,0.734078774598525,0.4097222222222222,-1.272035582722264e-05,0.0004498852377285978,-0.0005398363253643623,-0.0005441197104898432,0.0004498852377285978,-0.0008738105656053152,-0.0011571629816357065,0.0004498852377285978,-0.0011572927811849265,-0.0020806867746069324,0.0004498852377285978,-0.0024904639516147853,-0.003946555295191945,0.0004498852377285978,-0.005296340807926847
in_sample,breakout_forced_cover_signal,2026-05-19 16:30:00+00:00,2026-05-19 16:35:00+00:00,76760.91,mixed_trend,high_vol,4,0.82406112013708,108.57125999999985,50.91105,1.2284550738723388,0.9027777777777778,0.0004514016313772462,0.0004514016313772462,-0.0011246609765309667,0.00042677972421101273,0.0008788327287938547,-0.0011246609765309667,0.001429503636681595,0.001811989982922313,-0.0011246609765309667,0.0017775974776743642,0.0027054134715183142,-0.0011246609765309667,0.0028121084025709564,0.003315489615743239,-0.0011246609765309667
in_sample,breakout_forced_cover_signal,2026-05-19 16:40:00+00:00,2026-05-19 16:45:00+00:00,76795.55,trend_up,high_vol,3,0.8128732129708975,108.50106999999984,-3.7351400000000012,1.2787006966143335,0.8506944444444444,0.0009777910308603754,0.0013601048498252943,-0.0005639649693243154,0.0012896580596140073,0.0015033423160586423,-0.0005639649693243154,0.0022279936793212496,0.002228123895199774,-0.0005639649693243154,0.0028185226878378877,0.0028185226878378877,-0.0005639649693243154,0.0003562706432860274,0.0028629263023702833,-0.0005639649693243154
in_sample,breakout_forced_cover_signal,2026-05-19 17:15:00+00:00,2026-05-19 17:20:00+00:00,77012.0,trend_up,high_vol,4,0.6997525697073254,59.49378999999983,39.71960999999999,1.1156900180293428,0.7013888888888888,-0.0017141484443982113,4.427881369140074e-05,-0.001749467615436484,-0.0031424972731521894,4.427881369140074e-05,-0.0031426271230458047,-0.0004574611748817681,4.427881369140074e-05,-0.0032801381602867163,-0.0025564847036826377,4.427881369140074e-05,-0.0032801381602867163,-0.002548044460603527,4.427881369140074e-05,-0.0032801381602867163
in_sample,breakout_forced_cover_signal,2026-05-19 19:05:00+00:00,2026-05-19 19:10:00+00:00,76958.09,trend_up,normal_vol,3,0.7027019716317607,36.86903999999984,26.233069999999998,0.7142173918745364,0.5486111111111112,0.0002676781609316503,0.0013995929472783164,-1.2994085474282713e-07,-0.0010926726481906845,0.0013995929472783164,-0.0010926726481906845,-0.0018810238143903701,0.0013995929472783164,-0.002507208793773308,-0.0010529107466153986,0.0013995929472783164,-0.002507208793773308,-0.00011603718335517765,0.0013995929472783164,-0.002507208793773308
in_sample,breakout_forced_cover_signal,2026-05-19 19:10:00+00:00,2026-05-19 19:15:00+00:00,77056.56,trend_up,normal_vol,3,0.8024576467777675,71.68414999999983,34.81510999999999,0.9404437581546606,0.5625,-0.0023691688287148516,0.00011991191924476396,-0.0023691688287148516,-0.003156512566872882,0.00011991191924476396,-0.0037818973491678953,-0.002326343143270293,0.00011991191924476396,-0.0037818973491678953,-0.0026602537149333916,0.00011991191924476396,-0.0037818973491678953,-0.0015653436904008444,0.00011991191924476396,-0.0037818973491678953
in_sample,breakout_forced_cover_signal,2026-05-19 20:50:00+00:00,2026-05-19 20:55:00+00:00,77030.11,trend_up,normal_vol,3,0.650070677361018,10.884139999999846,4.929550000000001,0.2989780468618479,0.3368055555555556,-0.0004364527066104129,0.0001315070171912236,-0.00043658252597589264,-0.000693365230816978,0.0001315070171912236,-0.0007315321242564732,-0.00028157820364016484,0.0001315070171912236,-0.0007315321242564732,-0.00041801835671784193,0.00013916635975208536,-0.0007315321242564732,-0.000620147108708613,0.00013916635975208536,-0.0007315321242564732
in_sample,breakout_forced_cover_signal,2026-05-19 21:20:00+00:00,2026-05-19 21:25:00+00:00,77040.83,trend_up,low_vol,3,0.6345207064151183,10.781839999999846,3.0414200000000005,0.33708009901896546,0.0798611111111111,-0.0001657562619717945,0.0,-0.0008704475276291035,-4.893509065262425e-05,0.0,-0.0008704475276291035,-0.000203917844602719,0.0,-0.0008704475276291035,-0.0007592078122731216,0.0,-0.0008704475276291035,-0.0048019991477246116,0.0,-0.00516453418271845
in_sample,breakout_forced_cover_signal,2026-05-19 23:15:00+00:00,2026-05-19 23:20:00+00:00,76856.76,trend_down,low_vol,3,0.784228548105631,21.782769999999843,7.1721,0.3322815293654874,0.11458333333333333,0.0006130885559059163,0.0006132186680782858,-0.00021429474778800195,0.0015076097405095634,0.0016044131967052344,-0.00021429474778800195,0.001177775383713886,0.0016044131967052344,-0.00021429474778800195,-0.00012074409589990509,0.0016044131967052344,-0.0002917114903100426,-0.0036629178747580315,0.0016044131967052344,-0.004424074082748031
in_sample,breakout_forced_cover_signal,2026-05-19 23:30:00+00:00,2026-05-19 23:35:00+00:00,76972.63,trend_up,low_vol,3,0.7070953862405942,30.08057999999985,19.384000000000004,0.6308658095303363,0.16666666666666666,-0.0007476683595195599,1.299163090440203e-07,-0.0009644986795956934,-0.0009696953319641155,1.299163090440203e-07,-0.0016744913094434155,-0.0016259026097978913,1.299163090440203e-07,-0.0017966126401034455,-0.0034551242435136853,1.299163090440203e-07,-0.0035321646148768204,-0.003778485937144249,1.299163090440203e-07,-0.00592275462070091
in_sample,breakout_forced_cover_signal,2026-05-20 05:05:00+00:00,2026-05-20 05:10:00+00:00,77040.0,trend_up,normal_vol,4,0.6232695287054397,37.112899999999854,51.54723,1.3484647065182394,0.3888888888888889,0.001761422637590826,0.003077362409138029,-0.0003051661474557932,0.0014927310488057621,0.003077362409138029,-0.0003051661474557932,0.0016225337487019154,0.003077362409138029,-0.0003051661474557932,0.0014927310488057621,0.0036344755970925124,-0.0003051661474557932,0.002554387331256347,0.0036344755970925124,-0.0003051661474557932
in_sample,breakout_forced_cover_signal,2026-05-20 05:10:00+00:00,2026-05-20 05:15:00+00:00,77229.99,trend_up,normal_vol,5,0.6661213728303564,151.24638999999985,114.13349,4.0619847679219525,0.5694444444444444,-0.0009709958527769347,0.00012961286153201357,-0.0012947042981619195,-0.0008415124746229408,0.00012961286153201357,-0.0012947042981619195,-8.39052290438902e-05,0.001165479886764187,-0.0012947042981619195,-0.0006472874073919499,0.001165479886764187,-0.0012947042981619195,0.0010337952911816384,0.001165479886764187,-0.0012947042981619195
in_sample,breakout_forced_cover_signal,2026-05-20 08:35:00+00:00,2026-05-20 08:40:00+00:00,77580.0,trend_up,normal_vol,4,0.7659129893290582,84.37942999999984,91.18608,1.355404375451455,0.4618055555555556,-0.0012391080175303548,0.0007156483629802146,-0.0012392369167311124,-0.0011073730342872068,0.0007156483629802146,-0.0014298788347510971,-0.0015720546532612678,0.0007156483629802146,-0.0016758185099251532,-0.0020069605568444615,0.0007156483629802146,-0.0023759989688064698,-0.0009070636762051887,0.0007156483629802146,-0.0027592162928589126
in_sample,breakout_forced_cover_signal,2026-05-20 10:00:00+00:00,2026-05-20 10:05:00+00:00,77545.23,trend_up,low_vol,3,0.6584738513708704,30.380029999999845,38.684270000000005,0.8110359844678842,0.2465277777777778,0.0007737419825823988,0.0007738709395794796,-0.00013527588995465578,0.0005974577675507131,0.0007774817354981867,-0.00013527588995465578,0.001071632645876619,0.001431680581771566,-0.00013527588995465578,0.0001740919460810897,0.001518726554812,-0.00013527588995465578,-0.00034663640819676544,0.001518726554812,-0.0007185483878248133
in_sample,breakout_forced_cover_signal,2026-05-20 10:10:00+00:00,2026-05-20 10:15:00+00:00,77605.24,trend_up,low_vol,3,0.7505281508400171,51.013929999999846,18.53031,0.8601417616406114,0.24305555555555555,0.000297531455350164,0.000657300976067976,-0.00044674818349887957,0.0003382503552595839,0.000657300976067976,-0.000511563394430703,0.0005270262678138682,0.000657300976067976,-0.000511563394430703,-0.0005719974579035947,0.0007442796388490436,-0.0010691288371764696,-0.0017110957971395724,0.0007442796388490436,-0.001721790951229707
in_sample,breakout_forced_cover_signal,2026-05-20 10:20:00+00:00,2026-05-20 10:25:00+00:00,77628.34,trend_up,low_vol,4,0.7126484354800998,56.37238999999984,25.138820000000003,1.1184977716690112,0.1840277777777778,0.0002292977023596876,0.0002292977023596876,-0.0008089829049545694,-0.0008967085989471935,0.0004464864249320577,-0.0008967085989471935,-0.0009405070364765233,0.0004464864249320577,-0.0013663824319828377,-0.0014284731581275523,0.0004464864249320577,-0.0014284731581275523,-0.002066770975651444,0.0004464864249320577,-0.002157717142991844
in_sample,breakout_forced_cover_signal,2026-05-20 12:55:00+00:00,2026-05-20 13:00:00+00:00,77617.26,trend_up,low_vol,5,0.6908191565839327,73.66908999999985,74.15585000000002,1.6511850383315534,0.05555555555555555,-0.0011930336113383788,0.0004298013096570852,-0.0014004617014308218,-0.0019478914870222352,0.0004298013096570852,-0.0020385929624415766,-0.0021727126157249366,0.0004298013096570852,-0.0026702823573003798,-0.00467138365873776,0.0004298013096570852,-0.005464892731333215,-0.0053972531367378895,0.0004298013096570852,-0.008364247848996365
in_sample,breakout_forced_cover_signal,2026-05-20 15:15:00+00:00,2026-05-20 15:20:00+00:00,77620.53,trend_up,high_vol,4,0.5559737825307781,42.49259999999986,47.52291000000002,3.355066613848355,0.9270833333333334,-0.0008640755222876217,0.0016902744673348291,-0.0013964089139818503,-0.0003691033802525334,0.0016902744673348291,-0.0013964089139818503,-0.0015528108349684988,0.0016902744673348291,-0.0015528108349684988,-0.0018167873885942543,0.0016902744673348291,-0.0031706817771020024,-0.005045185854824719,0.0016902744673348291,-0.005511170820400202
in_sample,breakout_forced_cover_signal,2026-05-20 17:20:00+00:00,2026-05-20 17:25:00+00:00,77530.0,trend_up,high_vol,3,0.643393051666767,35.364709999999846,12.449760000000005,1.106569785651501,0.9131944444444444,0.00031794144202246244,0.0014407326196310688,-0.00038359344769778314,0.0011171159551142118,0.0023219398942344593,-0.00038359344769778314,0.0016934090029665505,0.0023219398942344593,-0.00038359344769778314,0.0005023861730941714,0.002368889462143642,-0.00038359344769778314,-0.00017851154391845814,0.002368889462143642,-0.001112214626596053
in_sample,breakout_forced_cover_signal,2026-05-20 19:25:00+00:00,2026-05-20 19:30:00+00:00,77562.71,trend_up,normal_vol,3,0.7964468237646315,82.40862999999985,-4.512199999999993,1.2207617439793972,0.3715277777777778,0.0003129080972028575,0.0010925353175512686,-0.00034655828812590883,0.0008941152262471608,0.0010925353175512686,-0.00034655828812590883,0.0012462174155594141,0.001541333457791616,-0.00034655828812590883,0.0008728421170429712,0.0019103252065328924,-0.00034655828812590883,0.0007556466245184357,0.002422298034712611,-0.0011154844899050609
in_sample,breakout_forced_cover_signal,2026-05-21 00:00:00+00:00,2026-05-21 00:05:00+00:00,77640.83,trend_up,normal_vol,4,0.6929833763054155,54.381819999999855,69.58048000000001,1.1980941157096212,0.3645833333333333,0.0003107900830014998,0.0005817815188220443,-0.0011553199521436852,-1.8031749531299823e-06,0.0007623566105616764,-0.0011553199521436852,0.0007807747547263766,0.0007807747547263766,-0.0011553199521436852,0.0012323412822865532,0.0013546995826807517,-0.0011553199521436852,0.004443409479265137,0.0055459221649227786,-0.0011553199521436852
in_sample,breakout_forced_cover_signal,2026-05-21 00:05:00+00:00,2026-05-21 00:10:00+00:00,77644.04,trend_up,normal_vol,4,0.6818214957952758,55.66307999999985,1.281259999999996,1.2977646828177893,0.3645833333333333,-4.314561684315432e-05,0.0007209825763834221,-0.0005020346700145284,0.0007393999590954436,0.0007393999590954436,-0.0005020346700145284,0.001089587816399229,0.001089587816399229,-0.0005020346700145284,0.001171371299072188,0.0013645606282208789,-0.0005020346700145284,0.006249417212190522,0.006284706462981626,-0.0005020346700145284
in_sample,breakout_forced_cover_signal,2026-05-21 00:10:00+00:00,2026-05-21 00:15:00+00:00,77664.97,trend_up,normal_vol,3,0.6714890425917535,54.44405999999985,-1.2190200000000004,1.3418535457002085,0.3715277777777778,0.00046970983185845583,0.00046970983185845583,-0.0007713902419586027,0.0008198033167334806,0.0008198033167334806,-0.0007713902419586027,0.0010098503868603004,0.0010098503868603004,-0.0007713902419586027,0.0036538995637287464,0.003855921144371832,-0.0007713902419586027,0.0029662021372054426,0.006543233068911247,-0.0007713902419586027
in_sample,breakout_forced_cover_signal,2026-05-21 00:45:00+00:00,2026-05-21 00:50:00+00:00,77948.76,trend_up,normal_vol,4,0.685635088492675,53.868209999999834,39.905919999999995,1.223842840152541,0.6284722222222222,0.0002351544784036097,0.0015735978352959812,-0.0006254108468178865,0.0005498483875818749,0.0015735978352959812,-0.0006254108468178865,0.00047544053298609334,0.0015735978352959812,-0.0006254108468178865,-0.0006733910840914792,0.002878685947024673,-0.0009590915878584516,-0.001594893876438741,0.002878685947024673,-0.0019084331809767763
in_sample,breakout_forced_cover_signal,2026-05-21 00:50:00+00:00,2026-05-21 00:55:00+00:00,78030.01,trend_up,normal_vol,5,0.7142577759275242,98.40353999999985,44.535330000000016,1.9306039372931747,0.6319444444444444,-0.0004919901971048857,0.0,-0.0012577212280249217,-0.0005663205733279497,0.0,-0.0012942456370310662,0.0012720746799854687,0.0013071893749596608,-0.0012942456370310662,-0.0019609122182605576,0.001834422422860138,-0.002704728603776796,-0.002129437122973421,0.001834422422860138,-0.002947712040534123
in_sample,breakout_forced_cover_signal,2026-05-21 01:10:00+00:00,2026-05-21 01:15:00+00:00,78129.26,trend_up,normal_vol,3,0.6053381046764925,29.23968999999984,30.08948999999999,1.1466472280542856,0.5798611111111112,-0.0029821093915389785,0.0005617613682760147,-0.0032671498488530126,-0.003228751942613961,0.0005617613682760147,-0.003971623435317206,-0.003163219515966209,0.0005617613682760147,-0.003971623435317206,-0.0026782539601680755,0.0005617613682760147,-0.003971623435317206,-0.0018590986270700105,0.0005617613682760147,-0.004214298202747546
in_sample,breakout_forced_cover_signal,2026-05-21 04:00:00+00:00,2026-05-21 04:05:00+00:00,78128.01,trend_up,normal_vol,3,0.742181000305183,38.360709999999855,25.144580000000005,0.6347103849518915,0.5486111111111112,-0.001923125905805123,0.0006655743567511863,-0.0020403693886480445,-0.0019583245496717083,0.0006655743567511863,-0.0020403693886480445,-0.001576387264951351,0.0006655743567511863,-0.002081839790876505,-0.001638464873225276,0.0006655743567511863,-0.002081839790876505,-0.0010525034491470908,0.0006655743567511863,-0.002081839790876505
in_sample,breakout_forced_cover_signal,2026-05-21 07:50:00+00:00,2026-05-21 07:55:00+00:00,77816.9,trend_down,normal_vol,3,0.8138050987813198,37.523319999999856,13.216570000000004,0.5106121106966157,0.3298611111111111,0.002430063392399484,0.002430191899188916,-1.2850678954290373e-07,0.003792235362755525,0.00492309511173028,-1.2850678954290373e-07,0.00411504441837196,0.00492309511173028,-1.2850678954290373e-07,0.0030642443993529334,0.00492309511173028,-1.2850678954290373e-07,0.0013844036449666142,0.00492309511173028,-1.2850678954290373e-07
in_sample,breakout_forced_cover_signal,2026-05-21 07:55:00+00:00,2026-05-21 08:00:00+00:00,77889.01,trend_up,normal_vol,3,0.810581113187951,52.21780999999985,14.694489999999995,0.718489754223306,0.3923611111111111,0.0028629199421075224,0.003992732735979221,0.0,0.003185430139630796,0.003992732735979221,0.0,0.001737985885300164,0.003992732735979221,0.0,0.0007418248094306357,0.003992732735979221,0.0,0.00010219670271838233,0.003992732735979221,-4.4678960484878516e-05
in_sample,breakout_forced_cover_signal,2026-05-21 08:05:00+00:00,2026-05-21 08:10:00+00:00,78112.01,trend_up,normal_vol,4,0.6815729777908073,61.44109999999985,12.051519999999996,1.4454908347155362,0.5520833333333334,-0.001121850532331603,0.0008029495080206228,-0.0011219785536180638,-0.0014850469217217999,0.0008029495080206228,-0.0018222549899816753,-0.000725368608489152,0.0008029495080206228,-0.0022536867249990378,-0.0023686498401460643,0.0008029495080206228,-0.002833367109615903,-0.002257399342303512,0.0008029495080206228,-0.002931815478823263
in_sample,breakout_forced_cover_signal,2026-05-21 17:10:00+00:00,2026-05-21 17:15:00+00:00,77510.01,trend_up,high_vol,4,0.6407292878263964,131.81542999999982,-88.09953000000002,4.118013853238948,0.8993055555555556,0.004644819423968549,0.006321506086762296,-0.00014398140317606334,0.006070570755957849,0.006321635102356504,-0.00014398140317606334,0.005407172570355723,0.0069339431126380635,-0.00014398140317606334,0.0050932776295602444,0.0069339431126380635,-0.00014398140317606334,0.004025157524815359,0.007588052175454552,-0.00014398140317606334
in_sample,breakout_forced_cover_signal,2026-05-21 17:15:00+00:00,2026-05-21 17:20:00+00:00,77763.5,trend_up,high_vol,3,0.5745863973962088,71.72646999999984,-60.088959999999986,4.182247736741821,0.9166666666666666,0.0027910266384614246,0.0030412725764659143,-0.0006040108791399712,0.0021297909687705285,0.0036515846123181817,-0.0006040108791399712,0.0022300950960283394,0.0036515846123181817,-0.0006040108791399712,0.0031702533965163315,0.0036515846123181817,-0.0006040108791399712,0.0015214078584424584,0.004303561439492842,-0.001716743716525082
in_sample,breakout_forced_cover_signal,2026-05-21 19:50:00+00:00,2026-05-21 19:55:00+00:00,77702.67,trend_up,high_vol,3,0.6341833861455228,19.738359999999858,15.917830000000007,0.6022977479930531,0.9270833333333334,-0.000336539272073888,0.0012384387820907339,-0.00040461930072677177,0.00033550970642326483,0.0012384387820907339,-0.0004884002055527414,0.00012728005356832384,0.0012384387820907339,-0.0004884002055527414,-0.0001371896229563907,0.0012384387820907339,-0.0004884002055527414,4.041045179015157e-05,0.001313725770298424,-0.0007067968192083773
in_sample,breakout_forced_cover_signal,2026-05-22 02:00:00+00:00,2026-05-22 02:05:00+00:00,77700.83,trend_up,normal_vol,3,0.6098850230691901,22.601289999999857,28.70935000000001,0.9140409873529761,0.4479166666666667,-0.00039716435461500943,0.0,-0.0007473536640472123,0.00010630517074261547,0.00016949625892026532,-0.0007473536640472123,-0.0005678189023204938,0.0003498032131701301,-0.0007473536640472123,-0.0007095162303929481,0.0003498032131701301,-0.0011939383401696757,0.00032560784743229654,0.0010151757709666587,-0.001385699483518965
in_sample,breakout_forced_cover_signal,2026-05-22 03:25:00+00:00,2026-05-22 03:30:00+00:00,77794.91,mixed_trend,low_vol,3,0.6358646387085357,8.405379999999848,7.70332,0.29725598459179964,0.1597222222222222,-5.5273539104283564e-05,0.00014576789149822744,-0.0005695745390026374,-9.987799973032452e-05,0.00014576789149822744,-0.0005695745390026374,-0.00013484172679167905,0.00014576789149822744,-0.0005695745390026374,0.00028395173925899186,0.0004473300374021605,-0.0005946404462709998,0.00014409683101357373,0.0013508595870861395,-0.0005946404462709998
in_sample,breakout_forced_cover_signal,2026-05-22 04:05:00+00:00,2026-05-22 04:10:00+00:00,77876.69,trend_up,low_vol,3,0.6822462147446999,30.31293999999984,25.820959999999992,0.8031326460098285,0.034722222222222224,-0.0004712578308091464,0.0002993193470344213,-0.0008984716736163412,-0.0009589519020390957,0.0002993193470344213,-0.0009590803101673373,-0.0009344259495364104,0.0002993193470344213,-0.0013057822565392119,-0.0023641220498714643,0.0002993193470344213,-0.0024335908472741252,-0.002430380644066976,0.0002993193470344213,-0.003283267432141801
in_sample,breakout_forced_cover_signal,2026-05-22 04:10:00+00:00,2026-05-22 04:15:00+00:00,77878.31,trend_up,low_vol,3,0.6874666346989684,38.09417999999984,7.781239999999997,0.983503881474974,0.010416666666666666,-0.0009797336382877386,0.00027851143662460665,-0.0009798620437448946,-0.0009552081959662839,0.00027851143662460665,-0.0013265567781324261,-0.0009269589953865287,0.00027851143662460665,-0.0013265567781324261,-0.00293162499288957,0.00027851143662460665,-0.00293162499288957,-0.0024502329339195494,0.00027851143662460665,-0.003304000818713182
in_sample,breakout_forced_cover_signal,2026-05-22 12:00:00+00:00,2026-05-22 12:05:00+00:00,77437.02,mixed_trend,low_vol,3,0.6582622964105065,15.46673999999985,7.717740000000003,0.4801898015825555,0.024305555555555556,0.0012767795041699337,0.001562430992308128,-0.00023774158664680023,0.0013184908200236656,0.0019101974740247663,-0.00023774158664680023,0.0004708342340651317,0.0019101974740247663,-0.00023774158664680023,0.0002099770884778085,0.0019101974740247663,-0.00030592602866175156,0.0012930507914687972,0.0019101974740247663,-0.0004083318288851112
in_sample,breakout_forced_cover_signal,2026-05-22 16:50:00+00:00,2026-05-22 16:55:00+00:00,76999.46,trend_down,high_vol,5,0.7377154300753295,95.95592999999985,40.94180000000001,1.9293235085213059,0.8541666666666666,-0.00013649446372754337,5.194841626154911e-05,-0.0009371494293596294,-0.0006529915924087248,0.0001653258347524833,-0.0014029968521859226,-0.0004763669771191692,0.0001653258347524833,-0.0014029968521859226,0.0007880574746887969,0.0009131232868386796,-0.002889111170390146,-0.003239762980156047,0.0012241644292050324,-0.003239762980156047
in_sample,breakout_forced_cover_signal,2026-05-23 03:40:00+00:00,2026-05-23 03:45:00+00:00,75662.12,mixed_trend,low_vol,3,0.6885112783711196,12.266869999999827,93.74140999999999,0.25369952395613954,0.14930555555555555,-1.71816491526533e-05,1.3216653216296947e-07,-0.0003035865238775193,-0.00035552797093174604,1.3216653216296947e-07,-0.0003830186095763466,-0.0002509842441632548,1.3216653216296947e-07,-0.0004377355538014438,-0.0010112061359104363,1.3216653216296947e-07,-0.0012224082539583625,-0.0017706350284660832,1.3216653216296947e-07,-0.002050035076997636
in_sample,breakout_forced_cover_signal,2026-05-23 13:00:00+00:00,2026-05-23 13:05:00+00:00,74944.85,mixed_trend,low_vol,4,0.7416657913015392,83.5584799999998,37.47824000000001,1.14403546038286,0.2465277777777778,-0.00019827913459036228,0.0007358744463428213,-0.000489826852679065,2.722001578492339e-05,0.0011020103449401741,-0.000489826852679065,0.0006179210446080052,0.001386753059082757,-0.000489826852679065,-6.591513626352796e-05,0.001386753059082757,-0.000792983106911338,0.0035428718584398222,0.004243253539102376,-0.000792983106911338
in_sample,breakout_forced_cover_signal,2026-05-23 13:50:00+00:00,2026-05-23 13:55:00+00:00,75251.2,trend_up,normal_vol,4,0.558148918322728,35.3025699999998,37.00265,1.9793724319892918,0.375,-0.001493531000170134,7.322142371157803e-05,-0.0016430302772579841,-0.000542582709644468,7.322142371157803e-05,-0.00190096636332715,-0.0008132760673583705,7.322142371157803e-05,-0.00190096636332715,0.0009548020496683574,0.0013129358734478291,-0.00190096636332715,0.0038075140329989487,0.006313520581731735,-0.00190096636332715
in_sample,breakout_forced_cover_signal,2026-05-23 14:20:00+00:00,2026-05-23 14:25:00+00:00,75303.95,trend_up,normal_vol,4,0.5302581896488423,16.399939999999813,8.494640000000008,1.757906847029748,0.4270833333333333,0.000905264597673705,0.0010368646000642467,-0.0005204242274143844,0.0015412206132612294,0.00227398429962844,-0.0005204242274143844,0.002168279353207847,0.002329359880856252,-0.0005204242274143844,0.0031043524277278856,0.005608603532749612,-0.0005204242274143844,0.003197574629219435,0.005608603532749612,-0.0005204242274143844
in_sample,breakout_forced_cover_signal,2026-05-23 14:30:00+00:00,2026-05-23 14:35:00+00:00,75372.11,trend_up,normal_vol,3,0.6284322368783357,51.774039999999815,-31.0488,1.3122056709302847,0.4201388888888889,0.0012620052695884176,0.0014229401299765687,-0.00026163523881717055,0.0006190618784587265,0.001943424431132268,-0.00026163523881717055,0.0009404008989533086,0.001943424431132268,-0.00026163523881717055,0.003105525372714135,0.004699218318287901,-0.00026163523881717055,0.0009381454227566088,0.004699218318287901,-0.00026163523881717055
in_sample,breakout_forced_cover_signal,2026-05-23 14:55:00+00:00,2026-05-23 15:00:00+00:00,75537.73,trend_up,normal_vol,5,0.7104315735571411,138.2900999999998,120.58355999999998,2.1441546821865147,0.4270833333333333,0.0009061696717653778,0.0012459998466991529,-0.0006690696159388221,0.0014803198348694036,0.0015394955606953253,-0.0006690696159388221,0.0016675110570572027,0.0018304759753835498,-0.0006690696159388221,-0.0010871388377701185,0.0018304759753835498,-0.0012277308306721801,0.0009195404733501888,0.0018304759753835498,-0.001751839775963604
in_sample,breakout_forced_cover_signal,2026-05-23 18:10:00+00:00,2026-05-23 18:15:00+00:00,75700.09,trend_up,normal_vol,3,0.682508194549038,42.2564799999998,31.215210000000006,0.7522069763521876,0.3645833333333333,0.001473974469515138,0.003103166720145323,-0.0005295898591402004,0.0017841458312664038,0.003103166720145323,-0.0005295898591402004,0.0023615559770140404,0.003780048346045728,-0.0005295898591402004,0.001087052868761651,0.003780048346045728,-0.0005295898591402004,0.0032935231648998364,0.003961818275249218,-0.0005295898591402004
in_sample,breakout_forced_cover_signal,2026-05-23 20:10:00+00:00,2026-05-23 20:15:00+00:00,76085.84,trend_up,normal_vol,4,0.6961057276634325,63.068609999999794,26.554249999999996,1.1385713509694648,0.4583333333333333,-0.0005032473847957908,0.0013982890903221357,-0.000707621812416015,-0.001128067982163361,0.0013982890903221357,-0.0011281994126632888,0.0026926166550833575,0.0037962385642320573,-0.0015389197254048748,0.00992089986783351,0.011226267594601103,-0.0015389197254048748,0.011862128353975043,0.01732700854718816,-0.0015389197254048748
in_sample,breakout_forced_cover_signal,2026-05-23 20:30:00+00:00,2026-05-23 20:35:00+00:00,76290.7,trend_up,high_vol,3,0.571487558843851,28.38297999999981,48.27008000000001,1.3932706335671914,0.71875,0.0070772715416165255,0.008510866986408683,-5.0464866621857674e-05,0.007209004505136285,0.008510866986408683,-5.0464866621857674e-05,0.007855610185776296,0.008510866986408683,-5.0464866621857674e-05,0.01033782623570123,0.01459522589253992,-5.0464866621857674e-05,0.005623883382902539,0.01459522589253992,-5.0464866621857674e-05
in_sample,breakout_forced_cover_signal,2026-05-23 20:35:00+00:00,2026-05-23 20:40:00+00:00,76737.2,trend_up,high_vol,5,0.6572292322432299,127.6805199999998,99.29754,2.8447883374237715,0.8506944444444444,0.0013484985118039639,0.0026427860281583726,-0.00030089708772274015,0.0019913418785151293,0.0026427860281583726,-0.0004790375463268326,0.007172271075827741,0.00733412217281848,-0.0004790375463268326,0.0031486684424244515,0.008691742727125806,-0.0004790375463268326,-0.00048477140161484744,0.008691742727125806,-0.0025953514071402894
in_sample,breakout_forced_cover_signal,2026-05-24 00:45:00+00:00,2026-05-24 00:50:00+00:00,76864.96,trend_up,normal_vol,3,0.7622102518646103,57.7784799999998,44.1729,0.7147269004260678,0.625,-0.00038769290974716153,0.0,-0.0007930791871876286,-0.00023365653218332394,0.00022168748933193427,-0.0007930791871876286,-0.0010307687664184995,0.00022168748933193427,-0.0014366754370263024,0.000539907911225157,0.0007160609984053767,-0.0014366754370263024,0.0001235933772683051,0.0007349252507253823,-0.0014366754370263024
in_sample,breakout_forced_cover_signal,2026-05-24 05:50:00+00:00,2026-05-24 05:55:00+00:00,76823.62,trend_up,low_vol,3,0.680781151604064,15.415949999999809,22.17713,0.28882573634669634,0.1909722222222222,5.675337871346997e-05,0.0004967222320426679,-0.00014097226868514667,0.00013042863640122526,0.0004967222320426679,-0.00014097226868514667,0.00036356006134585783,0.0004967222320426679,-0.00014097226868514667,-0.001049416832999972,0.0004967222320426679,-0.0014006109058645189,0.002134239443546182,0.003154238240791196,-0.0014006109058645189
in_sample,breakout_forced_cover_signal,2026-05-24 06:50:00+00:00,2026-05-24 06:55:00+00:00,77013.06,trend_up,low_vol,3,0.6560857527332166,27.83337999999981,39.33605,0.6048144459218295,0.18055555555555555,-0.00019723927344272862,0.00030488335355061125,-0.0007206569898663417,-0.0010779989783551436,0.00030488335355061125,-0.0012207020471591834,-0.0014332633971433362,0.00030488335355061125,-0.0014680626896268478,-0.0014837743104871848,0.00030488335355061125,-0.001857607008473594,-0.0027666736005554915,0.00030488335355061125,-0.002945734139118694
in_sample,breakout_forced_cover_signal,2026-05-24 09:05:00+00:00,2026-05-24 09:10:00+00:00,76879.38,mixed_trend,low_vol,3,0.6014247859497267,10.558019999999809,9.773780000000002,0.42970649947818423,0.08333333333333333,0.00026821236071361554,0.0005543749182159718,-1.300738898812881e-07,0.0013344280351896831,0.0013473053502772725,-1.300738898812881e-07,0.0009975366606755909,0.0014269105708188956,-1.300738898812881e-07,0.0014024566795411975,0.0021760061020261734,-1.300738898812881e-07,0.0008694138792482153,0.0021760061020261734,-1.300738898812881e-07
in_sample,breakout_forced_cover_signal,2026-05-24 09:20:00+00:00,2026-05-24 09:25:00+00:00,76981.97,trend_up,low_vol,3,0.6793239313162471,27.855619999999803,23.602469999999997,0.6446653292725746,0.09375,-0.000679639661079201,9.235928880491073e-05,-0.0010999978306609481,-3.1825633976301226e-05,0.0008404565380697449,-0.0010999978306609481,6.793798599846745e-05,0.0008404565380697449,-0.0010999978306609481,0.0005008965086239492,0.0008404565380697449,-0.0010999978306609481,0.003351823810172627,0.007289758887697895,-0.0010999978306609481
in_sample,breakout_forced_cover_signal,2026-05-24 10:25:00+00:00,2026-05-24 10:30:00+00:00,77239.99,trend_up,normal_vol,5,0.6430712318171516,163.53654999999978,155.92925999999997,4.753775942559333,0.4583333333333333,-0.00042866396021024045,1.294666143181189e-07,-0.00199805825971755,-0.0005864837631387454,1.294666143181189e-07,-0.00199805825971755,-0.0009899017335450733,1.294666143181189e-07,-0.00199805825971755,0.0006473330718970161,0.0006474625385113342,-0.00199805825971755,0.0009063957672701406,0.0015099691235069823,-0.00199805825971755
in_sample,breakout_forced_cover_signal,2026-05-24 16:00:00+00:00,2026-05-24 16:05:00+00:00,76568.69,trend_down,high_vol,4,0.5581474276006726,20.316409999999827,21.17819,1.5798074469660015,0.8611111111111112,0.0004842710512613646,0.0016276888111839138,-0.00019864516423107048,0.0011824676640019849,0.0021628945199401173,-0.00019864516423107048,0.000553620546466238,0.0021628945199401173,-0.00019864516423107048,-0.0006987190194843729,0.0021628945199401173,-0.0016861983664602231,0.0017935529522576932,0.0021628945199401173,-0.0016861983664602231
in_sample,breakout_forced_cover_signal,2026-05-24 19:45:00+00:00,2026-05-24 19:50:00+00:00,76756.93,mixed_trend,low_vol,3,0.6767885865066111,7.33777999999983,2.41451,0.20255725205131997,0.12152777777777778,0.0002137917709841286,0.00034628795080782204,-6.435900966839103e-05,-0.0007050829156403093,0.0005113544796542246,-0.00095014222168599,-0.0008145192883559638,0.0005113544796542246,-0.0012662048886007415,-0.0010977510434562188,0.0005113544796542246,-0.0016777638188499866,-0.001371732819433924,0.0005113544796542246,-0.002091798095624653
in_sample,breakout_forced_cover_signal,2026-05-24 19:55:00+00:00,2026-05-24 20:00:00+00:00,76773.33,mixed_trend,low_vol,3,0.7387554218553224,13.65107999999983,8.911560000000001,0.2801360127944878,0.11805555555555555,-0.0010279611422351342,0.0002976293981256095,-0.001479550255277351,-0.001099209842793103,0.0002976293981256095,-0.001479550255277351,-0.0012299844229761714,0.0002976293981256095,-0.0015532737735878266,-0.001309048337489127,0.0002976293981256095,-0.0023049671025081597,-0.0007110542163534239,0.0002976293981256095,-0.0023049671025081597
in_sample,breakout_forced_cover_signal,2026-05-24 22:05:00+00:00,2026-05-24 22:10:00+00:00,76900.96,trend_up,high_vol,5,0.6009663816084865,54.27505999999982,36.85607000000001,3.0497291142811798,0.9270833333333334,-0.0004540905601180256,0.0014440651976255214,-0.00116838593432389,0.00035292147198151547,0.0014440651976255214,-0.00116838593432389,-0.0006908886443031115,0.0014440651976255214,-0.00116838593432389,-0.0015387324163443905,0.0014440651976255214,-0.0029133576485912416,0.000761889058342069,0.0014440651976255214,-0.0029133576485912416
in_sample,breakout_forced_cover_signal,2026-05-24 22:10:00+00:00,2026-05-24 22:15:00+00:00,76984.7,trend_up,high_vol,5,0.6420497844517482,91.1801599999998,36.90509999999998,3.6236682861520046,0.9305555555555556,-0.0007352110224497777,0.0,-0.0022548636287469392,-0.001777885735737006,0.0,-0.0022548636287469392,-0.001650198026361016,0.0,-0.0022548636287469392,-0.0014579520346249542,0.0001450937653846296,-0.003997937252466999,-0.0008149671298322003,0.00041995357519097887,-0.003997937252466999
in_sample,breakout_forced_cover_signal,2026-05-25 02:05:00+00:00,2026-05-25 02:10:00+00:00,77398.68,trend_up,high_vol,4,0.5518175139584932,20.648129999999817,49.45327999999999,2.2156088095818416,0.7534722222222222,-0.0015803887094714142,0.0007217177347209613,-0.00165571299148759,-0.0023181273892526333,0.0007217177347209613,-0.002318256590422396,-0.0033256381116576472,0.0007217177347209613,-0.004685868027723417,-0.003029121426877057,0.0007217177347209613,-0.004685868027723417,-0.003939731271902724,0.0007217177347209613,-0.004685868027723417
in_sample,breakout_forced_cover_signal,2026-05-25 04:25:00+00:00,2026-05-25 04:30:00+00:00,77175.43,trend_up,normal_vol,3,0.6044520104665827,10.409889999999828,4.07109,0.5510034870200183,0.6631944444444444,-0.000314867050303258,0.000680138743639036,-0.0005272403406108017,0.0008884952114942557,0.0008884952114942557,-0.0005272403406108017,0.0012804593379007745,0.0014829849344539792,-0.0005272403406108017,0.0021324144225696173,0.003557738518593423,-0.0005272403406108017,0.0031883204278875255,0.0038637944744850383,-0.0005272403406108017
in_sample,breakout_forced_cover_signal,2026-05-25 04:50:00+00:00,2026-05-25 04:55:00+00:00,77373.61,trend_up,normal_vol,4,0.7487637321371455,52.33369999999982,54.744809999999994,1.156870052639822,0.6701388888888888,-0.00043438583258559316,0.0004186181826077995,-0.0006295428118192614,0.00021195857347211522,0.0009872875260699132,-0.0006411746847536648,0.0006159722933956058,0.0009872875260699132,-0.0006411746847536648,0.00025874455127539164,0.0012925595690829184,-0.0006411746847536648,0.000431542485868297,0.0016076540825742391,-0.0006411746847536648
in_sample,breakout_forced_cover_signal,2026-05-25 06:05:00+00:00,2026-05-25 06:10:00+00:00,77577.27,trend_up,normal_vol,5,0.7107347159286511,81.97657999999983,86.86487,2.0957651475647174,0.3506944444444444,-0.003607886691552764,0.0,-0.00381580841914142,-0.004457491221333321,0.0,-0.004572988969578473,-0.003868658951262538,0.0,-0.004576727177947881,-0.002117114974528045,0.0,-0.004576727177947881,-0.0032251714967540535,0.0,-0.004576727177947881
in_sample,breakout_forced_cover_signal,2026-05-25 08:55:00+00:00,2026-05-25 09:00:00+00:00,77456.94,trend_up,normal_vol,3,0.6370541133040555,22.792649999999835,11.157880000000006,0.8536728003860186,0.5972222222222222,0.0002978429047157949,0.00032366370269709677,-0.000326633094465123,3.950582091150068e-05,0.0005400419897816366,-0.000326633094465123,-3.795657303273803e-05,0.0005400419897816366,-0.000326633094465123,0.0021978663241795093,0.003137614266713884,-0.0004101633759351353,0.001371342580793966,0.003137614266713884,-0.0004101633759351353
in_sample,breakout_forced_cover_signal,2026-05-25 09:30:00+00:00,2026-05-25 09:35:00+00:00,77627.18,trend_up,low_vol,4,0.65880101313977,40.407949999999815,34.87216999999998,1.3059248546050581,0.1909722222222222,-0.0005462004416493249,0.0002783818760387913,-0.0007257767189274844,-0.00025248888340390074,0.0002783818760387913,-0.0008248399594059652,0.00020430988218311796,0.0005670694207879912,-0.0008248399594059652,-6.672920489958489e-05,0.0005670694207879912,-0.0008248399594059652,-0.00130212124155471,0.0006980802342684278,-0.0013720709679263532
in_sample,breakout_forced_cover_signal,2026-05-25 14:05:00+00:00,2026-05-25 14:10:00+00:00,77472.8,trend_up,low_vol,3,0.628483430287078,25.97751999999982,16.893330000000006,1.1481961061622097,0.11458333333333333,0.0010998698898192494,0.0014871025701923557,-8.764366332447704e-05,0.0011542115426317334,0.0014871025701923557,-8.764366332447704e-05,0.0018996344523496411,0.0019000216850300067,-8.764366332447704e-05,0.0013491186584195791,0.0019000216850300067,-8.764366332447704e-05,0.0030874061606138703,0.005585444181699817,-8.764366332447704e-05
in_sample,breakout_forced_cover_signal,2026-05-25 14:15:00+00:00,2026-05-25 14:20:00+00:00,77558.0,trend_up,low_vol,3,0.6512531654604823,35.98130999999983,-0.22472999999999388,1.3611312635610775,0.1597222222222222,0.0007990149307615102,0.0007994017380541507,-0.0006914825034168848,0.0003005492663554765,0.0007994017380541507,-0.0006914825034168848,0.0002836586812449138,0.0007994017380541507,-0.0006914825034168848,0.001751592356687981,0.0027810154980789648,-0.0006914825034168848,0.0007964362154775362,0.004480775677557558,-0.0006914825034168848
in_sample,breakout_forced_cover_signal,2026-05-25 14:25:00+00:00,2026-05-25 14:30:00+00:00,77619.97,trend_up,low_vol,3,0.5404925326791634,12.266589999999827,-8.708630000000003,1.7820665616975901,0.19791666666666666,-0.0005149448009320601,0.0,-0.0008710387288219934,-0.000549471997992157,0.0,-0.0009645713596642125,0.0011088641234979768,0.0019804181836196033,-0.0009645713596642125,0.0010304049331633092,0.0019804181836196033,-0.0009645713596642125,0.0005436745208740046,0.003678821313638725,-0.0009645713596642125
in_sample,breakout_forced_cover_signal,2026-05-25 14:45:00+00:00,2026-05-25 14:50:00+00:00,77706.05,trend_up,low_vol,3,0.3835635123375827,-53.19859000000019,7.389800000000001,2.718191992018791,0.2881944444444444,0.00010230863620019903,0.00026934839693937285,-0.0005951917514788185,-7.850096614103741e-05,0.0006171977600197831,-0.0005951917514788185,0.0006626253682948668,0.0009512772814985748,-0.0005951917514788185,-0.0011103382555154306,0.0025669815928104356,-0.0013871506787439536,-0.001265924596604906,0.0025669815928104356,-0.0019181260661171873
in_sample,breakout_forced_cover_signal,2026-05-25 16:40:00+00:00,2026-05-25 16:45:00+00:00,77683.6,trend_up,normal_vol,3,0.7383996599312078,26.762659999999812,13.41396,0.6595264975788372,0.3854166666666667,0.0002813978754847568,0.0015922279605991019,-0.00017249458058077316,0.0006705405001827813,0.0015922279605991019,-0.00017249458058077316,0.0009577311041197856,0.0015922279605991019,-0.00017249458058077316,-0.00043908881668719424,0.0015922279605991019,-0.0012737566230196506,-0.00151808103640938,0.0015922279605991019,-0.00151808103640938
in_sample,breakout_forced_cover_signal,2026-05-25 16:45:00+00:00,2026-05-25 16:50:00+00:00,77775.71,trend_up,normal_vol,3,0.7437548950140649,40.104909999999805,13.342249999999993,0.9665293558640231,0.4583333333333333,-0.0005145565369959471,0.000406039366275035,-0.0009734401653165303,-0.00022770605372812724,0.000406039366275035,-0.0009734401653165303,-0.00019800526411151154,0.000406039366275035,-0.0009734401653165303,-0.002176129282522754,0.000406039366275035,-0.002456551023449549,-0.002662399353217215,0.000406039366275035,-0.002700714657571157
in_sample,downtrend_forced_cover_signal,2026-05-01 03:15:00+00:00,2026-05-01 03:20:00+00:00,77240.71,trend_down,normal_vol,3,0.7869739978296629,151.45113,138.86171000000002,,,-0.0005494511896640963,0.002758001577147562,-0.0007061043328059347,-0.00013865745149166386,0.002758001577147562,-0.0008034623192875179,-0.0013039755848955892,0.002758001577147562,-0.0013754404898661532,-0.0011800771898654583,0.002758001577147562,-0.0020506025902662373,-0.0009782406194869253,0.002758001577147562,-0.0022336666765493396
in_sample,downtrend_forced_cover_signal,2026-05-01 21:55:00+00:00,2026-05-01 22:00:00+00:00,78200.0,trend_down,low_vol,3,0.7322119554585614,45.70058999999998,50.83796999999999,,0.14035087719298245,0.0009244245524295813,0.0010904092071610805,0.0,0.0010563938618926016,0.0014578005115088999,0.0,0.0020459079283887682,0.002046035805626678,0.0,0.0011675191815856412,0.002699872122762237,0.0,-0.0006861892583120976,0.002699872122762237,-0.0012787723785165905
in_sample,downtrend_forced_cover_signal,2026-05-01 22:00:00+00:00,2026-05-01 22:05:00+00:00,78241.06,trend_down,low_vol,3,0.7736878070466209,53.73315999999998,8.03257,,0.15283842794759825,0.000531051087498069,0.0009322470835646524,-5.099624161519767e-05,0.001520045868499409,0.0015201736786285558,-5.099624161519767e-05,0.0021736668700553796,0.0021736668700553796,-5.099624161519767e-05,0.00017816732033026916,0.0021736668700553796,-5.099624161519767e-05,-0.0014857927538303173,0.0021736668700553796,-0.0018028896847767095
in_sample,downtrend_forced_cover_signal,2026-05-03 04:20:00+00:00,2026-05-03 04:25:00+00:00,78220.62,trend_down,normal_vol,3,0.8021692818171012,14.348459999999974,7.940040000000003,0.38919366119491733,0.625,-9.549911519490806e-05,0.00020237630435548937,-0.00023574346508636879,-2.2372617348165313e-05,0.00020237630435548937,-0.0002636133541257246,-0.0004358185859431041,0.00020237630435548937,-0.0004358185859431041,-0.0007342053796044468,0.00020237630435548937,-0.000970843749384831,7.082531434821071e-05,0.0005130360766765207,-0.000970843749384831
in_sample,downtrend_forced_cover_signal,2026-05-04 01:25:00+00:00,2026-05-04 01:30:00+00:00,78605.69,trend_down,high_vol,4,0.6687443949436331,33.08244999999995,9.808639999999997,1.2509199113545495,0.8680555555555556,0.0033384351692606895,0.006863498049568539,-9.999276133831891e-05,0.00247195845491599,0.006863498049568539,-9.999276133831891e-05,0.004764795016747536,0.006863498049568539,-9.999276133831891e-05,0.01430329025799515,0.019010201424349837,-9.999276133831891e-05,0.014581259957135329,0.019010201424349837,-9.999276133831891e-05
in_sample,downtrend_forced_cover_signal,2026-05-04 09:40:00+00:00,2026-05-04 09:45:00+00:00,79857.56,trend_down,normal_vol,3,0.7378613781305892,74.51010999999994,6.938229999999976,1.0217255389919353,0.4166666666666667,0.0007820173819486076,0.0009071151184685267,-0.0008192086009138899,-0.00023892540668657425,0.0009071151184685267,-0.0008192086009138899,-0.00783582668942051,0.0009071151184685267,-0.008308919030333484,-0.01836319566989031,0.0009071151184685267,-0.018720707219203714,-0.009856299140619806,0.0009071151184685267,-0.020731412279563766
in_sample,downtrend_forced_cover_signal,2026-05-05 10:15:00+00:00,2026-05-05 10:20:00+00:00,80710.0,trend_down,low_vol,3,0.7583747069477811,75.82783999999994,26.319820000000007,0.626888765391467,0.006944444444444444,0.0002772890595961197,0.00048383099987603373,-8.858877462514236e-05,0.0013676124395987088,0.0014228720109032977,-8.858877462514236e-05,0.0010060711188204507,0.0015099739809192325,-8.858877462514236e-05,0.0001851071738323551,0.0015099739809192325,-8.858877462514236e-05,0.0019238012637838864,0.0033327964316689496,-8.858877462514236e-05
in_sample,downtrend_forced_cover_signal,2026-05-06 01:15:00+00:00,2026-05-06 01:20:00+00:00,81287.6,trend_down,high_vol,3,0.6651863353939748,42.08853999999991,17.0036,0.7030682702516919,0.8958333333333334,-0.00046255517446702754,0.0003987077979912268,-0.0008282936142781638,0.0004273714564089204,0.0005896348274521124,-0.0008282936142781638,0.00039883081798453013,0.0008925100507333195,-0.0008282936142781638,0.001957125071966548,0.0030340420925207834,-0.0008282936142781638,2.6572318533091277e-05,0.0030340420925207834,-0.0008282936142781638
in_sample,downtrend_forced_cover_signal,2026-05-07 05:00:00+00:00,2026-05-07 05:05:00+00:00,81087.91,trend_down,low_vol,3,0.7675520498202382,57.08207999999985,35.211479999999995,0.5790597994206638,0.04513888888888889,0.0003568966076448188,0.0010403523780548873,-0.0007785377622879786,0.0006563247221442747,0.0010403523780548873,-0.0007785377622879786,3.502371685248917e-05,0.0010403523780548873,-0.0007785377622879786,-0.00036898225641768256,0.0010403523780548873,-0.0007785377622879786,-0.0013569223821405796,0.0010403523780548873,-0.0019473926507663775
in_sample,downtrend_forced_cover_signal,2026-05-07 17:55:00+00:00,2026-05-07 18:00:00+00:00,80094.52,trend_down,high_vol,3,0.6189537486851147,44.76761999999988,24.85457,1.1339530090682188,0.8784722222222222,0.00029852229590732193,0.0015070943680040028,-0.00017329525166021043,0.0008140382138503988,0.0015070943680040028,-0.00017329525166021043,0.0009423865702671286,0.0015070943680040028,-0.00017329525166021043,0.0011119362473237526,0.001797126694810025,-0.00017329525166021043,-0.00017092305441124278,0.002179175304377834,-0.0011251706109233206
in_sample,downtrend_forced_cover_signal,2026-05-07 18:00:00+00:00,2026-05-07 18:05:00+00:00,80140.0,trend_down,high_vol,4,0.6270758013066865,52.95438999999989,8.18677000000001,1.253008739506143,0.8784722222222222,0.0002460693785875101,0.0009387322186173996,-0.000623908160718778,0.000374344896431289,0.0009387322186173996,-0.000623908160718778,0.0007228599950086512,0.0009387322186173996,-0.000623908160718778,0.001192163713501282,0.0013608684801595938,-0.000623908160718778,-0.0004987521836785636,0.0016104317444471938,-0.0016920389318693108
in_sample,downtrend_forced_cover_signal,2026-05-08 03:40:00+00:00,2026-05-08 03:45:00+00:00,79646.13,trend_down,high_vol,3,0.6304708710788978,15.850759999999879,8.35204,0.3381161061942127,0.8090277777777778,-0.0005907380559482256,0.00025776519210651827,-0.0008143521850967339,-0.0008447365866991463,0.00025776519210651827,-0.0010394729787875923,-0.0003093684526793705,0.00025776519210651827,-0.0010394729787875923,0.001004066362044309,0.001018756341331306,-0.0010394729787875923,-0.00026517295943961905,0.0012790326410083708,-0.0011911438760427995
in_sample,downtrend_forced_cover_signal,2026-05-10 00:15:00+00:00,2026-05-10 00:20:00+00:00,80743.65,trend_down,low_vol,3,0.46228990942732956,-12.163800000000123,16.659029999999994,2.0274849941993276,0.059027777777777776,-0.000367211539235468,0.00033265773841040236,-0.00046629053801749976,-0.0002157445198476271,0.00033265773841040236,-0.0010306692848291998,-1.3499513583981049e-05,0.00033265773841040236,-0.0010306692848291998,-0.0010005740389491535,0.00033265773841040236,-0.001217309348784612,-0.0021163274139822663,0.00033265773841040236,-0.0021163274139822663
in_sample,downtrend_forced_cover_signal,2026-05-11 04:40:00+00:00,2026-05-11 04:45:00+00:00,80822.07,trend_down,normal_vol,3,0.669342448256634,20.88431999999989,3.18347,0.4249045819058853,0.6875,0.0007058715521637282,0.0007058715521637282,-0.0011437469988085924,3.142705946523883e-05,0.0007058715521637282,-0.0011437469988085924,0.00077788158605685,0.0008404882478263431,-0.0011437469988085924,0.0008716678501305974,0.001026699761587313,-0.0011437469988085924,0.0003120434802026395,0.001976316617478213,-0.0011437469988085924
in_sample,downtrend_forced_cover_signal,2026-05-11 04:50:00+00:00,2026-05-11 04:55:00+00:00,80879.11,trend_down,normal_vol,3,0.6965253246012774,20.440429999999886,6.3894400000000005,0.3581139809638529,0.6875,7.208289013083125e-05,0.0001346453985460183,-0.0008506522883350298,-0.0002413478585508999,0.00014577311743413368,-0.0008506522883350298,-0.00047453538991715227,0.00014577311743413368,-0.0008506522883350298,0.001044769162271919,0.0010630680777767854,-0.0008506522883350298,-0.0005783940995394143,0.0012696727251326756,-0.001451301825650675
in_sample,downtrend_forced_cover_signal,2026-05-11 05:00:00+00:00,2026-05-11 05:05:00+00:00,80884.94,trend_down,normal_vol,3,0.7251242588108391,23.705669999999888,7.495660000000004,0.3622039003623541,0.6875,-0.000546578881062465,7.368491588155557e-05,-0.000729554846674918,9.371336617181036e-05,0.00024862477489628887,-0.000729554846674918,0.0005774869833616858,0.000613587646847602,-0.000729554846674918,-0.00025530092499304047,0.0011975035154876412,-0.000729554846674918,0.0005403972606023988,0.0011975035154876412,-0.0015232749137231716
in_sample,downtrend_forced_cover_signal,2026-05-11 05:15:00+00:00,2026-05-11 05:20:00+00:00,80892.52,trend_down,normal_vol,3,0.6514963113523758,15.765499999999886,2.868940000000002,0.3573290198088183,0.6701388888888888,0.0008788204397638388,0.0008971163217561529,-1.2362082435490862e-07,0.0010398983737927026,0.001103686719118091,-1.2362082435490862e-07,-0.0003489815869256452,0.001103686719118091,-0.000644311736116121,-0.00040201492053904,0.001103686719118091,-0.0016168367606795853,0.0011061591356036349,0.0011506626323423141,-0.0016168367606795853
in_sample,downtrend_forced_cover_signal,2026-05-11 05:25:00+00:00,2026-05-11 05:30:00+00:00,80963.61,trend_down,normal_vol,3,0.7657204379199767,21.73868999999989,11.093860000000003,0.2806892081268148,0.6701388888888888,-0.0012267239566022825,0.0002246688357894211,-0.0015217947915119323,-0.002093780156294911,0.0002246688357894211,-0.002093903668574093,-0.0014366948311718142,0.0002246688357894211,-0.0024934658916518915,-0.0012720529630534383,0.0002246688357894211,-0.0024934658916518915,-0.00018502139417941876,0.0010609704779713791,-0.0024934658916518915
in_sample,downtrend_forced_cover_signal,2026-05-12 04:35:00+00:00,2026-05-12 04:40:00+00:00,81285.86,trend_down,normal_vol,3,0.7294669766379819,45.42385999999989,48.95024,0.8160430598768806,0.4444444444444444,0.00019462179522977685,0.00019474481785630715,-0.0004193841339686921,-0.0006964310889987502,0.00022304002196693595,-0.0008671864946745433,-0.000564058742812179,0.00022304002196693595,-0.0008671864946745433,-0.0006440234500810771,0.00022304002196693595,-0.001009400650986536,-0.00041052650485573494,0.00023841785028788642,-0.0012831259950992768
in_sample,downtrend_forced_cover_signal,2026-05-12 11:40:00+00:00,2026-05-12 11:45:00+00:00,80732.75,trend_down,low_vol,3,0.739650158833498,42.58173999999987,4.224540000000005,0.6997151640662921,0.24305555555555555,0.0004299370453750839,0.00048158894624550364,-0.00028179394359784116,0.000645586828145861,0.0006519039671013527,-0.00028179394359784116,0.0002511991725786533,0.0008284122614428124,-0.00028179394359784116,0.0012865906339123434,0.0014367155832051282,-0.00040565941331116573,0.0029771065645602945,0.003297918131117683,-0.001406616274064687
in_sample,downtrend_forced_cover_signal,2026-05-13 17:15:00+00:00,2026-05-13 17:20:00+00:00,79300.0,trend_down,high_vol,4,0.5148592605461588,6.578969999999888,6.329630000000002,1.5631600904157001,0.8506944444444444,0.0004031525851198037,0.0009904161412357393,-0.00021134930643118555,0.0006890290037830926,0.0009904161412357393,-0.00021134930643118555,0.0007138713745271641,0.0009904161412357393,-0.00021134930643118555,0.0020940731399747836,0.0026344262295081577,-0.00021134930643118555,0.005979192938209366,0.006305170239596425,-0.00021134930643118555
in_sample,downtrend_forced_cover_signal,2026-05-13 17:40:00+00:00,2026-05-13 17:45:00+00:00,79430.61,trend_down,high_vol,3,0.6538088297462873,31.68970999999989,20.30807,0.7241141098179714,0.8263888888888888,0.0004463014951037181,0.0009857660667593748,-0.000489861528194302,0.0010620590726924117,0.001583142821136585,-0.000489861528194302,0.0012000411428287894,0.002085593954270326,-0.000489861528194302,0.003553919578358933,0.0036430539813303575,-0.000489861528194302,0.0018830272107943635,0.00465047416858555,-0.000489861528194302
in_sample,downtrend_forced_cover_signal,2026-05-13 18:05:00+00:00,2026-05-13 18:10:00+00:00,79597.73,trend_down,high_vol,3,0.6460493835505687,37.59474999999989,22.361250000000005,0.9007824944367341,0.7777777777777778,0.00144690055859642,0.001535847818775693,-0.0005258943942245686,0.0022163948645268494,0.00254115286956047,-0.0005258943942245686,0.0021388800911785744,0.00254115286956047,-0.0005258943942245686,0.0006226308212557985,0.00254115286956047,-0.0005258943942245686,-0.0010433714629801694,0.00254115286956047,-0.001568009539970494
in_sample,downtrend_forced_cover_signal,2026-05-14 00:05:00+00:00,2026-05-14 00:10:00+00:00,79480.34,trend_down,normal_vol,3,0.6621103171050885,38.04413999999988,1.1940699999999964,0.7600253248241949,0.4027777777777778,0.0003126559347885749,0.001379586448674086,-0.00020558543156701248,0.00011298391526781693,0.001379586448674086,-0.000482383442244938,-0.00023074888708318753,0.001379586448674086,-0.000482383442244938,0.002107061947646427,0.0021071877649241344,-0.000482383442244938,0.0017658454908473509,0.0025338341532006314,-0.000482383442244938
in_sample,downtrend_forced_cover_signal,2026-05-14 12:25:00+00:00,2026-05-14 12:30:00+00:00,79423.19,trend_down,normal_vol,3,0.7089217148954495,45.256249999999895,10.771170000000005,0.6527466729007537,0.5972222222222222,0.0023094010703925694,0.00302040247942692,-0.00025093426743505454,0.003268189051585546,0.003268189051585546,-0.00025093426743505454,0.0040105415055728955,0.0040106674133837394,-0.00025093426743505454,0.005355362835464117,0.0054437501188255855,-0.00025093426743505454,0.006053143924337423,0.00801428398934867,-0.00025093426743505454
in_sample,downtrend_forced_cover_signal,2026-05-14 12:30:00+00:00,2026-05-14 12:35:00+00:00,79573.79,trend_down,normal_vol,3,0.7584052600514782,68.46512999999989,23.208879999999994,0.8008507298769517,0.6111111111111112,0.0013694207602779063,0.0013694207602779063,-0.00027383388424750965,0.002110368250651362,0.0021104939201714856,-0.00027383388424750965,0.0019092970185283775,0.0021391465707489843,-0.00027383388424750965,0.0028929123521703737,0.0038948754357435167,-0.00027383388424750965,0.003596158986520548,0.00610653331957689,-0.00027383388424750965
in_sample,downtrend_forced_cover_signal,2026-05-14 12:35:00+00:00,2026-05-14 12:40:00+00:00,79606.61,trend_down,normal_vol,4,0.6944126027142229,70.34319999999988,1.878069999999994,1.0997742421535441,0.6076388888888888,0.0016972208714829407,0.0016973464891922863,-0.00020588742567984042,0.0014962325364691331,0.0017259873269317438,-0.00020588742567984042,0.00201616423560802,0.0021155278437305913,-0.00020588742567984042,0.0034824997572437955,0.003483253463500091,-0.00020588742567984042,0.00310778213015217,0.0056917384121746295,-0.00020588742567984042
in_sample,downtrend_forced_cover_signal,2026-05-15 06:40:00+00:00,2026-05-15 06:45:00+00:00,80601.58,trend_down,normal_vol,3,0.680537071685791,82.33542999999989,61.6658,1.0737360195866672,0.3888888888888889,-0.00011960063313898317,0.0003525985470755888,-0.00045892400620439755,-0.0002677366870476039,0.0005324957649712747,-0.0004909333042851793,0.00020136081699639874,0.0005324957649712747,-0.0004909333042851793,0.0015473642079968375,0.002585805389919038,-0.0005173595852586699,0.0030515530836987548,0.004984889874367182,-0.0005173595852586699
in_sample,downtrend_forced_cover_signal,2026-05-15 07:10:00+00:00,2026-05-15 07:15:00+00:00,80767.99,trend_down,normal_vol,3,0.7261289266282025,89.76028999999988,38.40539,0.9232603449247765,0.4027777777777778,0.0017347218867276304,0.0019439631963107384,-0.0007330874520958819,0.0018201517705218606,0.0029142733402178767,-0.0007330874520958819,0.0005507132219086941,0.0029142733402178767,-0.0007330874520958819,0.0009849198921501046,0.0029142733402178767,-0.0007330874520958819,-0.0018109897250135898,0.0029142733402178767,-0.002519067269100117
in_sample,downtrend_forced_cover_signal,2026-05-17 03:00:00+00:00,2026-05-17 03:05:00+00:00,77976.9,trend_down,normal_vol,3,0.7080604271325164,34.71533999999988,8.50516,0.6501399585018459,0.65625,-0.0002350696167709998,1.2824310791081928e-07,-0.0003788301407210426,9.297625322379766e-05,0.0004131992936369233,-0.0003788301407210426,0.00023840393757645906,0.0004311533287424396,-0.0003788301407210426,0.0009236068630582572,0.000923735106165946,-0.0003788301407210426,0.0009978596225292957,0.0013221864423951235,-0.0003788301407210426
in_sample,downtrend_forced_cover_signal,2026-05-17 16:25:00+00:00,2026-05-17 16:30:00+00:00,78141.36,trend_down,normal_vol,3,0.6346360432587586,6.825489999999873,7.986660000000002,0.3836986741062302,0.5763888888888888,7.806365284634964e-06,0.0002536428851505068,-0.0003793125689135479,0.0003796964885176557,0.0006692998432584751,-0.0003793125689135479,-0.00043958794676735025,0.0006692998432584751,-0.0005292971609400787,-0.001438162837196666,0.0006692998432584751,-0.002548458332437553,-0.0018091571480198798,0.0006692998432584751,-0.00364301312390769
in_sample,downtrend_forced_cover_signal,2026-05-18 16:10:00+00:00,2026-05-18 16:15:00+00:00,76509.22,trend_down,high_vol,3,0.42926045439166727,-54.29889000000012,26.859699999999982,2.05879247716657,0.8506944444444444,-0.0002195813785580425,0.002044982291023123,-0.0013462429756831984,-0.003017675516754803,0.002044982291023123,-0.0038063386347423345,-0.0016379725214817897,0.002044982291023123,-0.0038063386347423345,-0.000982234559442574,0.002044982291023123,-0.0038063386347423345,0.0019970142160643523,0.0024428428364580146,-0.0038063386347423345
in_sample,downtrend_forced_cover_signal,2026-05-19 02:20:00+00:00,2026-05-19 02:25:00+00:00,76990.15,trend_down,normal_vol,3,0.6186532477914702,23.278499999999863,22.82286,0.5168248577247384,0.5659722222222222,-0.002626309989005038,1.3378334760894006e-05,-0.0028545210004135013,-0.0026708611426266016,1.3378334760894006e-05,-0.0033489998395898057,-0.0031194899607287496,1.3378334760894006e-05,-0.0033489998395898057,-0.004840619222069242,1.3378334760894006e-05,-0.004952451709731576,-0.003137154558083055,1.3378334760894006e-05,-0.005247944055181031
in_sample,downtrend_forced_cover_signal,2026-05-19 23:15:00+00:00,2026-05-19 23:20:00+00:00,76856.76,trend_down,low_vol,3,0.784228548105631,21.782769999999843,7.1721,0.3322815293654874,0.11458333333333333,0.0006130885559059163,0.0006132186680782858,-0.00021429474778800195,0.0015076097405095634,0.0016044131967052344,-0.00021429474778800195,0.001177775383713886,0.0016044131967052344,-0.00021429474778800195,-0.00012074409589990509,0.0016044131967052344,-0.0002917114903100426,-0.0036629178747580315,0.0016044131967052344,-0.004424074082748031
in_sample,downtrend_forced_cover_signal,2026-05-21 07:50:00+00:00,2026-05-21 07:55:00+00:00,77816.9,trend_down,normal_vol,3,0.8138050987813198,37.523319999999856,13.216570000000004,0.5106121106966157,0.3298611111111111,0.002430063392399484,0.002430191899188916,-1.2850678954290373e-07,0.003792235362755525,0.00492309511173028,-1.2850678954290373e-07,0.00411504441837196,0.00492309511173028,-1.2850678954290373e-07,0.0030642443993529334,0.00492309511173028,-1.2850678954290373e-07,0.0013844036449666142,0.00492309511173028,-1.2850678954290373e-07
in_sample,downtrend_forced_cover_signal,2026-05-22 16:50:00+00:00,2026-05-22 16:55:00+00:00,76999.46,trend_down,high_vol,5,0.7377154300753295,95.95592999999985,40.94180000000001,1.9293235085213059,0.8541666666666666,-0.00013649446372754337,5.194841626154911e-05,-0.0009371494293596294,-0.0006529915924087248,0.0001653258347524833,-0.0014029968521859226,-0.0004763669771191692,0.0001653258347524833,-0.0014029968521859226,0.0007880574746887969,0.0009131232868386796,-0.002889111170390146,-0.003239762980156047,0.0012241644292050324,-0.003239762980156047
in_sample,downtrend_forced_cover_signal,2026-05-24 16:00:00+00:00,2026-05-24 16:05:00+00:00,76568.69,trend_down,high_vol,4,0.5581474276006726,20.316409999999827,21.17819,1.5798074469660015,0.8611111111111112,0.0004842710512613646,0.0016276888111839138,-0.00019864516423107048,0.0011824676640019849,0.0021628945199401173,-0.00019864516423107048,0.000553620546466238,0.0021628945199401173,-0.00019864516423107048,-0.0006987190194843729,0.0021628945199401173,-0.0016861983664602231,0.0017935529522576932,0.0021628945199401173,-0.0016861983664602231
in_sample,downtrend_normalvol_forced_cover_signal,2026-05-01 03:15:00+00:00,2026-05-01 03:20:00+00:00,77240.71,trend_down,normal_vol,3,0.7869739978296629,151.45113,138.86171000000002,,,-0.0005494511896640963,0.002758001577147562,-0.0007061043328059347,-0.00013865745149166386,0.002758001577147562,-0.0008034623192875179,-0.0013039755848955892,0.002758001577147562,-0.0013754404898661532,-0.0011800771898654583,0.002758001577147562,-0.0020506025902662373,-0.0009782406194869253,0.002758001577147562,-0.0022336666765493396
in_sample,downtrend_normalvol_forced_cover_signal,2026-05-03 04:20:00+00:00,2026-05-03 04:25:00+00:00,78220.62,trend_down,normal_vol,3,0.8021692818171012,14.348459999999974,7.940040000000003,0.38919366119491733,0.625,-9.549911519490806e-05,0.00020237630435548937,-0.00023574346508636879,-2.2372617348165313e-05,0.00020237630435548937,-0.0002636133541257246,-0.0004358185859431041,0.00020237630435548937,-0.0004358185859431041,-0.0007342053796044468,0.00020237630435548937,-0.000970843749384831,7.082531434821071e-05,0.0005130360766765207,-0.000970843749384831
in_sample,downtrend_normalvol_forced_cover_signal,2026-05-04 09:40:00+00:00,2026-05-04 09:45:00+00:00,79857.56,trend_down,normal_vol,3,0.7378613781305892,74.51010999999994,6.938229999999976,1.0217255389919353,0.4166666666666667,0.0007820173819486076,0.0009071151184685267,-0.0008192086009138899,-0.00023892540668657425,0.0009071151184685267,-0.0008192086009138899,-0.00783582668942051,0.0009071151184685267,-0.008308919030333484,-0.01836319566989031,0.0009071151184685267,-0.018720707219203714,-0.009856299140619806,0.0009071151184685267,-0.020731412279563766
in_sample,downtrend_normalvol_forced_cover_signal,2026-05-11 04:40:00+00:00,2026-05-11 04:45:00+00:00,80822.07,trend_down,normal_vol,3,0.669342448256634,20.88431999999989,3.18347,0.4249045819058853,0.6875,0.0007058715521637282,0.0007058715521637282,-0.0011437469988085924,3.142705946523883e-05,0.0007058715521637282,-0.0011437469988085924,0.00077788158605685,0.0008404882478263431,-0.0011437469988085924,0.0008716678501305974,0.001026699761587313,-0.0011437469988085924,0.0003120434802026395,0.001976316617478213,-0.0011437469988085924
in_sample,downtrend_normalvol_forced_cover_signal,2026-05-11 04:50:00+00:00,2026-05-11 04:55:00+00:00,80879.11,trend_down,normal_vol,3,0.6965253246012774,20.440429999999886,6.3894400000000005,0.3581139809638529,0.6875,7.208289013083125e-05,0.0001346453985460183,-0.0008506522883350298,-0.0002413478585508999,0.00014577311743413368,-0.0008506522883350298,-0.00047453538991715227,0.00014577311743413368,-0.0008506522883350298,0.001044769162271919,0.0010630680777767854,-0.0008506522883350298,-0.0005783940995394143,0.0012696727251326756,-0.001451301825650675
in_sample,downtrend_normalvol_forced_cover_signal,2026-05-11 05:00:00+00:00,2026-05-11 05:05:00+00:00,80884.94,trend_down,normal_vol,3,0.7251242588108391,23.705669999999888,7.495660000000004,0.3622039003623541,0.6875,-0.000546578881062465,7.368491588155557e-05,-0.000729554846674918,9.371336617181036e-05,0.00024862477489628887,-0.000729554846674918,0.0005774869833616858,0.000613587646847602,-0.000729554846674918,-0.00025530092499304047,0.0011975035154876412,-0.000729554846674918,0.0005403972606023988,0.0011975035154876412,-0.0015232749137231716
in_sample,downtrend_normalvol_forced_cover_signal,2026-05-11 05:15:00+00:00,2026-05-11 05:20:00+00:00,80892.52,trend_down,normal_vol,3,0.6514963113523758,15.765499999999886,2.868940000000002,0.3573290198088183,0.6701388888888888,0.0008788204397638388,0.0008971163217561529,-1.2362082435490862e-07,0.0010398983737927026,0.001103686719118091,-1.2362082435490862e-07,-0.0003489815869256452,0.001103686719118091,-0.000644311736116121,-0.00040201492053904,0.001103686719118091,-0.0016168367606795853,0.0011061591356036349,0.0011506626323423141,-0.0016168367606795853
in_sample,downtrend_normalvol_forced_cover_signal,2026-05-11 05:25:00+00:00,2026-05-11 05:30:00+00:00,80963.61,trend_down,normal_vol,3,0.7657204379199767,21.73868999999989,11.093860000000003,0.2806892081268148,0.6701388888888888,-0.0012267239566022825,0.0002246688357894211,-0.0015217947915119323,-0.002093780156294911,0.0002246688357894211,-0.002093903668574093,-0.0014366948311718142,0.0002246688357894211,-0.0024934658916518915,-0.0012720529630534383,0.0002246688357894211,-0.0024934658916518915,-0.00018502139417941876,0.0010609704779713791,-0.0024934658916518915
in_sample,downtrend_normalvol_forced_cover_signal,2026-05-12 04:35:00+00:00,2026-05-12 04:40:00+00:00,81285.86,trend_down,normal_vol,3,0.7294669766379819,45.42385999999989,48.95024,0.8160430598768806,0.4444444444444444,0.00019462179522977685,0.00019474481785630715,-0.0004193841339686921,-0.0006964310889987502,0.00022304002196693595,-0.0008671864946745433,-0.000564058742812179,0.00022304002196693595,-0.0008671864946745433,-0.0006440234500810771,0.00022304002196693595,-0.001009400650986536,-0.00041052650485573494,0.00023841785028788642,-0.0012831259950992768
in_sample,downtrend_normalvol_forced_cover_signal,2026-05-14 00:05:00+00:00,2026-05-14 00:10:00+00:00,79480.34,trend_down,normal_vol,3,0.6621103171050885,38.04413999999988,1.1940699999999964,0.7600253248241949,0.4027777777777778,0.0003126559347885749,0.001379586448674086,-0.00020558543156701248,0.00011298391526781693,0.001379586448674086,-0.000482383442244938,-0.00023074888708318753,0.001379586448674086,-0.000482383442244938,0.002107061947646427,0.0021071877649241344,-0.000482383442244938,0.0017658454908473509,0.0025338341532006314,-0.000482383442244938
in_sample,downtrend_normalvol_forced_cover_signal,2026-05-14 12:25:00+00:00,2026-05-14 12:30:00+00:00,79423.19,trend_down,normal_vol,3,0.7089217148954495,45.256249999999895,10.771170000000005,0.6527466729007537,0.5972222222222222,0.0023094010703925694,0.00302040247942692,-0.00025093426743505454,0.003268189051585546,0.003268189051585546,-0.00025093426743505454,0.0040105415055728955,0.0040106674133837394,-0.00025093426743505454,0.005355362835464117,0.0054437501188255855,-0.00025093426743505454,0.006053143924337423,0.00801428398934867,-0.00025093426743505454
in_sample,downtrend_normalvol_forced_cover_signal,2026-05-14 12:30:00+00:00,2026-05-14 12:35:00+00:00,79573.79,trend_down,normal_vol,3,0.7584052600514782,68.46512999999989,23.208879999999994,0.8008507298769517,0.6111111111111112,0.0013694207602779063,0.0013694207602779063,-0.00027383388424750965,0.002110368250651362,0.0021104939201714856,-0.00027383388424750965,0.0019092970185283775,0.0021391465707489843,-0.00027383388424750965,0.0028929123521703737,0.0038948754357435167,-0.00027383388424750965,0.003596158986520548,0.00610653331957689,-0.00027383388424750965
in_sample,downtrend_normalvol_forced_cover_signal,2026-05-14 12:35:00+00:00,2026-05-14 12:40:00+00:00,79606.61,trend_down,normal_vol,4,0.6944126027142229,70.34319999999988,1.878069999999994,1.0997742421535441,0.6076388888888888,0.0016972208714829407,0.0016973464891922863,-0.00020588742567984042,0.0014962325364691331,0.0017259873269317438,-0.00020588742567984042,0.00201616423560802,0.0021155278437305913,-0.00020588742567984042,0.0034824997572437955,0.003483253463500091,-0.00020588742567984042,0.00310778213015217,0.0056917384121746295,-0.00020588742567984042
in_sample,downtrend_normalvol_forced_cover_signal,2026-05-15 06:40:00+00:00,2026-05-15 06:45:00+00:00,80601.58,trend_down,normal_vol,3,0.680537071685791,82.33542999999989,61.6658,1.0737360195866672,0.3888888888888889,-0.00011960063313898317,0.0003525985470755888,-0.00045892400620439755,-0.0002677366870476039,0.0005324957649712747,-0.0004909333042851793,0.00020136081699639874,0.0005324957649712747,-0.0004909333042851793,0.0015473642079968375,0.002585805389919038,-0.0005173595852586699,0.0030515530836987548,0.004984889874367182,-0.0005173595852586699
in_sample,downtrend_normalvol_forced_cover_signal,2026-05-15 07:10:00+00:00,2026-05-15 07:15:00+00:00,80767.99,trend_down,normal_vol,3,0.7261289266282025,89.76028999999988,38.40539,0.9232603449247765,0.4027777777777778,0.0017347218867276304,0.0019439631963107384,-0.0007330874520958819,0.0018201517705218606,0.0029142733402178767,-0.0007330874520958819,0.0005507132219086941,0.0029142733402178767,-0.0007330874520958819,0.0009849198921501046,0.0029142733402178767,-0.0007330874520958819,-0.0018109897250135898,0.0029142733402178767,-0.002519067269100117
in_sample,downtrend_normalvol_forced_cover_signal,2026-05-17 03:00:00+00:00,2026-05-17 03:05:00+00:00,77976.9,trend_down,normal_vol,3,0.7080604271325164,34.71533999999988,8.50516,0.6501399585018459,0.65625,-0.0002350696167709998,1.2824310791081928e-07,-0.0003788301407210426,9.297625322379766e-05,0.0004131992936369233,-0.0003788301407210426,0.00023840393757645906,0.0004311533287424396,-0.0003788301407210426,0.0009236068630582572,0.000923735106165946,-0.0003788301407210426,0.0009978596225292957,0.0013221864423951235,-0.0003788301407210426
in_sample,downtrend_normalvol_forced_cover_signal,2026-05-17 16:25:00+00:00,2026-05-17 16:30:00+00:00,78141.36,trend_down,normal_vol,3,0.6346360432587586,6.825489999999873,7.986660000000002,0.3836986741062302,0.5763888888888888,7.806365284634964e-06,0.0002536428851505068,-0.0003793125689135479,0.0003796964885176557,0.0006692998432584751,-0.0003793125689135479,-0.00043958794676735025,0.0006692998432584751,-0.0005292971609400787,-0.001438162837196666,0.0006692998432584751,-0.002548458332437553,-0.0018091571480198798,0.0006692998432584751,-0.00364301312390769
in_sample,downtrend_normalvol_forced_cover_signal,2026-05-19 02:20:00+00:00,2026-05-19 02:25:00+00:00,76990.15,trend_down,normal_vol,3,0.6186532477914702,23.278499999999863,22.82286,0.5168248577247384,0.5659722222222222,-0.002626309989005038,1.3378334760894006e-05,-0.0028545210004135013,-0.0026708611426266016,1.3378334760894006e-05,-0.0033489998395898057,-0.0031194899607287496,1.3378334760894006e-05,-0.0033489998395898057,-0.004840619222069242,1.3378334760894006e-05,-0.004952451709731576,-0.003137154558083055,1.3378334760894006e-05,-0.005247944055181031
in_sample,downtrend_normalvol_forced_cover_signal,2026-05-21 07:50:00+00:00,2026-05-21 07:55:00+00:00,77816.9,trend_down,normal_vol,3,0.8138050987813198,37.523319999999856,13.216570000000004,0.5106121106966157,0.3298611111111111,0.002430063392399484,0.002430191899188916,-1.2850678954290373e-07,0.003792235362755525,0.00492309511173028,-1.2850678954290373e-07,0.00411504441837196,0.00492309511173028,-1.2850678954290373e-07,0.0030642443993529334,0.00492309511173028,-1.2850678954290373e-07,0.0013844036449666142,0.00492309511173028,-1.2850678954290373e-07
in_sample,downtrend_highvol_forced_cover_signal,2026-05-04 01:25:00+00:00,2026-05-04 01:30:00+00:00,78605.69,trend_down,high_vol,4,0.6687443949436331,33.08244999999995,9.808639999999997,1.2509199113545495,0.8680555555555556,0.0033384351692606895,0.006863498049568539,-9.999276133831891e-05,0.00247195845491599,0.006863498049568539,-9.999276133831891e-05,0.004764795016747536,0.006863498049568539,-9.999276133831891e-05,0.01430329025799515,0.019010201424349837,-9.999276133831891e-05,0.014581259957135329,0.019010201424349837,-9.999276133831891e-05
in_sample,downtrend_highvol_forced_cover_signal,2026-05-06 01:15:00+00:00,2026-05-06 01:20:00+00:00,81287.6,trend_down,high_vol,3,0.6651863353939748,42.08853999999991,17.0036,0.7030682702516919,0.8958333333333334,-0.00046255517446702754,0.0003987077979912268,-0.0008282936142781638,0.0004273714564089204,0.0005896348274521124,-0.0008282936142781638,0.00039883081798453013,0.0008925100507333195,-0.0008282936142781638,0.001957125071966548,0.0030340420925207834,-0.0008282936142781638,2.6572318533091277e-05,0.0030340420925207834,-0.0008282936142781638
in_sample,downtrend_highvol_forced_cover_signal,2026-05-07 17:55:00+00:00,2026-05-07 18:00:00+00:00,80094.52,trend_down,high_vol,3,0.6189537486851147,44.76761999999988,24.85457,1.1339530090682188,0.8784722222222222,0.00029852229590732193,0.0015070943680040028,-0.00017329525166021043,0.0008140382138503988,0.0015070943680040028,-0.00017329525166021043,0.0009423865702671286,0.0015070943680040028,-0.00017329525166021043,0.0011119362473237526,0.001797126694810025,-0.00017329525166021043,-0.00017092305441124278,0.002179175304377834,-0.0011251706109233206
in_sample,downtrend_highvol_forced_cover_signal,2026-05-07 18:00:00+00:00,2026-05-07 18:05:00+00:00,80140.0,trend_down,high_vol,4,0.6270758013066865,52.95438999999989,8.18677000000001,1.253008739506143,0.8784722222222222,0.0002460693785875101,0.0009387322186173996,-0.000623908160718778,0.000374344896431289,0.0009387322186173996,-0.000623908160718778,0.0007228599950086512,0.0009387322186173996,-0.000623908160718778,0.001192163713501282,0.0013608684801595938,-0.000623908160718778,-0.0004987521836785636,0.0016104317444471938,-0.0016920389318693108
in_sample,downtrend_highvol_forced_cover_signal,2026-05-08 03:40:00+00:00,2026-05-08 03:45:00+00:00,79646.13,trend_down,high_vol,3,0.6304708710788978,15.850759999999879,8.35204,0.3381161061942127,0.8090277777777778,-0.0005907380559482256,0.00025776519210651827,-0.0008143521850967339,-0.0008447365866991463,0.00025776519210651827,-0.0010394729787875923,-0.0003093684526793705,0.00025776519210651827,-0.0010394729787875923,0.001004066362044309,0.001018756341331306,-0.0010394729787875923,-0.00026517295943961905,0.0012790326410083708,-0.0011911438760427995
in_sample,downtrend_highvol_forced_cover_signal,2026-05-13 17:15:00+00:00,2026-05-13 17:20:00+00:00,79300.0,trend_down,high_vol,4,0.5148592605461588,6.578969999999888,6.329630000000002,1.5631600904157001,0.8506944444444444,0.0004031525851198037,0.0009904161412357393,-0.00021134930643118555,0.0006890290037830926,0.0009904161412357393,-0.00021134930643118555,0.0007138713745271641,0.0009904161412357393,-0.00021134930643118555,0.0020940731399747836,0.0026344262295081577,-0.00021134930643118555,0.005979192938209366,0.006305170239596425,-0.00021134930643118555
in_sample,downtrend_highvol_forced_cover_signal,2026-05-13 17:40:00+00:00,2026-05-13 17:45:00+00:00,79430.61,trend_down,high_vol,3,0.6538088297462873,31.68970999999989,20.30807,0.7241141098179714,0.8263888888888888,0.0004463014951037181,0.0009857660667593748,-0.000489861528194302,0.0010620590726924117,0.001583142821136585,-0.000489861528194302,0.0012000411428287894,0.002085593954270326,-0.000489861528194302,0.003553919578358933,0.0036430539813303575,-0.000489861528194302,0.0018830272107943635,0.00465047416858555,-0.000489861528194302
in_sample,downtrend_highvol_forced_cover_signal,2026-05-13 18:05:00+00:00,2026-05-13 18:10:00+00:00,79597.73,trend_down,high_vol,3,0.6460493835505687,37.59474999999989,22.361250000000005,0.9007824944367341,0.7777777777777778,0.00144690055859642,0.001535847818775693,-0.0005258943942245686,0.0022163948645268494,0.00254115286956047,-0.0005258943942245686,0.0021388800911785744,0.00254115286956047,-0.0005258943942245686,0.0006226308212557985,0.00254115286956047,-0.0005258943942245686,-0.0010433714629801694,0.00254115286956047,-0.001568009539970494
in_sample,downtrend_highvol_forced_cover_signal,2026-05-18 16:10:00+00:00,2026-05-18 16:15:00+00:00,76509.22,trend_down,high_vol,3,0.42926045439166727,-54.29889000000012,26.859699999999982,2.05879247716657,0.8506944444444444,-0.0002195813785580425,0.002044982291023123,-0.0013462429756831984,-0.003017675516754803,0.002044982291023123,-0.0038063386347423345,-0.0016379725214817897,0.002044982291023123,-0.0038063386347423345,-0.000982234559442574,0.002044982291023123,-0.0038063386347423345,0.0019970142160643523,0.0024428428364580146,-0.0038063386347423345
in_sample,downtrend_highvol_forced_cover_signal,2026-05-22 16:50:00+00:00,2026-05-22 16:55:00+00:00,76999.46,trend_down,high_vol,5,0.7377154300753295,95.95592999999985,40.94180000000001,1.9293235085213059,0.8541666666666666,-0.00013649446372754337,5.194841626154911e-05,-0.0009371494293596294,-0.0006529915924087248,0.0001653258347524833,-0.0014029968521859226,-0.0004763669771191692,0.0001653258347524833,-0.0014029968521859226,0.0007880574746887969,0.0009131232868386796,-0.002889111170390146,-0.003239762980156047,0.0012241644292050324,-0.003239762980156047
in_sample,downtrend_highvol_forced_cover_signal,2026-05-24 16:00:00+00:00,2026-05-24 16:05:00+00:00,76568.69,trend_down,high_vol,4,0.5581474276006726,20.316409999999827,21.17819,1.5798074469660015,0.8611111111111112,0.0004842710512613646,0.0016276888111839138,-0.00019864516423107048,0.0011824676640019849,0.0021628945199401173,-0.00019864516423107048,0.000553620546466238,0.0021628945199401173,-0.00019864516423107048,-0.0006987190194843729,0.0021628945199401173,-0.0016861983664602231,0.0017935529522576932,0.0021628945199401173,-0.0016861983664602231
out_of_sample,breakout_forced_cover_signal,2026-05-26 04:25:00+00:00,2026-05-26 04:30:00+00:00,76741.99,trend_down,normal_vol,4,0.7318280258303019,48.160069999999806,14.281849999999991,1.1596952713647048,0.5763888888888888,0.00023468247305014067,0.0005736103533409143,-4.3522457523037517e-05,0.00035117671564166564,0.0005736103533409143,-4.3522457523037517e-05,0.00028862947129715266,0.0005736103533409143,-4.3522457523037517e-05,0.00029931462553944854,0.0009810795888924861,-0.0004846108369095381,0.00200568163530801,0.00200568163530801,-0.0004846108369095381
out_of_sample,breakout_forced_cover_signal,2026-05-26 04:30:00+00:00,2026-05-26 04:35:00+00:00,76768.0,trend_down,normal_vol,4,0.7373601389930713,49.19849999999981,1.0384300000000053,1.1546701070353667,0.3020833333333333,1.224468528548961e-05,0.00023460295956634347,-0.00023447269695708872,-5.0281367236393315e-05,0.00023460295956634347,-0.00023447269695708872,-0.00010968111713216544,0.00023460295956634347,-0.00023447269695708872,-0.00022040433513959012,0.0006419341392247535,-0.0008232596915380697,0.002142298874531212,0.002881799708211785,-0.0008232596915380697
out_of_sample,breakout_forced_cover_signal,2026-05-26 05:15:00+00:00,2026-05-26 05:20:00+00:00,76848.72,mixed_trend,low_vol,4,0.5338817960717224,10.21394999999982,35.02477,1.684204946645531,0.017361111111111112,0.00020429748211814314,0.0006112008111520684,-1.3012578470306124e-07,0.0006140635784175341,0.0006140635784175341,-1.3012578470306124e-07,0.0010896733218199728,0.001828397402064752,-1.3012578470306124e-07,5.8556603154791276e-05,0.001828397402064752,-1.3012578470306124e-07,0.0004523172279251586,0.001828397402064752,-0.00021613892853389327
out_of_sample,breakout_forced_cover_signal,2026-05-26 05:20:00+00:00,2026-05-26 05:25:00+00:00,76861.33,mixed_trend,low_vol,4,0.6722726077097213,38.28736999999982,28.07342,1.2406386865720875,0.010416666666666666,0.00044990114014420435,0.00044990114014420435,-1.730389000553778e-05,0.0009254328542065426,0.0016640357381272342,-1.730389000553778e-05,0.0007405544504628381,0.0016640357381272342,-1.730389000553778e-05,0.0008935572673540726,0.0016640357381272342,-0.00010564480213903771,-0.00022247858578572366,0.0016640357381272342,-0.0011231915971269268
out_of_sample,breakout_forced_cover_signal,2026-05-26 05:30:00+00:00,2026-05-26 05:35:00+00:00,76895.91,mixed_trend,low_vol,4,0.7502600122316178,67.87020999999983,-24.077749999999995,1.5105990410591916,0.006944444444444444,0.0002905226038678599,0.001213588603086846,-9.493352767397933e-05,-3.7713319213095176e-05,0.001213588603086846,-9.493352767397933e-05,-0.0005551660680002124,0.001213588603086846,-0.0005552961139285717,0.00016528837489526715,0.001213588603086846,-0.0008296930226848742,0.0012237321854957628,0.0012237321854957628,-0.001572385319323244
out_of_sample,breakout_forced_cover_signal,2026-05-26 05:35:00+00:00,2026-05-26 05:40:00+00:00,76932.46,mixed_trend,low_vol,5,0.7527851602569372,73.73277999999982,5.862569999999991,1.6207271599391357,0.010416666666666666,-0.0005127874501870133,0.0,-0.0005699804737818726,-0.0010299943612879225,0.0,-0.0010301243454323705,-3.184611541096061e-05,0.0,-0.0010301243454323705,-0.0007080236352769997,0.0,-0.001304390890399243,0.0006180746072592669,0.0016544381916294704,-0.0020467303398332692
out_of_sample,breakout_forced_cover_signal,2026-05-26 06:35:00+00:00,2026-05-26 06:40:00+00:00,76990.01,trend_up,low_vol,3,0.4653705856910158,-17.62666000000018,16.149629999999995,2.746202607814849,0.1423611111111111,-0.0005518897841420012,0.0009057019215870099,-0.0005851408513908307,-0.0007793218886450459,0.0009057019215870099,-0.0007793218886450459,-0.0010650732478149072,0.0009057019215870099,-0.0010652031347962998,-0.004025717102777215,0.0009057019215870099,-0.004188985038448445,-0.004357058792432866,0.0009057019215870099,-0.0050172743190967095
out_of_sample,breakout_forced_cover_signal,2026-05-26 08:10:00+00:00,2026-05-26 08:15:00+00:00,76794.11,trend_up,normal_vol,3,0.6067631986222011,10.05239999999981,19.31418,0.49541207531109493,0.6597222222222222,-6.250479366087802e-06,7.682880887593946e-05,-0.0008819686822335582,0.00017735735201562797,0.0002885637974059385,-0.0008819686822335582,-0.000359272345235806,0.00038935277718565864,-0.0008819686822335582,-0.00042854849154450037,0.0007539640735467756,-0.0008819686822335582,-2.7476065547205053e-05,0.0007539640735467756,-0.0016539028839580583
out_of_sample,breakout_forced_cover_signal,2026-05-26 10:15:00+00:00,2026-05-26 10:20:00+00:00,76896.01,trend_up,high_vol,4,0.7307012886810154,50.71134999999981,19.234260000000003,1.1691401666429615,0.8611111111111112,0.004340147167583908,0.004844984804803332,-0.0001676289836104461,0.0049252230382306195,0.0049252230382306195,-0.0001676289836104461,0.006811016592408459,0.007374244775509187,-0.0001676289836104461,0.007535761608437275,0.009437940928274546,-0.0001676289836104461,0.00462195632777318,0.009437940928274546,-0.0001676289836104461
out_of_sample,breakout_forced_cover_signal,2026-05-26 10:20:00+00:00,2026-05-26 10:25:00+00:00,76953.54,trend_up,high_vol,4,0.7369713853147958,53.774669999999816,3.0633200000000045,1.2060482999579087,0.8645833333333334,0.0041739470334960505,0.0041739470334960505,-0.00036567518531305243,0.006058330779844745,0.006621137896970053,-0.00036567518531305243,0.007168870983713216,0.008000281728429925,-0.00036567518531305243,0.006191528031069149,0.008683291243001934,-0.00036567518531305243,0.003696646054229591,0.008683291243001934,-0.00036567518531305243
out_of_sample,breakout_forced_cover_signal,2026-05-26 23:35:00+00:00,2026-05-26 23:40:00+00:00,75952.9,trend_down,normal_vol,3,0.6344168346113561,24.962009999999776,7.156710000000004,0.5277460123785419,0.3055555555555556,-0.00024870676432364736,0.00044172111927265334,-0.0002488384248658937,-0.00026226780017613027,0.00044172111927265334,-0.0006306539974114678,-0.00030137098122651196,0.00044172111927265334,-0.0006306539974114678,0.0003747059032637168,0.0008657997258829653,-0.0006306539974114678,0.00023501406792902912,0.0012061422276172795,-0.0010557858883596394
out_of_sample,breakout_forced_cover_signal,2026-05-27 00:55:00+00:00,2026-05-27 01:00:00+00:00,76085.0,trend_up,normal_vol,5,0.6801962436471911,105.91492999999974,8.013209999999987,1.654197241426505,0.3020833333333333,-0.00024958927515283946,0.00024998357100614044,-0.0011171715844121577,-0.00010751133600572782,0.00024998357100614044,-0.0011171715844121577,-0.0025514884668463855,0.00024998357100614044,-0.002558980088059326,-0.0029047775514227103,0.00024998357100614044,-0.003430373923900887,-0.0028807255043700186,0.00024998357100614044,-0.004218965630544802
out_of_sample,breakout_forced_cover_signal,2026-05-27 03:00:00+00:00,2026-05-27 03:05:00+00:00,75924.39,mixed_trend,normal_vol,3,0.6372275750420404,48.51650999999976,20.193089999999998,1.0016475043963873,0.5173611111111112,-0.00044939445677461,0.0005600308412092581,-0.00044952616675619783,-0.0007428442954892089,0.0005600308412092581,-0.0010472260626657182,-0.0012432105150926853,0.0005600308412092581,-0.0015082109978097336,-0.002264753131371866,0.0005600308412092581,-0.0024633717834282587,-0.0029558354041434587,0.0005600308412092581,-0.004172177083016426
out_of_sample,breakout_forced_cover_signal,2026-05-27 06:05:00+00:00,2026-05-27 06:10:00+00:00,75800.0,mixed_trend,normal_vol,4,0.6160448993480216,55.63081999999976,71.81141,1.3114581534860315,0.3715277777777778,-0.0009236147757255564,1.3192612136059267e-07,-0.0014510554089710581,-0.0009555408970974844,1.3192612136059267e-07,-0.0014510554089710581,-0.0007313984168865195,1.3192612136059267e-07,-0.0014510554089710581,0.0003517150395779822,0.00035184696569912077,-0.0014510554089710581,-6.015831134564831e-05,0.0013192612137202797,-0.0014510554089710581
out_of_sample,breakout_forced_cover_signal,2026-05-27 07:30:00+00:00,2026-05-27 07:35:00+00:00,75938.37,trend_up,low_vol,3,0.6717369252321229,31.513529999999786,26.445150000000005,0.5069221270938442,0.013888888888888888,-0.0006895065037608727,0.000456949497335879,-0.0008271180958979718,-0.0003735924276487834,0.000456949497335879,-0.0008271180958979718,0.00023690263565057101,0.0004901343023295812,-0.0008271180958979718,-7.466581123616312e-05,0.0009287794826251528,-0.0008271180958979718,0.0007731269449160472,0.0017519470065001652,-0.0008271180958979718
out_of_sample,breakout_forced_cover_signal,2026-05-27 07:55:00+00:00,2026-05-27 08:00:00+00:00,75977.16,trend_up,low_vol,3,0.7010733552253603,39.26919999999977,17.250239999999994,0.5391036757192557,0.003472222222222222,-0.0005851758607455793,0.0004177571259571522,-0.0005851758607455793,-0.0007654932087485244,0.0004177571259571522,-0.0010155683629132772,-0.0008476231541164614,0.0004177571259571522,-0.0010579495206191059,0.0003873532519509393,0.0012405043831593687,-0.0010579495206191059,-0.002858227393600976,0.0012405043831593687,-0.0031323887336668355
out_of_sample,breakout_forced_cover_signal,2026-05-27 08:00:00+00:00,2026-05-27 08:05:00+00:00,75990.49,trend_up,low_vol,3,0.6917449717974697,40.52050999999977,1.2513099999999966,0.5832073593476013,0.003472222222222222,-0.0009407756154751201,0.00018554953389560147,-0.0011908069022847911,-0.001022891153880101,0.00018554953389560147,-0.0012331806256283828,-0.00040123441762263123,0.00018554953389560147,-0.0012331806256283828,8.672137789877965e-05,0.001064870090980996,-0.0012331806256283828,-0.002533080126210563,0.001064870090980996,-0.003307255947421983
out_of_sample,breakout_forced_cover_signal,2026-05-27 10:20:00+00:00,2026-05-27 10:25:00+00:00,76006.58,trend_up,low_vol,3,0.6850059627995705,21.281209999999767,4.082090000000004,0.31785878960208147,0.125,-0.0012288409766628705,0.000491536390665237,-0.001265548324895005,-0.00150750106109232,0.000491536390665237,-0.00150750106109232,-0.0011934493039945648,0.000491536390665237,-0.0016653821287577752,-0.0012730476756090958,0.000491536390665237,-0.0016653821287577752,-0.0011902916826411758,0.000491536390665237,-0.0016653821287577752
out_of_sample,breakout_forced_cover_signal,2026-05-27 15:15:00+00:00,2026-05-27 15:20:00+00:00,75221.08,trend_down,high_vol,3,0.6234161388794356,43.24501999999979,40.585409999999996,0.9338172927908194,0.875,0.001752301349568386,0.0023769932577411,0.0,0.0028008106238304187,0.0037384467226473372,0.0,0.0022988236808085816,0.0037384467226473372,0.0,0.000732108605725923,0.0037384467226473372,-0.0007250627084856021,-0.0020967526656091584,0.0037384467226473372,-0.0022743624526528894
out_of_sample,breakout_forced_cover_signal,2026-05-27 15:20:00+00:00,2026-05-27 15:25:00+00:00,75399.88,trend_down,high_vol,4,0.6373533340514523,60.593719999999784,17.348699999999994,1.1748788711013545,0.8993055555555556,0.00042281234399821344,0.00135822497330218,-0.001351195784396575,-7.79842089935201e-05,0.00135822497330218,-0.001351195784396575,-0.0026242747335938343,0.00135822497330218,-0.0030946998854641805,-0.000979709782031657,0.00135822497330218,-0.0030946998854641805,-0.004003587273613829,0.00135822497330218,-0.004640325687521041
out_of_sample,breakout_forced_cover_signal,2026-05-27 15:30:00+00:00,2026-05-27 15:35:00+00:00,75431.76,trend_down,high_vol,3,0.6062564907842065,45.03895999999979,-5.602809999999991,1.1277821561340142,0.8923611111111112,-0.0030457992760608565,0.00046293497593064004,-0.003516025610432516,-0.0012429777589704205,0.00046293497593064004,-0.003516025610432516,-0.002062924158206081,0.00046293497593064004,-0.003516025610432516,-0.0021012369325599245,0.00046293497593064004,-0.003516025610432516,-0.004895020346867063,0.00046293497593064004,-0.005723848946385335
out_of_sample,breakout_forced_cover_signal,2026-05-27 19:00:00+00:00,2026-05-27 19:05:00+00:00,75051.9,trend_down,high_vol,3,0.7019501613946663,57.10097999999979,1.5047599999999974,0.8838647108835984,0.7013888888888888,-4.3836331924840266e-05,0.0001613550090004967,-0.001059266987244789,-0.0006382250149562507,0.0002133190498843085,-0.001059266987244789,0.0004310350570739807,0.00044902260968759933,-0.001059266987244789,2.8113878529412162e-05,0.0007097755020193386,-0.0013122918940092765,0.0029325040405374647,0.002932637281667816,-0.001326282212708696
out_of_sample,breakout_forced_cover_signal,2026-05-27 19:20:00+00:00,2026-05-27 19:25:00+00:00,75084.25,mixed_trend,normal_vol,4,0.7108930825443449,82.9004299999998,88.61097000000001,1.237626191013283,0.6597222222222222,-0.0005865411188097358,0.0002786203498070794,-0.0008968591948377291,-0.00040274758021829893,0.0002786203498070794,-0.001742575839806526,-0.0009586564425960731,0.0002786203498070794,-0.001742575839806526,-0.00024199482581233056,0.0002786203498070794,-0.0017565601307863998,0.0026337081345289004,0.004415839540249822,-0.0017565601307863998
out_of_sample,breakout_forced_cover_signal,2026-05-27 20:10:00+00:00,2026-05-27 20:15:00+00:00,75309.32,trend_up,low_vol,3,0.6035204409029795,27.49581999999978,1.5798099999999948,0.8158770983469894,0.2534722222222222,-0.00011618747852193412,0.0014140348100339928,-0.00011645304990148819,-0.00036277050436794855,0.0014140348100339928,-0.00046953019891826653,-0.0009409193974928565,0.0014140348100339928,-0.0012657131945953415,-0.000253620667402199,0.0014140348100339928,-0.0012657131945953415,-0.002028301410768263,0.0014140348100339928,-0.0021332021056624795
out_of_sample,breakout_forced_cover_signal,2026-05-27 20:15:00+00:00,2026-05-27 20:20:00+00:00,75403.33,trend_up,normal_vol,3,0.6256646434599622,33.07981999999978,5.583999999999996,0.8078006561937844,0.3159722222222222,-0.0016090801294850188,0.00016550993172304018,-0.0017157067201143406,-0.002186508208589677,0.00016550993172304018,-0.00251089706515617,-0.002131470851486239,0.00016550993172304018,-0.00251089706515617,-0.0020599885973205945,0.00016550993172304018,-0.00251089706515617,-0.00306418827921795,0.00016550993172304018,-0.0033773044240884564
out_of_sample,breakout_forced_cover_signal,2026-05-28 06:45:00+00:00,2026-05-28 06:50:00+00:00,73145.24,trend_down,normal_vol,4,0.5387033420175219,28.201779999999765,76.24571999999998,1.6105691817767096,0.5590277777777778,0.0007855603454167692,0.0009278799276617455,-0.000895068496596596,0.0006760521942370534,0.0012218156642864741,-0.000895068496596596,0.0011366426578134359,0.0012218156642864741,-0.000895068496596596,0.002274105601403509,0.002513629048178645,-0.000895068496596596,0.003844132577868198,0.005016047524076583,-0.000895068496596596
out_of_sample,breakout_forced_cover_signal,2026-05-28 07:40:00+00:00,2026-05-28 07:45:00+00:00,73502.01,mixed_trend,normal_vol,4,0.7538510670338878,131.31438999999978,80.04998,1.1010347372711269,0.3472222222222222,-0.0010284072503594643,0.0,-0.001591929254723734,-5.455633118056635e-05,0.0,-0.001591929254723734,-0.001687028694861592,0.0,-0.0021925931005150057,-0.0008602485836781693,0.0,-0.0021925931005150057,-0.0023128619203747203,0.0,-0.004202334058619472
out_of_sample,breakout_forced_cover_signal,2026-05-28 09:35:00+00:00,2026-05-28 09:40:00+00:00,73442.4,mixed_trend,low_vol,3,0.6874986686543604,44.71477999999977,17.198049999999995,0.4954069013936084,0.2638888888888889,0.0014650937333202663,0.0015526453383876149,-2.341971395269926e-05,0.0014528392318335914,0.0015526453383876149,-2.341971395269926e-05,0.001345816585514692,0.0016012548609523058,-2.341971395269926e-05,0.0018689476378768166,0.0023637571756915943,-2.341971395269926e-05,0.0009230362842174156,0.0023637571756915943,-0.0012593542694682158
out_of_sample,breakout_forced_cover_signal,2026-05-28 09:45:00+00:00,2026-05-28 09:50:00+00:00,73549.99,trend_up,low_vol,3,0.8865305643370723,149.50893999999977,89.6431,0.8026587545484377,0.1597222222222222,-0.00011896670550193278,0.00013609791109403524,-0.00029639704913630993,-0.0006452754106425207,0.00013609791109403524,-0.0006454113725916644,-0.0002716519743919399,0.00013609791109403524,-0.0006796737837762024,-0.002456696459102181,0.0008974848263065827,-0.0025522777093511806,-0.0017932021472742976,0.0008974848263065827,-0.0027203266784944224
out_of_sample,breakout_forced_cover_signal,2026-05-28 10:10:00+00:00,2026-05-28 10:15:00+00:00,73579.65,trend_up,low_vol,3,0.6064881943826348,16.750379999999776,41.093050000000005,0.3242707192337677,0.13541666666666666,-0.00285880674887673,1.359071428730374e-07,-0.0029543494702678474,-0.002037519884913852,1.359071428730374e-07,-0.0031223306987732125,-0.0019751385063667692,1.359071428730374e-07,-0.0031223306987732125,-0.0008816296353678643,0.0002689602356087395,-0.0031223306987732125,-0.0017836453421562481,0.0002689602356087395,-0.003161200141615139
out_of_sample,breakout_forced_cover_signal,2026-05-28 11:50:00+00:00,2026-05-28 11:55:00+00:00,73531.22,trend_up,low_vol,3,0.6153738073092846,15.84793999999977,13.402090000000001,0.28074140381432916,0.034722222222222224,-0.0008102680738875101,1.060773913441615e-05,-0.0013768301409932127,-0.0005328348965243368,1.060773913441615e-05,-0.0013768301409932127,-0.0016757507899365365,1.060773913441615e-05,-0.0016847265692042646,-0.0020781648937688857,1.060773913441615e-05,-0.003884880463019713,-0.00017965158200838882,0.0006735914350393113,-0.003884880463019713
out_of_sample,breakout_forced_cover_signal,2026-05-28 14:15:00+00:00,2026-05-28 14:20:00+00:00,73479.58,trend_up,high_vol,4,0.5708889872528559,134.5526399999998,114.5762,4.050471483876752,0.8020833333333334,-0.007002081394586024,3.293431998385721e-05,-0.008083606357031425,-0.00744928046676363,3.293431998385721e-05,-0.008083606357031425,-0.007777671020982924,3.293431998385721e-05,-0.008390902615393214,-0.0070827840877697446,3.293431998385721e-05,-0.010620093364714367,-0.008323128684186831,3.293431998385721e-05,-0.010620093364714367
out_of_sample,breakout_forced_cover_signal,2026-05-28 17:35:00+00:00,2026-05-28 17:40:00+00:00,73520.0,trend_up,high_vol,3,0.6788359005762976,46.573739999999795,21.384430000000002,0.5459624932583695,0.7222222222222222,0.0016946409140370378,0.0029205658324265027,-0.0006678454842220516,0.00016322089227416292,0.0029205658324265027,-0.0006678454842220516,0.0004736126224158532,0.0029205658324265027,-0.0006678454842220516,0.0016153427638736506,0.002976060935799829,-0.0006678454842220516,0.0011153427638737057,0.0031241838955387013,-0.0006678454842220516
out_of_sample,breakout_forced_cover_signal,2026-05-28 17:45:00+00:00,2026-05-28 17:50:00+00:00,73644.59,trend_up,high_vol,3,0.7791384286310766,130.04135999999977,75.49122999999997,0.9820669737342835,0.7430555555555556,-0.001218962587747341,0.0,-0.0019633485636894044,-0.0004968457289258321,0.0,-0.0019633485636894044,0.0006477054186873055,0.0012792521487323683,-0.0019633485636894044,-0.00011664129028343684,0.0014271245179042769,-0.0019633485636894044,0.0003723287752706028,0.0014271245179042769,-0.0019633485636894044
out_of_sample,breakout_forced_cover_signal,2026-05-28 20:20:00+00:00,2026-05-28 20:25:00+00:00,73598.39,trend_up,normal_vol,3,0.6442521616338373,43.337699999999785,2.577529999999996,0.6460506497772734,0.3506944444444444,0.00037650280121614976,0.0010867085543582178,-8.152352245749395e-05,0.0009212158037696927,0.001407911232840675,-8.152352245749395e-05,0.0014077753603034537,0.0016720474456031198,-8.152352245749395e-05,-0.0002500054688695519,0.0016720474456031198,-0.00035856762627550776,0.0012937783014004278,0.002055751491303104,-0.0005155004070062086
out_of_sample,breakout_forced_cover_signal,2026-05-28 21:20:00+00:00,2026-05-28 21:25:00+00:00,73745.34,trend_up,low_vol,3,0.6188938397612245,19.444989999999795,2.9828300000000034,0.35114105138379575,0.16666666666666666,-0.00013411016885944704,4.461298842750594e-05,-0.0008039830042141372,0.0006469561330926243,0.0012541809421451333,-0.0008039830042141372,0.0022056986922835975,0.002452765150991354,-0.0008039830042141372,0.0009759260720745289,0.002452765150991354,-0.0008039830042141372,-0.0017808582888084734,0.0027646492646180576,-0.0019121208201087203
out_of_sample,breakout_forced_cover_signal,2026-05-28 21:40:00+00:00,2026-05-28 21:45:00+00:00,73907.99,trend_up,low_vol,3,0.6659799214345641,40.294669999999776,18.050169999999994,0.5208606062082948,0.1875,-0.0009196569951368527,0.0,-0.0014416573904932894,-0.0012269309448140753,0.0,-0.0014416573904932894,-0.0018251071365896765,0.0005578557879870605,-0.002141987625424724,-0.0030846461931924862,0.0005578557879870605,-0.0030847814965608844,-0.004596120121789338,0.0005578557879870605,-0.005628484822818303
out_of_sample,breakout_forced_cover_signal,2026-05-29 01:05:00+00:00,2026-05-29 01:10:00+00:00,73860.0,trend_up,low_vol,3,0.7490547912466613,55.52299999999978,19.215309999999988,0.5000424301183045,0.1388888888888889,-0.0021391822366639834,0.0,-0.0021393176279447257,-0.0033704305442729954,0.0,-0.0033704305442729954,-0.003633360411589459,0.0,-0.003816544814513989,-0.0045219333874899625,0.0,-0.00505699972921736,-0.0032062009206607067,0.0,-0.0053679935012184155
out_of_sample,breakout_forced_cover_signal,2026-05-29 04:45:00+00:00,2026-05-29 04:50:00+00:00,73444.9,trend_down,normal_vol,3,0.6805301987686335,16.14764999999978,2.7945699999999967,0.2601810826714997,0.5520833333333334,0.0008549266184583182,0.0008723546495401635,-0.0005628709413451061,0.0018258585688046836,0.0018258585688046836,-0.0005628709413451061,0.0022055990272979997,0.0022668694490699526,-0.0005628709413451061,0.0014585083511586827,0.0026353089186588186,-0.0005628709413451061,0.0030281204004636297,0.0033472712196491727,-0.0005628709413451061
out_of_sample,breakout_forced_cover_signal,2026-05-29 04:50:00+00:00,2026-05-29 04:55:00+00:00,73463.01,trend_down,normal_vol,3,0.6833270269111413,60.54289999999979,44.39525000000001,0.9631398629586766,0.4131944444444444,0.0015788898385733496,0.0015788898385733496,-0.00023712614008053468,0.0019585366839720564,0.0020197920014439763,-0.00023712614008053468,0.0018286754109313463,0.002388140643842407,-0.00023712614008053468,0.0016322500262377915,0.002388140643842407,-0.00023712614008053468,0.0033076510205614085,0.003489919620772497,-0.00023712614008053468
out_of_sample,breakout_forced_cover_signal,2026-05-29 04:55:00+00:00,2026-05-29 05:00:00+00:00,73507.68,mixed_trend,normal_vol,4,0.7623101125755036,126.43348999999981,65.89059000000002,1.4048137168222237,0.4340277777777778,0.001349654893203045,0.0014108729863329117,-5.9313530232252276e-05,0.0012198725357679407,0.0017789977863538198,-5.9313530232252276e-05,0.0015280036045213219,0.0017789977863538198,-5.9313530232252276e-05,0.00012202806563887947,0.0017789977863538198,-5.9313530232252276e-05,0.0025347011359901916,0.0028801072214494905,-0.0001044788789414941
out_of_sample,breakout_forced_cover_signal,2026-05-29 05:00:00+00:00,2026-05-29 05:05:00+00:00,73579.0,trend_up,normal_vol,5,0.7808624765747169,156.58268999999981,30.149200000000008,1.6219710078379743,0.4756944444444444,0.00024939181016336853,0.0008079751015914738,-0.0003906005789696687,0.0005572242079940892,0.0008079751015914738,-0.0003906005789696687,-0.00036668071052881057,0.0008079751015914738,-0.0006323815219015927,-0.0007625817148915193,0.0008079751015914738,-0.001073675912964256,0.001110778890716091,0.0019080172331780165,-0.001073675912964256
out_of_sample,breakout_forced_cover_signal,2026-05-29 05:05:00+00:00,2026-05-29 05:10:00+00:00,73606.89,trend_up,normal_vol,3,0.8644474566040266,152.2456799999998,-4.337010000000021,1.2118952043630393,0.4826388888888889,0.0001781083265439687,0.00042876420943738225,-0.0005014476226342657,-0.0007454465200199545,0.00042876420943738225,-0.0010110466560943054,-0.00032564886249097924,0.00042876420943738225,-0.0010110466560943054,-0.001289145622101362,0.00042876420943738225,-0.0014521738386175098,0.0012649631033181397,0.0015283895298388028,-0.0014521738386175098
out_of_sample,breakout_forced_cover_signal,2026-05-29 05:45:00+00:00,2026-05-29 05:50:00+00:00,73681.31,trend_up,normal_vol,3,0.7097494236595623,64.67638999999978,59.23505,0.9012489042794436,0.4236111111111111,0.00033509176207635605,0.0005168203442638131,-0.0006426324396240357,0.00017222820821194418,0.0005168203442638131,-0.0006426324396240357,-0.00027931099487787936,0.0005168203442638131,-0.0006426324396240357,0.002103789957046187,0.003499937772550421,-0.0006426324396240357,0.0013395527305364308,0.003499937772550421,-0.0006426324396240357
out_of_sample,breakout_forced_cover_signal,2026-05-29 05:55:00+00:00,2026-05-29 06:00:00+00:00,73706.0,trend_up,normal_vol,4,0.6295251506919665,63.631869999999786,73.70124,1.4368269561193132,0.3715277777777778,-0.0006141969446178397,4.2737361951372677e-05,-0.0008812037011911578,-8.140449895532864e-05,4.2737361951372677e-05,-0.0008812037011911578,0.0009497191544785011,0.0009497191544785011,-0.0008812037011911578,7.068623992623202e-05,0.0031637858518980266,-0.0008812037011911578,0.0009497191544785011,0.0031637858518980266,-0.0008812037011911578
out_of_sample,breakout_forced_cover_signal,2026-05-29 06:15:00+00:00,2026-05-29 06:20:00+00:00,73776.0,mixed_trend,low_vol,3,0.6365241572327636,19.184349999999775,18.76242,0.4103685764897664,0.19444444444444445,-5.381153762740176e-05,0.0022119659509867162,-7.224571676422986e-05,-0.0008781988722619261,0.0022119659509867162,-0.0008783344176968022,-0.0012543374539144558,0.0022119659509867162,-0.0014394925178919937,5.4353719366684317e-05,0.0022119659509867162,-0.0014394925178919937,0.0003608219475168539,0.0022119659509867162,-0.0014394925178919937
out_of_sample,breakout_forced_cover_signal,2026-05-29 06:20:00+00:00,2026-05-29 06:25:00+00:00,73836.32,mixed_trend,low_vol,3,0.6731039235091834,34.42542999999978,15.241080000000004,0.5840488774606334,0.2048611111111111,-0.0016944235574037902,0.00013367405092767903,-0.00169455899210591,-0.0020702548556049694,0.00013367405092767903,-0.0022552586586114254,-0.0018117100093829608,0.00013367405092767903,-0.0022552586586114254,-0.0006771735102724108,0.00013367405092767903,-0.0022552586586114254,-0.0008937335988576933,0.00013367405092767903,-0.0022552586586114254
out_of_sample,breakout_forced_cover_signal,2026-05-29 15:00:00+00:00,2026-05-29 15:05:00+00:00,73313.94,trend_down,high_vol,5,0.6500951573594487,139.25828999999976,35.74498,3.0556042484304164,0.90625,0.005207877246810044,0.006032277081275295,-0.00027675500730162117,0.00441307614895603,0.006032277081275295,-0.00027675500730162117,0.0039291299853752015,0.006032277081275295,-0.00027675500730162117,0.010870920318836852,0.012085832516981032,-0.00027675500730162117,0.007993977680097242,0.012085832516981032,-0.00027675500730162117
out_of_sample,breakout_forced_cover_signal,2026-05-29 15:05:00+00:00,2026-05-29 15:10:00+00:00,73663.05,mixed_trend,high_vol,5,0.7396935889894882,299.77643999999975,160.51815,4.11112418417748,0.9166666666666666,-0.00034712111431722814,0.0012644059674422614,-0.0018814045847951322,-0.000828773720338849,0.0012644059674422614,-0.0018814045847951322,9.434852344547551e-05,0.0012644059674422614,-0.002565058058280223,0.0022119638000328568,0.007289271894117766,-0.002565058058280223,0.0039483838912452995,0.007289271894117766,-0.002565058058280223
out_of_sample,breakout_forced_cover_signal,2026-05-29 15:30:00+00:00,2026-05-29 15:35:00+00:00,74045.87,trend_up,high_vol,5,0.6574154551017066,142.00065999999973,133.48256999999995,2.8592419262062894,0.9375,-0.0029695106560296836,0.0020815475596411837,-0.004117987944499801,-0.002394461703265627,0.0020815475596411837,-0.004155532239677906,-0.0037526738493314227,0.0020815475596411837,-0.004520036026317231,-0.0019698600340573025,0.0020815475596411837,-0.004520036026317231,-0.0008146301745119988,0.0020815475596411837,-0.006484358952092761
out_of_sample,breakout_forced_cover_signal,2026-05-29 15:35:00+00:00,2026-05-29 15:40:00+00:00,74110.94,trend_up,high_vol,5,0.6700885234598339,193.63663999999977,51.635980000000046,3.5854830376548272,0.9340277777777778,-0.0032703673708631698,0.0012017119199945192,-0.005029891673213216,-0.004627386995766147,0.0012017119199945192,-0.005394075422603062,-0.004084147360700174,0.0012017119199945192,-0.005394075422603062,-0.002118985402155271,0.0012017119199945192,-0.005394075422603062,-0.0006198814911806405,0.0012017119199945192,-0.007356673657087698
out_of_sample,breakout_forced_cover_signal,2026-05-29 20:20:00+00:00,2026-05-29 20:25:00+00:00,73744.0,trend_up,high_vol,3,0.6265598181076273,12.009979999999771,4.509649999999999,0.2441856970349738,0.7743055555555556,-0.00018415057496201648,0.0002169668040790107,-0.0007051421132566738,-0.0005254664786287222,0.0002169668040790107,-0.0007051421132566738,-0.0005806574094164851,0.0002169668040790107,-0.0007154480364504057,-0.0009545183336949759,0.0002169668040790107,-0.0016351160772402062,-0.00278178563679754,0.0013560425254937059,-0.00278178563679754
out_of_sample,breakout_forced_cover_signal,2026-05-29 21:10:00+00:00,2026-05-29 21:15:00+00:00,73804.14,mixed_trend,high_vol,3,0.7314596241210638,51.89271999999977,39.20788,0.5820463344065931,0.7361111111111112,-0.002477638788284775,5.758484551132703e-05,-0.003423791673475285,-0.003594378309943025,5.758484551132703e-05,-0.003594378309943025,-0.003443302774072121,5.758484551132703e-05,-0.004510993556729903,-0.004154373995821969,5.758484551132703e-05,-0.004510993556729903,-0.004257755730234125,5.758484551132703e-05,-0.005749677457118296
out_of_sample,breakout_forced_cover_signal,2026-05-30 02:50:00+00:00,2026-05-30 02:55:00+00:00,73773.98,trend_up,low_vol,3,0.6570633160262253,30.714899999999755,16.296219999999998,0.51959627737624,0.034722222222222224,0.00030430783319546073,0.00030430783319546073,-0.0005554804010844405,0.00023070464681462788,0.00030430783319546073,-0.0005554804010844405,-0.0001106081032904438,0.00030430783319546073,-0.0005554804010844405,-0.0014881940760141932,0.00030430783319546073,-0.0016806738636032659,-0.00338832200729855,0.00030430783319546073,-0.00338832200729855
out_of_sample,breakout_forced_cover_signal,2026-05-30 03:00:00+00:00,2026-05-30 03:05:00+00:00,73796.43,trend_up,low_vol,3,0.673488606283739,30.334919999999755,10.948610000000002,0.46493774425253,0.024305555555555556,-0.00041478971272712606,0.0,-0.00041492522063735215,-0.0008733484804074321,0.0,-0.0008923195878173251,-0.0013020955078720808,0.0,-0.0013022310157820849,-0.0026226200915138165,0.0,-0.002751759129811515,-0.005963432106403932,0.0,-0.006021971523554659
out_of_sample,breakout_forced_cover_signal,2026-05-30 05:05:00+00:00,2026-05-30 05:10:00+00:00,73516.62,mixed_trend,normal_vol,3,0.7079898285255124,90.31788999999976,79.42671000000001,1.1492350748409599,0.4652777777777778,0.0002908185931291829,0.00043867631564120657,-0.0004165044584475419,0.00015547504768309572,0.00043867631564120657,-0.0004165044584475419,4.611202201632025e-05,0.0005046477925672033,-0.0004165044584475419,0.0008519162061586538,0.0008520522298223199,-0.0004165044584475419,0.0002705510672280642,0.0016102481316471184,-0.0004165044584475419
out_of_sample,breakout_forced_cover_signal,2026-05-30 06:30:00+00:00,2026-05-30 06:35:00+00:00,73677.49,trend_up,normal_vol,3,0.6394581041587676,16.64615999999975,8.306080000000001,0.3219139358264133,0.4826388888888889,-0.00023643585035260095,0.00044002584778612963,-0.00046119920751930277,-0.0008713651890150942,0.00044002584778612963,-0.0008723152756697772,-0.0007851787567683122,0.00044002584778612963,-0.0013079978701773243,-0.001902209209352912,0.00044002584778612963,-0.0019180892291527085,-0.002463303242279391,0.00044002584778612963,-0.002511079028343799
out_of_sample,breakout_forced_cover_signal,2026-05-30 09:50:00+00:00,2026-05-30 09:55:00+00:00,73612.43,trend_up,low_vol,3,0.6158728203306355,8.089069999999744,5.0245700000000015,0.20593126911177398,0.010416666666666666,3.4369195528682894e-05,0.00015717454239738693,-0.00026979139256766427,0.0003188320233418196,0.0003201904895682173,-0.00026979139256766427,0.00033920901673800685,0.0006538297947780158,-0.00026979139256766427,0.00023976928896396466,0.0009281041258930589,-0.00026979139256766427,0.000589846035513375,0.0009281041258930589,-0.00026979139256766427
out_of_sample,breakout_forced_cover_signal,2026-05-30 09:55:00+00:00,2026-05-30 10:00:00+00:00,73615.46,trend_up,low_vol,3,0.6229077411967481,9.935379999999743,1.846309999999999,0.23871333650770463,0.006944444444444444,0.0002776590678097435,0.00027901747812197897,-0.0003109401204584028,0.0002980352224926097,0.0006126430507937819,-0.0003109401204584028,0.0005627893923367822,0.0008869060928233807,-0.0003109401204584028,0.00015146274980826213,0.0008869060928233807,-0.0003109401204584028,0.00039950847281255975,0.0008869060928233807,-0.0003109401204584028
out_of_sample,breakout_forced_cover_signal,2026-05-30 10:05:00+00:00,2026-05-30 10:10:00+00:00,73635.89,trend_up,low_vol,3,0.6133047846681711,14.060239999999737,6.589859999999996,0.36694995973582994,0.006944444444444444,0.00028518701953617054,0.000609213795066621,0.0,0.00046390421844577645,0.000609213795066621,-0.00013430950586734713,-7.890174207170197e-05,0.000609213795066621,-0.00018768021952331182,7.156836156929636e-05,0.000609213795066621,-0.00028600183959204273,-0.00028966852984324554,0.000609213795066621,-0.00032117490533478676
out_of_sample,breakout_forced_cover_signal,2026-05-30 13:05:00+00:00,2026-05-30 13:10:00+00:00,73765.81,trend_up,low_vol,3,0.7180563684150559,30.79009999999973,19.825329999999997,0.42982033343860343,0.1076388888888889,-2.467267694872266e-05,0.0002465912053293273,-0.0006821588483877372,0.00032521841758414993,0.0008972991688154242,-0.0006821588483877372,0.00010343545336244375,0.0008972991688154242,-0.0006821588483877372,-0.00024143976728507877,0.0008972991688154242,-0.0012161460709235739,0.002361527650818207,0.0033373184677292222,-0.0012161460709235739
out_of_sample,breakout_forced_cover_signal,2026-05-30 14:00:00+00:00,2026-05-30 14:05:00+00:00,73906.0,trend_up,low_vol,3,0.8335511483369898,69.05880999999972,48.066739999999996,0.65423146587633,0.24305555555555555,0.00046017914648333047,0.0014341190160473971,-0.00030998836359708015,0.0012989473114497496,0.0014341190160473971,-0.00030998836359708015,0.0008325440424321595,0.0014341190160473971,-0.00030998836359708015,0.00174316023056309,0.00262495602522117,-0.00030998836359708015,-8.646118041832906e-05,0.00262495602522117,-0.0004574730062512078
out_of_sample,breakout_forced_cover_signal,2026-05-30 17:20:00+00:00,2026-05-30 17:25:00+00:00,74012.98,trend_up,normal_vol,4,0.8852456564740497,106.13194999999973,115.24791,1.23003249241196,0.5277777777777778,-0.0020669347457702436,1.3511143603928133e-07,-0.0027249274384032462,-0.001184116623867859,1.3511143603928133e-07,-0.0027249274384032462,-0.0007706756301394391,1.3511143603928133e-07,-0.0027249274384032462,9.579400802417481e-05,0.0001442990134974398,-0.0027249274384032462,-0.0005893560832166411,0.001391918012219051,-0.0027249274384032462
out_of_sample,breakout_forced_cover_signal,2026-05-30 18:15:00+00:00,2026-05-30 18:20:00+00:00,74059.99,trend_up,normal_vol,3,0.6462969682610368,12.732309999999728,15.42029,0.46194264794398293,0.4652777777777778,-0.0012237376753629903,0.0007562787950685657,-0.0015526602150500723,-0.00032419664112848245,0.0007562787950685657,-0.0015526602150500723,-8.99270982889222e-05,0.0007562787950685657,-0.0015526602150500723,-0.0005399676667523501,0.0011311100636117732,-0.0015526602150500723,-0.000659330361778343,0.0011311100636117732,-0.0015526602150500723
out_of_sample,breakout_forced_cover_signal,2026-05-31 00:55:00+00:00,2026-05-31 01:00:00+00:00,74038.2,mixed_trend,high_vol,3,0.697771422483158,17.634189999999727,0.7743099999999998,0.5798229902445154,0.7743055555555556,0.0009562631182282733,0.0010339257302312,-0.00012912253404318008,0.001347817748135638,0.001726135967649256,-0.00012912253404318008,0.001877274163877729,0.00257758832602617,-0.00012912253404318008,0.0021141788968397357,0.0032072632776054544,-0.00012912253404318008,0.0005913163745201455,0.0032072632776054544,-0.00012912253404318008
out_of_sample,breakout_forced_cover_signal,2026-05-31 01:00:00+00:00,2026-05-31 01:05:00+00:00,74108.01,trend_up,high_vol,3,0.7646012441362591,38.995909999999725,21.36172,0.9671903898310833,0.7118055555555556,0.00040454466393047284,0.000782506506381786,-0.00041898304920062746,0.0009335023299101852,0.0016331567937122315,-0.00041898304920062746,0.0022398388514279777,0.0022622385893240615,-0.00041898304920062746,0.0004855075719887303,0.0022622385893240615,-0.00041898304920062746,-1.3089003469413107e-05,0.0022622385893240615,-0.0006748258386642947
out_of_sample,breakout_forced_cover_signal,2026-05-31 01:10:00+00:00,2026-05-31 01:15:00+00:00,74137.99,trend_up,high_vol,3,0.6556563860200117,28.825809999999723,5.018039999999996,1.238175795051987,0.7083333333333334,0.0018345520292633033,0.0018569427091292834,-1.3488361372271385e-07,-0.0005507297945358536,0.0018569427091292834,-0.0006203297391796925,0.0007653296238538942,0.0018569427091292834,-0.0006203297391796925,-0.0004178694350900347,0.0018569427091292834,-0.0010789340255921154,0.0006207343900204165,0.0018569427091292834,-0.0010789340255921154
out_of_sample,breakout_forced_cover_signal,2026-05-31 01:15:00+00:00,2026-05-31 01:20:00+00:00,74177.18,trend_up,high_vol,4,0.6821226509101178,37.08348999999973,8.257680000000004,1.3653633238160334,0.7222222222222222,-0.0010787684298593225,0.0013276320291497612,-0.001148331602792041,0.0002365956753815901,0.0013276320291497612,-0.001148331602792041,-0.00044744219178982636,0.0013276320291497612,-0.001148331602792041,-0.0015372652344022297,0.0013276320291497612,-0.001606693594984221,-0.0003664199690524006,0.0013276320291497612,-0.001606693594984221
out_of_sample,breakout_forced_cover_signal,2026-05-31 01:20:00+00:00,2026-05-31 01:25:00+00:00,74273.99,trend_up,high_vol,5,0.7529043373176525,62.816439999999716,25.732949999999988,1.664802908564828,0.7604166666666666,-0.0010671299602997841,1.3463663384172264e-07,-0.0024502521003652022,-0.0017502762407135553,1.3463663384172264e-07,-0.0024502521003652022,-0.002691790221583723,1.3463663384172264e-07,-0.0026919248582175648,-0.002907882018994945,1.3463663384172264e-07,-0.0029080166556287868,-0.004092684397324131,1.3463663384172264e-07,-0.004092819033957973
out_of_sample,breakout_forced_cover_signal,2026-05-31 15:25:00+00:00,2026-05-31 15:30:00+00:00,73748.66,trend_down,high_vol,3,0.7170075872737713,28.465379999999723,20.5799,0.9683017889612707,0.8576388888888888,-0.00040475311687027116,8.474730252716611e-05,-0.0004424487170343605,-0.0014942644381605863,8.474730252716611e-05,-0.0017988123445226156,-0.0013783301283034621,8.474730252716611e-05,-0.0017988123445226156,-0.0008090994466882773,8.474730252716611e-05,-0.0017988123445226156,-0.004203601801036294,8.474730252716611e-05,-0.0045785238674167505
out_of_sample,breakout_forced_cover_signal,2026-05-31 17:30:00+00:00,2026-05-31 17:35:00+00:00,73660.25,trend_down,high_vol,3,0.7465909592783798,16.415209999999725,13.225670000000001,0.48749199542980287,0.8229166666666666,0.0008784928098941602,0.0008784928098941602,0.0,0.00048438608340317657,0.0010012184319221351,0.0,0.000535023978333049,0.0010012184319221351,0.0,-0.00037170658530216727,0.0010012184319221351,-0.0006007310591533699,9.448786828736289e-05,0.0010012184319221351,-0.0006585641509497808
out_of_sample,breakout_forced_cover_signal,2026-05-31 17:35:00+00:00,2026-05-31 17:40:00+00:00,73717.93,trend_down,high_vol,3,0.6798366612580669,16.904379999999723,0.4891699999999979,0.6936581594320522,0.8368055555555556,-0.00029843485838521033,0.0002179930988297496,-0.0004122470611966911,-0.000247836584667982,0.0002179930988297496,-0.00043707141532578486,-0.00011516872489492069,0.0002179930988297496,-0.00043707141532578486,-0.0008672245680255708,0.0002179930988297496,-0.001382702959781823,-0.0010202402590522297,0.0002179930988297496,-0.0014404908005418715
out_of_sample,breakout_forced_cover_signal,2026-05-31 17:40:00+00:00,2026-05-31 17:45:00+00:00,73724.95,trend_down,high_vol,3,0.712838428280404,24.575469999999726,7.671090000000003,0.8536216453401109,0.8055555555555556,-0.00034303176875660757,0.00012275355900559504,-0.0005322485807042199,-0.0002103765414557257,0.00012275355900559504,-0.0005322485807042199,-0.0011678543016983012,0.00012275355900559504,-0.001477790083275754,-0.0008961688003856771,0.00012275355900559504,-0.0015355724215477817,-0.0015032902701188622,0.00012275355900559504,-0.001694948589317291
out_of_sample,breakout_forced_cover_signal,2026-05-31 20:05:00+00:00,2026-05-31 20:10:00+00:00,73688.27,mixed_trend,normal_vol,5,0.7985716265210122,175.48243999999974,59.07723,4.2512221770559115,0.3611111111111111,0.0002950266032841764,0.0004034563438657379,-0.0007093394918893381,2.3477277998118495e-05,0.0008105767715811396,-0.0007093394918893381,-8.128837873389028e-05,0.0008105767715811396,-0.0007093394918893381,6.201801182181832e-05,0.0008105767715811396,-0.0007093394918893381,-3.664083849441724e-06,0.0009734249426671671,-0.0007093394918893381
out_of_sample,breakout_forced_cover_signal,2026-05-31 20:15:00+00:00,2026-05-31 20:20:00+00:00,73710.0,trend_up,normal_vol,4,0.7239289858412465,84.55360999999974,-32.73724,2.6663780782176403,0.3611111111111111,-0.0003760683760684058,0.0005155338488671557,-0.0004198887532220752,-0.000420024420024534,0.0005155338488671557,-0.000420024420024534,-0.00048351648351652177,0.0005155338488671557,-0.00048351648351652177,0.00032560032560025043,0.0005155338488671557,-0.00048351648351652177,-0.0003996743996744767,0.0006783340116673919,-0.0004987111653778076
out_of_sample,breakout_forced_cover_signal,2026-05-31 21:45:00+00:00,2026-05-31 21:50:00+00:00,73850.0,trend_up,normal_vol,4,0.5885757977846153,20.00626999999973,6.446759999999999,1.5397555007202353,0.4236111111111111,0.0005757616790793563,0.0006770480704130222,-0.0007041299932295519,-0.0018284360189573245,0.0015600541638456367,-0.002220717670954664,-0.0003792823290452718,0.0015600541638456367,-0.002220717670954664,0.0001764387271496748,0.001976980365606007,-0.002220717670954664,0.0014342586323627948,0.0019981042654029224,-0.002220717670954664
out_of_sample,breakout_forced_cover_signal,2026-05-31 22:30:00+00:00,2026-05-31 22:35:00+00:00,73997.56,trend_up,high_vol,3,0.6128087082948424,13.70239999999973,8.550410000000003,0.834011931273517,0.7673611111111112,-0.0013012591225980419,0.0,-0.0015709977464122282,-0.0007404298195777814,0.0,-0.0015709977464122282,-0.0005627212572955065,0.0,-0.0015709977464122282,-0.00010216553086339619,0.0027087379637924514,-0.0015709977464122282,-0.005886140029482068,0.0027087379637924514,-0.00672400549423513
out_of_sample,breakout_forced_cover_signal,2026-05-31 23:00:00+00:00,2026-05-31 23:05:00+00:00,74068.08,trend_up,high_vol,5,0.6721067886187686,52.88895999999974,34.94981,2.1167433162495524,0.8715277777777778,-0.0017832242985102997,0.00026894176276748283,-0.0017832242985102997,-0.0017984805330447662,0.00026894176276748283,-0.0022152592587791897,-0.00338188866243061,0.00026894176276748283,-0.0037003794347039154,-0.006832632896654034,0.00026894176276748283,-0.007669700632175203,-0.004243798408167243,0.00026894176276748283,-0.007669700632175203
out_of_sample,breakout_forced_cover_signal,2026-06-01 08:55:00+00:00,2026-06-01 09:00:00+00:00,72902.64,trend_down,high_vol,4,0.7317682861651428,59.93055999999973,109.96245,1.305098098875777,0.7881944444444444,0.0015416451310954482,0.0015843047659178655,0.0,0.0009697865536830719,0.0015843047659178655,0.0,0.001250160488015295,0.0015843047659178655,0.0,0.0012482401186020287,0.002647366405386764,0.0,-0.0016390352941951791,0.002647366405386764,-0.004151289994436369
out_of_sample,breakout_forced_cover_signal,2026-06-01 09:00:00+00:00,2026-06-01 09:05:00+00:00,72966.15,trend_down,high_vol,3,0.7346681577265243,53.58591999999973,-6.344639999999998,1.1505425845086106,0.7881944444444444,9.853884301147531e-05,0.0007125221763790712,0.0,0.00037866873886049923,0.0007125221763790712,-0.00027615545016412835,0.0005017395052362428,0.0009183710528788414,-0.0003688011495740495,0.0001898140439093865,0.0017746585231646073,-0.00038154678573554257,-0.0019125306734696368,0.0017746585231646073,-0.00501808030161921
out_of_sample,breakout_forced_cover_signal,2026-06-01 09:05:00+00:00,2026-06-01 09:10:00+00:00,73015.03,trend_down,high_vol,4,0.7990291068163772,64.65775999999973,11.071839999999995,1.0881425896733066,0.7881944444444444,-0.00029103596889568095,4.2457011933061395e-05,-0.0009454217850762836,-0.0001680475923929725,0.00024830504075668003,-0.0010380054627108226,-4.560704830225415e-05,0.0011040192683615668,-0.0010380054627108226,-0.0009128257565599318,0.0011040192683615668,-0.0013046628892707801,-0.0031441471707946977,0.0011040192683615668,-0.005684172149213684
out_of_sample,breakout_forced_cover_signal,2026-06-01 16:45:00+00:00,2026-06-01 16:50:00+00:00,71379.77,trend_down,high_vol,3,0.5819339098730052,133.02346999999975,-207.13461000000007,3.7104035686573327,0.9479166666666666,0.002581123475180691,0.0030846274791862527,-0.000529982094366499,0.002976333490567473,0.0033076598593690942,-0.000529982094366499,0.00258126357089683,0.003309481103679568,-0.000529982094366499,0.0023243280273947953,0.0038782697114323472,-0.000529982094366499,0.004710158074199278,0.005897469268953737,-0.000529982094366499
out_of_sample,breakout_forced_cover_signal,2026-06-01 17:25:00+00:00,2026-06-01 17:30:00+00:00,71733.32,mixed_trend,high_vol,3,0.6784677384304081,73.91169999999966,33.45933000000001,0.9072349671229863,0.9166666666666666,-0.0021096193512304406,0.0006563198245945756,-0.0028133369541519793,-0.00015557623709605561,0.0006563198245945756,-0.0028133369541519793,0.00011236061568031808,0.0006563198245945756,-0.0028133369541519793,-0.0018584111260988578,0.0009397306579423947,-0.0028133369541519793,-0.0015335969393304172,0.0009397306579423947,-0.004897584553454459
out_of_sample,breakout_forced_cover_signal,2026-06-01 22:25:00+00:00,2026-06-01 22:30:00+00:00,71284.29,mixed_trend,normal_vol,4,0.8120380680717295,211.10087999999968,59.037830000000014,1.3893403872286372,0.6493055555555556,-0.00220020428063461,0.0010270145076847204,-0.0028377921699156428,-0.0020060521048888003,0.0010270145076847204,-0.0028377921699156428,0.0013145954038400465,0.0013394255592642512,-0.0028377921699156428,0.0013707087494314596,0.002464918988461573,-0.0028377921699156428,0.0006032184651063588,0.0026052023524398837,-0.0028377921699156428
out_of_sample,breakout_forced_cover_signal,2026-06-01 23:35:00+00:00,2026-06-01 23:40:00+00:00,71510.0,mixed_trend,high_vol,3,0.6423072683324534,64.13495999999967,66.38514999999998,0.9127676518756394,0.8159722222222222,0.0004474898615578482,0.001024891623549129,-0.0004474898615578482,-0.0009819605649559193,0.001024891623549129,-0.001582436022933953,-0.0014137882813592961,0.001024891623549129,-0.0019268633757515419,-0.0033840022374493905,0.001024891623549129,-0.0035636973849810794,-0.004614739197315032,0.001024891623549129,-0.0057334638512096525
out_of_sample,breakout_forced_cover_signal,2026-06-02 04:30:00+00:00,2026-06-02 04:35:00+00:00,71029.99,trend_down,high_vol,3,0.6132697817007485,27.61560999999966,16.302759999999992,0.455231663738404,0.9270833333333334,-3.730818489500187e-05,0.00025355487168154944,-0.0005000704631945574,-0.0016895680261254098,0.00025355487168154944,-0.0016895680261254098,-0.0018299312726921535,0.00025355487168154944,-0.0023881461900812084,-0.00489905742630703,0.00025355487168154944,-0.006194425762977129,-0.005912432199413287,0.00025355487168154944,-0.0070416735240987904
out_of_sample,breakout_forced_cover_signal,2026-06-02 04:35:00+00:00,2026-06-02 04:40:00+00:00,71037.99,trend_down,high_vol,3,0.6617885944997017,39.595939999999665,11.980330000000006,0.4567833542586354,0.9097222222222222,-0.0018019935530271258,1.407697485245052e-07,-0.0018019935530271258,-0.0019423409924747004,1.407697485245052e-07,-0.002500493046044827,-0.0032094095004659984,1.407697485245052e-07,-0.0038569503444566555,-0.003209268730717363,1.407697485245052e-07,-0.006306343971725581,-0.007081844517278779,1.407697485245052e-07,-0.008446748000612181
out_of_sample,breakout_forced_cover_signal,2026-06-02 10:10:00+00:00,2026-06-02 10:15:00+00:00,69658.0,trend_down,normal_vol,5,0.6786696240439092,152.6611799999996,58.81557999999998,1.5019749598926855,0.5208333333333334,-0.0016309684458353235,0.0009497832266216477,-0.0020098194033707495,-0.00017212667604593612,0.0009497832266216477,-0.0020098194033707495,-0.0020959545206580277,0.0009497832266216477,-0.0022106577851790377,-0.0025553418128571037,0.0009497832266216477,-0.0030147291050561797,-0.0029858738407649854,0.0009497832266216477,-0.0032731344569181253
out_of_sample,breakout_forced_cover_signal,2026-06-02 20:50:00+00:00,2026-06-02 20:55:00+00:00,67613.34,mixed_trend,high_vol,3,0.6200388017562282,57.52691999999955,23.100269999999995,0.7555220813862584,0.9305555555555556,-0.0005522578828378588,0.0010154800812975928,-0.0009027804276492413,0.00047727268021380276,0.0028630444820505474,-0.0009027804276492413,-0.00210564956560344,0.0028630444820505474,-0.0029778147330097315,0.0040620682249983275,0.004505915548618011,-0.0029778147330097315,-0.0007000097909672931,0.004583415047977324,-0.0029778147330097315
out_of_sample,breakout_forced_cover_signal,2026-06-02 21:25:00+00:00,2026-06-02 21:30:00+00:00,67887.99,trend_up,high_vol,3,0.6584001042867933,60.80417999999954,44.367479999999986,0.6004336997639604,0.9375,-0.0010309629140589083,0.000519237644243109,-0.0012961055409065336,-0.0022977554645527976,0.000519237644243109,-0.0025923583832723196,-0.004109268811758882,0.000519237644243109,-0.00415905670502259,-0.00763021559483501,0.000519237644243109,-0.008602110623690762,-0.012172256094192924,0.000519237644243109,-0.014062281119237796
out_of_sample,breakout_forced_cover_signal,2026-06-03 00:15:00+00:00,2026-06-03 00:20:00+00:00,67085.72,trend_down,high_vol,3,0.5548485860125352,50.51424999999954,109.22464,1.340674957209538,0.7881944444444444,-0.0046117117025800125,0.00021286199209002987,-0.004706068594031776,-0.0008305791456065803,0.00021286199209002987,-0.0056699100792239054,-0.0005410987614056229,0.0017653533419630385,-0.0056699100792239054,-0.0009112222392485547,0.0017653533419630385,-0.0056699100792239054,-0.002109390791363519,0.0017653533419630385,-0.0061583895946857314
out_of_sample,breakout_forced_cover_signal,2026-06-03 06:30:00+00:00,2026-06-03 06:35:00+00:00,67464.87,trend_up,high_vol,4,0.6068361009032858,118.23899999999952,31.49897,1.4151049130533462,0.9166666666666666,-0.002194327210591096,0.0007578759137905067,-0.0023996192388719972,-0.0038197657536432894,0.0007578759137905067,-0.0038379974644581205,-0.0060013455891931855,0.0007578759137905067,-0.0060652306896907815,-0.006149570880370603,0.0007578759137905067,-0.00878768461274737,-0.003431415490758427,0.0007578759137905067,-0.00878768461274737
out_of_sample,breakout_forced_cover_signal,2026-06-03 10:05:00+00:00,2026-06-03 10:10:00+00:00,67440.01,trend_up,low_vol,3,0.6588534506491791,71.76840999999956,36.81833000000003,0.587501733444668,0.2638888888888889,-0.0034936234440060554,0.00021100234119186823,-0.003558866613453837,-0.0029177041936973014,0.00021100234119186823,-0.0036644419240149384,-0.0018091634328049055,0.00021100234119186823,-0.0036644419240149384,-0.0030524906505796645,0.00021100234119186823,-0.0036644419240149384,-0.0014607055959806603,0.00021100234119186823,-0.0038150943334674947
out_of_sample,breakout_forced_cover_signal,2026-06-03 21:45:00+00:00,2026-06-03 21:50:00+00:00,65774.77,mixed_trend,high_vol,5,0.6388608633749902,137.55079999999958,74.65532999999999,1.5612386158263787,0.8194444444444444,-8.954801362281994e-05,0.0003826695251081258,-0.003543607982209651,-0.0035128971184543722,0.0010104178243419693,-0.0037979608290534816,-0.003234674936909876,0.0010104178243419693,-0.004770522192628079,-0.008221389447656047,0.0010104178243419693,-0.011779136589911365,-0.01439396899449441,0.0010104178243419693,-0.014606968599054082
out_of_sample,breakout_forced_cover_signal,2026-06-04 12:30:00+00:00,2026-06-04 12:35:00+00:00,63492.86,mixed_trend,high_vol,3,0.5791372797162897,98.3216899999997,23.674859999999995,1.3107470220561304,0.7986111111111112,0.0011204409440683794,0.0035907974534459264,-0.0015570254671155581,0.006584047403125348,0.006589402335947625,-0.0015570254671155581,0.0052435817192673095,0.007459421421558199,-0.0015570254671155581,0.0021126784964482503,0.007459421421558199,-0.0015570254671155581,0.010349825161443338,0.011830306588803907,-0.006685003636629383
out_of_sample,breakout_forced_cover_signal,2026-06-04 13:35:00+00:00,2026-06-04 13:40:00+00:00,64150.0,trend_up,high_vol,5,0.6544134512071693,278.2434499999996,243.60024999999993,1.861757395960718,0.84375,-0.004997349961028852,9.119251753708646e-05,-0.007513484021823835,-0.004982696804364806,9.119251753708646e-05,-0.007513484021823835,0.0012470771628994015,0.0012470771628994015,-0.007513484021823835,0.0033628994544037116,0.005376773187840911,-0.007513484021823835,-0.002324084177708463,0.005376773187840911,-0.007513484021823835
out_of_sample,breakout_forced_cover_signal,2026-06-04 18:25:00+00:00,2026-06-04 18:30:00+00:00,63896.26,trend_up,normal_vol,3,0.6490063826717783,98.9081599999997,60.98535,0.6866493740598468,0.5416666666666666,0.0009074083522258025,0.0031969007262708793,-0.002570416484470428,0.0004486960582670285,0.003349491816891925,-0.002570416484470428,0.0018113736234326439,0.003349491816891925,-0.002570416484470428,-0.0028549401795974205,0.003349491816891925,-0.0032884553806435957,0.0010826924768365664,0.004189134074513934,-0.004313554502251016
out_of_sample,breakout_forced_cover_signal,2026-06-04 19:25:00+00:00,2026-06-04 19:30:00+00:00,64128.0,trend_up,normal_vol,3,0.6321457373917777,52.20812999999969,11.635489999999997,0.40482819085973626,0.5034722222222222,-0.0026821357285429226,0.00024950099800391534,-0.005675991766467048,-0.005332927894211581,0.00024950099800391534,-0.005675991766467048,-0.006268712574850288,0.00024950099800391534,-0.006764595808383289,-0.011460204590818313,0.00024950099800391534,-0.011698478043912108,-0.009033495508982137,0.00024950099800391534,-0.01473864770459088
out_of_sample,breakout_forced_cover_signal,2026-06-05 04:25:00+00:00,2026-06-05 04:30:00+00:00,63240.32,trend_down,normal_vol,3,0.6363642434260616,89.03503999999973,97.24917000000002,1.0284409428123562,0.5694444444444444,-0.0019618812808031016,0.0,-0.003388977158875872,-0.003402892331980545,0.0,-0.003945425956098925,-0.004369206227925471,0.0,-0.00623083501158761,0.0028235151245281642,0.007079028063109005,-0.00623083501158761,0.001602774938520346,0.007079028063109005,-0.00623083501158761
out_of_sample,breakout_forced_cover_signal,2026-06-05 04:55:00+00:00,2026-06-05 05:00:00+00:00,63615.22,mixed_trend,high_vol,4,0.6300683798468086,101.4592699999997,97.63468,1.2342388711952113,0.7638888888888888,-0.0033396096091470318,0.0011440658383323754,-0.0039070838708096245,-0.003629477348345289,0.0011440658383323754,-0.004263445131526766,-0.004375682423168548,0.0011440658383323754,-0.005300932701325256,-0.00429991439155597,0.0011440658383323754,-0.005300932701325256,-0.02262398841032076,0.0011440658383323754,-0.024953776784863768
out_of_sample,breakout_forced_cover_signal,2026-06-05 07:25:00+00:00,2026-06-05 07:30:00+00:00,62252.94,trend_down,high_vol,3,0.5833030952443384,86.53159999999971,52.9136,1.400571883689038,0.9236111111111112,0.008273665468650826,0.009230246796376296,-0.001011036587187708,0.010104583012464863,0.010426174249762221,-0.001011036587187708,0.009591032969687774,0.011880242121898199,-0.001011036587187708,0.009975753755565586,0.013943759122059252,-0.001011036587187708,0.007220542515743,0.013943759122059252,-0.001011036587187708
out_of_sample,breakout_forced_cover_signal,2026-06-05 07:30:00+00:00,2026-06-05 07:35:00+00:00,62445.83,trend_down,high_vol,5,0.6044490651985407,137.45041999999972,50.91882000000001,1.7731912470729205,0.9236111111111112,0.006984453565594295,0.007305051434179033,-0.0001498899125850217,0.006472489836391038,0.008754627811016213,-0.0001498899125850217,0.00792190607443266,0.008754627811016213,-0.0001498899125850217,0.005059585243722298,0.010811770777968688,-0.0001498899125850217,0.0014008941830061516,0.010811770777968688,-0.0001498899125850217
out_of_sample,breakout_forced_cover_signal,2026-06-05 07:55:00+00:00,2026-06-05 08:00:00+00:00,63115.99,mixed_trend,high_vol,4,0.5797846952184633,121.85538999999972,13.397170000000017,2.0219406439009684,0.8854166666666666,-0.005612048547444126,7.906078950847828e-05,-0.005954750927617547,-0.004917612795109383,7.906078950847828e-05,-0.006527505945799095,-0.007410641899144643,7.906078950847828e-05,-0.008419577986497506,-0.006552222344923919,7.906078950847828e-05,-0.008419577986497506,-0.008977598228277817,7.906078950847828e-05,-0.013104603128303971
out_of_sample,breakout_forced_cover_signal,2026-06-05 09:10:00+00:00,2026-06-05 09:15:00+00:00,63099.65,trend_up,high_vol,3,0.6059717724668084,78.2876599999997,84.65833,0.975758394215084,0.7638888888888888,-0.0009887535033871186,0.0025396337380634293,-0.0031466101634478605,0.00023423267799427272,0.0025396337380634293,-0.0031466101634478605,-0.0013332879025478306,0.0025396337380634293,-0.0031466101634478605,-0.0041464572307453595,0.0025396337380634293,-0.005145036462167352,-0.008382930808649491,0.0025396337380634293,-0.008668035401147356
out_of_sample,breakout_forced_cover_signal,2026-06-05 19:45:00+00:00,2026-06-05 19:50:00+00:00,60215.48,trend_down,normal_vol,3,0.515706892238713,21.315519999999736,35.86848999999998,1.2966067669674814,0.6944444444444444,0.001407611464693037,0.00405095168219205,-0.0016839523657371513,-0.0021836577571083815,0.00405095168219205,-0.003308285510636222,0.011126540882842706,0.012715168923339792,-0.004574737260252704,0.011268364878931347,0.014300309488523455,-0.004574737260252704,0.021505433486538772,0.026098438474624785,-0.004574737260252704
out_of_sample,breakout_forced_cover_signal,2026-06-05 21:00:00+00:00,2026-06-05 21:05:00+00:00,61832.0,trend_up,high_vol,4,0.5582104683874582,112.90935999999985,39.00491000000005,1.7749851747199277,0.9201388888888888,0.00045283995342226824,0.0016976646396686945,-0.0026846940095743843,-0.0013884396429033607,0.0027170397205331653,-0.0026846940095743843,-0.00400569284512875,0.0027170397205331653,-0.004269148660887567,2.8787682753161903e-05,0.0027170397205331653,-0.006271833354897227,-0.006849851209729585,0.0027170397205331653,-0.01009477293310912
out_of_sample,breakout_forced_cover_signal,2026-06-06 05:20:00+00:00,2026-06-06 05:25:00+00:00,60818.92,mixed_trend,high_vol,5,0.6750756778087869,346.80122999999975,341.17591,1.7299948671724357,0.7048611111111112,-0.0033440251816375666,0.003996782580157676,-0.0034676709155637697,-0.00014682930903742175,0.003996782580157676,-0.0034676709155637697,8.97746951113998e-05,0.003996782580157676,-0.0034676709155637697,0.0020299604136344573,0.003996782580157676,-0.0034676709155637697,0.0033818423608968917,0.007531044615721516,-0.0034676709155637697
out_of_sample,breakout_forced_cover_signal,2026-06-06 08:25:00+00:00,2026-06-06 08:30:00+00:00,61402.0,trend_up,low_vol,3,0.705409680874278,96.46151999999977,90.58921000000002,0.45343442531832623,0.006944444444444444,-0.0009289599687306582,0.0015960392169636073,-0.0018103644832416776,-0.0006146379596755347,0.0015960392169636073,-0.0018103644832416776,-0.000671639360281362,0.0015960392169636073,-0.0019507507898764986,-0.003112927917657382,0.0015960392169636073,-0.004136673072538399,-0.0022785902739325126,0.0015960392169636073,-0.0048340444936646465
out_of_sample,breakout_forced_cover_signal,2026-06-06 11:45:00+00:00,2026-06-06 11:50:00+00:00,60890.01,trend_down,low_vol,3,0.6595581757614367,42.04101999999975,11.53979,0.2555125366101691,0.017361111111111112,-0.0014304481145592796,0.0006239118699438162,-0.002365084190329436,0.0006900967827070392,0.002087206095055638,-0.002365084190329436,0.002950730341479524,0.0034486773774549118,-0.002365084190329436,-0.00024897351798769396,0.0034486773774549118,-0.002365084190329436,0.003809820362979055,0.004848907070305941,-0.004086220383278105
out_of_sample,breakout_forced_cover_signal,2026-06-06 12:50:00+00:00,2026-06-06 12:55:00+00:00,61121.99,trend_up,low_vol,3,0.6237904052574856,36.816189999999736,20.22264999999999,0.29648897902205906,0.052083333333333336,-0.0005021106151811283,0.00015019144501016157,-0.002519387866788958,-0.001570629490302955,0.00015019144501016157,-0.002519387866788958,-0.0018409086484257875,0.00015019144501016157,-0.002519387866788958,-0.003988090047460702,0.00015019144501016157,-0.004148752355739638,-0.005248356606190385,0.00015019144501016157,-0.006880993239912425
out_of_sample,breakout_forced_cover_signal,2026-06-06 21:20:00+00:00,2026-06-06 21:25:00+00:00,60906.35,trend_up,low_vol,3,0.6628535657769388,35.115589999999756,11.18724000000001,0.46175717724020077,0.006944444444444444,0.0013545385661757336,0.0015376065057255417,-0.000498306005859761,-0.0017004795066524192,0.0015376065057255417,-0.0017004795066524192,-0.0013988689192505621,0.0015376065057255417,-0.0017004795066524192,-0.002547189250381887,0.0015376065057255417,-0.002631416921224039,-0.00731828454668515,0.0015376065057255417,-0.00765683709498266
out_of_sample,breakout_forced_cover_signal,2026-06-06 23:35:00+00:00,2026-06-06 23:40:00+00:00,60829.58,trend_up,low_vol,3,0.6668434657817612,18.42710999999975,0.009570000000003631,0.2657164119747013,0.2638888888888889,0.0006644793536301208,0.0015255735778545443,-0.00028933291993793464,0.0010261455035527334,0.0015255735778545443,-0.00028933291993793464,0.0009048229496242399,0.0018604435539419928,-0.00028933291993793464,-0.0002978813925725854,0.0018604435539419928,-0.0004862765779412026,-0.0005152098699350294,0.002604160673146172,-0.0008150639869616283
out_of_sample,breakout_forced_cover_signal,2026-06-06 23:40:00+00:00,2026-06-06 23:45:00+00:00,60856.01,trend_up,low_vol,3,0.6290733069590771,19.56716999999975,1.1400599999999983,0.36618779768094806,0.2534722222222222,0.000591395985375831,0.000591395985375831,-0.0007231824761433359,0.00047012612230079576,0.0014253316969021768,-0.0007231824761433359,0.0012698827938275592,0.0014253316969021768,-0.0007231824761433359,0.00044054810691651625,0.0014253316969021768,-0.0009203692453711998,-0.0013218086430576426,0.002168725816891204,-0.0018077097068966985
out_of_sample,breakout_forced_cover_signal,2026-06-07 01:00:00+00:00,2026-06-07 01:05:00+00:00,61064.93,trend_up,normal_vol,4,0.7250065346994569,93.63938999999974,64.39902,1.0130812939566702,0.4930555555555556,0.004111525224052448,0.005487110195655731,-0.0013580626392267758,0.00733072157783532,0.009299445688384589,-0.0013580626392267758,0.006989117976553771,0.009299445688384589,-0.0013580626392267758,0.006084179577377613,0.009812506130769227,-0.0013580626392267758,0.007801531910378134,0.009812506130769227,-0.0013580626392267758
out_of_sample,breakout_forced_cover_signal,2026-06-07 01:05:00+00:00,2026-06-07 01:10:00+00:00,61326.01,trend_up,normal_vol,4,0.6964086896359399,113.17248999999975,19.53310000000002,1.4004784546486577,0.6041666666666666,0.0030422654270185756,0.005002608191858604,-0.001149104596891326,0.002702116116799269,0.005002608191858604,-0.001149104596891326,0.005100119834960726,0.005513484408980807,-0.001149104596891326,0.002103512033474919,0.005513484408980807,-0.001149104596891326,0.0013876656903000217,0.005513484408980807,-0.001149104596891326
out_of_sample,breakout_forced_cover_signal,2026-06-07 01:15:00+00:00,2026-06-07 01:20:00+00:00,61512.59,trend_up,normal_vol,5,0.6800991581165926,178.48971999999978,3.055070000000029,2.3931605935736333,0.6597222222222222,0.002051449955204232,0.002463560711717827,-0.0024536440426259354,0.0007057091889643985,0.002463560711717827,-0.0024536440426259354,-0.0012376328163062889,0.002463560711717827,-0.0024536440426259354,-0.001097498902257188,0.002463560711717827,-0.0024536440426259354,-0.003325985785999186,0.002463560711717827,-0.005341833273481034
out_of_sample,breakout_forced_cover_signal,2026-06-07 01:25:00+00:00,2026-06-07 01:30:00+00:00,61638.78,trend_up,normal_vol,4,0.622636361687967,109.29056999999975,-52.25029000000001,2.1326710766688204,0.5381944444444444,-0.003282349196398804,0.00015931528820001262,-0.0034210605725810694,-0.002981402292517754,0.00015931528820001262,-0.0038212956194136893,-0.002728801575890949,0.00015931528820001262,-0.004323090106585492,-0.002867837423128683,0.00015931528820001262,-0.004323090106585492,-0.005636224467778228,0.00015931528820001262,-0.007378147328678475
out_of_sample,breakout_forced_cover_signal,2026-06-07 04:40:00+00:00,2026-06-07 04:45:00+00:00,61741.18,trend_up,low_vol,3,0.6462334989543523,31.23548999999975,28.252440000000014,0.5500605802876934,0.11805555555555555,0.0016470368723111584,0.0019568786991113196,-0.0006669778582139019,0.002425285684530154,0.0026868615079918,-0.0006669778582139019,0.0012610708120577296,0.0026868615079918,-0.0006669778582139019,0.0040303732452149355,0.006767282387541096,-0.0006669778582139019,0.00035843176304695135,0.006767282387541096,-0.0015254000652400457
out_of_sample,breakout_forced_cover_signal,2026-06-07 05:15:00+00:00,2026-06-07 05:20:00+00:00,61990.02,trend_up,low_vol,4,0.5502027260331417,34.478429999999754,22.746770000000005,1.8373031809202063,0.09027777777777778,-0.004025325366889709,9.453134552939169e-05,-0.004122921721915751,-0.004083076598458857,9.453134552939169e-05,-0.005533471355550379,-0.002356992302954497,9.453134552939169e-05,-0.005533471355550379,-0.0035492809971668926,9.453134552939169e-05,-0.005533471355550379,-0.0017748018148727729,9.453134552939169e-05,-0.005978704314016925
out_of_sample,breakout_forced_cover_signal,2026-06-07 06:25:00+00:00,2026-06-07 06:30:00+00:00,61970.18,trend_up,low_vol,4,0.5603034751676296,56.01611999999973,16.94512000000001,2.721587050409616,0.11805555555555555,0.0037976329905771156,0.004870407024798018,-0.00012199415912617084,0.0035905979295203228,0.004870407024798018,-0.00012199415912617084,0.0024174530395102423,0.004870407024798018,-0.00012199415912617084,0.002851210049736874,0.004870407024798018,-0.00012199415912617084,0.003969973945533001,0.004870407024798018,-0.00012199415912617084
out_of_sample,breakout_forced_cover_signal,2026-06-07 07:50:00+00:00,2026-06-07 07:55:00+00:00,62314.0,trend_up,low_vol,4,0.5140423681685155,9.73267999999976,94.78718000000002,1.9175911700639887,0.1423611111111111,0.0008980325448535442,0.0020886157203838795,-0.0005775588150335187,0.0008348043778283465,0.0020886157203838795,-0.0008766890265429206,0.0011166030105593805,0.0020886157203838795,-0.0008766890265429206,0.0035720704817536753,0.00430288538691137,-0.0008766890265429206,0.008681997624931936,0.010366851750810424,-0.0008766890265429206
out_of_sample,breakout_forced_cover_signal,2026-06-07 07:55:00+00:00,2026-06-07 08:00:00+00:00,62404.72,trend_up,low_vol,5,0.6008577108094011,81.9979199999998,72.26524000000003,2.2398039291177323,0.1527777777777778,-0.000620145399258365,0.0006318432323708656,-0.0023291507437257497,-0.0003387564273984456,0.0006318432323708656,-0.0023291507437257497,-0.0001147349110772744,0.0006318432323708656,-0.0023291507437257497,0.0013651210998142371,0.002842893934945856,-0.0023291507437257497,0.006682507348803046,0.008898044891476165,-0.0023291507437257497
out_of_sample,breakout_forced_cover_signal,2026-06-07 08:20:00+00:00,2026-06-07 08:25:00+00:00,62456.69,trend_up,low_vol,3,0.6720455442750718,66.99490999999975,27.670680000000004,1.050765399115224,0.0763888888888889,0.0005318885775087434,0.002008431762874352,-0.00039787571195348814,0.0017805938803352461,0.003351282304585812,-0.00039787571195348814,0.0014939952789685407,0.003351282304585812,-0.0009076689782951952,0.006377539379688546,0.008058544248822574,-0.0009076689782951952,0.0036630183251786796,0.008058544248822574,-0.0009076689782951952
out_of_sample,breakout_forced_cover_signal,2026-06-07 08:25:00+00:00,2026-06-07 08:30:00+00:00,62536.6,trend_up,low_vol,4,0.6639686760105482,69.93346999999973,2.938559999999981,1.1492814902875292,0.027777777777777776,0.0005005069031576159,0.002069188283341239,-0.001052823466577868,0.00021427452084066267,0.002069188283341239,-0.0021843208617033927,0.003669211309856868,0.006770435233127481,-0.0021843208617033927,0.0045595699158573755,0.006770435233127481,-0.0021843208617033927,0.00032908728648495256,0.006770435233127481,-0.0021843208617033927
out_of_sample,breakout_forced_cover_signal,2026-06-07 08:45:00+00:00,2026-06-07 08:50:00+00:00,62766.05,trend_up,low_vol,5,0.7407200588024841,497.68979999999965,124.10871999999995,5.490921256472694,0.06597222222222222,0.0014173267236030629,0.0018224820583738754,-0.0005767449122575652,0.0008872630984424479,0.0018224820583738754,-0.0005767449122575652,0.00047238913393465864,0.0021341154971517007,-0.0005767449122575652,-0.0016579026400419528,0.0021341154971517007,-0.002524453904618862,-0.0031558461939217297,0.0021341154971517007,-0.006236173855133531
out_of_sample,breakout_forced_cover_signal,2026-06-07 11:40:00+00:00,2026-06-07 11:45:00+00:00,62679.99,trend_up,normal_vol,3,0.6266063832112136,25.374149999999773,3.629639999999995,0.5155555041804799,0.3645833333333333,-0.00012380346582685497,0.001187938925963472,-0.0015441929713134739,-0.0009258138043736208,0.001187938925963472,-0.0017937143895524477,-0.0007782387967834037,0.001187938925963472,-0.0018773136370953125,-0.010846204665954762,0.001187938925963472,-0.012842854633512202,-0.013139121432533707,0.001187938925963472,-0.017595248499560956
out_of_sample,downtrend_forced_cover_signal,2026-05-26 04:25:00+00:00,2026-05-26 04:30:00+00:00,76741.99,trend_down,normal_vol,4,0.7318280258303019,48.160069999999806,14.281849999999991,1.1596952713647048,0.5763888888888888,0.00023468247305014067,0.0005736103533409143,-4.3522457523037517e-05,0.00035117671564166564,0.0005736103533409143,-4.3522457523037517e-05,0.00028862947129715266,0.0005736103533409143,-4.3522457523037517e-05,0.00029931462553944854,0.0009810795888924861,-0.0004846108369095381,0.00200568163530801,0.00200568163530801,-0.0004846108369095381
out_of_sample,downtrend_forced_cover_signal,2026-05-26 04:30:00+00:00,2026-05-26 04:35:00+00:00,76768.0,trend_down,normal_vol,4,0.7373601389930713,49.19849999999981,1.0384300000000053,1.1546701070353667,0.3020833333333333,1.224468528548961e-05,0.00023460295956634347,-0.00023447269695708872,-5.0281367236393315e-05,0.00023460295956634347,-0.00023447269695708872,-0.00010968111713216544,0.00023460295956634347,-0.00023447269695708872,-0.00022040433513959012,0.0006419341392247535,-0.0008232596915380697,0.002142298874531212,0.002881799708211785,-0.0008232596915380697
out_of_sample,downtrend_forced_cover_signal,2026-05-26 23:35:00+00:00,2026-05-26 23:40:00+00:00,75952.9,trend_down,normal_vol,3,0.6344168346113561,24.962009999999776,7.156710000000004,0.5277460123785419,0.3055555555555556,-0.00024870676432364736,0.00044172111927265334,-0.0002488384248658937,-0.00026226780017613027,0.00044172111927265334,-0.0006306539974114678,-0.00030137098122651196,0.00044172111927265334,-0.0006306539974114678,0.0003747059032637168,0.0008657997258829653,-0.0006306539974114678,0.00023501406792902912,0.0012061422276172795,-0.0010557858883596394
out_of_sample,downtrend_forced_cover_signal,2026-05-27 15:15:00+00:00,2026-05-27 15:20:00+00:00,75221.08,trend_down,high_vol,3,0.6234161388794356,43.24501999999979,40.585409999999996,0.9338172927908194,0.875,0.001752301349568386,0.0023769932577411,0.0,0.0028008106238304187,0.0037384467226473372,0.0,0.0022988236808085816,0.0037384467226473372,0.0,0.000732108605725923,0.0037384467226473372,-0.0007250627084856021,-0.0020967526656091584,0.0037384467226473372,-0.0022743624526528894
out_of_sample,downtrend_forced_cover_signal,2026-05-27 15:20:00+00:00,2026-05-27 15:25:00+00:00,75399.88,trend_down,high_vol,4,0.6373533340514523,60.593719999999784,17.348699999999994,1.1748788711013545,0.8993055555555556,0.00042281234399821344,0.00135822497330218,-0.001351195784396575,-7.79842089935201e-05,0.00135822497330218,-0.001351195784396575,-0.0026242747335938343,0.00135822497330218,-0.0030946998854641805,-0.000979709782031657,0.00135822497330218,-0.0030946998854641805,-0.004003587273613829,0.00135822497330218,-0.004640325687521041
out_of_sample,downtrend_forced_cover_signal,2026-05-27 15:30:00+00:00,2026-05-27 15:35:00+00:00,75431.76,trend_down,high_vol,3,0.6062564907842065,45.03895999999979,-5.602809999999991,1.1277821561340142,0.8923611111111112,-0.0030457992760608565,0.00046293497593064004,-0.003516025610432516,-0.0012429777589704205,0.00046293497593064004,-0.003516025610432516,-0.002062924158206081,0.00046293497593064004,-0.003516025610432516,-0.0021012369325599245,0.00046293497593064004,-0.003516025610432516,-0.004895020346867063,0.00046293497593064004,-0.005723848946385335
out_of_sample,downtrend_forced_cover_signal,2026-05-27 19:00:00+00:00,2026-05-27 19:05:00+00:00,75051.9,trend_down,high_vol,3,0.7019501613946663,57.10097999999979,1.5047599999999974,0.8838647108835984,0.7013888888888888,-4.3836331924840266e-05,0.0001613550090004967,-0.001059266987244789,-0.0006382250149562507,0.0002133190498843085,-0.001059266987244789,0.0004310350570739807,0.00044902260968759933,-0.001059266987244789,2.8113878529412162e-05,0.0007097755020193386,-0.0013122918940092765,0.0029325040405374647,0.002932637281667816,-0.001326282212708696
out_of_sample,downtrend_forced_cover_signal,2026-05-28 06:45:00+00:00,2026-05-28 06:50:00+00:00,73145.24,trend_down,normal_vol,4,0.5387033420175219,28.201779999999765,76.24571999999998,1.6105691817767096,0.5590277777777778,0.0007855603454167692,0.0009278799276617455,-0.000895068496596596,0.0006760521942370534,0.0012218156642864741,-0.000895068496596596,0.0011366426578134359,0.0012218156642864741,-0.000895068496596596,0.002274105601403509,0.002513629048178645,-0.000895068496596596,0.003844132577868198,0.005016047524076583,-0.000895068496596596
out_of_sample,downtrend_forced_cover_signal,2026-05-29 04:45:00+00:00,2026-05-29 04:50:00+00:00,73444.9,trend_down,normal_vol,3,0.6805301987686335,16.14764999999978,2.7945699999999967,0.2601810826714997,0.5520833333333334,0.0008549266184583182,0.0008723546495401635,-0.0005628709413451061,0.0018258585688046836,0.0018258585688046836,-0.0005628709413451061,0.0022055990272979997,0.0022668694490699526,-0.0005628709413451061,0.0014585083511586827,0.0026353089186588186,-0.0005628709413451061,0.0030281204004636297,0.0033472712196491727,-0.0005628709413451061
out_of_sample,downtrend_forced_cover_signal,2026-05-29 04:50:00+00:00,2026-05-29 04:55:00+00:00,73463.01,trend_down,normal_vol,3,0.6833270269111413,60.54289999999979,44.39525000000001,0.9631398629586766,0.4131944444444444,0.0015788898385733496,0.0015788898385733496,-0.00023712614008053468,0.0019585366839720564,0.0020197920014439763,-0.00023712614008053468,0.0018286754109313463,0.002388140643842407,-0.00023712614008053468,0.0016322500262377915,0.002388140643842407,-0.00023712614008053468,0.0033076510205614085,0.003489919620772497,-0.00023712614008053468
out_of_sample,downtrend_forced_cover_signal,2026-05-29 15:00:00+00:00,2026-05-29 15:05:00+00:00,73313.94,trend_down,high_vol,5,0.6500951573594487,139.25828999999976,35.74498,3.0556042484304164,0.90625,0.005207877246810044,0.006032277081275295,-0.00027675500730162117,0.00441307614895603,0.006032277081275295,-0.00027675500730162117,0.0039291299853752015,0.006032277081275295,-0.00027675500730162117,0.010870920318836852,0.012085832516981032,-0.00027675500730162117,0.007993977680097242,0.012085832516981032,-0.00027675500730162117
out_of_sample,downtrend_forced_cover_signal,2026-05-31 15:25:00+00:00,2026-05-31 15:30:00+00:00,73748.66,trend_down,high_vol,3,0.7170075872737713,28.465379999999723,20.5799,0.9683017889612707,0.8576388888888888,-0.00040475311687027116,8.474730252716611e-05,-0.0004424487170343605,-0.0014942644381605863,8.474730252716611e-05,-0.0017988123445226156,-0.0013783301283034621,8.474730252716611e-05,-0.0017988123445226156,-0.0008090994466882773,8.474730252716611e-05,-0.0017988123445226156,-0.004203601801036294,8.474730252716611e-05,-0.0045785238674167505
out_of_sample,downtrend_forced_cover_signal,2026-05-31 17:30:00+00:00,2026-05-31 17:35:00+00:00,73660.25,trend_down,high_vol,3,0.7465909592783798,16.415209999999725,13.225670000000001,0.48749199542980287,0.8229166666666666,0.0008784928098941602,0.0008784928098941602,0.0,0.00048438608340317657,0.0010012184319221351,0.0,0.000535023978333049,0.0010012184319221351,0.0,-0.00037170658530216727,0.0010012184319221351,-0.0006007310591533699,9.448786828736289e-05,0.0010012184319221351,-0.0006585641509497808
out_of_sample,downtrend_forced_cover_signal,2026-05-31 17:35:00+00:00,2026-05-31 17:40:00+00:00,73717.93,trend_down,high_vol,3,0.6798366612580669,16.904379999999723,0.4891699999999979,0.6936581594320522,0.8368055555555556,-0.00029843485838521033,0.0002179930988297496,-0.0004122470611966911,-0.000247836584667982,0.0002179930988297496,-0.00043707141532578486,-0.00011516872489492069,0.0002179930988297496,-0.00043707141532578486,-0.0008672245680255708,0.0002179930988297496,-0.001382702959781823,-0.0010202402590522297,0.0002179930988297496,-0.0014404908005418715
out_of_sample,downtrend_forced_cover_signal,2026-05-31 17:40:00+00:00,2026-05-31 17:45:00+00:00,73724.95,trend_down,high_vol,3,0.712838428280404,24.575469999999726,7.671090000000003,0.8536216453401109,0.8055555555555556,-0.00034303176875660757,0.00012275355900559504,-0.0005322485807042199,-0.0002103765414557257,0.00012275355900559504,-0.0005322485807042199,-0.0011678543016983012,0.00012275355900559504,-0.001477790083275754,-0.0008961688003856771,0.00012275355900559504,-0.0015355724215477817,-0.0015032902701188622,0.00012275355900559504,-0.001694948589317291
out_of_sample,downtrend_forced_cover_signal,2026-06-01 08:55:00+00:00,2026-06-01 09:00:00+00:00,72902.64,trend_down,high_vol,4,0.7317682861651428,59.93055999999973,109.96245,1.305098098875777,0.7881944444444444,0.0015416451310954482,0.0015843047659178655,0.0,0.0009697865536830719,0.0015843047659178655,0.0,0.001250160488015295,0.0015843047659178655,0.0,0.0012482401186020287,0.002647366405386764,0.0,-0.0016390352941951791,0.002647366405386764,-0.004151289994436369
out_of_sample,downtrend_forced_cover_signal,2026-06-01 09:00:00+00:00,2026-06-01 09:05:00+00:00,72966.15,trend_down,high_vol,3,0.7346681577265243,53.58591999999973,-6.344639999999998,1.1505425845086106,0.7881944444444444,9.853884301147531e-05,0.0007125221763790712,0.0,0.00037866873886049923,0.0007125221763790712,-0.00027615545016412835,0.0005017395052362428,0.0009183710528788414,-0.0003688011495740495,0.0001898140439093865,0.0017746585231646073,-0.00038154678573554257,-0.0019125306734696368,0.0017746585231646073,-0.00501808030161921
out_of_sample,downtrend_forced_cover_signal,2026-06-01 09:05:00+00:00,2026-06-01 09:10:00+00:00,73015.03,trend_down,high_vol,4,0.7990291068163772,64.65775999999973,11.071839999999995,1.0881425896733066,0.7881944444444444,-0.00029103596889568095,4.2457011933061395e-05,-0.0009454217850762836,-0.0001680475923929725,0.00024830504075668003,-0.0010380054627108226,-4.560704830225415e-05,0.0011040192683615668,-0.0010380054627108226,-0.0009128257565599318,0.0011040192683615668,-0.0013046628892707801,-0.0031441471707946977,0.0011040192683615668,-0.005684172149213684
out_of_sample,downtrend_forced_cover_signal,2026-06-01 16:45:00+00:00,2026-06-01 16:50:00+00:00,71379.77,trend_down,high_vol,3,0.5819339098730052,133.02346999999975,-207.13461000000007,3.7104035686573327,0.9479166666666666,0.002581123475180691,0.0030846274791862527,-0.000529982094366499,0.002976333490567473,0.0033076598593690942,-0.000529982094366499,0.00258126357089683,0.003309481103679568,-0.000529982094366499,0.0023243280273947953,0.0038782697114323472,-0.000529982094366499,0.004710158074199278,0.005897469268953737,-0.000529982094366499
out_of_sample,downtrend_forced_cover_signal,2026-06-02 04:30:00+00:00,2026-06-02 04:35:00+00:00,71029.99,trend_down,high_vol,3,0.6132697817007485,27.61560999999966,16.302759999999992,0.455231663738404,0.9270833333333334,-3.730818489500187e-05,0.00025355487168154944,-0.0005000704631945574,-0.0016895680261254098,0.00025355487168154944,-0.0016895680261254098,-0.0018299312726921535,0.00025355487168154944,-0.0023881461900812084,-0.00489905742630703,0.00025355487168154944,-0.006194425762977129,-0.005912432199413287,0.00025355487168154944,-0.0070416735240987904
out_of_sample,downtrend_forced_cover_signal,2026-06-02 04:35:00+00:00,2026-06-02 04:40:00+00:00,71037.99,trend_down,high_vol,3,0.6617885944997017,39.595939999999665,11.980330000000006,0.4567833542586354,0.9097222222222222,-0.0018019935530271258,1.407697485245052e-07,-0.0018019935530271258,-0.0019423409924747004,1.407697485245052e-07,-0.002500493046044827,-0.0032094095004659984,1.407697485245052e-07,-0.0038569503444566555,-0.003209268730717363,1.407697485245052e-07,-0.006306343971725581,-0.007081844517278779,1.407697485245052e-07,-0.008446748000612181
out_of_sample,downtrend_forced_cover_signal,2026-06-02 10:10:00+00:00,2026-06-02 10:15:00+00:00,69658.0,trend_down,normal_vol,5,0.6786696240439092,152.6611799999996,58.81557999999998,1.5019749598926855,0.5208333333333334,-0.0016309684458353235,0.0009497832266216477,-0.0020098194033707495,-0.00017212667604593612,0.0009497832266216477,-0.0020098194033707495,-0.0020959545206580277,0.0009497832266216477,-0.0022106577851790377,-0.0025553418128571037,0.0009497832266216477,-0.0030147291050561797,-0.0029858738407649854,0.0009497832266216477,-0.0032731344569181253
out_of_sample,downtrend_forced_cover_signal,2026-06-03 00:15:00+00:00,2026-06-03 00:20:00+00:00,67085.72,trend_down,high_vol,3,0.5548485860125352,50.51424999999954,109.22464,1.340674957209538,0.7881944444444444,-0.0046117117025800125,0.00021286199209002987,-0.004706068594031776,-0.0008305791456065803,0.00021286199209002987,-0.0056699100792239054,-0.0005410987614056229,0.0017653533419630385,-0.0056699100792239054,-0.0009112222392485547,0.0017653533419630385,-0.0056699100792239054,-0.002109390791363519,0.0017653533419630385,-0.0061583895946857314
out_of_sample,downtrend_forced_cover_signal,2026-06-05 04:25:00+00:00,2026-06-05 04:30:00+00:00,63240.32,trend_down,normal_vol,3,0.6363642434260616,89.03503999999973,97.24917000000002,1.0284409428123562,0.5694444444444444,-0.0019618812808031016,0.0,-0.003388977158875872,-0.003402892331980545,0.0,-0.003945425956098925,-0.004369206227925471,0.0,-0.00623083501158761,0.0028235151245281642,0.007079028063109005,-0.00623083501158761,0.001602774938520346,0.007079028063109005,-0.00623083501158761
out_of_sample,downtrend_forced_cover_signal,2026-06-05 07:25:00+00:00,2026-06-05 07:30:00+00:00,62252.94,trend_down,high_vol,3,0.5833030952443384,86.53159999999971,52.9136,1.400571883689038,0.9236111111111112,0.008273665468650826,0.009230246796376296,-0.001011036587187708,0.010104583012464863,0.010426174249762221,-0.001011036587187708,0.009591032969687774,0.011880242121898199,-0.001011036587187708,0.009975753755565586,0.013943759122059252,-0.001011036587187708,0.007220542515743,0.013943759122059252,-0.001011036587187708
out_of_sample,downtrend_forced_cover_signal,2026-06-05 07:30:00+00:00,2026-06-05 07:35:00+00:00,62445.83,trend_down,high_vol,5,0.6044490651985407,137.45041999999972,50.91882000000001,1.7731912470729205,0.9236111111111112,0.006984453565594295,0.007305051434179033,-0.0001498899125850217,0.006472489836391038,0.008754627811016213,-0.0001498899125850217,0.00792190607443266,0.008754627811016213,-0.0001498899125850217,0.005059585243722298,0.010811770777968688,-0.0001498899125850217,0.0014008941830061516,0.010811770777968688,-0.0001498899125850217
out_of_sample,downtrend_forced_cover_signal,2026-06-05 19:45:00+00:00,2026-06-05 19:50:00+00:00,60215.48,trend_down,normal_vol,3,0.515706892238713,21.315519999999736,35.86848999999998,1.2966067669674814,0.6944444444444444,0.001407611464693037,0.00405095168219205,-0.0016839523657371513,-0.0021836577571083815,0.00405095168219205,-0.003308285510636222,0.011126540882842706,0.012715168923339792,-0.004574737260252704,0.011268364878931347,0.014300309488523455,-0.004574737260252704,0.021505433486538772,0.026098438474624785,-0.004574737260252704
out_of_sample,downtrend_forced_cover_signal,2026-06-06 11:45:00+00:00,2026-06-06 11:50:00+00:00,60890.01,trend_down,low_vol,3,0.6595581757614367,42.04101999999975,11.53979,0.2555125366101691,0.017361111111111112,-0.0014304481145592796,0.0006239118699438162,-0.002365084190329436,0.0006900967827070392,0.002087206095055638,-0.002365084190329436,0.002950730341479524,0.0034486773774549118,-0.002365084190329436,-0.00024897351798769396,0.0034486773774549118,-0.002365084190329436,0.003809820362979055,0.004848907070305941,-0.004086220383278105
out_of_sample,downtrend_normalvol_forced_cover_signal,2026-05-26 04:25:00+00:00,2026-05-26 04:30:00+00:00,76741.99,trend_down,normal_vol,4,0.7318280258303019,48.160069999999806,14.281849999999991,1.1596952713647048,0.5763888888888888,0.00023468247305014067,0.0005736103533409143,-4.3522457523037517e-05,0.00035117671564166564,0.0005736103533409143,-4.3522457523037517e-05,0.00028862947129715266,0.0005736103533409143,-4.3522457523037517e-05,0.00029931462553944854,0.0009810795888924861,-0.0004846108369095381,0.00200568163530801,0.00200568163530801,-0.0004846108369095381
out_of_sample,downtrend_normalvol_forced_cover_signal,2026-05-26 04:30:00+00:00,2026-05-26 04:35:00+00:00,76768.0,trend_down,normal_vol,4,0.7373601389930713,49.19849999999981,1.0384300000000053,1.1546701070353667,0.3020833333333333,1.224468528548961e-05,0.00023460295956634347,-0.00023447269695708872,-5.0281367236393315e-05,0.00023460295956634347,-0.00023447269695708872,-0.00010968111713216544,0.00023460295956634347,-0.00023447269695708872,-0.00022040433513959012,0.0006419341392247535,-0.0008232596915380697,0.002142298874531212,0.002881799708211785,-0.0008232596915380697
out_of_sample,downtrend_normalvol_forced_cover_signal,2026-05-26 23:35:00+00:00,2026-05-26 23:40:00+00:00,75952.9,trend_down,normal_vol,3,0.6344168346113561,24.962009999999776,7.156710000000004,0.5277460123785419,0.3055555555555556,-0.00024870676432364736,0.00044172111927265334,-0.0002488384248658937,-0.00026226780017613027,0.00044172111927265334,-0.0006306539974114678,-0.00030137098122651196,0.00044172111927265334,-0.0006306539974114678,0.0003747059032637168,0.0008657997258829653,-0.0006306539974114678,0.00023501406792902912,0.0012061422276172795,-0.0010557858883596394
out_of_sample,downtrend_normalvol_forced_cover_signal,2026-05-28 06:45:00+00:00,2026-05-28 06:50:00+00:00,73145.24,trend_down,normal_vol,4,0.5387033420175219,28.201779999999765,76.24571999999998,1.6105691817767096,0.5590277777777778,0.0007855603454167692,0.0009278799276617455,-0.000895068496596596,0.0006760521942370534,0.0012218156642864741,-0.000895068496596596,0.0011366426578134359,0.0012218156642864741,-0.000895068496596596,0.002274105601403509,0.002513629048178645,-0.000895068496596596,0.003844132577868198,0.005016047524076583,-0.000895068496596596
out_of_sample,downtrend_normalvol_forced_cover_signal,2026-05-29 04:45:00+00:00,2026-05-29 04:50:00+00:00,73444.9,trend_down,normal_vol,3,0.6805301987686335,16.14764999999978,2.7945699999999967,0.2601810826714997,0.5520833333333334,0.0008549266184583182,0.0008723546495401635,-0.0005628709413451061,0.0018258585688046836,0.0018258585688046836,-0.0005628709413451061,0.0022055990272979997,0.0022668694490699526,-0.0005628709413451061,0.0014585083511586827,0.0026353089186588186,-0.0005628709413451061,0.0030281204004636297,0.0033472712196491727,-0.0005628709413451061
out_of_sample,downtrend_normalvol_forced_cover_signal,2026-05-29 04:50:00+00:00,2026-05-29 04:55:00+00:00,73463.01,trend_down,normal_vol,3,0.6833270269111413,60.54289999999979,44.39525000000001,0.9631398629586766,0.4131944444444444,0.0015788898385733496,0.0015788898385733496,-0.00023712614008053468,0.0019585366839720564,0.0020197920014439763,-0.00023712614008053468,0.0018286754109313463,0.002388140643842407,-0.00023712614008053468,0.0016322500262377915,0.002388140643842407,-0.00023712614008053468,0.0033076510205614085,0.003489919620772497,-0.00023712614008053468
out_of_sample,downtrend_normalvol_forced_cover_signal,2026-06-02 10:10:00+00:00,2026-06-02 10:15:00+00:00,69658.0,trend_down,normal_vol,5,0.6786696240439092,152.6611799999996,58.81557999999998,1.5019749598926855,0.5208333333333334,-0.0016309684458353235,0.0009497832266216477,-0.0020098194033707495,-0.00017212667604593612,0.0009497832266216477,-0.0020098194033707495,-0.0020959545206580277,0.0009497832266216477,-0.0022106577851790377,-0.0025553418128571037,0.0009497832266216477,-0.0030147291050561797,-0.0029858738407649854,0.0009497832266216477,-0.0032731344569181253
out_of_sample,downtrend_normalvol_forced_cover_signal,2026-06-05 04:25:00+00:00,2026-06-05 04:30:00+00:00,63240.32,trend_down,normal_vol,3,0.6363642434260616,89.03503999999973,97.24917000000002,1.0284409428123562,0.5694444444444444,-0.0019618812808031016,0.0,-0.003388977158875872,-0.003402892331980545,0.0,-0.003945425956098925,-0.004369206227925471,0.0,-0.00623083501158761,0.0028235151245281642,0.007079028063109005,-0.00623083501158761,0.001602774938520346,0.007079028063109005,-0.00623083501158761
out_of_sample,downtrend_normalvol_forced_cover_signal,2026-06-05 19:45:00+00:00,2026-06-05 19:50:00+00:00,60215.48,trend_down,normal_vol,3,0.515706892238713,21.315519999999736,35.86848999999998,1.2966067669674814,0.6944444444444444,0.001407611464693037,0.00405095168219205,-0.0016839523657371513,-0.0021836577571083815,0.00405095168219205,-0.003308285510636222,0.011126540882842706,0.012715168923339792,-0.004574737260252704,0.011268364878931347,0.014300309488523455,-0.004574737260252704,0.021505433486538772,0.026098438474624785,-0.004574737260252704
out_of_sample,downtrend_highvol_forced_cover_signal,2026-05-27 15:15:00+00:00,2026-05-27 15:20:00+00:00,75221.08,trend_down,high_vol,3,0.6234161388794356,43.24501999999979,40.585409999999996,0.9338172927908194,0.875,0.001752301349568386,0.0023769932577411,0.0,0.0028008106238304187,0.0037384467226473372,0.0,0.0022988236808085816,0.0037384467226473372,0.0,0.000732108605725923,0.0037384467226473372,-0.0007250627084856021,-0.0020967526656091584,0.0037384467226473372,-0.0022743624526528894
out_of_sample,downtrend_highvol_forced_cover_signal,2026-05-27 15:20:00+00:00,2026-05-27 15:25:00+00:00,75399.88,trend_down,high_vol,4,0.6373533340514523,60.593719999999784,17.348699999999994,1.1748788711013545,0.8993055555555556,0.00042281234399821344,0.00135822497330218,-0.001351195784396575,-7.79842089935201e-05,0.00135822497330218,-0.001351195784396575,-0.0026242747335938343,0.00135822497330218,-0.0030946998854641805,-0.000979709782031657,0.00135822497330218,-0.0030946998854641805,-0.004003587273613829,0.00135822497330218,-0.004640325687521041
out_of_sample,downtrend_highvol_forced_cover_signal,2026-05-27 15:30:00+00:00,2026-05-27 15:35:00+00:00,75431.76,trend_down,high_vol,3,0.6062564907842065,45.03895999999979,-5.602809999999991,1.1277821561340142,0.8923611111111112,-0.0030457992760608565,0.00046293497593064004,-0.003516025610432516,-0.0012429777589704205,0.00046293497593064004,-0.003516025610432516,-0.002062924158206081,0.00046293497593064004,-0.003516025610432516,-0.0021012369325599245,0.00046293497593064004,-0.003516025610432516,-0.004895020346867063,0.00046293497593064004,-0.005723848946385335
out_of_sample,downtrend_highvol_forced_cover_signal,2026-05-27 19:00:00+00:00,2026-05-27 19:05:00+00:00,75051.9,trend_down,high_vol,3,0.7019501613946663,57.10097999999979,1.5047599999999974,0.8838647108835984,0.7013888888888888,-4.3836331924840266e-05,0.0001613550090004967,-0.001059266987244789,-0.0006382250149562507,0.0002133190498843085,-0.001059266987244789,0.0004310350570739807,0.00044902260968759933,-0.001059266987244789,2.8113878529412162e-05,0.0007097755020193386,-0.0013122918940092765,0.0029325040405374647,0.002932637281667816,-0.001326282212708696
out_of_sample,downtrend_highvol_forced_cover_signal,2026-05-29 15:00:00+00:00,2026-05-29 15:05:00+00:00,73313.94,trend_down,high_vol,5,0.6500951573594487,139.25828999999976,35.74498,3.0556042484304164,0.90625,0.005207877246810044,0.006032277081275295,-0.00027675500730162117,0.00441307614895603,0.006032277081275295,-0.00027675500730162117,0.0039291299853752015,0.006032277081275295,-0.00027675500730162117,0.010870920318836852,0.012085832516981032,-0.00027675500730162117,0.007993977680097242,0.012085832516981032,-0.00027675500730162117
out_of_sample,downtrend_highvol_forced_cover_signal,2026-05-31 15:25:00+00:00,2026-05-31 15:30:00+00:00,73748.66,trend_down,high_vol,3,0.7170075872737713,28.465379999999723,20.5799,0.9683017889612707,0.8576388888888888,-0.00040475311687027116,8.474730252716611e-05,-0.0004424487170343605,-0.0014942644381605863,8.474730252716611e-05,-0.0017988123445226156,-0.0013783301283034621,8.474730252716611e-05,-0.0017988123445226156,-0.0008090994466882773,8.474730252716611e-05,-0.0017988123445226156,-0.004203601801036294,8.474730252716611e-05,-0.0045785238674167505
out_of_sample,downtrend_highvol_forced_cover_signal,2026-05-31 17:30:00+00:00,2026-05-31 17:35:00+00:00,73660.25,trend_down,high_vol,3,0.7465909592783798,16.415209999999725,13.225670000000001,0.48749199542980287,0.8229166666666666,0.0008784928098941602,0.0008784928098941602,0.0,0.00048438608340317657,0.0010012184319221351,0.0,0.000535023978333049,0.0010012184319221351,0.0,-0.00037170658530216727,0.0010012184319221351,-0.0006007310591533699,9.448786828736289e-05,0.0010012184319221351,-0.0006585641509497808
out_of_sample,downtrend_highvol_forced_cover_signal,2026-05-31 17:35:00+00:00,2026-05-31 17:40:00+00:00,73717.93,trend_down,high_vol,3,0.6798366612580669,16.904379999999723,0.4891699999999979,0.6936581594320522,0.8368055555555556,-0.00029843485838521033,0.0002179930988297496,-0.0004122470611966911,-0.000247836584667982,0.0002179930988297496,-0.00043707141532578486,-0.00011516872489492069,0.0002179930988297496,-0.00043707141532578486,-0.0008672245680255708,0.0002179930988297496,-0.001382702959781823,-0.0010202402590522297,0.0002179930988297496,-0.0014404908005418715
out_of_sample,downtrend_highvol_forced_cover_signal,2026-05-31 17:40:00+00:00,2026-05-31 17:45:00+00:00,73724.95,trend_down,high_vol,3,0.712838428280404,24.575469999999726,7.671090000000003,0.8536216453401109,0.8055555555555556,-0.00034303176875660757,0.00012275355900559504,-0.0005322485807042199,-0.0002103765414557257,0.00012275355900559504,-0.0005322485807042199,-0.0011678543016983012,0.00012275355900559504,-0.001477790083275754,-0.0008961688003856771,0.00012275355900559504,-0.0015355724215477817,-0.0015032902701188622,0.00012275355900559504,-0.001694948589317291
out_of_sample,downtrend_highvol_forced_cover_signal,2026-06-01 08:55:00+00:00,2026-06-01 09:00:00+00:00,72902.64,trend_down,high_vol,4,0.7317682861651428,59.93055999999973,109.96245,1.305098098875777,0.7881944444444444,0.0015416451310954482,0.0015843047659178655,0.0,0.0009697865536830719,0.0015843047659178655,0.0,0.001250160488015295,0.0015843047659178655,0.0,0.0012482401186020287,0.002647366405386764,0.0,-0.0016390352941951791,0.002647366405386764,-0.004151289994436369
out_of_sample,downtrend_highvol_forced_cover_signal,2026-06-01 09:00:00+00:00,2026-06-01 09:05:00+00:00,72966.15,trend_down,high_vol,3,0.7346681577265243,53.58591999999973,-6.344639999999998,1.1505425845086106,0.7881944444444444,9.853884301147531e-05,0.0007125221763790712,0.0,0.00037866873886049923,0.0007125221763790712,-0.00027615545016412835,0.0005017395052362428,0.0009183710528788414,-0.0003688011495740495,0.0001898140439093865,0.0017746585231646073,-0.00038154678573554257,-0.0019125306734696368,0.0017746585231646073,-0.00501808030161921
out_of_sample,downtrend_highvol_forced_cover_signal,2026-06-01 09:05:00+00:00,2026-06-01 09:10:00+00:00,73015.03,trend_down,high_vol,4,0.7990291068163772,64.65775999999973,11.071839999999995,1.0881425896733066,0.7881944444444444,-0.00029103596889568095,4.2457011933061395e-05,-0.0009454217850762836,-0.0001680475923929725,0.00024830504075668003,-0.0010380054627108226,-4.560704830225415e-05,0.0011040192683615668,-0.0010380054627108226,-0.0009128257565599318,0.0011040192683615668,-0.0013046628892707801,-0.0031441471707946977,0.0011040192683615668,-0.005684172149213684
out_of_sample,downtrend_highvol_forced_cover_signal,2026-06-01 16:45:00+00:00,2026-06-01 16:50:00+00:00,71379.77,trend_down,high_vol,3,0.5819339098730052,133.02346999999975,-207.13461000000007,3.7104035686573327,0.9479166666666666,0.002581123475180691,0.0030846274791862527,-0.000529982094366499,0.002976333490567473,0.0033076598593690942,-0.000529982094366499,0.00258126357089683,0.003309481103679568,-0.000529982094366499,0.0023243280273947953,0.0038782697114323472,-0.000529982094366499,0.004710158074199278,0.005897469268953737,-0.000529982094366499
out_of_sample,downtrend_highvol_forced_cover_signal,2026-06-02 04:30:00+00:00,2026-06-02 04:35:00+00:00,71029.99,trend_down,high_vol,3,0.6132697817007485,27.61560999999966,16.302759999999992,0.455231663738404,0.9270833333333334,-3.730818489500187e-05,0.00025355487168154944,-0.0005000704631945574,-0.0016895680261254098,0.00025355487168154944,-0.0016895680261254098,-0.0018299312726921535,0.00025355487168154944,-0.0023881461900812084,-0.00489905742630703,0.00025355487168154944,-0.006194425762977129,-0.005912432199413287,0.00025355487168154944,-0.0070416735240987904
out_of_sample,downtrend_highvol_forced_cover_signal,2026-06-02 04:35:00+00:00,2026-06-02 04:40:00+00:00,71037.99,trend_down,high_vol,3,0.6617885944997017,39.595939999999665,11.980330000000006,0.4567833542586354,0.9097222222222222,-0.0018019935530271258,1.407697485245052e-07,-0.0018019935530271258,-0.0019423409924747004,1.407697485245052e-07,-0.002500493046044827,-0.0032094095004659984,1.407697485245052e-07,-0.0038569503444566555,-0.003209268730717363,1.407697485245052e-07,-0.006306343971725581,-0.007081844517278779,1.407697485245052e-07,-0.008446748000612181
out_of_sample,downtrend_highvol_forced_cover_signal,2026-06-03 00:15:00+00:00,2026-06-03 00:20:00+00:00,67085.72,trend_down,high_vol,3,0.5548485860125352,50.51424999999954,109.22464,1.340674957209538,0.7881944444444444,-0.0046117117025800125,0.00021286199209002987,-0.004706068594031776,-0.0008305791456065803,0.00021286199209002987,-0.0056699100792239054,-0.0005410987614056229,0.0017653533419630385,-0.0056699100792239054,-0.0009112222392485547,0.0017653533419630385,-0.0056699100792239054,-0.002109390791363519,0.0017653533419630385,-0.0061583895946857314
out_of_sample,downtrend_highvol_forced_cover_signal,2026-06-05 07:25:00+00:00,2026-06-05 07:30:00+00:00,62252.94,trend_down,high_vol,3,0.5833030952443384,86.53159999999971,52.9136,1.400571883689038,0.9236111111111112,0.008273665468650826,0.009230246796376296,-0.001011036587187708,0.010104583012464863,0.010426174249762221,-0.001011036587187708,0.009591032969687774,0.011880242121898199,-0.001011036587187708,0.009975753755565586,0.013943759122059252,-0.001011036587187708,0.007220542515743,0.013943759122059252,-0.001011036587187708
out_of_sample,downtrend_highvol_forced_cover_signal,2026-06-05 07:30:00+00:00,2026-06-05 07:35:00+00:00,62445.83,trend_down,high_vol,5,0.6044490651985407,137.45041999999972,50.91882000000001,1.7731912470729205,0.9236111111111112,0.006984453565594295,0.007305051434179033,-0.0001498899125850217,0.006472489836391038,0.008754627811016213,-0.0001498899125850217,0.00792190607443266,0.008754627811016213,-0.0001498899125850217,0.005059585243722298,0.010811770777968688,-0.0001498899125850217,0.0014008941830061516,0.010811770777968688,-0.0001498899125850217
