signal_name,exit_mode,fixed_holding_bars,signal_idx,entry_idx,exit_idx,signal_time,entry_time,exit_time,entry_price,exit_price,gross_return,net_return,holding_bars,exit_reason,false_squeeze_score,breakout_level,entry_forced_cover_score,entry_buy_aggression_ratio_15m,entry_cvd_15m,entry_cvd_slope_15m,exit_buy_aggression_ratio_15m,exit_cvd_15m,exit_cvd_slope_15m,cumulative_return,win,sample_split,holding_bars_config,holding_minutes,cost_label,round_trip_cost
downtrend_highvol_forced_cover_signal,fixed_horizon,3,881,882,885,2026-05-04 01:25:00+00:00,2026-05-04 01:30:00+00:00,2026-05-04 01:45:00+00:00,78605.69,78980.23,0.004764795016747536,0.004764795016747536,3,fixed_3b_exit,0,78585.86,4,0.6687443949436331,33.08244999999995,9.808639999999997,0.3720234393101028,-23.66282000000005,-36.62149000000001,0.004764795016747536,True,in_sample,3,15,no_cost,0.0
downtrend_highvol_forced_cover_signal,fixed_horizon,3,1455,1456,1459,2026-05-06 01:15:00+00:00,2026-05-06 01:20:00+00:00,2026-05-06 01:35:00+00:00,81287.6,81320.02,0.00039883081798453013,0.00039883081798453013,3,fixed_3b_exit,0,81262.28,3,0.6651863353939748,42.08853999999991,17.0036,0.7348709129213267,140.70648999999992,-3.391340000000014,0.005165526181826197,True,in_sample,3,15,no_cost,0.0
downtrend_highvol_forced_cover_signal,fixed_horizon,3,1943,1944,1947,2026-05-07 17:55:00+00:00,2026-05-07 18:00:00+00:00,2026-05-07 18:15:00+00:00,80094.52,80170.0,0.0009423865702671286,0.0009423865702671286,3,fixed_3b_exit,0,79948.66,3,0.6189537486851147,44.76761999999988,24.85457,0.4817457741150509,-4.215260000000111,-13.231220000000004,0.00611278067459553,True,in_sample,3,15,no_cost,0.0
downtrend_highvol_forced_cover_signal,fixed_horizon,3,2060,2061,2064,2026-05-08 03:40:00+00:00,2026-05-08 03:45:00+00:00,2026-05-08 04:00:00+00:00,79646.13,79621.49,-0.0003093684526793705,-0.0003093684526793705,3,fixed_3b_exit,0,79642.55,3,0.6304708710788978,15.850759999999879,8.35204,0.4800779420691096,-2.3269900000001167,2.189230000000002,0.005801521120417208,False,in_sample,3,15,no_cost,0.0
downtrend_highvol_forced_cover_signal,fixed_horizon,3,3663,3664,3667,2026-05-13 17:15:00+00:00,2026-05-13 17:20:00+00:00,2026-05-13 17:35:00+00:00,79300.0,79356.61,0.0007138713745271641,0.0007138713745271641,3,fixed_3b_exit,0,79238.6,4,0.5148592605461588,6.578969999999888,6.329630000000002,0.5562348550920974,11.38163999999989,-2.5967100000000087,0.006519534034800989,True,in_sample,3,15,no_cost,0.0
downtrend_highvol_forced_cover_signal,fixed_horizon,3,3668,3669,3672,2026-05-13 17:40:00+00:00,2026-05-13 17:45:00+00:00,2026-05-13 18:00:00+00:00,79430.61,79525.93,0.0012000411428287894,0.0012000411428287894,3,fixed_3b_exit,0,79378.54,3,0.6538088297462873,31.68970999999989,20.30807,0.5654985014909409,15.233499999999886,28.097970000000007,0.007727398886703707,True,in_sample,3,15,no_cost,0.0
downtrend_highvol_forced_cover_signal,fixed_horizon,3,3673,3674,3677,2026-05-13 18:05:00+00:00,2026-05-13 18:10:00+00:00,2026-05-13 18:25:00+00:00,79597.73,79767.98,0.0021388800911785744,0.0021388800911785744,3,fixed_3b_exit,0,79596.27,3,0.6460493835505687,37.59474999999989,22.361250000000005,0.7352830367640512,168.82922999999988,60.50569999999999,0.009882806957517642,True,in_sample,3,15,no_cost,0.0
downtrend_highvol_forced_cover_signal,fixed_horizon,3,5090,5091,5094,2026-05-18 16:10:00+00:00,2026-05-18 16:15:00+00:00,2026-05-18 16:30:00+00:00,76509.22,76383.9,-0.0016379725214817897,-0.0016379725214817897,3,fixed_3b_exit,0,76485.29,3,0.42926045439166727,-54.29889000000012,26.859699999999982,0.41276774070660327,-59.050470000000146,20.81410000000001,0.008228646669804274,False,in_sample,3,15,no_cost,0.0
downtrend_highvol_forced_cover_signal,fixed_horizon,3,6250,6251,6254,2026-05-22 16:50:00+00:00,2026-05-22 16:55:00+00:00,2026-05-22 17:10:00+00:00,76999.46,76962.78,-0.0004763669771191692,-0.0004763669771191692,3,fixed_3b_exit,0,76975.1,5,0.7377154300753295,95.95592999999985,40.94180000000001,0.3055110304225956,-21.95684000000017,-1.587220000000002,0.00774835983714528,False,in_sample,3,15,no_cost,0.0
downtrend_highvol_forced_cover_signal,fixed_horizon,3,6816,6817,6820,2026-05-24 16:00:00+00:00,2026-05-24 16:05:00+00:00,2026-05-24 16:20:00+00:00,76568.69,76611.08,0.000553620546466238,0.000553620546466238,3,fixed_3b_exit,0,76539.38,4,0.5581474276006726,20.316409999999827,21.17819,0.658087915662823,34.65798999999982,-30.33794000000001,0.008306270034818874,True,in_sample,3,15,no_cost,0.0
downtrend_highvol_forced_cover_signal,fixed_horizon,3,881,882,885,2026-05-04 01:25:00+00:00,2026-05-04 01:30:00+00:00,2026-05-04 01:45:00+00:00,78613.550569,78972.331977,0.004563862151030662,0.004163862151030662,3,fixed_3b_exit,0,78585.86,4,0.6687443949436331,33.08244999999995,9.808639999999997,0.3720234393101028,-23.66282000000005,-36.62149000000001,0.004163862151030706,True,in_sample,3,15,low_cost,0.0006000000000000001
downtrend_highvol_forced_cover_signal,fixed_horizon,3,1455,1456,1459,2026-05-06 01:15:00+00:00,2026-05-06 01:20:00+00:00,2026-05-06 01:35:00+00:00,81295.72876,81311.887998,0.00019877105779708693,-0.0002012289422029131,3,fixed_3b_exit,0,81262.28,3,0.6651863353939748,42.08853999999991,17.0036,0.7348709129213267,140.70648999999992,-3.391340000000014,0.003961795319251671,False,in_sample,3,15,low_cost,0.0006000000000000001
downtrend_highvol_forced_cover_signal,fixed_horizon,3,1943,1944,1947,2026-05-07 17:55:00+00:00,2026-05-07 18:00:00+00:00,2026-05-07 18:15:00+00:00,80102.529452,80161.98300000001,0.000742218109799353,0.00034221810979935297,3,fixed_3b_exit,0,79948.66,3,0.6189537486851147,44.76761999999988,24.85457,0.4817457741150509,-4.215260000000111,-13.231220000000004,0.00430536922715663,True,in_sample,3,15,low_cost,0.0006000000000000001
downtrend_highvol_forced_cover_signal,fixed_horizon,3,2060,2061,2064,2026-05-08 03:40:00+00:00,2026-05-08 03:45:00+00:00,2026-05-08 04:00:00+00:00,79654.09461300001,79613.527851,-0.0005092865871754171,-0.000909286587175417,3,fixed_3b_exit,0,79642.55,3,0.6304708710788978,15.850759999999879,8.35204,0.4800779420691096,-2.3269900000001167,2.189230000000002,0.003392167825490233,False,in_sample,3,15,low_cost,0.0006000000000000001
downtrend_highvol_forced_cover_signal,fixed_horizon,3,3663,3664,3667,2026-05-13 17:15:00+00:00,2026-05-13 17:20:00+00:00,2026-05-13 17:35:00+00:00,79307.93,79348.674339,0.0005137486125286195,0.00011374861252861946,3,fixed_3b_exit,0,79238.6,4,0.5148592605461588,6.578969999999888,6.329630000000002,0.5562348550920974,11.38163999999989,-2.5967100000000087,0.0035063022924024523,True,in_sample,3,15,low_cost,0.0006000000000000001
downtrend_highvol_forced_cover_signal,fixed_horizon,3,3668,3669,3672,2026-05-13 17:40:00+00:00,2026-05-13 17:45:00+00:00,2026-05-13 18:00:00+00:00,79438.553061,79517.977407,0.0009998211565989124,0.0005998211565989124,3,fixed_3b_exit,0,79378.54,3,0.6538088297462873,31.68970999999989,20.30807,0.5654985014909409,15.233499999999886,28.097970000000007,0.004108226603297904,True,in_sample,3,15,low_cost,0.0006000000000000001
downtrend_highvol_forced_cover_signal,fixed_horizon,3,3673,3674,3677,2026-05-13 18:05:00+00:00,2026-05-13 18:10:00+00:00,2026-05-13 18:25:00+00:00,79605.68977299999,79760.00320199999,0.0019384723559336958,0.0015384723559336959,3,fixed_3b_exit,0,79596.27,3,0.6460493835505687,37.59474999999989,22.361250000000005,0.7352830367640512,168.82922999999988,60.50569999999999,0.005653019352292787,True,in_sample,3,15,low_cost,0.0006000000000000001
downtrend_highvol_forced_cover_signal,fixed_horizon,3,5090,5091,5094,2026-05-18 16:10:00+00:00,2026-05-18 16:15:00+00:00,2026-05-18 16:30:00+00:00,76516.870922,76376.26161,-0.0018376249617334528,-0.002237624961733453,3,fixed_3b_exit,0,76485.29,3,0.42926045439166727,-54.29889000000012,26.859699999999982,0.41276774070660327,-59.050470000000146,20.81410000000001,0.003402745053347589,False,in_sample,3,15,low_cost,0.0006000000000000001
downtrend_highvol_forced_cover_signal,fixed_horizon,3,6250,6251,6254,2026-05-22 16:50:00+00:00,2026-05-22 16:55:00+00:00,2026-05-22 17:10:00+00:00,77007.159946,76955.083722,-0.0006762517152498759,-0.001076251715249876,3,fixed_3b_exit,0,76975.1,5,0.7377154300753295,95.95592999999985,40.94180000000001,0.3055110304225956,-21.95684000000017,-1.587220000000002,0.002322831127897551,False,in_sample,3,15,low_cost,0.0006000000000000001
downtrend_highvol_forced_cover_signal,fixed_horizon,3,6816,6817,6820,2026-05-24 16:00:00+00:00,2026-05-24 16:05:00+00:00,2026-05-24 16:20:00+00:00,76576.346869,76603.418892,0.00035352983142833416,-4.647016857166586e-05,3,fixed_3b_exit,0,76539.38,4,0.5581474276006726,20.316409999999827,21.17819,0.658087915662823,34.65798999999982,-30.33794000000001,0.002276253016971763,False,in_sample,3,15,low_cost,0.0006000000000000001
downtrend_highvol_forced_cover_signal,fixed_horizon,3,881,882,885,2026-05-04 01:25:00+00:00,2026-05-04 01:30:00+00:00,2026-05-04 01:45:00+00:00,78621.411138,78964.433954,0.004362969463851396,0.003562969463851396,3,fixed_3b_exit,0,78585.86,4,0.6687443949436331,33.08244999999995,9.808639999999997,0.3720234393101028,-23.66282000000005,-36.62149000000001,0.003562969463851484,True,in_sample,3,15,base_cost,0.0012000000000000001
downtrend_highvol_forced_cover_signal,fixed_horizon,3,1455,1456,1459,2026-05-06 01:15:00+00:00,2026-05-06 01:20:00+00:00,2026-05-06 01:35:00+00:00,81303.85752,81303.755996,-1.248698439315632e-06,-0.0008012486984393157,3,fixed_3b_exit,0,81262.28,3,0.6651863353939748,42.08853999999991,17.0036,0.7348709129213267,140.70648999999992,-3.391340000000014,0.002758865940766686,False,in_sample,3,15,base_cost,0.0012000000000000001
downtrend_highvol_forced_cover_signal,fixed_horizon,3,1943,1944,1947,2026-05-07 17:55:00+00:00,2026-05-07 18:00:00+00:00,2026-05-07 18:15:00+00:00,80110.538904,80153.966,0.0005420896750181203,-0.0002579103249818797,3,fixed_3b_exit,0,79948.66,3,0.6189537486851147,44.76761999999988,24.85457,0.4817457741150509,-4.215260000000111,-13.231220000000004,0.002500244075773317,False,in_sample,3,15,base_cost,0.0012000000000000001
downtrend_highvol_forced_cover_signal,fixed_horizon,3,2060,2061,2064,2026-05-08 03:40:00+00:00,2026-05-08 03:45:00+00:00,2026-05-08 04:00:00+00:00,79662.059226,79605.565702,-0.0007091647460395478,-0.0015091647460395478,3,fixed_3b_exit,0,79642.55,3,0.6304708710788978,15.850759999999879,8.35204,0.4800779420691096,-2.3269900000001167,2.189230000000002,0.000987306049518022,False,in_sample,3,15,base_cost,0.0012000000000000001
downtrend_highvol_forced_cover_signal,fixed_horizon,3,3663,3664,3667,2026-05-13 17:15:00+00:00,2026-05-13 17:20:00+00:00,2026-05-13 17:35:00+00:00,79315.86,79340.73867800001,0.00031366586707881616,-0.0004863341329211839,3,fixed_3b_exit,0,79238.6,4,0.5148592605461588,6.578969999999888,6.329630000000002,0.5562348550920974,11.38163999999989,-2.5967100000000087,0.0005004917559652267,False,in_sample,3,15,base_cost,0.0012000000000000001
downtrend_highvol_forced_cover_signal,fixed_horizon,3,3668,3669,3672,2026-05-13 17:40:00+00:00,2026-05-13 17:45:00+00:00,2026-05-13 18:00:00+00:00,79446.496122,79510.02481399999,0.0007996412063591141,-3.5879364088597324e-07,3,fixed_3b_exit,0,79378.54,3,0.6538088297462873,31.68970999999989,20.30807,0.5654985014909409,15.233499999999886,28.097970000000007,0.0005001327827509616,False,in_sample,3,15,base_cost,0.0012000000000000001
downtrend_highvol_forced_cover_signal,fixed_horizon,3,3673,3674,3677,2026-05-13 18:05:00+00:00,2026-05-13 18:10:00+00:00,2026-05-13 18:25:00+00:00,79613.649546,79752.026404,0.0017381046942215317,0.0009381046942215316,3,fixed_3b_exit,0,79596.27,3,0.6460493835505687,37.59474999999989,22.361250000000005,0.7352830367640512,168.82922999999988,60.50569999999999,0.0014387066538839033,True,in_sample,3,15,base_cost,0.0012000000000000001
downtrend_highvol_forced_cover_signal,fixed_horizon,3,5090,5091,5094,2026-05-18 16:10:00+00:00,2026-05-18 16:15:00+00:00,2026-05-18 16:30:00+00:00,76524.521844,76368.62322,-0.0020372374794815906,-0.0028372374794815905,3,fixed_3b_exit,0,76485.29,3,0.42926045439166727,-54.29889000000012,26.859699999999982,0.41276774070660327,-59.050470000000146,20.81410000000001,-0.0014026127780381037,False,in_sample,3,15,base_cost,0.0012000000000000001
downtrend_highvol_forced_cover_signal,fixed_horizon,3,6250,6251,6254,2026-05-22 16:50:00+00:00,2026-05-22 16:55:00+00:00,2026-05-22 17:10:00+00:00,77014.85989200001,76947.387444,-0.0008760964844267694,-0.0016760964844267693,3,fixed_3b_exit,0,76975.1,5,0.7377154300753295,95.95592999999985,40.94180000000001,0.3055110304225956,-21.95684000000017,-1.587220000000002,-0.0030763583481185908,False,in_sample,3,15,base_cost,0.0012000000000000001
downtrend_highvol_forced_cover_signal,fixed_horizon,3,6816,6817,6820,2026-05-24 16:00:00+00:00,2026-05-24 16:05:00+00:00,2026-05-24 16:20:00+00:00,76584.003738,76595.757784,0.00015347912653163043,-0.0006465208734683696,3,fixed_3b_exit,0,76539.38,4,0.5581474276006726,20.316409999999827,21.17819,0.658087915662823,34.65798999999982,-30.33794000000001,-0.0037208902917006403,False,in_sample,3,15,base_cost,0.0012000000000000001
downtrend_highvol_forced_cover_signal,fixed_horizon,3,881,882,885,2026-05-04 01:25:00+00:00,2026-05-04 01:30:00+00:00,2026-05-04 01:45:00+00:00,78629.27170699999,78956.535931,0.0041621169431598215,0.002962116943159822,3,fixed_3b_exit,0,78585.86,4,0.6687443949436331,33.08244999999995,9.808639999999997,0.3720234393101028,-23.66282000000005,-36.62149000000001,0.0029621169431597316,True,in_sample,3,15,high_cost,0.0018
downtrend_highvol_forced_cover_signal,fixed_horizon,3,1455,1456,1459,2026-05-06 01:15:00+00:00,2026-05-06 01:20:00+00:00,2026-05-06 01:35:00+00:00,81311.98628,81295.62399400001,-0.00020122846272185857,-0.0014012284627218585,3,fixed_3b_exit,0,81262.28,3,0.6651863353939748,42.08853999999991,17.0036,0.7348709129213267,140.70648999999992,-3.391340000000014,0.0015567378778671426,False,in_sample,3,15,high_cost,0.0018
downtrend_highvol_forced_cover_signal,fixed_horizon,3,1943,1944,1947,2026-05-07 17:55:00+00:00,2026-05-07 18:00:00+00:00,2026-05-07 18:15:00+00:00,80118.548356,80145.94900000001,0.00034200125392014336,-0.0008579987460798565,3,fixed_3b_exit,0,79948.66,3,0.6189537486851147,44.76761999999988,24.85457,0.4817457741150509,-4.215260000000111,-13.231220000000004,0.0006974034526401329,False,in_sample,3,15,high_cost,0.0018
downtrend_highvol_forced_cover_signal,fixed_horizon,3,2060,2061,2064,2026-05-08 03:40:00+00:00,2026-05-08 03:45:00+00:00,2026-05-08 04:00:00+00:00,79670.023839,79597.60355300001,-0.0009090029412610612,-0.002109002941261061,3,fixed_3b_exit,0,79642.55,3,0.6304708710788978,15.850759999999879,8.35204,0.4800779420691096,-2.3269900000001167,2.189230000000002,-0.0014130703145537327,False,in_sample,3,15,high_cost,0.0018
downtrend_highvol_forced_cover_signal,fixed_horizon,3,3663,3664,3667,2026-05-13 17:15:00+00:00,2026-05-13 17:20:00+00:00,2026-05-13 17:35:00+00:00,79323.79,79332.803017,0.0001136231261769094,-0.0010863768738230905,3,fixed_3b_exit,0,79238.6,4,0.5148592605461588,6.578969999999888,6.329630000000002,0.5562348550920974,11.38163999999989,-2.5967100000000087,-0.00249791206146599,False,in_sample,3,15,high_cost,0.0018
downtrend_highvol_forced_cover_signal,fixed_horizon,3,3668,3669,3672,2026-05-13 17:40:00+00:00,2026-05-13 17:45:00+00:00,2026-05-13 18:00:00+00:00,79454.439183,79502.072221,0.0005995012801021105,-0.0006004987198978894,3,fixed_3b_exit,0,79378.54,3,0.6538088297462873,31.68970999999989,20.30807,0.5654985014909409,15.233499999999886,28.097970000000007,-0.00309691078836849,False,in_sample,3,15,high_cost,0.0018
downtrend_highvol_forced_cover_signal,fixed_horizon,3,3673,3674,3677,2026-05-13 18:05:00+00:00,2026-05-13 18:10:00+00:00,2026-05-13 18:25:00+00:00,79621.609319,79744.049606,0.0015377770940230295,0.00033777709402302964,3,fixed_3b_exit,0,79596.27,3,0.6460493835505687,37.59474999999989,22.361250000000005,0.7352830367640512,168.82922999999988,60.50569999999999,-0.0027601797598720834,True,in_sample,3,15,high_cost,0.0018
downtrend_highvol_forced_cover_signal,fixed_horizon,3,5090,5091,5094,2026-05-18 16:10:00+00:00,2026-05-18 16:15:00+00:00,2026-05-18 16:30:00+00:00,76532.172766,76360.98483,-0.0022368100866992924,-0.003436810086699292,3,fixed_3b_exit,0,76485.29,3,0.42926045439166727,-54.29889000000012,26.859699999999982,0.41276774070660327,-59.050470000000146,20.81410000000001,-0.006187503632931524,False,in_sample,3,15,high_cost,0.0018
downtrend_highvol_forced_cover_signal,fixed_horizon,3,6250,6251,6254,2026-05-22 16:50:00+00:00,2026-05-22 16:55:00+00:00,2026-05-22 17:10:00+00:00,77022.559838,76939.691166,-0.0010759012966369275,-0.002275901296636927,3,fixed_3b_exit,0,76975.1,5,0.7377154300753295,95.95592999999985,40.94180000000001,0.3055110304225956,-21.95684000000017,-1.587220000000002,-0.008449322782027258,False,in_sample,3,15,high_cost,0.0018
downtrend_highvol_forced_cover_signal,fixed_horizon,3,6816,6817,6820,2026-05-24 16:00:00+00:00,2026-05-24 16:05:00+00:00,2026-05-24 16:20:00+00:00,76591.660607,76588.096676,-4.6531580223607705e-05,-0.0012465315802236076,3,fixed_3b_exit,0,76539.38,4,0.5581474276006726,20.316409999999827,21.17819,0.658087915662823,34.65798999999982,-30.33794000000001,-0.009685322014571507,False,in_sample,3,15,high_cost,0.0018
downtrend_highvol_forced_cover_signal,fixed_horizon,6,881,882,888,2026-05-04 01:25:00+00:00,2026-05-04 01:30:00+00:00,2026-05-04 02:00:00+00:00,78605.69,79730.01,0.01430329025799515,0.01430329025799515,6,fixed_6b_exit,0,78585.86,4,0.6687443949436331,33.08244999999995,9.808639999999997,0.6352006666777386,469.0757900000001,227.35783000000006,0.01430329025799515,True,in_sample,6,30,no_cost,0.0
downtrend_highvol_forced_cover_signal,fixed_horizon,6,1455,1456,1462,2026-05-06 01:15:00+00:00,2026-05-06 01:20:00+00:00,2026-05-06 01:50:00+00:00,81287.6,81446.69,0.001957125071966548,0.001957125071966548,6,fixed_6b_exit,0,81262.28,3,0.6651863353939748,42.08853999999991,17.0036,0.7336136632052164,113.39374999999993,50.06621000000001,0.016288408657937126,True,in_sample,6,30,no_cost,0.0
downtrend_highvol_forced_cover_signal,fixed_horizon,6,1943,1944,1950,2026-05-07 17:55:00+00:00,2026-05-07 18:00:00+00:00,2026-05-07 18:30:00+00:00,80094.52,80183.58,0.0011119362473237526,0.0011119362473237526,6,fixed_6b_exit,0,79948.66,3,0.6189537486851147,44.76761999999988,24.85457,0.381618218752479,-19.751020000000118,1.8678599999999967,0.017418456577258823,True,in_sample,6,30,no_cost,0.0
downtrend_highvol_forced_cover_signal,fixed_horizon,6,2060,2061,2067,2026-05-08 03:40:00+00:00,2026-05-08 03:45:00+00:00,2026-05-08 04:15:00+00:00,79646.13,79726.1,0.001004066362044309,0.001004066362044309,6,fixed_6b_exit,0,79642.55,3,0.6304708710788978,15.850759999999879,8.35204,0.6133239405128232,17.556919999999888,5.44652,0.018440012225631186,True,in_sample,6,30,no_cost,0.0
downtrend_highvol_forced_cover_signal,fixed_horizon,6,3663,3664,3670,2026-05-13 17:15:00+00:00,2026-05-13 17:20:00+00:00,2026-05-13 17:50:00+00:00,79300.0,79466.06,0.0020940731399747836,0.0020940731399747836,6,fixed_6b_exit,0,79238.6,4,0.5148592605461588,6.578969999999888,6.329630000000002,0.5044565417775443,1.2024099999998832,-0.3366399999999956,0.020572700099908525,True,in_sample,6,30,no_cost,0.0
downtrend_highvol_forced_cover_signal,fixed_horizon,6,3673,3674,3680,2026-05-13 18:05:00+00:00,2026-05-13 18:10:00+00:00,2026-05-13 18:40:00+00:00,79597.73,79647.29,0.0006226308212557985,0.0006226308212557985,6,fixed_6b_exit,0,79596.27,3,0.6460493835505687,37.59474999999989,22.361250000000005,0.47507059030493065,-7.726000000000123,-52.70878999999999,0.02120814011832306,True,in_sample,6,30,no_cost,0.0
downtrend_highvol_forced_cover_signal,fixed_horizon,6,5090,5091,5097,2026-05-18 16:10:00+00:00,2026-05-18 16:15:00+00:00,2026-05-18 16:45:00+00:00,76509.22,76434.07,-0.000982234559442574,-0.000982234559442574,6,fixed_6b_exit,0,76485.29,3,0.42926045439166727,-54.29889000000012,26.859699999999982,0.4037640648923462,-50.009200000000135,-33.01601,0.02020507419071471,False,in_sample,6,30,no_cost,0.0
downtrend_highvol_forced_cover_signal,fixed_horizon,6,6250,6251,6257,2026-05-22 16:50:00+00:00,2026-05-22 16:55:00+00:00,2026-05-22 17:25:00+00:00,76999.46,77060.14,0.0007880574746887969,0.0007880574746887969,6,fixed_6b_exit,0,76975.1,5,0.7377154300753295,95.95592999999985,40.94180000000001,0.4570672019247461,-12.081480000000163,17.928110000000004,0.021009054425146223,True,in_sample,6,30,no_cost,0.0
downtrend_highvol_forced_cover_signal,fixed_horizon,6,6816,6817,6823,2026-05-24 16:00:00+00:00,2026-05-24 16:05:00+00:00,2026-05-24 16:35:00+00:00,76568.69,76515.19,-0.0006987190194843729,-0.0006987190194843729,6,fixed_6b_exit,0,76539.38,4,0.5581474276006726,20.316409999999827,21.17819,0.38474529050023554,-14.652730000000169,-8.439409999999999,0.02029565597975358,False,in_sample,6,30,no_cost,0.0
downtrend_highvol_forced_cover_signal,fixed_horizon,6,881,882,888,2026-05-04 01:25:00+00:00,2026-05-04 01:30:00+00:00,2026-05-04 02:00:00+00:00,78613.550569,79722.03699899999,0.014100449883980959,0.01370044988398096,6,fixed_6b_exit,0,78585.86,4,0.6687443949436331,33.08244999999995,9.808639999999997,0.6352006666777386,469.0757900000001,227.35783000000006,0.013700449883981003,True,in_sample,6,30,low_cost,0.0006000000000000001
downtrend_highvol_forced_cover_signal,fixed_horizon,6,1455,1456,1462,2026-05-06 01:15:00+00:00,2026-05-06 01:20:00+00:00,2026-05-06 01:50:00+00:00,81295.72876,81438.545331,0.001756753684091228,0.001356753684091228,6,fixed_6b_exit,0,81262.28,3,0.6651863353939748,42.08853999999991,17.0036,0.7336136632052164,113.39374999999993,50.06621000000001,0.015075791703926145,True,in_sample,6,30,low_cost,0.0006000000000000001
downtrend_highvol_forced_cover_signal,fixed_horizon,6,1943,1944,1950,2026-05-07 17:55:00+00:00,2026-05-07 18:00:00+00:00,2026-05-07 18:30:00+00:00,80102.529452,80175.561642,0.0009117338803110719,0.000511733880311072,6,fixed_6b_exit,0,79948.66,3,0.6189537486851147,44.76761999999988,24.85457,0.381618218752479,-19.751020000000118,1.8678599999999967,0.01559524037762472,True,in_sample,6,30,low_cost,0.0006000000000000001
downtrend_highvol_forced_cover_signal,fixed_horizon,6,2060,2061,2067,2026-05-08 03:40:00+00:00,2026-05-08 03:45:00+00:00,2026-05-08 04:15:00+00:00,79654.09461300001,79718.12739000001,0.0008038855668512923,0.0004038855668512923,6,fixed_6b_exit,0,79642.55,3,0.6304708710788978,15.850759999999879,8.35204,0.6133239405128232,17.556919999999888,5.44652,0.016005424636976073,True,in_sample,6,30,low_cost,0.0006000000000000001
downtrend_highvol_forced_cover_signal,fixed_horizon,6,3663,3664,3670,2026-05-13 17:15:00+00:00,2026-05-13 17:20:00+00:00,2026-05-13 17:50:00+00:00,79307.93,79458.113394,0.0018936743652242516,0.0014936743652242516,6,fixed_6b_exit,0,79238.6,4,0.5148592605461588,6.578969999999888,6.329630000000002,0.5044565417775443,1.2024099999998832,-0.3366399999999956,0.01752300589468514,True,in_sample,6,30,low_cost,0.0006000000000000001
downtrend_highvol_forced_cover_signal,fixed_horizon,6,3673,3674,3680,2026-05-13 18:05:00+00:00,2026-05-13 18:10:00+00:00,2026-05-13 18:40:00+00:00,79605.68977299999,79639.325271,0.0004225263055432915,2.2526305543291495e-05,6,fixed_6b_exit,0,79596.27,3,0.6460493835505687,37.59474999999989,22.361250000000005,0.47507059030493065,-7.726000000000123,-52.70878999999999,0.017545926928813405,True,in_sample,6,30,low_cost,0.0006000000000000001
downtrend_highvol_forced_cover_signal,fixed_horizon,6,5090,5091,5097,2026-05-18 16:10:00+00:00,2026-05-18 16:15:00+00:00,2026-05-18 16:45:00+00:00,76516.870922,76426.42659300001,-0.0011820181341731795,-0.0015820181341731794,6,fixed_6b_exit,0,76485.29,3,0.42926045439166727,-54.29889000000012,26.859699999999982,0.4037640648923462,-50.009200000000135,-33.01601,0.015936150820057948,False,in_sample,6,30,low_cost,0.0006000000000000001
downtrend_highvol_forced_cover_signal,fixed_horizon,6,6250,6251,6257,2026-05-22 16:50:00+00:00,2026-05-22 16:55:00+00:00,2026-05-22 17:25:00+00:00,77007.159946,77052.433986,0.0005879198769536131,0.00018791987695361312,6,fixed_6b_exit,0,76975.1,5,0.7377154300753295,95.95592999999985,40.94180000000001,0.4570672019247461,-12.081480000000163,17.928110000000004,0.016127065416512876,True,in_sample,6,30,low_cost,0.0006000000000000001
downtrend_highvol_forced_cover_signal,fixed_horizon,6,6816,6817,6823,2026-05-24 16:00:00+00:00,2026-05-24 16:05:00+00:00,2026-05-24 16:35:00+00:00,76576.346869,76507.538481,-0.0008985592916532781,-0.001298559291653278,6,fixed_6b_exit,0,76539.38,4,0.5581474276006726,20.316409999999827,21.17819,0.38474529050023554,-14.652730000000169,-8.439409999999999,0.014807564174216026,False,in_sample,6,30,low_cost,0.0006000000000000001
downtrend_highvol_forced_cover_signal,fixed_horizon,6,881,882,888,2026-05-04 01:25:00+00:00,2026-05-04 01:30:00+00:00,2026-05-04 02:00:00+00:00,78621.411138,79714.063998,0.013897650069929712,0.013097650069929712,6,fixed_6b_exit,0,78585.86,4,0.6687443949436331,33.08244999999995,9.808639999999997,0.6352006666777386,469.0757900000001,227.35783000000006,0.0130976500699298,True,in_sample,6,30,base_cost,0.0012000000000000001
downtrend_highvol_forced_cover_signal,fixed_horizon,6,1455,1456,1462,2026-05-06 01:15:00+00:00,2026-05-06 01:20:00+00:00,2026-05-06 01:50:00+00:00,81303.85752,81430.400662,0.0015564223624797702,0.0007564223624797701,6,fixed_6b_exit,0,81262.28,3,0.6651863353939748,42.08853999999991,17.0036,0.7336136632052164,113.39374999999993,50.06621000000001,0.013863979787818392,True,in_sample,6,30,base_cost,0.0012000000000000001
downtrend_highvol_forced_cover_signal,fixed_horizon,6,1943,1944,1950,2026-05-07 17:55:00+00:00,2026-05-07 18:00:00+00:00,2026-05-07 18:30:00+00:00,80110.538904,80167.543284,0.0007115715457650662,-8.842845423493383e-05,6,fixed_6b_exit,0,79948.66,3,0.6189537486851147,44.76761999999988,24.85457,0.381618218752479,-19.751020000000118,1.8678599999999967,0.013774325363281159,False,in_sample,6,30,base_cost,0.0012000000000000001
downtrend_highvol_forced_cover_signal,fixed_horizon,6,2060,2061,2067,2026-05-08 03:40:00+00:00,2026-05-08 03:45:00+00:00,2026-05-08 04:15:00+00:00,79662.059226,79710.15478000001,0.0006037447998119561,-0.00019625520018804398,6,fixed_6b_exit,0,79642.55,3,0.6304708710788978,15.850759999999879,8.35204,0.6133239405128232,17.556919999999888,5.44652,0.013575366880111517,False,in_sample,6,30,base_cost,0.0012000000000000001
downtrend_highvol_forced_cover_signal,fixed_horizon,6,3663,3664,3670,2026-05-13 17:15:00+00:00,2026-05-13 17:20:00+00:00,2026-05-13 17:50:00+00:00,79315.86,79450.166788,0.001693315662214312,0.0008933156622143119,6,fixed_6b_exit,0,79238.6,4,0.5148592605461588,6.578969999999888,6.329630000000002,0.5044565417775443,1.2024099999998832,-0.3366399999999956,0.01448080963018028,True,in_sample,6,30,base_cost,0.0012000000000000001
downtrend_highvol_forced_cover_signal,fixed_horizon,6,3673,3674,3680,2026-05-13 18:05:00+00:00,2026-05-13 18:10:00+00:00,2026-05-13 18:40:00+00:00,79613.649546,79631.360542,0.0002224618027308889,-0.0005775381972691111,6,fixed_6b_exit,0,79596.27,3,0.6460493835505687,37.59474999999989,22.361250000000005,0.47507059030493065,-7.726000000000123,-52.70878999999999,0.01389490821222239,False,in_sample,6,30,base_cost,0.0012000000000000001
downtrend_highvol_forced_cover_signal,fixed_horizon,6,5090,5091,5097,2026-05-18 16:10:00+00:00,2026-05-18 16:15:00+00:00,2026-05-18 16:45:00+00:00,76524.521844,76418.78318600002,-0.0013817617601785681,-0.002181761760178568,6,fixed_6b_exit,0,76485.29,3,0.42926045439166727,-54.29889000000012,26.859699999999982,0.4037640648923462,-50.009200000000135,-33.01601,0.011682831072645117,False,in_sample,6,30,base_cost,0.0012000000000000001
downtrend_highvol_forced_cover_signal,fixed_horizon,6,6250,6251,6257,2026-05-22 16:50:00+00:00,2026-05-22 16:55:00+00:00,2026-05-22 17:25:00+00:00,77014.85989200001,77044.72797200001,0.00038782229873413065,-0.0004121777012658694,6,fixed_6b_exit,0,76975.1,5,0.7377154300753295,95.95592999999985,40.94180000000001,0.4570672019247461,-12.081480000000163,17.928110000000004,0.011265837968923442,False,in_sample,6,30,base_cost,0.0012000000000000001
downtrend_highvol_forced_cover_signal,fixed_horizon,6,6816,6817,6823,2026-05-24 16:00:00+00:00,2026-05-24 16:05:00+00:00,2026-05-24 16:35:00+00:00,76584.003738,76499.886962,-0.001098359603759591,-0.001898359603759591,6,fixed_6b_exit,0,76539.38,4,0.5581474276006726,20.316409999999827,21.17819,0.38474529050023554,-14.652730000000169,-8.439409999999999,0.009346091753461128,False,in_sample,6,30,base_cost,0.0012000000000000001
downtrend_highvol_forced_cover_signal,fixed_horizon,6,881,882,888,2026-05-04 01:25:00+00:00,2026-05-04 01:30:00+00:00,2026-05-04 02:00:00+00:00,78629.27170699999,79706.09099699999,0.013694890803676918,0.012494890803676918,6,fixed_6b_exit,0,78585.86,4,0.6687443949436331,33.08244999999995,9.808639999999997,0.6352006666777386,469.0757900000001,227.35783000000006,0.012494890803676828,True,in_sample,6,30,high_cost,0.0018
downtrend_highvol_forced_cover_signal,fixed_horizon,6,1455,1456,1462,2026-05-06 01:15:00+00:00,2026-05-06 01:20:00+00:00,2026-05-06 01:50:00+00:00,81311.98628,81422.255993,0.001356131095116675,0.00015613109511667506,6,fixed_6b_exit,0,81262.28,3,0.6651863353939748,42.08853999999991,17.0036,0.7336136632052164,113.39374999999993,50.06621000000001,0.012652972739777946,True,in_sample,6,30,high_cost,0.0018
downtrend_highvol_forced_cover_signal,fixed_horizon,6,1943,1944,1950,2026-05-07 17:55:00+00:00,2026-05-07 18:00:00+00:00,2026-05-07 18:30:00+00:00,80118.548356,80159.524926,0.0005114492316800057,-0.0006885507683199942,6,fixed_6b_exit,0,79948.66,3,0.6189537486851147,44.76761999999988,24.85457,0.381618218752479,-19.751020000000118,1.8678599999999967,0.01195570975735638,False,in_sample,6,30,high_cost,0.0018
downtrend_highvol_forced_cover_signal,fixed_horizon,6,2060,2061,2067,2026-05-08 03:40:00+00:00,2026-05-08 03:45:00+00:00,2026-05-08 04:15:00+00:00,79670.023839,79702.18217000001,0.0004036440489210147,-0.0007963559510789852,6,fixed_6b_exit,0,79642.55,3,0.6304708710788978,15.850759999999879,8.35204,0.6133239405128232,17.556919999999888,5.44652,0.01114983280566273,False,in_sample,6,30,high_cost,0.0018
downtrend_highvol_forced_cover_signal,fixed_horizon,6,3663,3664,3670,2026-05-13 17:15:00+00:00,2026-05-13 17:20:00+00:00,2026-05-13 17:50:00+00:00,79323.79,79442.220182,0.0014929970189272446,0.0002929970189272447,6,fixed_6b_exit,0,79238.6,4,0.5148592605461588,6.578969999999888,6.329630000000002,0.5044565417775443,1.2024099999998832,-0.3366399999999956,0.011446096692363517,True,in_sample,6,30,high_cost,0.0018
downtrend_highvol_forced_cover_signal,fixed_horizon,6,3673,3674,3680,2026-05-13 18:05:00+00:00,2026-05-13 18:10:00+00:00,2026-05-13 18:40:00+00:00,79621.609319,79623.395813,2.2437300819300177e-05,-0.0011775626991806997,6,fixed_6b_exit,0,79596.27,3,0.6460493835505687,37.59474999999989,22.361250000000005,0.47507059030493065,-7.726000000000123,-52.70878999999999,0.01025505549666672,False,in_sample,6,30,high_cost,0.0018
downtrend_highvol_forced_cover_signal,fixed_horizon,6,5090,5091,5097,2026-05-18 16:10:00+00:00,2026-05-18 16:15:00+00:00,2026-05-18 16:45:00+00:00,76532.172766,76411.139779,-0.0015814654494399338,-0.0027814654494399335,6,fixed_6b_exit,0,76485.29,3,0.42926045439166727,-54.29889000000012,26.859699999999982,0.4037640648923462,-50.009200000000135,-33.01601,0.007445065964680753,False,in_sample,6,30,high_cost,0.0018
downtrend_highvol_forced_cover_signal,fixed_horizon,6,6250,6251,6257,2026-05-22 16:50:00+00:00,2026-05-22 16:55:00+00:00,2026-05-22 17:25:00+00:00,77022.559838,77037.021958,0.0001877647280279504,-0.0010122352719720495,6,fixed_6b_exit,0,76975.1,5,0.7377154300753295,95.95592999999985,40.94180000000001,0.4570672019247461,-12.081480000000163,17.928110000000004,0.006425294534337045,False,in_sample,6,30,high_cost,0.0018
downtrend_highvol_forced_cover_signal,fixed_horizon,6,6816,6817,6823,2026-05-24 16:00:00+00:00,2026-05-24 16:05:00+00:00,2026-05-24 16:35:00+00:00,76591.660607,76492.235443,-0.0012981199677881694,-0.002498119967788169,6,fixed_6b_exit,0,76539.38,4,0.5581474276006726,20.316409999999827,21.17819,0.38474529050023554,-14.652730000000169,-8.439409999999999,0.0039111234099737935,False,in_sample,6,30,high_cost,0.0018
downtrend_highvol_forced_cover_signal,fixed_horizon,9,881,882,891,2026-05-04 01:25:00+00:00,2026-05-04 01:30:00+00:00,2026-05-04 02:15:00+00:00,78605.69,79876.4,0.016165623633607185,0.016165623633607185,9,fixed_9b_exit,0,78585.86,4,0.6687443949436331,33.08244999999995,9.808639999999997,0.5023635323455579,2.055419999999941,-232.88360000000006,0.016165623633607185,True,in_sample,9,45,no_cost,0.0
downtrend_highvol_forced_cover_signal,fixed_horizon,9,1455,1456,1465,2026-05-06 01:15:00+00:00,2026-05-06 01:20:00+00:00,2026-05-06 02:05:00+00:00,81287.6,81321.49,0.00041691475698635294,0.00041691475698635294,9,fixed_9b_exit,0,81262.28,3,0.6651863353939748,42.08853999999991,17.0036,0.5356851956520801,14.136129999999909,-62.85591000000002,0.01658927807764221,True,in_sample,9,45,no_cost,0.0
downtrend_highvol_forced_cover_signal,fixed_horizon,9,1943,1944,1953,2026-05-07 17:55:00+00:00,2026-05-07 18:00:00+00:00,2026-05-07 18:45:00+00:00,80094.52,80063.75,-0.00038417110184318926,-0.00038417110184318926,9,fixed_9b_exit,0,79948.66,3,0.6189537486851147,44.76761999999988,24.85457,0.3539135307365563,-47.526910000000115,-11.123429999999999,0.016198733854561054,False,in_sample,9,45,no_cost,0.0
downtrend_highvol_forced_cover_signal,fixed_horizon,9,2060,2061,2070,2026-05-08 03:40:00+00:00,2026-05-08 03:45:00+00:00,2026-05-08 04:30:00+00:00,79646.13,79657.17,0.0001386131378886546,0.0001386131378886546,9,fixed_9b_exit,0,79642.55,3,0.6304708710788978,15.850759999999879,8.35204,0.5546565348799789,11.696269999999885,-26.63769,0.01633959234977911,True,in_sample,9,45,no_cost,0.0
downtrend_highvol_forced_cover_signal,fixed_horizon,9,3663,3664,3673,2026-05-13 17:15:00+00:00,2026-05-13 17:20:00+00:00,2026-05-13 18:05:00+00:00,79300.0,79597.74,0.0037546027742749732,0.0037546027742749732,9,fixed_9b_exit,0,79238.6,4,0.5148592605461588,6.578969999999888,6.329630000000002,0.6460493835505687,37.59474999999989,22.361250000000005,0.02015554380282114,True,in_sample,9,45,no_cost,0.0
downtrend_highvol_forced_cover_signal,fixed_horizon,9,5090,5091,5100,2026-05-18 16:10:00+00:00,2026-05-18 16:15:00+00:00,2026-05-18 17:00:00+00:00,76509.22,76546.0,0.00048072637520024664,0.00048072637520024664,9,fixed_9b_exit,0,76485.29,3,0.42926045439166727,-54.29889000000012,26.859699999999982,0.3784335264637711,-49.47666000000014,40.35258999999999,0.02064595947953385,True,in_sample,9,45,no_cost,0.0
downtrend_highvol_forced_cover_signal,fixed_horizon,9,6250,6251,6260,2026-05-22 16:50:00+00:00,2026-05-22 16:55:00+00:00,2026-05-22 17:40:00+00:00,76999.46,76970.01,-0.00038247021472637144,-0.00038247021472637144,9,fixed_9b_exit,0,76975.1,5,0.7377154300753295,95.95592999999985,40.94180000000001,0.6819704111135954,24.648539999999837,-16.545290000000005,0.02025559280025213,False,in_sample,9,45,no_cost,0.0
downtrend_highvol_forced_cover_signal,fixed_horizon,9,6816,6817,6826,2026-05-24 16:00:00+00:00,2026-05-24 16:05:00+00:00,2026-05-24 16:50:00+00:00,76568.69,76635.25,0.0008692848212499271,0.0008692848212499271,9,fixed_9b_exit,0,76539.38,4,0.5581474276006726,20.316409999999827,21.17819,0.6356270785794281,8.50776999999983,10.297429999999999,0.021142485500868835,True,in_sample,9,45,no_cost,0.0
downtrend_highvol_forced_cover_signal,fixed_horizon,9,881,882,891,2026-05-04 01:25:00+00:00,2026-05-04 01:30:00+00:00,2026-05-04 02:15:00+00:00,78613.550569,79868.41236,0.01596241083016081,0.015562410830160812,9,fixed_9b_exit,0,78585.86,4,0.6687443949436331,33.08244999999995,9.808639999999997,0.5023635323455579,2.055419999999941,-232.88360000000006,0.015562410830160855,True,in_sample,9,45,low_cost,0.0006000000000000001
downtrend_highvol_forced_cover_signal,fixed_horizon,9,1455,1456,1465,2026-05-06 01:15:00+00:00,2026-05-06 01:20:00+00:00,2026-05-06 02:05:00+00:00,81295.72876,81313.35785100001,0.00021685138037264018,-0.00018314861962735984,9,fixed_9b_exit,0,81262.28,3,0.6651863353939748,42.08853999999991,17.0036,0.5356851956520801,14.136129999999909,-62.85591000000002,0.015376411976471882,False,in_sample,9,45,low_cost,0.0006000000000000001
downtrend_highvol_forced_cover_signal,fixed_horizon,9,1943,1944,1953,2026-05-07 17:55:00+00:00,2026-05-07 18:00:00+00:00,2026-05-07 18:45:00+00:00,80102.529452,80055.743625,-0.0005840742773052243,-0.0009840742773052243,9,fixed_9b_exit,0,79948.66,3,0.6189537486851147,44.76761999999988,24.85457,0.3539135307365563,-47.526910000000115,-11.123429999999999,0.01437720616766347,False,in_sample,9,45,low_cost,0.0006000000000000001
downtrend_highvol_forced_cover_signal,fixed_horizon,9,2060,2061,2070,2026-05-08 03:40:00+00:00,2026-05-08 03:45:00+00:00,2026-05-08 04:30:00+00:00,79654.09461300001,79649.204283,-6.139458396670072e-05,-0.00046139458396670074,9,fixed_9b_exit,0,79642.55,3,0.6304708710788978,15.850759999999879,8.35204,0.5546565348799789,11.696269999999885,-26.63769,0.013909178018638446,False,in_sample,9,45,low_cost,0.0006000000000000001
downtrend_highvol_forced_cover_signal,fixed_horizon,9,3663,3664,3673,2026-05-13 17:15:00+00:00,2026-05-13 17:20:00+00:00,2026-05-13 18:05:00+00:00,79307.93,79589.780226,0.003553871926804897,0.0031538719268048966,9,fixed_9b_exit,0,79238.6,4,0.5148592605461588,6.578969999999888,6.329630000000002,0.6460493835505687,37.59474999999989,22.361250000000005,0.017106917711521286,True,in_sample,9,45,low_cost,0.0006000000000000001
downtrend_highvol_forced_cover_signal,fixed_horizon,9,5090,5091,5100,2026-05-18 16:10:00+00:00,2026-05-18 16:15:00+00:00,2026-05-18 17:00:00+00:00,76516.870922,76538.3454,0.0002806502375389819,-0.00011934976246101814,9,fixed_9b_exit,0,76485.29,3,0.42926045439166727,-54.29889000000012,26.859699999999982,0.3784335264637711,-49.47666000000014,40.35258999999999,0.01698552624249494,False,in_sample,9,45,low_cost,0.0006000000000000001
downtrend_highvol_forced_cover_signal,fixed_horizon,9,6250,6251,6260,2026-05-22 16:50:00+00:00,2026-05-22 16:55:00+00:00,2026-05-22 17:40:00+00:00,77007.159946,76962.312999,-0.0005823737303316534,-0.0009823737303316534,9,fixed_9b_exit,0,76975.1,5,0.7377154300753295,95.95592999999985,40.94180000000001,0.6819704111135954,24.648539999999837,-16.545290000000005,0.015986466377386765,False,in_sample,9,45,low_cost,0.0006000000000000001
downtrend_highvol_forced_cover_signal,fixed_horizon,9,6816,6817,6826,2026-05-24 16:00:00+00:00,2026-05-24 16:05:00+00:00,2026-05-24 16:50:00+00:00,76576.346869,76627.586475,0.0006691309796700295,0.00026913097967002953,9,fixed_9b_exit,0,76539.38,4,0.5581474276006726,20.316409999999827,21.17819,0.6356270785794281,8.50776999999983,10.297429999999999,0.016259899810414424,True,in_sample,9,45,low_cost,0.0006000000000000001
downtrend_highvol_forced_cover_signal,fixed_horizon,9,881,882,891,2026-05-04 01:25:00+00:00,2026-05-04 01:30:00+00:00,2026-05-04 02:15:00+00:00,78621.411138,79860.42472,0.015759238661148256,0.014959238661148256,9,fixed_9b_exit,0,78585.86,4,0.6687443949436331,33.08244999999995,9.808639999999997,0.5023635323455579,2.055419999999941,-232.88360000000006,0.014959238661148344,True,in_sample,9,45,base_cost,0.0012000000000000001
downtrend_highvol_forced_cover_signal,fixed_horizon,9,1455,1456,1465,2026-05-06 01:15:00+00:00,2026-05-06 01:20:00+00:00,2026-05-06 02:05:00+00:00,81303.85752,81305.22570200001,1.6828008433389385e-05,-0.0007831719915666107,9,fixed_9b_exit,0,81262.28,3,0.6651863353939748,42.08853999999991,17.0036,0.5356851956520801,14.136129999999909,-62.85591000000002,0.014164351012847076,False,in_sample,9,45,base_cost,0.0012000000000000001
downtrend_highvol_forced_cover_signal,fixed_horizon,9,1943,1944,1953,2026-05-07 17:55:00+00:00,2026-05-07 18:00:00+00:00,2026-05-07 18:45:00+00:00,80110.538904,80047.73725,-0.0007839374801267285,-0.0015839374801267284,9,fixed_9b_exit,0,79948.66,3,0.6189537486851147,44.76761999999988,24.85457,0.3539135307365563,-47.526910000000115,-11.123429999999999,0.012557978086269461,False,in_sample,9,45,base_cost,0.0012000000000000001
downtrend_highvol_forced_cover_signal,fixed_horizon,9,2060,2061,2070,2026-05-08 03:40:00+00:00,2026-05-08 03:45:00+00:00,2026-05-08 04:30:00+00:00,79662.059226,79641.238566,-0.0002613623122762476,-0.0010613623122762476,9,fixed_9b_exit,0,79642.55,3,0.6304708710788978,15.850759999999879,8.35204,0.5546565348799789,11.696269999999885,-26.63769,0.011483287209334003,False,in_sample,9,45,base_cost,0.0012000000000000001
downtrend_highvol_forced_cover_signal,fixed_horizon,9,3663,3664,3673,2026-05-13 17:15:00+00:00,2026-05-13 17:20:00+00:00,2026-05-13 18:05:00+00:00,79315.86,79581.820452,0.0033531812174765196,0.0025531812174765197,9,fixed_9b_exit,0,79238.6,4,0.5148592605461588,6.578969999999888,6.329630000000002,0.6460493835505687,37.59474999999989,22.361250000000005,0.01406578734002828,True,in_sample,9,45,base_cost,0.0012000000000000001
downtrend_highvol_forced_cover_signal,fixed_horizon,9,5090,5091,5100,2026-05-18 16:10:00+00:00,2026-05-18 16:15:00+00:00,2026-05-18 17:00:00+00:00,76524.521844,76530.6908,8.061410710369366e-05,-0.0007193858928963064,9,fixed_9b_exit,0,76485.29,3,0.42926045439166727,-54.29889000000012,26.859699999999982,0.3784335264637711,-49.47666000000014,40.35258999999999,0.01333628271814713,False,in_sample,9,45,base_cost,0.0012000000000000001
downtrend_highvol_forced_cover_signal,fixed_horizon,9,6250,6251,6260,2026-05-22 16:50:00+00:00,2026-05-22 16:55:00+00:00,2026-05-22 17:40:00+00:00,77014.85989200001,76954.615998,-0.0007822372732287919,-0.0015822372732287918,9,fixed_9b_exit,0,76975.1,5,0.7377154300753295,95.95592999999985,40.94180000000001,0.6819704111135954,24.648539999999837,-16.545290000000005,0.011732944281315438,False,in_sample,9,45,base_cost,0.0012000000000000001
downtrend_highvol_forced_cover_signal,fixed_horizon,9,6816,6817,6826,2026-05-24 16:00:00+00:00,2026-05-24 16:05:00+00:00,2026-05-24 16:50:00+00:00,76584.003738,76619.92295000001,0.0004690171608536797,-0.0003309828391463203,9,fixed_9b_exit,0,76539.38,4,0.5581474276006726,20.316409999999827,21.17819,0.6356270785794281,8.50776999999983,10.297429999999999,0.011398078038959314,False,in_sample,9,45,base_cost,0.0012000000000000001
downtrend_highvol_forced_cover_signal,fixed_horizon,9,881,882,891,2026-05-04 01:25:00+00:00,2026-05-04 01:30:00+00:00,2026-05-04 02:15:00+00:00,78629.27170699999,79852.43708,0.015556107114382822,0.014356107114382823,9,fixed_9b_exit,0,78585.86,4,0.6687443949436331,33.08244999999995,9.808639999999997,0.5023635323455579,2.055419999999941,-232.88360000000006,0.014356107114382732,True,in_sample,9,45,high_cost,0.0018
downtrend_highvol_forced_cover_signal,fixed_horizon,9,1455,1456,1465,2026-05-06 01:15:00+00:00,2026-05-06 01:20:00+00:00,2026-05-06 02:05:00+00:00,81311.98628,81297.09355300001,-0.00018315537082935762,-0.0013831553708293575,9,fixed_9b_exit,0,81262.28,3,0.6651863353939748,42.08853999999991,17.0036,0.5356851956520801,14.136129999999909,-62.85591000000002,0.0129530950168939,False,in_sample,9,45,high_cost,0.0018
downtrend_highvol_forced_cover_signal,fixed_horizon,9,1943,1944,1953,2026-05-07 17:55:00+00:00,2026-05-07 18:00:00+00:00,2026-05-07 18:45:00+00:00,80118.548356,80039.73087500001,-0.000983760722295779,-0.0021837607222957786,9,fixed_9b_exit,0,79948.66,3,0.6189537486851147,44.76761999999988,24.85457,0.3539135307365563,-47.526910000000115,-11.123429999999999,0.010741047834468054,False,in_sample,9,45,high_cost,0.0018
downtrend_highvol_forced_cover_signal,fixed_horizon,9,2060,2061,2070,2026-05-08 03:40:00+00:00,2026-05-08 03:45:00+00:00,2026-05-08 04:30:00+00:00,79670.023839,79633.272849,-0.00046129005903483566,-0.0016612900590348356,9,fixed_9b_exit,0,79642.55,3,0.6304708710788978,15.850759999999879,8.35204,0.5546565348799789,11.696269999999885,-26.63769,0.009061913779442321,False,in_sample,9,45,high_cost,0.0018
downtrend_highvol_forced_cover_signal,fixed_horizon,9,3663,3664,3673,2026-05-13 17:15:00+00:00,2026-05-13 17:20:00+00:00,2026-05-13 18:05:00+00:00,79323.79,79573.86067800001,0.0031525306342525816,0.0019525306342525817,9,fixed_9b_exit,0,79238.6,4,0.5148592605461588,6.578969999999888,6.329630000000002,0.6460493835505687,37.59474999999989,22.361250000000005,0.011032138077954112,True,in_sample,9,45,high_cost,0.0018
downtrend_highvol_forced_cover_signal,fixed_horizon,9,5090,5091,5100,2026-05-18 16:10:00+00:00,2026-05-18 16:15:00+00:00,2026-05-18 17:00:00+00:00,76532.172766,76523.0362,-0.0001193820281039093,-0.0013193820281039092,9,fixed_9b_exit,0,76485.29,3,0.42926045439166727,-54.29889000000012,26.859699999999982,0.3784335264637711,-49.47666000000014,40.35258999999999,0.009698200445138694,False,in_sample,9,45,high_cost,0.0018
downtrend_highvol_forced_cover_signal,fixed_horizon,9,6250,6251,6260,2026-05-22 16:50:00+00:00,2026-05-22 16:55:00+00:00,2026-05-22 17:40:00+00:00,77022.559838,76946.918997,-0.000982060855405198,-0.0021820608554051976,9,fixed_9b_exit,0,76975.1,5,0.7377154300753295,95.95592999999985,40.94180000000001,0.6819704111135954,24.648539999999837,-16.545290000000005,0.00749497752617434,False,in_sample,9,45,high_cost,0.0018
downtrend_highvol_forced_cover_signal,fixed_horizon,9,6816,6817,6826,2026-05-24 16:00:00+00:00,2026-05-24 16:05:00+00:00,2026-05-24 16:50:00+00:00,76591.660607,76612.259425,0.00026894335279781245,-0.0009310566472021874,9,fixed_9b_exit,0,76539.38,4,0.5581474276006726,20.316409999999827,21.17819,0.6356270785794281,8.50776999999983,10.297429999999999,0.006556942630325802,False,in_sample,9,45,high_cost,0.0018
downtrend_highvol_forced_cover_signal,fixed_horizon,12,881,882,894,2026-05-04 01:25:00+00:00,2026-05-04 01:30:00+00:00,2026-05-04 02:30:00+00:00,78605.69,79751.86,0.014581259957135329,0.014581259957135329,12,fixed_12b_exit,0,78585.86,4,0.6687443949436331,33.08244999999995,9.808639999999997,0.43392676560363797,-28.44268000000006,16.535050000000005,0.014581259957135329,True,in_sample,12,60,no_cost,0.0
downtrend_highvol_forced_cover_signal,fixed_horizon,12,1455,1456,1468,2026-05-06 01:15:00+00:00,2026-05-06 01:20:00+00:00,2026-05-06 02:20:00+00:00,81287.6,81289.76,2.6572318533091277e-05,2.6572318533091277e-05,12,fixed_12b_exit,0,81262.28,3,0.6651863353939748,42.08853999999991,17.0036,0.6921915468425677,32.02574999999991,-21.03199,0.014608219733552641,True,in_sample,12,60,no_cost,0.0
downtrend_highvol_forced_cover_signal,fixed_horizon,12,1943,1944,1956,2026-05-07 17:55:00+00:00,2026-05-07 18:00:00+00:00,2026-05-07 19:00:00+00:00,80094.52,80080.83,-0.00017092305441124278,-0.00017092305441124278,12,fixed_12b_exit,0,79948.66,3,0.6189537486851147,44.76761999999988,24.85457,0.4000919493272549,-26.33376000000011,-0.8315299999999937,0.014434799797605091,False,in_sample,12,60,no_cost,0.0
downtrend_highvol_forced_cover_signal,fixed_horizon,12,2060,2061,2073,2026-05-08 03:40:00+00:00,2026-05-08 03:45:00+00:00,2026-05-08 04:45:00+00:00,79646.13,79625.01,-0.00026517295943961905,-0.00026517295943961905,12,fixed_12b_exit,0,79642.55,3,0.6304708710788978,15.850759999999879,8.35204,0.39035822327004593,-15.629580000000121,27.83122,0.014165799119584266,False,in_sample,12,60,no_cost,0.0
downtrend_highvol_forced_cover_signal,fixed_horizon,12,3663,3664,3676,2026-05-13 17:15:00+00:00,2026-05-13 17:20:00+00:00,2026-05-13 18:20:00+00:00,79300.0,79774.15,0.005979192938209366,0.005979192938209366,12,fixed_12b_exit,0,79238.6,4,0.5148592605461588,6.578969999999888,6.329630000000002,0.7090915050117589,108.32352999999989,35.79173,0.020229692103853614,True,in_sample,12,60,no_cost,0.0
downtrend_highvol_forced_cover_signal,fixed_horizon,12,5090,5091,5103,2026-05-18 16:10:00+00:00,2026-05-18 16:15:00+00:00,2026-05-18 17:15:00+00:00,76509.22,76662.01,0.0019970142160643523,0.0019970142160643523,12,fixed_12b_exit,0,76485.29,3,0.42926045439166727,-54.29889000000012,26.859699999999982,0.5725404177456732,24.42425999999986,21.625570000000003,0.02226710530263598,True,in_sample,12,60,no_cost,0.0
downtrend_highvol_forced_cover_signal,fixed_horizon,12,6250,6251,6263,2026-05-22 16:50:00+00:00,2026-05-22 16:55:00+00:00,2026-05-22 17:55:00+00:00,76999.46,76750.0,-0.003239762980156047,-0.003239762980156047,12,fixed_12b_exit,0,76975.1,5,0.7377154300753295,95.95592999999985,40.94180000000001,0.2735384034224665,-26.04206000000016,-6.065389999999997,0.018955202179045116,False,in_sample,12,60,no_cost,0.0
downtrend_highvol_forced_cover_signal,fixed_horizon,12,6816,6817,6829,2026-05-24 16:00:00+00:00,2026-05-24 16:05:00+00:00,2026-05-24 17:05:00+00:00,76568.69,76706.02,0.0017935529522576932,0.0017935529522576932,12,fixed_12b_exit,0,76539.38,4,0.5581474276006726,20.316409999999827,21.17819,0.5283926094988033,4.659329999999828,-2.0711899999999996,0.0207827522901316,True,in_sample,12,60,no_cost,0.0
downtrend_highvol_forced_cover_signal,fixed_horizon,12,881,882,894,2026-05-04 01:25:00+00:00,2026-05-04 01:30:00+00:00,2026-05-04 02:30:00+00:00,78613.550569,79743.884814,0.01437836399474035,0.013978363994740351,12,fixed_12b_exit,0,78585.86,4,0.6687443949436331,33.08244999999995,9.808639999999997,0.43392676560363797,-28.44268000000006,16.535050000000005,0.013978363994740395,True,in_sample,12,60,low_cost,0.0006000000000000001
downtrend_highvol_forced_cover_signal,fixed_horizon,12,1455,1456,1468,2026-05-06 01:15:00+00:00,2026-05-06 01:20:00+00:00,2026-05-06 02:20:00+00:00,81295.72876,81281.631024,-0.0001734129973988141,-0.0005734129973988141,12,fixed_12b_exit,0,81262.28,3,0.6651863353939748,42.08853999999991,17.0036,0.6921915468425677,32.02574999999991,-21.03199,0.01339693562174471,False,in_sample,12,60,low_cost,0.0006000000000000001
downtrend_highvol_forced_cover_signal,fixed_horizon,12,1943,1944,1956,2026-05-07 17:55:00+00:00,2026-05-07 18:00:00+00:00,2026-05-07 19:00:00+00:00,80102.529452,80072.82191700001,-0.0003708688752181999,-0.0007708688752181999,12,fixed_12b_exit,0,79948.66,3,0.6189537486851147,44.76761999999988,24.85457,0.4000919493272549,-26.33376000000011,-0.8315299999999937,0.012615739465832387,False,in_sample,12,60,low_cost,0.0006000000000000001
downtrend_highvol_forced_cover_signal,fixed_horizon,12,2060,2061,2073,2026-05-08 03:40:00+00:00,2026-05-08 03:45:00+00:00,2026-05-08 04:45:00+00:00,79654.09461300001,79617.047499,-0.0004650999321504923,-0.0008650999321504922,12,fixed_12b_exit,0,79642.55,3,0.6304708710788978,15.850759999999879,8.35204,0.39035822327004593,-15.629580000000121,27.83122,0.011739725658326039,False,in_sample,12,60,low_cost,0.0006000000000000001
downtrend_highvol_forced_cover_signal,fixed_horizon,12,3663,3664,3676,2026-05-13 17:15:00+00:00,2026-05-13 17:20:00+00:00,2026-05-13 18:20:00+00:00,79307.93,79766.172585,0.005778017217193732,0.0053780172171937314,12,fixed_12b_exit,0,79238.6,4,0.5148592605461588,6.578969999999888,6.329630000000002,0.7090915050117589,108.32352999999989,35.79173,0.017180879322235443,True,in_sample,12,60,low_cost,0.0006000000000000001
downtrend_highvol_forced_cover_signal,fixed_horizon,12,5090,5091,5103,2026-05-18 16:10:00+00:00,2026-05-18 16:15:00+00:00,2026-05-18 17:15:00+00:00,76516.870922,76654.343799,0.0017966348511575525,0.0013966348511575525,12,fixed_12b_exit,0,76485.29,3,0.42926045439166727,-54.29889000000012,26.859699999999982,0.5725404177456732,24.42425999999986,21.625570000000003,0.018601509588227927,True,in_sample,12,60,low_cost,0.0006000000000000001
downtrend_highvol_forced_cover_signal,fixed_horizon,12,6250,6251,6263,2026-05-22 16:50:00+00:00,2026-05-22 16:55:00+00:00,2026-05-22 17:55:00+00:00,77007.159946,76742.325,-0.0034390950943485876,-0.003839095094348588,12,fixed_12b_exit,0,76975.1,5,0.7377154300753295,95.95592999999985,40.94180000000001,0.2735384034224665,-26.04206000000016,-6.065389999999997,0.014691001529671732,False,in_sample,12,60,low_cost,0.0006000000000000001
downtrend_highvol_forced_cover_signal,fixed_horizon,12,6816,6817,6829,2026-05-24 16:00:00+00:00,2026-05-24 16:05:00+00:00,2026-05-24 17:05:00+00:00,76576.346869,76698.349398,0.0015932142755348266,0.0011932142755348267,12,fixed_12b_exit,0,76539.38,4,0.5581474276006726,20.316409999999827,21.17819,0.5283926094988033,4.659329999999828,-2.0711899999999996,0.01590174531795374,True,in_sample,12,60,low_cost,0.0006000000000000001
downtrend_highvol_forced_cover_signal,fixed_horizon,12,881,882,894,2026-05-04 01:25:00+00:00,2026-05-04 01:30:00+00:00,2026-05-04 02:30:00+00:00,78621.411138,79735.90962800001,0.014175508603423426,0.013375508603423425,12,fixed_12b_exit,0,78585.86,4,0.6687443949436331,33.08244999999995,9.808639999999997,0.43392676560363797,-28.44268000000006,16.535050000000005,0.013375508603423514,True,in_sample,12,60,base_cost,0.0012000000000000001
downtrend_highvol_forced_cover_signal,fixed_horizon,12,1455,1456,1468,2026-05-06 01:15:00+00:00,2026-05-06 01:20:00+00:00,2026-05-06 02:20:00+00:00,81303.85752,81273.502048,-0.0003733583242657712,-0.0011733583242657711,12,fixed_12b_exit,0,81262.28,3,0.6651863353939748,42.08853999999991,17.0036,0.6921915468425677,32.02574999999991,-21.03199,0.01218645601479662,False,in_sample,12,60,base_cost,0.0012000000000000001
downtrend_highvol_forced_cover_signal,fixed_horizon,12,1943,1944,1956,2026-05-07 17:55:00+00:00,2026-05-07 18:00:00+00:00,2026-05-07 19:00:00+00:00,80110.538904,80064.813834,-0.0005707747148573361,-0.001370774714857336,12,fixed_12b_exit,0,79948.66,3,0.6189537486851147,44.76761999999988,24.85457,0.4000919493272549,-26.33376000000011,-0.8315299999999937,0.010798976414170491,False,in_sample,12,60,base_cost,0.0012000000000000001
downtrend_highvol_forced_cover_signal,fixed_horizon,12,2060,2061,2073,2026-05-08 03:40:00+00:00,2026-05-08 03:45:00+00:00,2026-05-08 04:45:00+00:00,79662.059226,79609.08499799999,-0.0006649869274621967,-0.0014649869274621966,12,fixed_12b_exit,0,79642.55,3,0.6304708710788978,15.850759999999879,8.35204,0.39035822327004593,-15.629580000000121,27.83122,0.009318169127431553,False,in_sample,12,60,base_cost,0.0012000000000000001
downtrend_highvol_forced_cover_signal,fixed_horizon,12,3663,3664,3676,2026-05-13 17:15:00+00:00,2026-05-13 17:20:00+00:00,2026-05-13 18:20:00+00:00,79315.86,79758.19516999999,0.005576881723276861,0.0047768817232768605,12,fixed_12b_exit,0,79238.6,4,0.5148592605461588,6.578969999999888,6.329630000000002,0.7090915050117589,108.32352999999989,35.79173,0.01413956264250782,True,in_sample,12,60,base_cost,0.0012000000000000001
downtrend_highvol_forced_cover_signal,fixed_horizon,12,5090,5091,5103,2026-05-18 16:10:00+00:00,2026-05-18 16:15:00+00:00,2026-05-18 17:15:00+00:00,76524.521844,76646.677598,0.0015962955541102275,0.0007962955541102275,12,fixed_12b_exit,0,76485.29,3,0.42926045439166727,-54.29889000000012,26.859699999999982,0.5725404177456732,24.42425999999986,21.625570000000003,0.014947117467487336,True,in_sample,12,60,base_cost,0.0012000000000000001
downtrend_highvol_forced_cover_signal,fixed_horizon,12,6250,6251,6263,2026-05-22 16:50:00+00:00,2026-05-22 16:55:00+00:00,2026-05-22 17:55:00+00:00,77014.85989200001,76734.65000000001,-0.003638387350089922,-0.0044383873500899226,12,fixed_12b_exit,0,76975.1,5,0.7377154300753295,95.95592999999985,40.94180000000001,0.2735384034224665,-26.04206000000016,-6.065389999999997,0.010442389020309362,False,in_sample,12,60,base_cost,0.0012000000000000001
downtrend_highvol_forced_cover_signal,fixed_horizon,12,6816,6817,6829,2026-05-24 16:00:00+00:00,2026-05-24 16:05:00+00:00,2026-05-24 17:05:00+00:00,76584.003738,76690.67879600001,0.0013929156585354985,0.0005929156585354984,12,fixed_12b_exit,0,76539.38,4,0.5581474276006726,20.316409999999827,21.17819,0.5283926094988033,4.659329999999828,-2.0711899999999996,0.011041496134807538,True,in_sample,12,60,base_cost,0.0012000000000000001
downtrend_highvol_forced_cover_signal,fixed_horizon,12,881,882,894,2026-05-04 01:25:00+00:00,2026-05-04 01:30:00+00:00,2026-05-04 02:30:00+00:00,78629.27170699999,79727.934442,0.013972693771016953,0.012772693771016953,12,fixed_12b_exit,0,78585.86,4,0.6687443949436331,33.08244999999995,9.808639999999997,0.43392676560363797,-28.44268000000006,16.535050000000005,0.012772693771016863,True,in_sample,12,60,high_cost,0.0018
downtrend_highvol_forced_cover_signal,fixed_horizon,12,1455,1456,1468,2026-05-06 01:15:00+00:00,2026-05-06 01:20:00+00:00,2026-05-06 02:20:00+00:00,81311.98628,81265.373072,-0.0005732636740600761,-0.001773263674060076,12,fixed_12b_exit,0,81262.28,3,0.6651863353939748,42.08853999999991,17.0036,0.6921915468425677,32.02574999999991,-21.03199,0.010976780743072734,False,in_sample,12,60,high_cost,0.0018
downtrend_highvol_forced_cover_signal,fixed_horizon,12,1943,1944,1956,2026-05-07 17:55:00+00:00,2026-05-07 18:00:00+00:00,2026-05-07 19:00:00+00:00,80118.548356,80056.805751,-0.0007706405853191711,-0.001970640585319171,12,fixed_12b_exit,0,79948.66,3,0.6189537486851147,44.76761999999988,24.85457,0.4000919493272549,-26.33376000000011,-0.8315299999999937,0.008984508868125074,False,in_sample,12,60,high_cost,0.0018
downtrend_highvol_forced_cover_signal,fixed_horizon,12,2060,2061,2073,2026-05-08 03:40:00+00:00,2026-05-08 03:45:00+00:00,2026-05-08 04:45:00+00:00,79670.023839,79601.122497,-0.0008648339573643637,-0.0020648339573643634,12,fixed_12b_exit,0,79642.55,3,0.6304708710788978,15.850759999999879,8.35204,0.39035822327004593,-15.629580000000121,27.83122,0.006901123391759523,False,in_sample,12,60,high_cost,0.0018
downtrend_highvol_forced_cover_signal,fixed_horizon,12,3663,3664,3676,2026-05-13 17:15:00+00:00,2026-05-13 17:20:00+00:00,2026-05-13 18:20:00+00:00,79323.79,79750.21775499999,0.005375786444394404,0.004175786444394404,12,fixed_12b_exit,0,79238.6,4,0.5148592605461588,6.578969999999888,6.329630000000002,0.7090915050117589,108.32352999999989,35.79173,0.011105727453664338,True,in_sample,12,60,high_cost,0.0018
downtrend_highvol_forced_cover_signal,fixed_horizon,12,5090,5091,5103,2026-05-18 16:10:00+00:00,2026-05-18 16:15:00+00:00,2026-05-18 17:15:00+00:00,76532.172766,76639.011397,0.0013959963129055453,0.00019599631290554537,12,fixed_12b_exit,0,76485.29,3,0.42926045439166727,-54.29889000000012,26.859699999999982,0.5725404177456732,24.42425999999986,21.625570000000003,0.011303900448202953,True,in_sample,12,60,high_cost,0.0018
downtrend_highvol_forced_cover_signal,fixed_horizon,12,6250,6251,6263,2026-05-22 16:50:00+00:00,2026-05-22 16:55:00+00:00,2026-05-22 17:55:00+00:00,77022.559838,76726.975,-0.003837639759334044,-0.0050376397593340436,12,fixed_12b_exit,0,76975.1,5,0.7377154300753295,95.95592999999985,40.94180000000001,0.2735384034224665,-26.04206000000016,-6.065389999999997,0.006209315710535401,False,in_sample,12,60,high_cost,0.0018
downtrend_highvol_forced_cover_signal,fixed_horizon,12,6816,6817,6829,2026-05-24 16:00:00+00:00,2026-05-24 16:05:00+00:00,2026-05-24 17:05:00+00:00,76591.660607,76683.00819400001,0.0011926570892453192,-7.342910754680682e-06,12,fixed_12b_exit,0,76539.38,4,0.5581474276006726,20.316409999999827,21.17819,0.5283926094988033,4.659329999999828,-2.0711899999999996,0.006201927205329527,False,in_sample,12,60,high_cost,0.0018
downtrend_highvol_forced_cover_signal,fixed_horizon,18,881,882,900,2026-05-04 01:25:00+00:00,2026-05-04 01:30:00+00:00,2026-05-04 03:00:00+00:00,78605.69,80100.75,0.019019742718370702,0.019019742718370702,18,fixed_18b_exit,0,78585.86,4,0.6687443949436331,33.08244999999995,9.808639999999997,0.4890322375585452,-8.695740000000079,-37.094640000000005,0.019019742718370702,True,in_sample,18,90,no_cost,0.0
downtrend_highvol_forced_cover_signal,fixed_horizon,18,1455,1456,1474,2026-05-06 01:15:00+00:00,2026-05-06 01:20:00+00:00,2026-05-06 02:50:00+00:00,81287.6,81287.89,3.5675798029100037e-06,3.5675798029100037e-06,18,fixed_18b_exit,0,81262.28,3,0.6651863353939748,42.08853999999991,17.0036,0.6141378993355546,37.0249899999999,-36.199889999999996,0.01902337815262367,True,in_sample,18,90,no_cost,0.0
downtrend_highvol_forced_cover_signal,fixed_horizon,18,1943,1944,1962,2026-05-07 17:55:00+00:00,2026-05-07 18:00:00+00:00,2026-05-07 19:30:00+00:00,80094.52,80053.96,-0.0005064016864074761,-0.0005064016864074761,18,fixed_18b_exit,0,79948.66,3,0.6189537486851147,44.76761999999988,24.85457,0.5594457314625751,10.900539999999884,27.733760000000004,0.018507342995438547,False,in_sample,18,90,no_cost,0.0
downtrend_highvol_forced_cover_signal,fixed_horizon,18,2060,2061,2079,2026-05-08 03:40:00+00:00,2026-05-08 03:45:00+00:00,2026-05-08 05:15:00+00:00,79646.13,79605.36,-0.0005118892782361995,-0.0005118892782361995,18,fixed_18b_exit,0,79642.55,3,0.6304708710788978,15.850759999999879,8.35204,0.3276408075483326,-22.029580000000117,-23.068949999999997,0.017985980006754332,False,in_sample,18,90,no_cost,0.0
downtrend_highvol_forced_cover_signal,fixed_horizon,18,3663,3664,3682,2026-05-13 17:15:00+00:00,2026-05-13 17:20:00+00:00,2026-05-13 18:50:00+00:00,79300.0,79639.21,0.004277553593947214,0.004277553593947214,18,fixed_18b_exit,0,79238.6,4,0.5148592605461588,6.578969999999888,6.329630000000002,0.4336746015202782,-16.959610000000115,13.799510000000001,0.02234046959412006,True,in_sample,18,90,no_cost,0.0
downtrend_highvol_forced_cover_signal,fixed_horizon,18,5090,5091,5109,2026-05-18 16:10:00+00:00,2026-05-18 16:15:00+00:00,2026-05-18 17:45:00+00:00,76509.22,76676.68,0.002188755812698062,0.002188755812698062,18,fixed_18b_exit,0,76485.29,3,0.42926045439166727,-54.29889000000012,26.859699999999982,0.4452837268171904,-8.860460000000145,9.559099999999997,0.024578123239500593,True,in_sample,18,90,no_cost,0.0
downtrend_highvol_forced_cover_signal,fixed_horizon,18,6250,6251,6269,2026-05-22 16:50:00+00:00,2026-05-22 16:55:00+00:00,2026-05-22 18:25:00+00:00,76999.46,76806.58,-0.002504952632135349,-0.002504952632135349,18,fixed_18b_exit,0,76975.1,5,0.7377154300753295,95.95592999999985,40.94180000000001,0.4557077793197905,-4.440040000000163,-16.111690000000003,0.02201160357286347,False,in_sample,18,90,no_cost,0.0
downtrend_highvol_forced_cover_signal,fixed_horizon,18,6816,6817,6835,2026-05-24 16:00:00+00:00,2026-05-24 16:05:00+00:00,2026-05-24 17:35:00+00:00,76568.69,76723.54,0.002022367105927847,0.002022367105927847,18,fixed_18b_exit,0,76539.38,4,0.5581474276006726,20.316409999999827,21.17819,0.6548655006888454,12.924829999999833,9.619560000000003,0.02407848622180575,True,in_sample,18,90,no_cost,0.0
downtrend_highvol_forced_cover_signal,fixed_horizon,18,881,882,900,2026-05-04 01:25:00+00:00,2026-05-04 01:30:00+00:00,2026-05-04 03:00:00+00:00,78613.550569,80092.739925,0.018815959148184014,0.018415959148184013,18,fixed_18b_exit,0,78585.86,4,0.6687443949436331,33.08244999999995,9.808639999999997,0.4890322375585452,-8.695740000000079,-37.094640000000005,0.018415959148184058,True,in_sample,18,90,low_cost,0.0006000000000000001
downtrend_highvol_forced_cover_signal,fixed_horizon,18,1455,1456,1474,2026-05-06 01:15:00+00:00,2026-05-06 01:20:00+00:00,2026-05-06 02:50:00+00:00,81295.72876,81279.761211,-0.00019641313564122687,-0.0005964131356412268,18,fixed_18b_exit,0,81262.28,3,0.6651863353939748,42.08853999999991,17.0036,0.6141378993355546,37.0249899999999,-36.199889999999996,0.017808562492601432,False,in_sample,18,90,low_cost,0.0006000000000000001
downtrend_highvol_forced_cover_signal,fixed_horizon,18,1943,1944,1962,2026-05-07 17:55:00+00:00,2026-05-07 18:00:00+00:00,2026-05-07 19:30:00+00:00,80102.529452,80045.95460400001,-0.0007062804181968696,-0.0011062804181968696,18,fixed_18b_exit,0,79948.66,3,0.6189537486851147,44.76761999999988,24.85457,0.5594457314625751,10.900539999999884,27.733760000000004,0.016682580810442715,False,in_sample,18,90,low_cost,0.0006000000000000001
downtrend_highvol_forced_cover_signal,fixed_horizon,18,2060,2061,2079,2026-05-08 03:40:00+00:00,2026-05-08 03:45:00+00:00,2026-05-08 05:15:00+00:00,79654.09461300001,79597.399464,-0.0007117669126170956,-0.0011117669126170955,18,fixed_18b_exit,0,79642.55,3,0.6304708710788978,15.850759999999879,8.35204,0.3276408075483326,-22.029580000000117,-23.068949999999997,0.015552266756463595,False,in_sample,18,90,low_cost,0.0006000000000000001
downtrend_highvol_forced_cover_signal,fixed_horizon,18,3663,3664,3682,2026-05-13 17:15:00+00:00,2026-05-13 17:20:00+00:00,2026-05-13 18:50:00+00:00,79307.93,79631.246079,0.004076718166771132,0.0036767181667711315,18,fixed_18b_exit,0,79238.6,4,0.5148592605461588,6.578969999999888,6.329630000000002,0.4336746015202782,-16.959610000000115,13.799510000000001,0.019286166224952828,True,in_sample,18,90,low_cost,0.0006000000000000001
downtrend_highvol_forced_cover_signal,fixed_horizon,18,5090,5091,5109,2026-05-18 16:10:00+00:00,2026-05-18 16:15:00+00:00,2026-05-18 17:45:00+00:00,76516.870922,76669.012332,0.001988338103306564,0.001588338103306564,18,fixed_18b_exit,0,76485.29,3,0.42926045439166727,-54.29889000000012,26.859699999999982,0.4452837268171904,-8.860460000000145,9.559099999999997,0.020905137280941233,True,in_sample,18,90,low_cost,0.0006000000000000001
downtrend_highvol_forced_cover_signal,fixed_horizon,18,6250,6251,6269,2026-05-22 16:50:00+00:00,2026-05-22 16:55:00+00:00,2026-05-22 18:25:00+00:00,77007.159946,76798.899342,-0.0027044316937027135,-0.0031044316937027137,18,fixed_18b_exit,0,76975.1,5,0.7377154300753295,95.95592999999985,40.94180000000001,0.4557077793197905,-4.440040000000163,-16.111690000000003,0.017735807016502347,False,in_sample,18,90,low_cost,0.0006000000000000001
downtrend_highvol_forced_cover_signal,fixed_horizon,18,6816,6817,6835,2026-05-24 16:00:00+00:00,2026-05-24 16:05:00+00:00,2026-05-24 17:35:00+00:00,76576.346869,76715.867646,0.0018219826709502396,0.0014219826709502396,18,fixed_18b_exit,0,76539.38,4,0.5581474276006726,20.316409999999827,21.17819,0.6548655006888454,12.924829999999833,9.619560000000003,0.019183009697685494,True,in_sample,18,90,low_cost,0.0006000000000000001
downtrend_highvol_forced_cover_signal,fixed_horizon,18,881,882,900,2026-05-04 01:25:00+00:00,2026-05-04 01:30:00+00:00,2026-05-04 03:00:00+00:00,78621.411138,80084.72985,0.018612216326561848,0.01781221632656185,18,fixed_18b_exit,0,78585.86,4,0.6687443949436331,33.08244999999995,9.808639999999997,0.4890322375585452,-8.695740000000079,-37.094640000000005,0.017812216326561936,True,in_sample,18,90,base_cost,0.0012000000000000001
downtrend_highvol_forced_cover_signal,fixed_horizon,18,1455,1456,1474,2026-05-06 01:15:00+00:00,2026-05-06 01:20:00+00:00,2026-05-06 02:50:00+00:00,81303.85752,81271.632422,-0.00039635386294045727,-0.0011963538629404572,18,fixed_18b_exit,0,81262.28,3,0.6651863353939748,42.08853999999991,17.0036,0.6141378993355546,37.0249899999999,-36.199889999999996,0.016594552749811697,False,in_sample,18,90,base_cost,0.0012000000000000001
downtrend_highvol_forced_cover_signal,fixed_horizon,18,1943,1944,1962,2026-05-07 17:55:00+00:00,2026-05-07 18:00:00+00:00,2026-05-07 19:30:00+00:00,80110.538904,80037.949208,-0.0009061191822337111,-0.001706119182233711,18,fixed_18b_exit,0,79948.66,3,0.6189537486851147,44.76761999999988,24.85457,0.5594457314625751,10.900539999999884,27.733760000000004,0.014860121282811,False,in_sample,18,90,base_cost,0.0012000000000000001
downtrend_highvol_forced_cover_signal,fixed_horizon,18,2060,2061,2079,2026-05-08 03:40:00+00:00,2026-05-08 03:45:00+00:00,2026-05-08 05:15:00+00:00,79662.059226,79589.438928,-0.0009116045794644867,-0.0017116045794644866,18,fixed_18b_exit,0,79642.55,3,0.6304708710788978,15.850759999999879,8.35204,0.3276408075483326,-22.029580000000117,-23.068949999999997,0.013123082051707424,False,in_sample,18,90,base_cost,0.0012000000000000001
downtrend_highvol_forced_cover_signal,fixed_horizon,18,3663,3664,3682,2026-05-13 17:15:00+00:00,2026-05-13 17:20:00+00:00,2026-05-13 18:50:00+00:00,79315.86,79623.282158,0.003875922898648465,0.003075922898648465,18,fixed_18b_exit,0,79238.6,4,0.5148592605461588,6.578969999999888,6.329630000000002,0.4336746015202782,-16.959610000000115,13.799510000000001,0.016239370538939646,True,in_sample,18,90,base_cost,0.0012000000000000001
downtrend_highvol_forced_cover_signal,fixed_horizon,18,5090,5091,5109,2026-05-18 16:10:00+00:00,2026-05-18 16:15:00+00:00,2026-05-18 17:45:00+00:00,76524.521844,76661.34466399999,0.0017879604694415185,0.0009879604694415186,18,fixed_18b_exit,0,76485.29,3,0.42926045439166727,-54.29889000000012,26.859699999999982,0.4452837268171904,-8.860460000000145,9.559099999999997,0.01724337486452243,True,in_sample,18,90,base_cost,0.0012000000000000001
downtrend_highvol_forced_cover_signal,fixed_horizon,18,6250,6251,6269,2026-05-22 16:50:00+00:00,2026-05-22 16:55:00+00:00,2026-05-22 18:25:00+00:00,77014.85989200001,76791.218684,-0.0029038708674354874,-0.0037038708674354873,18,fixed_18b_exit,0,76975.1,5,0.7377154300753295,95.95592999999985,40.94180000000001,0.4557077793197905,-4.440040000000163,-16.111690000000003,0.013475636763270016,False,in_sample,18,90,base_cost,0.0012000000000000001
downtrend_highvol_forced_cover_signal,fixed_horizon,18,6816,6817,6835,2026-05-24 16:00:00+00:00,2026-05-24 16:05:00+00:00,2026-05-24 17:35:00+00:00,76584.003738,76708.19529199999,0.0016216383048457406,0.0008216383048457405,18,fixed_18b_exit,0,76539.38,4,0.5581474276006726,20.316409999999827,21.17819,0.6548655006888454,12.924829999999833,9.619560000000003,0.014308347167462765,True,in_sample,18,90,base_cost,0.0012000000000000001
downtrend_highvol_forced_cover_signal,fixed_horizon,18,881,882,900,2026-05-04 01:25:00+00:00,2026-05-04 01:30:00+00:00,2026-05-04 03:00:00+00:00,78629.27170699999,80076.719775,0.01840851424128287,0.01720851424128287,18,fixed_18b_exit,0,78585.86,4,0.6687443949436331,33.08244999999995,9.808639999999997,0.4890322375585452,-8.695740000000079,-37.094640000000005,0.01720851424128278,True,in_sample,18,90,high_cost,0.0018
downtrend_highvol_forced_cover_signal,fixed_horizon,18,1455,1456,1474,2026-05-06 01:15:00+00:00,2026-05-06 01:20:00+00:00,2026-05-06 02:50:00+00:00,81311.98628,81263.503633,-0.0005962546140866332,-0.001796254614086633,18,fixed_18b_exit,0,81262.28,3,0.6651863353939748,42.08853999999991,17.0036,0.6141378993355546,37.0249899999999,-36.199889999999996,0.015381348754088586,False,in_sample,18,90,high_cost,0.0018
downtrend_highvol_forced_cover_signal,fixed_horizon,18,1943,1944,1962,2026-05-07 17:55:00+00:00,2026-05-07 18:00:00+00:00,2026-05-07 19:30:00+00:00,80118.548356,80029.94381200001,-0.0011059179905043015,-0.002305917990504301,18,fixed_18b_exit,0,79948.66,3,0.6189537486851147,44.76761999999988,24.85457,0.5594457314625751,10.900539999999884,27.733760000000004,0.013039962634774138,False,in_sample,18,90,high_cost,0.0018
downtrend_highvol_forced_cover_signal,fixed_horizon,18,2060,2061,2079,2026-05-08 03:40:00+00:00,2026-05-08 03:45:00+00:00,2026-05-08 05:15:00+00:00,79670.023839,79581.478392,-0.0011114022907653398,-0.0023114022907653395,18,fixed_18b_exit,0,79642.55,3,0.6304708710788978,15.850759999999879,8.35204,0.3276408075483326,-22.029580000000117,-23.068949999999997,0.010698419744503251,False,in_sample,18,90,high_cost,0.0018
downtrend_highvol_forced_cover_signal,fixed_horizon,18,3663,3664,3682,2026-05-13 17:15:00+00:00,2026-05-13 17:20:00+00:00,2026-05-13 18:50:00+00:00,79323.79,79615.31823700001,0.0036751677775359592,0.0024751677775359596,18,fixed_18b_exit,0,79238.6,4,0.5148592605461588,6.578969999999888,6.329630000000002,0.4336746015202782,-16.959610000000115,13.799510000000001,0.013200067905861257,True,in_sample,18,90,high_cost,0.0018
downtrend_highvol_forced_cover_signal,fixed_horizon,18,5090,5091,5109,2026-05-18 16:10:00+00:00,2026-05-18 16:15:00+00:00,2026-05-18 17:45:00+00:00,76532.172766,76653.676996,0.0015876228990845398,0.0003876228990845399,18,fixed_18b_exit,0,76485.29,3,0.42926045439166727,-54.29889000000012,26.859699999999982,0.4452837268171904,-8.860460000000145,9.559099999999997,0.013592807453535416,True,in_sample,18,90,high_cost,0.0018
downtrend_highvol_forced_cover_signal,fixed_horizon,18,6250,6251,6269,2026-05-22 16:50:00+00:00,2026-05-22 16:55:00+00:00,2026-05-22 18:25:00+00:00,77022.559838,76783.53802600001,-0.0031032701652959904,-0.00430327016529599,18,fixed_18b_exit,0,76975.1,5,0.7377154300753295,95.95592999999985,40.94180000000001,0.4557077793197905,-4.440040000000163,-16.111690000000003,0.009231043765462132,False,in_sample,18,90,high_cost,0.0018
downtrend_highvol_forced_cover_signal,fixed_horizon,18,6816,6817,6835,2026-05-24 16:00:00+00:00,2026-05-24 16:05:00+00:00,2026-05-24 17:35:00+00:00,76591.660607,76700.522938,0.001421333995597518,0.00022133399559751805,18,fixed_18b_exit,0,76539.38,4,0.5581474276006726,20.316409999999827,21.17819,0.6548655006888454,12.924829999999833,9.619560000000003,0.009454420904859706,True,in_sample,18,90,high_cost,0.0018
downtrend_highvol_forced_cover_signal,fixed_horizon,24,881,882,906,2026-05-04 01:25:00+00:00,2026-05-04 01:30:00+00:00,2026-05-04 03:30:00+00:00,78605.69,80057.71,0.018472199658828847,0.018472199658828847,24,fixed_24b_exit,0,78585.86,4,0.6687443949436331,33.08244999999995,9.808639999999997,0.49053236724919036,-4.800410000000035,-4.617159999999998,0.018472199658828847,True,in_sample,24,120,no_cost,0.0
downtrend_highvol_forced_cover_signal,fixed_horizon,24,1455,1456,1480,2026-05-06 01:15:00+00:00,2026-05-06 01:20:00+00:00,2026-05-06 03:20:00+00:00,81287.6,81651.32,0.004474483193008583,0.004474483193008583,24,fixed_24b_exit,0,81262.28,3,0.6651863353939748,42.08853999999991,17.0036,0.7611914647681888,136.44650999999993,159.43714,0.023029336398748823,True,in_sample,24,120,no_cost,0.0
downtrend_highvol_forced_cover_signal,fixed_horizon,24,1943,1944,1968,2026-05-07 17:55:00+00:00,2026-05-07 18:00:00+00:00,2026-05-07 20:00:00+00:00,80094.52,80260.08,0.0020670577712431637,0.0020670577712431637,24,fixed_24b_exit,0,79948.66,3,0.6189537486851147,44.76761999999988,24.85457,0.5085116170548438,3.8537799999998867,21.01916,0.025143997138761698,True,in_sample,24,120,no_cost,0.0
downtrend_highvol_forced_cover_signal,fixed_horizon,24,2060,2061,2085,2026-05-08 03:40:00+00:00,2026-05-08 03:45:00+00:00,2026-05-08 05:45:00+00:00,79646.13,79687.21,0.0005157814949703354,0.0005157814949703354,24,fixed_24b_exit,0,79642.55,3,0.6304708710788978,15.850759999999879,8.35204,0.4137478733601798,-19.82979000000011,-34.72717,0.025672747442165855,True,in_sample,24,120,no_cost,0.0
downtrend_highvol_forced_cover_signal,fixed_horizon,24,3663,3664,3688,2026-05-13 17:15:00+00:00,2026-05-13 17:20:00+00:00,2026-05-13 19:20:00+00:00,79300.0,79422.41,0.0015436317780579412,0.0015436317780579412,24,fixed_24b_exit,0,79238.6,4,0.5148592605461588,6.578969999999888,6.329630000000002,0.359884740708008,-32.13991000000011,-3.705340000000003,0.027256008489005668,True,in_sample,24,120,no_cost,0.0
downtrend_highvol_forced_cover_signal,fixed_horizon,24,5090,5091,5115,2026-05-18 16:10:00+00:00,2026-05-18 16:15:00+00:00,2026-05-18 18:15:00+00:00,76509.22,76343.37,-0.002167712597253013,-0.002167712597253013,24,fixed_24b_exit,0,76485.29,3,0.42926045439166727,-54.29889000000012,26.859699999999982,0.5864216890574534,34.83570999999987,52.29809,0.025029212698800096,False,in_sample,24,120,no_cost,0.0
downtrend_highvol_forced_cover_signal,fixed_horizon,24,6250,6251,6275,2026-05-22 16:50:00+00:00,2026-05-22 16:55:00+00:00,2026-05-22 18:55:00+00:00,76999.46,76537.47,-0.00599991220717655,-0.00599991220717655,24,fixed_24b_exit,0,76975.1,5,0.7377154300753295,95.95592999999985,40.94180000000001,0.2600066086102141,-246.79850000000013,13.181549999999987,0.018879127412815944,False,in_sample,24,120,no_cost,0.0
downtrend_highvol_forced_cover_signal,fixed_horizon,24,6816,6817,6841,2026-05-24 16:00:00+00:00,2026-05-24 16:05:00+00:00,2026-05-24 18:05:00+00:00,76568.69,76680.82,0.0014644367038276762,0.0014644367038276762,24,fixed_24b_exit,0,76539.38,4,0.5581474276006726,20.316409999999827,21.17819,0.44486676419518534,-3.226000000000173,-10.685580000000002,0.02037121140376308,True,in_sample,24,120,no_cost,0.0
downtrend_highvol_forced_cover_signal,fixed_horizon,24,881,882,906,2026-05-04 01:25:00+00:00,2026-05-04 01:30:00+00:00,2026-05-04 03:30:00+00:00,78613.550569,80049.70422900001,0.01826852558630443,0.01786852558630443,24,fixed_24b_exit,0,78585.86,4,0.6687443949436331,33.08244999999995,9.808639999999997,0.49053236724919036,-4.800410000000035,-4.617159999999998,0.017868525586304473,True,in_sample,24,120,low_cost,0.0006000000000000001
downtrend_highvol_forced_cover_signal,fixed_horizon,24,1455,1456,1480,2026-05-06 01:15:00+00:00,2026-05-06 01:20:00+00:00,2026-05-06 03:20:00+00:00,81295.72876,81643.15486800001,0.004273608383851046,0.003873608383851046,24,fixed_24b_exit,0,81262.28,3,0.6651863353939748,42.08853999999991,17.0036,0.7611914647681888,136.44650999999993,159.43714,0.02181134964067377,True,in_sample,24,120,low_cost,0.0006000000000000001
downtrend_highvol_forced_cover_signal,fixed_horizon,24,1943,1944,1968,2026-05-07 17:55:00+00:00,2026-05-07 18:00:00+00:00,2026-05-07 20:00:00+00:00,80102.529452,80252.053992,0.0018666643990261633,0.0014666643990261634,24,fixed_24b_exit,0,79948.66,3,0.6189537486851147,44.76761999999988,24.85457,0.5085116170548438,3.8537799999998867,21.01916,0.023310003969712723,True,in_sample,24,120,low_cost,0.0006000000000000001
downtrend_highvol_forced_cover_signal,fixed_horizon,24,2060,2061,2085,2026-05-08 03:40:00+00:00,2026-05-08 03:45:00+00:00,2026-05-08 05:45:00+00:00,79654.09461300001,79679.24127900001,0.0003156983469860819,-8.430165301391812e-05,24,fixed_24b_exit,0,79642.55,3,0.6304708710788978,15.850759999999879,8.35204,0.4137478733601798,-19.82979000000011,-34.72717,0.02322373724483251,False,in_sample,24,120,low_cost,0.0006000000000000001
downtrend_highvol_forced_cover_signal,fixed_horizon,24,3663,3664,3688,2026-05-13 17:15:00+00:00,2026-05-13 17:20:00+00:00,2026-05-13 19:20:00+00:00,79307.93,79414.467759,0.001343343080572268,0.000943343080572268,24,fixed_24b_exit,0,79238.6,4,0.5148592605461588,6.578969999999888,6.329630000000002,0.359884740708008,-32.13991000000011,-3.705340000000003,0.024188988277239698,True,in_sample,24,120,low_cost,0.0006000000000000001
downtrend_highvol_forced_cover_signal,fixed_horizon,24,5090,5091,5115,2026-05-18 16:10:00+00:00,2026-05-18 16:15:00+00:00,2026-05-18 18:15:00+00:00,76516.870922,76335.735663,-0.0023672591000832854,-0.0027672591000832856,24,fixed_24b_exit,0,76485.29,3,0.42926045439166727,-54.29889000000012,26.859699999999982,0.5864216890574534,34.83570999999987,52.29809,0.02135479197922452,False,in_sample,24,120,low_cost,0.0006000000000000001
downtrend_highvol_forced_cover_signal,fixed_horizon,24,6250,6251,6275,2026-05-22 16:50:00+00:00,2026-05-22 16:55:00+00:00,2026-05-22 18:55:00+00:00,77007.159946,76529.816253,-0.006198692346721213,-0.006598692346721213,24,fixed_24b_exit,0,76975.1,5,0.7377154300753295,95.95592999999985,40.94180000000001,0.2600066086102141,-246.79850000000013,13.181549999999987,0.014615185930104246,False,in_sample,24,120,low_cost,0.0006000000000000001
downtrend_highvol_forced_cover_signal,fixed_horizon,24,6816,6817,6841,2026-05-24 16:00:00+00:00,2026-05-24 16:05:00+00:00,2026-05-24 18:05:00+00:00,76576.346869,76673.151918,0.0012641638437729252,0.0008641638437729253,24,fixed_24b_exit,0,76539.38,4,0.5581474276006726,20.316409999999827,21.17819,0.44486676419518534,-3.226000000000173,-10.685580000000002,0.015491979689127966,True,in_sample,24,120,low_cost,0.0006000000000000001
downtrend_highvol_forced_cover_signal,fixed_horizon,24,881,882,906,2026-05-04 01:25:00+00:00,2026-05-04 01:30:00+00:00,2026-05-04 03:30:00+00:00,78621.411138,80041.69845800001,0.01806489224044916,0.01726489224044916,24,fixed_24b_exit,0,78585.86,4,0.6687443949436331,33.08244999999995,9.808639999999997,0.49053236724919036,-4.800410000000035,-4.617159999999998,0.017264892240449248,True,in_sample,24,120,base_cost,0.0012000000000000001
downtrend_highvol_forced_cover_signal,fixed_horizon,24,1455,1456,1480,2026-05-06 01:15:00+00:00,2026-05-06 01:20:00+00:00,2026-05-06 03:20:00+00:00,81303.85752,81634.989736,0.004072773741621516,0.003272773741621516,24,fixed_24b_exit,0,81262.28,3,0.6651863353939748,42.08853999999991,17.0036,0.7611914647681888,136.44650999999993,159.43714,0.020594170068047424,True,in_sample,24,120,base_cost,0.0012000000000000001
downtrend_highvol_forced_cover_signal,fixed_horizon,24,1943,1944,1968,2026-05-07 17:55:00+00:00,2026-05-07 18:00:00+00:00,2026-05-07 20:00:00+00:00,80110.538904,80244.027984,0.0016663110974695083,0.0008663110974695083,24,fixed_24b_exit,0,79948.66,3,0.6189537486851147,44.76761999999988,24.85457,0.5085116170548438,3.8537799999998867,21.01916,0.021478322123590132,True,in_sample,24,120,base_cost,0.0012000000000000001
downtrend_highvol_forced_cover_signal,fixed_horizon,24,2060,2061,2085,2026-05-08 03:40:00+00:00,2026-05-08 03:45:00+00:00,2026-05-08 05:45:00+00:00,79662.059226,79671.27255800001,0.00011565520763001658,-0.0006843447923699835,24,fixed_24b_exit,0,79642.55,3,0.6304708710788978,15.850759999999879,8.35204,0.4137478733601798,-19.82979000000011,-34.72717,0.02077927875332608,False,in_sample,24,120,base_cost,0.0012000000000000001
downtrend_highvol_forced_cover_signal,fixed_horizon,24,3663,3664,3688,2026-05-13 17:15:00+00:00,2026-05-13 17:20:00+00:00,2026-05-13 19:20:00+00:00,79315.86,79406.52551800001,0.0011430944328159054,0.00034309443281590535,24,fixed_24b_exit,0,79238.6,4,0.5148592605461588,6.578969999999888,6.329630000000002,0.359884740708008,-32.13991000000011,-3.705340000000003,0.021129502441000314,True,in_sample,24,120,base_cost,0.0012000000000000001
downtrend_highvol_forced_cover_signal,fixed_horizon,24,5090,5091,5115,2026-05-18 16:10:00+00:00,2026-05-18 16:15:00+00:00,2026-05-18 18:15:00+00:00,76524.521844,76328.101326,-0.002566765701593199,-0.0033667657015931988,24,fixed_24b_exit,0,76485.29,3,0.42926045439166727,-54.29889000000012,26.859699999999982,0.5864216890574534,34.83570999999987,52.29809,0.017691598655297014,False,in_sample,24,120,base_cost,0.0012000000000000001
downtrend_highvol_forced_cover_signal,fixed_horizon,24,6250,6251,6275,2026-05-22 16:50:00+00:00,2026-05-22 16:55:00+00:00,2026-05-22 18:55:00+00:00,77014.85989200001,76522.16250600001,-0.006397432738187492,-0.007197432738187492,24,fixed_24b_exit,0,76975.1,5,0.7377154300753295,95.95592999999985,40.94180000000001,0.2600066086102141,-246.79850000000013,13.181549999999987,0.010366831825757039,False,in_sample,24,120,base_cost,0.0012000000000000001
downtrend_highvol_forced_cover_signal,fixed_horizon,24,6816,6817,6841,2026-05-24 16:00:00+00:00,2026-05-24 16:05:00+00:00,2026-05-24 18:05:00+00:00,76584.003738,76665.48383600001,0.0010639310302809069,0.0002639310302809068,24,fixed_24b_exit,0,76539.38,4,0.5581474276006726,20.316409999999827,21.17819,0.44486676419518534,-3.226000000000173,-10.685580000000002,0.010633498984642609,True,in_sample,24,120,base_cost,0.0012000000000000001
downtrend_highvol_forced_cover_signal,fixed_horizon,24,881,882,906,2026-05-04 01:25:00+00:00,2026-05-04 01:30:00+00:00,2026-05-04 03:30:00+00:00,78629.27170699999,80033.692687,0.017861299609048586,0.016661299609048587,24,fixed_24b_exit,0,78585.86,4,0.6687443949436331,33.08244999999995,9.808639999999997,0.49053236724919036,-4.800410000000035,-4.617159999999998,0.016661299609048497,True,in_sample,24,120,high_cost,0.0018
downtrend_highvol_forced_cover_signal,fixed_horizon,24,1455,1456,1480,2026-05-06 01:15:00+00:00,2026-05-06 01:20:00+00:00,2026-05-06 03:20:00+00:00,81311.98628,81626.82460400001,0.0038719792542745157,0.002671979254274516,24,fixed_24b_exit,0,81262.28,3,0.6651863353939748,42.08853999999991,17.0036,0.7611914647681888,136.44650999999993,159.43714,0.019377797510227612,True,in_sample,24,120,high_cost,0.0018
downtrend_highvol_forced_cover_signal,fixed_horizon,24,1943,1944,1968,2026-05-07 17:55:00+00:00,2026-05-07 18:00:00+00:00,2026-05-07 20:00:00+00:00,80118.548356,80236.001976,0.0014659978545554786,0.0002659978545554787,24,fixed_24b_exit,0,79948.66,3,0.6189537486851147,44.76761999999988,24.85457,0.5085116170548438,3.8537799999998867,21.01916,0.01964894981734666,True,in_sample,24,120,high_cost,0.0018
downtrend_highvol_forced_cover_signal,fixed_horizon,24,2060,2061,2085,2026-05-08 03:40:00+00:00,2026-05-08 03:45:00+00:00,2026-05-08 05:45:00+00:00,79670.023839,79663.30383700001,-8.434793509748406e-05,-0.001284347935097484,24,fixed_24b_exit,0,79642.55,3,0.6304708710788978,15.850759999999879,8.35204,0.4137478733601798,-19.82979000000011,-34.72717,0.01833936579412443,False,in_sample,24,120,high_cost,0.0018
downtrend_highvol_forced_cover_signal,fixed_horizon,24,3663,3664,3688,2026-05-13 17:15:00+00:00,2026-05-13 17:20:00+00:00,2026-05-13 19:20:00+00:00,79323.79,79398.58327700001,0.0009428858227780168,-0.0002571141772219831,24,fixed_24b_exit,0,79238.6,4,0.5148592605461588,6.578969999999888,6.329630000000002,0.359884740708008,-32.13991000000011,-3.705340000000003,0.018077536305955544,False,in_sample,24,120,high_cost,0.0018
downtrend_highvol_forced_cover_signal,fixed_horizon,24,5090,5091,5115,2026-05-18 16:10:00+00:00,2026-05-18 16:15:00+00:00,2026-05-18 18:15:00+00:00,76532.172766,76320.466989,-0.0027662324137498473,-0.003966232413749847,24,fixed_24b_exit,0,76485.29,3,0.42926045439166727,-54.29889000000012,26.859699999999982,0.5864216890574534,34.83570999999987,52.29809,0.014039604181748322,False,in_sample,24,120,high_cost,0.0018
downtrend_highvol_forced_cover_signal,fixed_horizon,24,6250,6251,6275,2026-05-22 16:50:00+00:00,2026-05-22 16:55:00+00:00,2026-05-22 18:55:00+00:00,77022.559838,76514.508759,-0.006596133393496295,-0.007796133393496295,24,fixed_24b_exit,0,76975.1,5,0.7377154300753295,95.95592999999985,40.94180000000001,0.2600066086102141,-246.79850000000013,13.181549999999987,0.006134016161259304,False,in_sample,24,120,high_cost,0.0018
downtrend_highvol_forced_cover_signal,fixed_horizon,24,6816,6817,6841,2026-05-24 16:00:00+00:00,2026-05-24 16:05:00+00:00,2026-05-24 18:05:00+00:00,76591.660607,76657.81575400001,0.0008637382513412284,-0.0003362617486587715,24,fixed_24b_exit,0,76539.38,4,0.5581474276006726,20.316409999999827,21.17819,0.44486676419518534,-3.226000000000173,-10.685580000000002,0.005795691777599865,False,in_sample,24,120,high_cost,0.0018
downtrend_highvol_forced_cover_signal,fixed_horizon,3,471,472,475,2026-05-27 15:15:00+00:00,2026-05-27 15:20:00+00:00,2026-05-27 15:35:00+00:00,75221.08,75394.0,0.0022988236808085816,0.0022988236808085816,3,fixed_3b_exit,0,75172.87,3,0.6234161388794356,43.24501999999979,40.585409999999996,0.5177032563093346,4.748479999999795,-40.290479999999995,0.0022988236808085816,True,out_of_sample,3,15,no_cost,0.0
downtrend_highvol_forced_cover_signal,fixed_horizon,3,516,517,520,2026-05-27 19:00:00+00:00,2026-05-27 19:05:00+00:00,2026-05-27 19:20:00+00:00,75051.9,75084.25,0.0004310350570739807,0.0004310350570739807,3,fixed_3b_exit,0,75032.01,3,0.7019501613946663,57.10097999999979,1.5047599999999974,0.7108930825443449,82.9004299999998,88.61097000000001,0.0027308496114790692,True,out_of_sample,3,15,no_cost,0.0
downtrend_highvol_forced_cover_signal,fixed_horizon,3,1044,1045,1048,2026-05-29 15:00:00+00:00,2026-05-29 15:05:00+00:00,2026-05-29 15:20:00+00:00,73313.94,73602.0,0.0039291299853752015,0.0039291299853752015,3,fixed_3b_exit,0,73198.17,5,0.6500951573594487,139.25828999999976,35.74498,0.4658193223262545,-24.964210000000225,-213.28117000000003,0.0066707094599482986,True,out_of_sample,3,15,no_cost,0.0
downtrend_highvol_forced_cover_signal,fixed_horizon,3,1625,1626,1629,2026-05-31 15:25:00+00:00,2026-05-31 15:30:00+00:00,2026-05-31 15:45:00+00:00,73748.66,73647.01,-0.0013783301283034621,-0.0013783301283034621,3,fixed_3b_exit,0,73742.0,3,0.7170075872737713,28.465379999999723,20.5799,0.397966958412509,-16.525100000000275,-8.191920000000001,0.005283184891819115,False,out_of_sample,3,15,no_cost,0.0
downtrend_highvol_forced_cover_signal,fixed_horizon,3,1650,1651,1654,2026-05-31 17:30:00+00:00,2026-05-31 17:35:00+00:00,2026-05-31 17:50:00+00:00,73660.25,73699.66,0.000535023978333049,0.000535023978333049,3,fixed_3b_exit,0,73610.36,3,0.7465909592783798,16.415209999999725,13.225670000000001,0.67384128975816,9.554059999999724,-2.843070000000001,0.005821035500751304,True,out_of_sample,3,15,no_cost,0.0
downtrend_highvol_forced_cover_signal,fixed_horizon,3,1835,1836,1839,2026-06-01 08:55:00+00:00,2026-06-01 09:00:00+00:00,2026-06-01 09:15:00+00:00,72902.64,72993.78,0.001250160488015295,0.001250160488015295,3,fixed_3b_exit,0,72865.58,4,0.7317682861651428,59.93055999999973,109.96245,0.3827574834149582,-29.199570000000254,-26.246399999999998,0.007078473217349002,True,out_of_sample,3,15,no_cost,0.0
downtrend_highvol_forced_cover_signal,fixed_horizon,3,1929,1930,1933,2026-06-01 16:45:00+00:00,2026-06-01 16:50:00+00:00,2026-06-01 17:05:00+00:00,71379.77,71564.02,0.00258126357089683,0.00258126357089683,3,fixed_3b_exit,0,71356.0,3,0.5819339098730052,133.02346999999975,-207.13461000000007,0.6055063154058474,91.33686999999968,28.94695,0.009678008193299448,True,out_of_sample,3,15,no_cost,0.0
downtrend_highvol_forced_cover_signal,fixed_horizon,3,2070,2071,2074,2026-06-02 04:30:00+00:00,2026-06-02 04:35:00+00:00,2026-06-02 04:50:00+00:00,71029.99,70900.01,-0.0018299312726921535,-0.0018299312726921535,3,fixed_3b_exit,0,71028.25,3,0.6132697817007485,27.61560999999966,16.302759999999992,0.44066212926835396,-10.893740000000346,-4.409010000000002,0.007830366830757107,False,out_of_sample,3,15,no_cost,0.0
downtrend_highvol_forced_cover_signal,fixed_horizon,3,2307,2308,2311,2026-06-03 00:15:00+00:00,2026-06-03 00:20:00+00:00,2026-06-03 00:35:00+00:00,67085.72,67049.42,-0.0005410987614056229,-0.0005410987614056229,3,fixed_3b_exit,0,66912.0,3,0.5548485860125352,50.51424999999954,109.22464,0.5783004318090299,41.69165999999954,42.689380000000014,0.007285031067558068,False,out_of_sample,3,15,no_cost,0.0
downtrend_highvol_forced_cover_signal,fixed_horizon,3,2969,2970,2973,2026-06-05 07:25:00+00:00,2026-06-05 07:30:00+00:00,2026-06-05 07:45:00+00:00,62252.94,62850.01,0.009591032969687774,0.009591032969687774,3,fixed_3b_exit,0,62203.29,3,0.5833030952443384,86.53159999999971,52.9136,0.5596383660225063,101.23927999999972,-57.44409000000002,0.016945935010399982,True,out_of_sample,3,15,no_cost,0.0
downtrend_highvol_forced_cover_signal,fixed_horizon,3,471,472,475,2026-05-27 15:15:00+00:00,2026-05-27 15:20:00+00:00,2026-05-27 15:35:00+00:00,75228.602108,75386.4606,0.002098383960044581,0.0016983839600445809,3,fixed_3b_exit,0,75172.87,3,0.6234161388794356,43.24501999999979,40.585409999999996,0.5177032563093346,4.748479999999795,-40.290479999999995,0.0016983839600446249,True,out_of_sample,3,15,low_cost,0.0006000000000000001
downtrend_highvol_forced_cover_signal,fixed_horizon,3,516,517,520,2026-05-27 19:00:00+00:00,2026-05-27 19:05:00+00:00,2026-05-27 19:20:00+00:00,75059.40518999999,75076.74157500001,0.0002309688566826118,-0.00016903114331738822,3,fixed_3b_exit,0,75032.01,3,0.7019501613946663,57.10097999999979,1.5047599999999974,0.7108930825443449,82.9004299999998,88.61097000000001,0.001529065736944668,False,out_of_sample,3,15,low_cost,0.0006000000000000001
downtrend_highvol_forced_cover_signal,fixed_horizon,3,1044,1045,1048,2026-05-29 15:00:00+00:00,2026-05-29 15:05:00+00:00,2026-05-29 15:20:00+00:00,73321.271394,73594.6398,0.00372836423595313,0.0033283642359531298,3,fixed_3b_exit,0,73198.17,5,0.6500951573594487,139.25828999999976,35.74498,0.4658193223262545,-24.964210000000225,-213.28117000000003,0.004862519260611098,True,out_of_sample,3,15,low_cost,0.0006000000000000001
downtrend_highvol_forced_cover_signal,fixed_horizon,3,1625,1626,1629,2026-05-31 15:25:00+00:00,2026-05-31 15:30:00+00:00,2026-05-31 15:45:00+00:00,73756.034866,73639.645299,-0.0015780344918414624,-0.0019780344918414626,3,fixed_3b_exit,0,73742.0,3,0.7170075872737713,28.465379999999723,20.5799,0.397966958412509,-16.525100000000275,-8.191920000000001,0.00287486653795499,False,out_of_sample,3,15,low_cost,0.0006000000000000001
downtrend_highvol_forced_cover_signal,fixed_horizon,3,1650,1651,1654,2026-05-31 17:30:00+00:00,2026-05-31 17:35:00+00:00,2026-05-31 17:50:00+00:00,73667.616025,73692.290034,0.00033493698223696633,-6.506301776303369e-05,3,fixed_3b_exit,0,73610.36,3,0.7465909592783798,16.415209999999725,13.225670000000001,0.67384128975816,9.554059999999724,-2.843070000000001,0.0028096164726993944,False,out_of_sample,3,15,low_cost,0.0006000000000000001
downtrend_highvol_forced_cover_signal,fixed_horizon,3,1835,1836,1839,2026-06-01 08:55:00+00:00,2026-06-01 09:00:00+00:00,2026-06-01 09:15:00+00:00,72909.930264,72986.480622,0.0010499304789186592,0.0006499304789186592,3,fixed_3b_exit,0,72865.58,4,0.7317682861651428,59.93055999999973,109.96245,0.3827574834149582,-29.199570000000254,-26.246399999999998,0.00346137300699767,True,out_of_sample,3,15,low_cost,0.0006000000000000001
downtrend_highvol_forced_cover_signal,fixed_horizon,3,1929,1930,1933,2026-06-01 16:45:00+00:00,2026-06-01 16:50:00+00:00,2026-06-01 17:05:00+00:00,71386.90797700001,71556.86359800001,0.002380767367803127,0.001980767367803127,3,fixed_3b_exit,0,71356.0,3,0.5819339098730052,133.02346999999975,-207.13461000000007,0.6055063154058474,91.33686999999968,28.94695,0.0054489965495008175,True,out_of_sample,3,15,low_cost,0.0006000000000000001
downtrend_highvol_forced_cover_signal,fixed_horizon,3,2070,2071,2074,2026-06-02 04:30:00+00:00,2026-06-02 04:35:00+00:00,2026-06-02 04:50:00+00:00,71037.092999,70892.91999899999,-0.0020295453250324114,-0.0024295453250324115,3,fixed_3b_exit,0,71028.25,3,0.6132697817007485,27.61560999999966,16.302759999999992,0.44066212926835396,-10.893740000000346,-4.409010000000002,0.003006212640375594,False,out_of_sample,3,15,low_cost,0.0006000000000000001
downtrend_highvol_forced_cover_signal,fixed_horizon,3,2307,2308,2311,2026-06-03 00:15:00+00:00,2026-06-03 00:20:00+00:00,2026-06-03 00:35:00+00:00,67092.428572,67042.715058,-0.0007409705544739742,-0.0011409705544739742,3,fixed_3b_exit,0,66912.0,3,0.5548485860125352,50.51424999999954,109.22464,0.5783004318090299,41.69165999999954,42.689380000000014,0.0018618120857984977,False,out_of_sample,3,15,low_cost,0.0006000000000000001
downtrend_highvol_forced_cover_signal,fixed_horizon,3,2969,2970,2973,2026-06-05 07:25:00+00:00,2026-06-05 07:30:00+00:00,2026-06-05 07:45:00+00:00,62259.165294,62843.724999000005,0.009389134952895617,0.008989134952895618,3,fixed_3b_exit,0,62203.29,3,0.5833030952443384,86.53159999999971,52.9136,0.5596383660225063,101.23927999999972,-57.44409000000002,0.010867683118790383,True,out_of_sample,3,15,low_cost,0.0006000000000000001
downtrend_highvol_forced_cover_signal,fixed_horizon,3,471,472,475,2026-05-27 15:15:00+00:00,2026-05-27 15:20:00+00:00,2026-05-27 15:35:00+00:00,75236.124216,75378.9212,0.0018979843192086232,0.0010979843192086233,3,fixed_3b_exit,0,75172.87,3,0.6234161388794356,43.24501999999979,40.585409999999996,0.5177032563093346,4.748479999999795,-40.290479999999995,0.0010979843192087113,True,out_of_sample,3,15,base_cost,0.0012000000000000001
downtrend_highvol_forced_cover_signal,fixed_horizon,3,516,517,520,2026-05-27 19:00:00+00:00,2026-05-27 19:05:00+00:00,2026-05-27 19:20:00+00:00,75066.91037999999,75069.23315,3.094266153036429e-05,-0.0007690573384696357,3,fixed_3b_exit,0,75032.01,3,0.7019501613946663,57.10097999999979,1.5047599999999974,0.7108930825443449,82.9004299999998,88.61097000000001,0.00032808256784089274,False,out_of_sample,3,15,base_cost,0.0012000000000000001
downtrend_highvol_forced_cover_signal,fixed_horizon,3,1044,1045,1048,2026-05-29 15:00:00+00:00,2026-05-29 15:05:00+00:00,2026-05-29 15:20:00+00:00,73328.602788,73587.2796,0.0035276386316516195,0.0027276386316516196,3,fixed_3b_exit,0,73198.17,5,0.6500951573594487,139.25828999999976,35.74498,0.4658193223262545,-24.964210000000225,-213.28117000000003,0.003056616090179043,True,out_of_sample,3,15,base_cost,0.0012000000000000001
downtrend_highvol_forced_cover_signal,fixed_horizon,3,1625,1626,1629,2026-05-31 15:25:00+00:00,2026-05-31 15:30:00+00:00,2026-05-31 15:45:00+00:00,73763.409732,73632.280598,-0.0017776989224932427,-0.0025776989224932426,3,fixed_3b_exit,0,73742.0,3,0.7170075872737713,28.465379999999723,20.5799,0.397966958412509,-16.525100000000275,-8.191920000000001,0.0004710381316836987,False,out_of_sample,3,15,base_cost,0.0012000000000000001
downtrend_highvol_forced_cover_signal,fixed_horizon,3,1650,1651,1654,2026-05-31 17:30:00+00:00,2026-05-31 17:35:00+00:00,2026-05-31 17:50:00+00:00,73674.98204999999,73684.920068,0.00013488999553845638,-0.0006651100044615437,3,fixed_3b_exit,0,73610.36,3,0.7465909592783798,16.415209999999725,13.225670000000001,0.67384128975816,9.554059999999724,-2.843070000000001,-0.00019438516495173808,False,out_of_sample,3,15,base_cost,0.0012000000000000001
downtrend_highvol_forced_cover_signal,fixed_horizon,3,1835,1836,1839,2026-06-01 08:55:00+00:00,2026-06-01 09:00:00+00:00,2026-06-01 09:15:00+00:00,72917.22052799999,72979.181244,0.0008497405078162767,4.974050781627671e-05,3,fixed_3b_exit,0,72865.58,4,0.7317682861651428,59.93055999999973,109.96245,0.3827574834149582,-29.199570000000254,-26.246399999999998,-0.0001446543259522315,True,out_of_sample,3,15,base_cost,0.0012000000000000001
downtrend_highvol_forced_cover_signal,fixed_horizon,3,1929,1930,1933,2026-06-01 16:45:00+00:00,2026-06-01 16:50:00+00:00,2026-06-01 17:05:00+00:00,71394.045954,71549.707196,0.002180311255931544,0.0013803112559315441,3,fixed_3b_exit,0,71356.0,3,0.5819339098730052,133.02346999999975,-207.13461000000007,0.6055063154058474,91.33686999999968,28.94695,0.0012354572619850401,True,out_of_sample,3,15,base_cost,0.0012000000000000001
downtrend_highvol_forced_cover_signal,fixed_horizon,3,2070,2071,2074,2026-06-02 04:30:00+00:00,2026-06-02 04:35:00+00:00,2026-06-02 04:50:00+00:00,71044.19599800001,70885.829998,-0.002229119462545115,-0.003029119462545115,3,fixed_3b_exit,0,71028.25,3,0.6132697817007485,27.61560999999966,16.302759999999992,0.44066212926835396,-10.893740000000346,-4.409010000000002,-0.0017974045481975454,False,out_of_sample,3,15,base_cost,0.0012000000000000001
downtrend_highvol_forced_cover_signal,fixed_horizon,3,2307,2308,2311,2026-06-03 00:15:00+00:00,2026-06-03 00:20:00+00:00,2026-06-03 00:35:00+00:00,67099.137144,67036.010116,-0.0009408023811768862,-0.0017408023811768861,3,fixed_3b_exit,0,66912.0,3,0.5548485860125352,50.51424999999954,109.22464,0.5783004318090299,41.69165999999954,42.689380000000014,-0.0035350780032570306,False,out_of_sample,3,15,base_cost,0.0012000000000000001
downtrend_highvol_forced_cover_signal,fixed_horizon,3,2969,2970,2973,2026-06-05 07:25:00+00:00,2026-06-05 07:30:00+00:00,2026-06-05 07:45:00+00:00,62265.390588,62837.439998,0.009187277307632469,0.008387277307632468,3,fixed_3b_exit,0,62203.29,3,0.5833030952443384,86.53159999999971,52.9136,0.5596383660225063,101.23927999999972,-57.44409000000002,0.0048225496248581745,True,out_of_sample,3,15,base_cost,0.0012000000000000001
downtrend_highvol_forced_cover_signal,fixed_horizon,3,471,472,475,2026-05-27 15:15:00+00:00,2026-05-27 15:20:00+00:00,2026-05-27 15:35:00+00:00,75243.646324,75371.3818,0.001697624746280546,0.0004976247462805462,3,fixed_3b_exit,0,75172.87,3,0.6234161388794356,43.24501999999979,40.585409999999996,0.5177032563093346,4.748479999999795,-40.290479999999995,0.0004976247462804562,True,out_of_sample,3,15,high_cost,0.0018
downtrend_highvol_forced_cover_signal,fixed_horizon,3,516,517,520,2026-05-27 19:00:00+00:00,2026-05-27 19:05:00+00:00,2026-05-27 19:20:00+00:00,75074.41557,75061.72472500001,-0.00016904354038105307,-0.001369043540381053,3,fixed_3b_exit,0,75032.01,3,0.7019501613946663,57.10097999999979,1.5047599999999974,0.7108930825443449,82.9004299999998,88.61097000000001,-0.0008721000640450338,False,out_of_sample,3,15,high_cost,0.0018
downtrend_highvol_forced_cover_signal,fixed_horizon,3,1044,1045,1048,2026-05-29 15:00:00+00:00,2026-05-29 15:05:00+00:00,2026-05-29 15:20:00+00:00,73335.934182,73579.9194,0.0033269531604314118,0.002126953160431412,3,fixed_3b_exit,0,73198.17,5,0.6500951573594487,139.25828999999976,35.74498,0.4658193223262545,-24.964210000000225,-213.28117000000003,0.0012529981803988122,True,out_of_sample,3,15,high_cost,0.0018
downtrend_highvol_forced_cover_signal,fixed_horizon,3,1625,1626,1629,2026-05-31 15:25:00+00:00,2026-05-31 15:30:00+00:00,2026-05-31 15:45:00+00:00,73770.784598,73624.915897,-0.001977323432235223,-0.0031773234322352226,3,fixed_3b_exit,0,73742.0,3,0.7170075872737713,28.465379999999723,20.5799,0.397966958412509,-16.525100000000275,-8.191920000000001,-0.001928306432315563,False,out_of_sample,3,15,high_cost,0.0018
downtrend_highvol_forced_cover_signal,fixed_horizon,3,1650,1651,1654,2026-05-31 17:30:00+00:00,2026-05-31 17:35:00+00:00,2026-05-31 17:50:00+00:00,73682.348075,73677.55010200001,-6.511699376232638e-05,-0.0012651169937623263,3,fixed_3b_exit,0,73610.36,3,0.7465909592783798,16.415209999999725,13.225670000000001,0.67384128975816,9.554059999999724,-2.843070000000001,-0.003190983892841115,False,out_of_sample,3,15,high_cost,0.0018
downtrend_highvol_forced_cover_signal,fixed_horizon,3,1835,1836,1839,2026-06-01 08:55:00+00:00,2026-06-01 09:00:00+00:00,2026-06-01 09:15:00+00:00,72924.510792,72971.881866,0.0006495905626999754,-0.0005504094373000245,3,fixed_3b_exit,0,72865.58,4,0.7317682861651428,59.93055999999973,109.96245,0.3827574834149582,-29.199570000000254,-26.246399999999998,-0.003739636982492245,False,out_of_sample,3,15,high_cost,0.0018
downtrend_highvol_forced_cover_signal,fixed_horizon,3,1929,1930,1933,2026-06-01 16:45:00+00:00,2026-06-01 16:50:00+00:00,2026-06-01 17:05:00+00:00,71401.183931,71542.55079400001,0.0019798952232588096,0.0007798952232588097,3,fixed_3b_exit,0,71356.0,3,0.5819339098730052,133.02346999999975,-207.13461000000007,0.6055063154058474,91.33686999999968,28.94695,-0.002962658284252906,True,out_of_sample,3,15,high_cost,0.0018
downtrend_highvol_forced_cover_signal,fixed_horizon,3,2070,2071,2074,2026-06-02 04:30:00+00:00,2026-06-02 04:35:00+00:00,2026-06-02 04:50:00+00:00,71051.298997,70878.739997,-0.002428653697201133,-0.0036286536972011327,3,fixed_3b_exit,0,71028.25,3,0.6132697817007485,27.61560999999966,16.302759999999992,0.44066212926835396,-10.893740000000346,-4.409010000000002,-0.006580561520517336,False,out_of_sample,3,15,high_cost,0.0018
downtrend_highvol_forced_cover_signal,fixed_horizon,3,2307,2308,2311,2026-06-03 00:15:00+00:00,2026-06-03 00:20:00+00:00,2026-06-03 00:35:00+00:00,67105.845716,67029.305174,-0.0011405942535011038,-0.0023405942535011034,3,fixed_3b_exit,0,66912.0,3,0.5548485860125352,50.51424999999954,109.22464,0.5783004318090299,41.69165999999954,42.689380000000014,-0.008905753349538692,False,out_of_sample,3,15,high_cost,0.0018
downtrend_highvol_forced_cover_signal,fixed_horizon,3,2969,2970,2973,2026-06-05 07:25:00+00:00,2026-06-05 07:30:00+00:00,2026-06-05 07:45:00+00:00,62271.615882,62831.154997000005,0.008985460021790459,0.007785460021790459,3,fixed_3b_exit,0,62203.29,3,0.5833030952443384,86.53159999999971,52.9136,0.5596383660225063,101.23927999999972,-57.44409000000002,-0.0011896287144150808,True,out_of_sample,3,15,high_cost,0.0018
downtrend_highvol_forced_cover_signal,fixed_horizon,6,471,472,478,2026-05-27 15:15:00+00:00,2026-05-27 15:20:00+00:00,2026-05-27 15:50:00+00:00,75221.08,75276.15,0.000732108605725923,0.000732108605725923,6,fixed_6b_exit,0,75172.87,3,0.6234161388794356,43.24501999999979,40.585409999999996,0.5754489452816749,36.38804999999978,26.26462999999999,0.000732108605725923,True,out_of_sample,6,30,no_cost,0.0
downtrend_highvol_forced_cover_signal,fixed_horizon,6,516,517,523,2026-05-27 19:00:00+00:00,2026-05-27 19:05:00+00:00,2026-05-27 19:35:00+00:00,75051.9,75054.01,2.8113878529412162e-05,2.8113878529412162e-05,6,fixed_6b_exit,0,75032.01,3,0.7019501613946663,57.10097999999979,1.5047599999999974,0.4000797880731509,-84.8121300000002,-220.23208,0.0007602430666677762,True,out_of_sample,6,30,no_cost,0.0
downtrend_highvol_forced_cover_signal,fixed_horizon,6,1044,1045,1051,2026-05-29 15:00:00+00:00,2026-05-29 15:05:00+00:00,2026-05-29 15:35:00+00:00,73313.94,74110.93,0.010870920318836852,0.010870920318836852,6,fixed_6b_exit,0,73198.17,5,0.6500951573594487,139.25828999999976,35.74498,0.6700885234598339,193.63663999999977,51.635980000000046,0.011639427927305324,True,out_of_sample,6,30,no_cost,0.0
downtrend_highvol_forced_cover_signal,fixed_horizon,6,1625,1626,1632,2026-05-31 15:25:00+00:00,2026-05-31 15:30:00+00:00,2026-05-31 16:00:00+00:00,73748.66,73688.99,-0.0008090994466882773,-0.0008090994466882773,6,fixed_6b_exit,0,73742.0,3,0.7170075872737713,28.465379999999723,20.5799,0.21056103304236523,-42.24683000000027,5.352170000000001,0.010820911025921198,False,out_of_sample,6,30,no_cost,0.0
downtrend_highvol_forced_cover_signal,fixed_horizon,6,1650,1651,1657,2026-05-31 17:30:00+00:00,2026-05-31 17:35:00+00:00,2026-05-31 18:05:00+00:00,73660.25,73632.87,-0.00037170658530216727,-0.00037170658530216727,6,fixed_6b_exit,0,73610.36,3,0.7465909592783798,16.415209999999725,13.225670000000001,0.5059296214537568,0.9824299999997201,-15.763330000000007,0.010445182236731743,False,out_of_sample,6,30,no_cost,0.0
downtrend_highvol_forced_cover_signal,fixed_horizon,6,1835,1836,1842,2026-06-01 08:55:00+00:00,2026-06-01 09:00:00+00:00,2026-06-01 09:30:00+00:00,72902.64,72993.64,0.0012482401186020287,0.0012482401186020287,6,fixed_6b_exit,0,72865.58,4,0.7317682861651428,59.93055999999973,109.96245,0.5325592914498196,15.698449999999735,5.016929999999999,0.011706460450847667,True,out_of_sample,6,30,no_cost,0.0
downtrend_highvol_forced_cover_signal,fixed_horizon,6,1929,1930,1936,2026-06-01 16:45:00+00:00,2026-06-01 16:50:00+00:00,2026-06-01 17:20:00+00:00,71379.77,71545.68,0.0023243280273947953,0.0023243280273947953,6,fixed_6b_exit,0,71356.0,3,0.5819339098730052,133.02346999999975,-207.13461000000007,0.6233784913838664,40.45236999999965,4.242449999999998,0.014057998132369853,True,out_of_sample,6,30,no_cost,0.0
downtrend_highvol_forced_cover_signal,fixed_horizon,6,2070,2071,2077,2026-06-02 04:30:00+00:00,2026-06-02 04:35:00+00:00,2026-06-02 05:05:00+00:00,71029.99,70682.01,-0.00489905742630703,-0.00489905742630703,6,fixed_6b_exit,0,71028.25,3,0.6132697817007485,27.61560999999966,16.302759999999992,0.40255366661089714,-31.719450000000343,-2.1985699999999895,0.009090069765913533,False,out_of_sample,6,30,no_cost,0.0
downtrend_highvol_forced_cover_signal,fixed_horizon,6,2307,2308,2314,2026-06-03 00:15:00+00:00,2026-06-03 00:20:00+00:00,2026-06-03 00:50:00+00:00,67085.72,67024.59,-0.0009112222392485547,-0.0009112222392485547,6,fixed_6b_exit,0,66912.0,3,0.5548485860125352,50.51424999999954,109.22464,0.4939070214571006,-2.679870000000463,-25.42908,0.008170564452937956,False,out_of_sample,6,30,no_cost,0.0
downtrend_highvol_forced_cover_signal,fixed_horizon,6,2969,2970,2976,2026-06-05 07:25:00+00:00,2026-06-05 07:30:00+00:00,2026-06-05 08:00:00+00:00,62252.94,62873.96,0.009975753755565586,0.009975753755565586,6,fixed_6b_exit,0,62203.29,3,0.5833030952443384,86.53159999999971,52.9136,0.5706435064290614,99.14081999999974,-22.71456999999998,0.018227825747530124,True,out_of_sample,6,30,no_cost,0.0
downtrend_highvol_forced_cover_signal,fixed_horizon,6,471,472,478,2026-05-27 15:15:00+00:00,2026-05-27 15:20:00+00:00,2026-05-27 15:50:00+00:00,75228.602108,75268.622385,0.0005319821966456306,0.0001319821966456306,6,fixed_6b_exit,0,75172.87,3,0.6234161388794356,43.24501999999979,40.585409999999996,0.5754489452816749,36.38804999999978,26.26462999999999,0.00013198219664567468,True,out_of_sample,6,30,low_cost,0.0006000000000000001
downtrend_highvol_forced_cover_signal,fixed_horizon,6,516,517,523,2026-05-27 19:00:00+00:00,2026-05-27 19:05:00+00:00,2026-05-27 19:35:00+00:00,75059.40518999999,75046.50459899999,-0.00017187174568389363,-0.0005718717456838936,6,fixed_6b_exit,0,75032.01,3,0.7019501613946663,57.10097999999979,1.5047599999999974,0.4000797880731509,-84.8121300000002,-220.23208,-0.000439965025927358,False,out_of_sample,6,30,low_cost,0.0006000000000000001
downtrend_highvol_forced_cover_signal,fixed_horizon,6,1044,1045,1051,2026-05-29 15:00:00+00:00,2026-05-29 15:05:00+00:00,2026-05-29 15:35:00+00:00,73321.271394,74103.51890699999,0.010668766350170111,0.010268766350170112,6,fixed_6b_exit,0,73198.17,5,0.6500951573594487,139.25828999999976,35.74498,0.6700885234598339,193.63663999999977,51.635980000000046,0.00982428342618924,True,out_of_sample,6,30,low_cost,0.0006000000000000001
downtrend_highvol_forced_cover_signal,fixed_horizon,6,1625,1626,1632,2026-05-31 15:25:00+00:00,2026-05-31 15:30:00+00:00,2026-05-31 16:00:00+00:00,73756.034866,73681.62110100001,-0.0010089176449789017,-0.0014089176449789016,6,fixed_6b_exit,0,73742.0,3,0.7170075872737713,28.465379999999723,20.5799,0.21056103304236523,-42.24683000000027,5.352170000000001,0.008401524174941999,False,out_of_sample,6,30,low_cost,0.0006000000000000001
downtrend_highvol_forced_cover_signal,fixed_horizon,6,1650,1651,1657,2026-05-31 17:30:00+00:00,2026-05-31 17:35:00+00:00,2026-05-31 18:05:00+00:00,73667.616025,73625.506713,-0.0005716122534182855,-0.0009716122534182854,6,fixed_6b_exit,0,73610.36,3,0.7465909592783798,16.415209999999725,13.225670000000001,0.5059296214537568,0.9824299999997201,-15.763330000000007,0.007421748897687985,False,out_of_sample,6,30,low_cost,0.0006000000000000001
downtrend_highvol_forced_cover_signal,fixed_horizon,6,1835,1836,1842,2026-06-01 08:55:00+00:00,2026-06-01 09:00:00+00:00,2026-06-01 09:30:00+00:00,72909.930264,72986.340636,0.001048010493540863,0.000648010493540863,6,fixed_6b_exit,0,72865.58,4,0.7317682861651428,59.93055999999973,109.96245,0.5325592914498196,15.698449999999735,5.016929999999999,0.008074568762395096,True,out_of_sample,6,30,low_cost,0.0006000000000000001
downtrend_highvol_forced_cover_signal,fixed_horizon,6,1929,1930,1936,2026-06-01 16:45:00+00:00,2026-06-01 16:50:00+00:00,2026-06-01 17:20:00+00:00,71386.90797700001,71538.525432,0.0021238832062713264,0.0017238832062713265,6,fixed_6b_exit,0,71356.0,3,0.5819339098730052,133.02346999999975,-207.13461000000007,0.6233784913838664,40.45236999999965,4.242449999999998,0.009812371582153867,True,out_of_sample,6,30,low_cost,0.0006000000000000001
downtrend_highvol_forced_cover_signal,fixed_horizon,6,2070,2071,2077,2026-06-02 04:30:00+00:00,2026-06-02 04:35:00+00:00,2026-06-02 05:05:00+00:00,71037.092999,70674.941799,-0.005098057714792881,-0.005498057714792881,6,fixed_6b_exit,0,71028.25,3,0.6132697817007485,27.61560999999966,16.302759999999992,0.40255366661089714,-31.719450000000343,-2.1985699999999895,0.004260364882083367,False,out_of_sample,6,30,low_cost,0.0006000000000000001
downtrend_highvol_forced_cover_signal,fixed_horizon,6,2307,2308,2314,2026-06-03 00:15:00+00:00,2026-06-03 00:20:00+00:00,2026-06-03 00:50:00+00:00,67092.428572,67017.887541,-0.0011110200150231675,-0.0015110200150231675,6,fixed_6b_exit,0,66912.0,3,0.5548485860125352,50.51424999999954,109.22464,0.4939070214571006,-2.679870000000463,-25.42908,0.00274290737045213,False,out_of_sample,6,30,low_cost,0.0006000000000000001
downtrend_highvol_forced_cover_signal,fixed_horizon,6,2969,2970,2976,2026-06-05 07:25:00+00:00,2026-06-05 07:30:00+00:00,2026-06-05 08:00:00+00:00,62259.165294,62867.672604,0.009773778802309785,0.009373778802309786,6,fixed_6b_exit,0,62203.29,3,0.5833030952443384,86.53159999999971,52.9136,0.5706435064290614,99.14081999999974,-22.71456999999998,0.012142397579727904,True,out_of_sample,6,30,low_cost,0.0006000000000000001
downtrend_highvol_forced_cover_signal,fixed_horizon,6,471,472,478,2026-05-27 15:15:00+00:00,2026-05-27 15:20:00+00:00,2026-05-27 15:50:00+00:00,75236.124216,75261.09477,0.00033189580484371817,-0.00046810419515628187,6,fixed_6b_exit,0,75172.87,3,0.6234161388794356,43.24501999999979,40.585409999999996,0.5754489452816749,36.38804999999978,26.26462999999999,-0.00046810419515630475,False,out_of_sample,6,30,base_cost,0.0012000000000000001
downtrend_highvol_forced_cover_signal,fixed_horizon,6,516,517,523,2026-05-27 19:00:00+00:00,2026-05-27 19:05:00+00:00,2026-05-27 19:35:00+00:00,75066.91037999999,75038.99919799999,-0.00037181738077007864,-0.0011718173807700786,6,fixed_6b_exit,0,75032.01,3,0.7019501613946663,57.10097999999979,1.5047599999999974,0.4000797880731509,-84.8121300000002,-220.23208,-0.0016393730432945341,False,out_of_sample,6,30,base_cost,0.0012000000000000001
downtrend_highvol_forced_cover_signal,fixed_horizon,6,1044,1045,1051,2026-05-29 15:00:00+00:00,2026-05-29 15:05:00+00:00,2026-05-29 15:35:00+00:00,73328.602788,74096.10781399999,0.010466652804212329,0.009666652804212328,6,fixed_6b_exit,0,73198.17,5,0.6500951573594487,139.25828999999976,35.74498,0.6700885234598339,193.63663999999977,51.635980000000046,0.008011432510891758,True,out_of_sample,6,30,base_cost,0.0012000000000000001
downtrend_highvol_forced_cover_signal,fixed_horizon,6,1625,1626,1632,2026-05-31 15:25:00+00:00,2026-05-31 15:30:00+00:00,2026-05-31 16:00:00+00:00,73763.409732,73674.252202,-0.0012086958876212917,-0.0020086958876212916,6,fixed_6b_exit,0,73742.0,3,0.7170075872737713,28.465379999999723,20.5799,0.21056103304236523,-42.24683000000027,5.352170000000001,0.005986644091731774,False,out_of_sample,6,30,base_cost,0.0012000000000000001
downtrend_highvol_forced_cover_signal,fixed_horizon,6,1650,1651,1657,2026-05-31 17:30:00+00:00,2026-05-31 17:35:00+00:00,2026-05-31 18:05:00+00:00,73674.98204999999,73618.143426,-0.0007714779483952716,-0.0015714779483952715,6,fixed_6b_exit,0,73610.36,3,0.7465909592783798,16.415209999999725,13.225670000000001,0.5059296214537568,0.9824299999997201,-15.763330000000007,0.004405758264161452,False,out_of_sample,6,30,base_cost,0.0012000000000000001
downtrend_highvol_forced_cover_signal,fixed_horizon,6,1835,1836,1842,2026-06-01 08:55:00+00:00,2026-06-01 09:00:00+00:00,2026-06-01 09:30:00+00:00,72917.22052799999,72979.041272,0.0008478209063971232,4.7820906397123115e-05,6,fixed_6b_exit,0,72865.58,4,0.7317682861651428,59.93055999999973,109.96245,0.5325592914498196,15.698449999999735,5.016929999999999,0.004453789857912227,True,out_of_sample,6,30,base_cost,0.0012000000000000001
downtrend_highvol_forced_cover_signal,fixed_horizon,6,1929,1930,1936,2026-06-01 16:45:00+00:00,2026-06-01 16:50:00+00:00,2026-06-01 17:20:00+00:00,71394.045954,71531.370864,0.0019234784660961957,0.0011234784660961957,6,fixed_6b_exit,0,71356.0,3,0.5819339098730052,133.02346999999975,-207.13461000000007,0.6233784913838664,40.45236999999965,4.242449999999998,0.005582272061006366,True,out_of_sample,6,30,base_cost,0.0012000000000000001
downtrend_highvol_forced_cover_signal,fixed_horizon,6,2070,2071,2077,2026-06-02 04:30:00+00:00,2026-06-02 04:35:00+00:00,2026-06-02 05:05:00+00:00,71044.19599800001,70667.87359799999,-0.0052970182111795605,-0.006097018211179561,6,fixed_6b_exit,0,71028.25,3,0.6132697817007485,27.61560999999966,16.302759999999992,0.40255366661089714,-31.719450000000343,-2.1985699999999895,-0.0005487813645889128,False,out_of_sample,6,30,base_cost,0.0012000000000000001
downtrend_highvol_forced_cover_signal,fixed_horizon,6,2307,2308,2314,2026-06-03 00:15:00+00:00,2026-06-03 00:20:00+00:00,2026-06-03 00:50:00+00:00,67099.137144,67011.185082,-0.001310777839232835,-0.002110777839232835,6,fixed_6b_exit,0,66912.0,3,0.5548485860125352,50.51424999999954,109.22464,0.4939070214571006,-2.679870000000463,-25.42908,-0.0026584008482788413,False,out_of_sample,6,30,base_cost,0.0012000000000000001
downtrend_highvol_forced_cover_signal,fixed_horizon,6,2969,2970,2976,2026-06-05 07:25:00+00:00,2026-06-05 07:30:00+00:00,2026-06-05 08:00:00+00:00,62265.390588,62861.385208,0.009571844235967353,0.008771844235967352,6,fixed_6b_exit,0,62203.29,3,0.5833030952443384,86.53159999999971,52.9136,0.5706435064290614,99.14081999999974,-22.71456999999998,0.00609012430953082,True,out_of_sample,6,30,base_cost,0.0012000000000000001
downtrend_highvol_forced_cover_signal,fixed_horizon,6,471,472,478,2026-05-27 15:15:00+00:00,2026-05-27 15:20:00+00:00,2026-05-27 15:50:00+00:00,75243.646324,75253.567155,0.0001318494183186747,-0.0010681505816813252,6,fixed_6b_exit,0,75172.87,3,0.6234161388794356,43.24501999999979,40.585409999999996,0.5754489452816749,36.38804999999978,26.26462999999999,-0.0010681505816813042,False,out_of_sample,6,30,high_cost,0.0018
downtrend_highvol_forced_cover_signal,fixed_horizon,6,516,517,523,2026-05-27 19:00:00+00:00,2026-05-27 19:05:00+00:00,2026-05-27 19:35:00+00:00,75074.41557,75031.493797,-0.0005717230387224381,-0.001771723038722438,6,fixed_6b_exit,0,75032.01,3,0.7019501613946663,57.10097999999979,1.5047599999999974,0.4000797880731509,-84.8121300000002,-220.23208,-0.0028379811534093857,False,out_of_sample,6,30,high_cost,0.0018
downtrend_highvol_forced_cover_signal,fixed_horizon,6,1044,1045,1051,2026-05-29 15:00:00+00:00,2026-05-29 15:05:00+00:00,2026-05-29 15:35:00+00:00,73335.934182,74088.696721,0.010264579668840756,0.009064579668840757,6,fixed_6b_exit,0,73198.17,5,0.6500951573594487,139.25828999999976,35.74498,0.6700885234598339,193.63663999999977,51.635980000000046,0.00620087340916764,True,out_of_sample,6,30,high_cost,0.0018
downtrend_highvol_forced_cover_signal,fixed_horizon,6,1625,1626,1632,2026-05-31 15:25:00+00:00,2026-05-31 15:30:00+00:00,2026-05-31 16:00:00+00:00,73770.784598,73666.88330300001,-0.0014084341865980843,-0.002608434186598084,6,fixed_6b_exit,0,73742.0,3,0.7170075872737713,28.465379999999723,20.5799,0.21056103304236523,-42.24683000000027,5.352170000000001,0.003576264652382255,False,out_of_sample,6,30,high_cost,0.0018
downtrend_highvol_forced_cover_signal,fixed_horizon,6,1650,1651,1657,2026-05-31 17:30:00+00:00,2026-05-31 17:35:00+00:00,2026-05-31 18:05:00+00:00,73682.348075,73610.780139,-0.00097130368222198,-0.0021713036822219797,6,fixed_6b_exit,0,73610.36,3,0.7465909592783798,16.415209999999725,13.225670000000001,0.5059296214537568,0.9824299999997201,-15.763330000000007,0.0013971958135519102,False,out_of_sample,6,30,high_cost,0.0018
downtrend_highvol_forced_cover_signal,fixed_horizon,6,1835,1836,1842,2026-06-01 08:55:00+00:00,2026-06-01 09:00:00+00:00,2026-06-01 09:30:00+00:00,72924.510792,72971.741908,0.0006476713451628591,-0.0005523286548371408,6,fixed_6b_exit,0,72865.58,4,0.7317682861651428,59.93055999999973,109.96245,0.5325592914498196,15.698449999999735,5.016929999999999,0.0008440954474304707,False,out_of_sample,6,30,high_cost,0.0018
downtrend_highvol_forced_cover_signal,fixed_horizon,6,1929,1930,1936,2026-06-01 16:45:00+00:00,2026-06-01 16:50:00+00:00,2026-06-01 17:20:00+00:00,71401.183931,71524.216296,0.00172311379484813,0.0005231137948481302,6,fixed_6b_exit,0,71356.0,3,0.5819339098730052,133.02346999999975,-207.13461000000007,0.6233784913838664,40.45236999999965,4.242449999999998,0.0013676508002511412,True,out_of_sample,6,30,high_cost,0.0018
downtrend_highvol_forced_cover_signal,fixed_horizon,6,2070,2071,2077,2026-06-02 04:30:00+00:00,2026-06-02 04:35:00+00:00,2026-06-02 05:05:00+00:00,71051.298997,70660.805397,-0.005495938927400745,-0.006695938927400745,6,fixed_6b_exit,0,71028.25,3,0.6132697817007485,27.61560999999966,16.302759999999992,0.40255366661089714,-31.719450000000343,-2.1985699999999895,-0.005337445833382026,False,out_of_sample,6,30,high_cost,0.0018
downtrend_highvol_forced_cover_signal,fixed_horizon,6,2307,2308,2314,2026-06-03 00:15:00+00:00,2026-06-03 00:20:00+00:00,2026-06-03 00:50:00+00:00,67105.845716,67004.482623,-0.0015104957238595285,-0.002710495723859528,6,fixed_6b_exit,0,66912.0,3,0.5548485860125352,50.51424999999954,109.22464,0.4939070214571006,-2.679870000000463,-25.42908,-0.008033474433133847,False,out_of_sample,6,30,high_cost,0.0018
downtrend_highvol_forced_cover_signal,fixed_horizon,6,2969,2970,2976,2026-06-05 07:25:00+00:00,2026-06-05 07:30:00+00:00,2026-06-05 08:00:00+00:00,62271.615882,62855.097812,0.009369950044425535,0.008169950044425535,6,fixed_6b_exit,0,62203.29,3,0.5833030952443384,86.53159999999971,52.9136,0.5706435064290614,99.14081999999974,-22.71456999999998,7.084252648970057e-05,True,out_of_sample,6,30,high_cost,0.0018
downtrend_highvol_forced_cover_signal,fixed_horizon,9,471,472,481,2026-05-27 15:15:00+00:00,2026-05-27 15:20:00+00:00,2026-05-27 16:05:00+00:00,75221.08,75273.26,0.000693688524546543,0.000693688524546543,9,fixed_9b_exit,0,75172.87,3,0.6234161388794356,43.24501999999979,40.585409999999996,0.3617448341317452,-39.11803000000022,-42.11094999999999,0.000693688524546543,True,out_of_sample,9,45,no_cost,0.0
downtrend_highvol_forced_cover_signal,fixed_horizon,9,516,517,526,2026-05-27 19:00:00+00:00,2026-05-27 19:05:00+00:00,2026-05-27 19:50:00+00:00,75051.9,75057.53,7.501475645521616e-05,7.501475645521616e-05,9,fixed_9b_exit,0,75032.01,3,0.7019501613946663,57.10097999999979,1.5047599999999974,0.5263071613221794,7.436329999999778,145.91028999999997,0.0007687553178774564,True,out_of_sample,9,45,no_cost,0.0
downtrend_highvol_forced_cover_signal,fixed_horizon,9,1044,1045,1054,2026-05-29 15:00:00+00:00,2026-05-29 15:05:00+00:00,2026-05-29 15:50:00+00:00,73313.94,73768.0,0.006193365136289097,0.006193365136289097,9,fixed_9b_exit,0,73198.17,5,0.6500951573594487,139.25828999999976,35.74498,0.46987775375091473,-21.35564000000023,-26.479670000000006,0.006966881636550681,True,out_of_sample,9,45,no_cost,0.0
downtrend_highvol_forced_cover_signal,fixed_horizon,9,1625,1626,1635,2026-05-31 15:25:00+00:00,2026-05-31 15:30:00+00:00,2026-05-31 16:15:00+00:00,73748.66,73602.92,-0.0019761714992516666,-0.0019761714992516666,9,fixed_9b_exit,0,73742.0,3,0.7170075872737713,28.465379999999723,20.5799,0.3812314380960609,-19.305110000000276,-3.411200000000001,0.0049769423843701865,False,out_of_sample,9,45,no_cost,0.0
downtrend_highvol_forced_cover_signal,fixed_horizon,9,1650,1651,1660,2026-05-31 17:30:00+00:00,2026-05-31 17:35:00+00:00,2026-05-31 18:20:00+00:00,73660.25,73640.0,-0.00027491082368036324,-0.00027491082368036324,9,fixed_9b_exit,0,73610.36,3,0.7465909592783798,16.415209999999725,13.225670000000001,0.7251908082321203,26.225689999999723,12.964610000000004,0.004700663345359457,False,out_of_sample,9,45,no_cost,0.0
downtrend_highvol_forced_cover_signal,fixed_horizon,9,1835,1836,1845,2026-06-01 08:55:00+00:00,2026-06-01 09:00:00+00:00,2026-06-01 09:45:00+00:00,72902.64,72979.99,0.001061004100811891,0.001061004100811891,9,fixed_9b_exit,0,72865.58,4,0.7317682861651428,59.93055999999973,109.96245,0.4553426740233689,-11.91590000000027,12.446100000000001,0.005766654869257204,True,out_of_sample,9,45,no_cost,0.0
downtrend_highvol_forced_cover_signal,fixed_horizon,9,1929,1930,1939,2026-06-01 16:45:00+00:00,2026-06-01 16:50:00+00:00,2026-06-01 17:35:00+00:00,71379.77,71581.99,0.002833015572899722,0.002833015572899722,9,fixed_9b_exit,0,71356.0,3,0.5819339098730052,133.02346999999975,-207.13461000000007,0.7036730661225192,116.48946999999967,15.742610000000013,0.008616007465205078,True,out_of_sample,9,45,no_cost,0.0
downtrend_highvol_forced_cover_signal,fixed_horizon,9,2070,2071,2080,2026-06-02 04:30:00+00:00,2026-06-02 04:35:00+00:00,2026-06-02 05:20:00+00:00,71029.99,70715.25,-0.004431086080682323,-0.004431086080682323,9,fixed_9b_exit,0,71028.25,3,0.6132697817007485,27.61560999999966,16.302759999999992,0.4990375725918152,-0.17968000000033513,-9.531450000000007,0.004146743113772722,False,out_of_sample,9,45,no_cost,0.0
downtrend_highvol_forced_cover_signal,fixed_horizon,9,2307,2308,2317,2026-06-03 00:15:00+00:00,2026-06-03 00:20:00+00:00,2026-06-03 01:05:00+00:00,67085.72,66837.35,-0.0037022782195673676,-0.0037022782195673676,9,fixed_9b_exit,0,66912.0,3,0.5548485860125352,50.51424999999954,109.22464,0.47582934486698214,-9.112730000000461,-2.2161299999999997,0.00042911249749311153,False,out_of_sample,9,45,no_cost,0.0
downtrend_highvol_forced_cover_signal,fixed_horizon,9,2969,2970,2979,2026-06-05 07:25:00+00:00,2026-06-05 07:30:00+00:00,2026-06-05 08:15:00+00:00,62252.94,62648.26,0.0063502221742459675,0.0063502221742459675,9,fixed_9b_exit,0,62203.29,3,0.5833030952443384,86.53159999999971,52.9136,0.5544621070332685,46.64176999999972,28.125339999999994,0.006782059631435855,True,out_of_sample,9,45,no_cost,0.0
downtrend_highvol_forced_cover_signal,fixed_horizon,9,471,472,481,2026-05-27 15:15:00+00:00,2026-05-27 15:20:00+00:00,2026-05-27 16:05:00+00:00,75228.602108,75265.732674,0.0004935697987140664,9.356979871406635e-05,9,fixed_9b_exit,0,75172.87,3,0.6234161388794356,43.24501999999979,40.585409999999996,0.3617448341317452,-39.11803000000022,-42.11094999999999,9.356979871411042e-05,True,out_of_sample,9,45,low_cost,0.0006000000000000001
downtrend_highvol_forced_cover_signal,fixed_horizon,9,516,517,526,2026-05-27 19:00:00+00:00,2026-05-27 19:05:00+00:00,2026-05-27 19:50:00+00:00,75059.40518999999,75050.024247,-0.00012498024699569843,-0.0005249802469956984,9,fixed_9b_exit,0,75032.01,3,0.7019501613946663,57.10097999999979,1.5047599999999974,0.5263071613221794,7.436329999999778,145.91028999999997,-0.0004314595705775526,False,out_of_sample,9,45,low_cost,0.0006000000000000001
downtrend_highvol_forced_cover_signal,fixed_horizon,9,1044,1045,1054,2026-05-29 15:00:00+00:00,2026-05-29 15:05:00+00:00,2026-05-29 15:50:00+00:00,73321.271394,73760.6232,0.005992146585117153,0.005592146585117153,9,fixed_9b_exit,0,73198.17,5,0.6500951573594487,139.25828999999976,35.74498,0.46987775375091473,-21.35564000000023,-26.479670000000006,0.005158274229375426,True,out_of_sample,9,45,low_cost,0.0006000000000000001
downtrend_highvol_forced_cover_signal,fixed_horizon,9,1625,1626,1635,2026-05-31 15:25:00+00:00,2026-05-31 15:30:00+00:00,2026-05-31 16:15:00+00:00,73756.034866,73595.559708,-0.002175756306471044,-0.002575756306471044,9,fixed_9b_exit,0,73742.0,3,0.7170075872737713,28.465379999999723,20.5799,0.3812314380960609,-19.305110000000276,-3.411200000000001,0.002569231465527677,False,out_of_sample,9,45,low_cost,0.0006000000000000001
downtrend_highvol_forced_cover_signal,fixed_horizon,9,1650,1651,1660,2026-05-31 17:30:00+00:00,2026-05-31 17:35:00+00:00,2026-05-31 18:20:00+00:00,73667.616025,73632.636,-0.00047483584901308884,-0.0008748358490130888,9,fixed_9b_exit,0,73610.36,3,0.7465909592783798,16.415209999999725,13.225670000000001,0.7251908082321203,26.225689999999723,12.964610000000004,0.001692147960724144,False,out_of_sample,9,45,low_cost,0.0006000000000000001
downtrend_highvol_forced_cover_signal,fixed_horizon,9,1835,1836,1845,2026-06-01 08:55:00+00:00,2026-06-01 09:00:00+00:00,2026-06-01 09:45:00+00:00,72909.930264,72972.692001,0.0008608119192097252,0.0004608119192097252,9,fixed_9b_exit,0,72865.58,4,0.7317682861651428,59.93055999999973,109.96245,0.4553426740233689,-11.91590000000027,12.446100000000001,0.0021537396418833676,True,out_of_sample,9,45,low_cost,0.0006000000000000001
downtrend_highvol_forced_cover_signal,fixed_horizon,9,1929,1930,1939,2026-06-01 16:45:00+00:00,2026-06-01 16:50:00+00:00,2026-06-01 17:35:00+00:00,71386.90797700001,71574.83180100001,0.0026324690244399207,0.0022324690244399205,9,fixed_9b_exit,0,71356.0,3,0.5819339098730052,133.02346999999975,-207.13461000000007,0.7036730661225192,116.48946999999967,15.742610000000013,0.004391016823360516,True,out_of_sample,9,45,low_cost,0.0006000000000000001
downtrend_highvol_forced_cover_signal,fixed_horizon,9,2070,2071,2080,2026-06-02 04:30:00+00:00,2026-06-02 04:35:00+00:00,2026-06-02 05:20:00+00:00,71037.092999,70708.17847500001,-0.0046301799540786615,-0.005030179954078662,9,fixed_9b_exit,0,71028.25,3,0.6132697817007485,27.61560999999966,16.302759999999992,0.4990375725918152,-0.17968000000033513,-9.531450000000007,-0.0006612507355210351,False,out_of_sample,9,45,low_cost,0.0006000000000000001
downtrend_highvol_forced_cover_signal,fixed_horizon,9,2307,2308,2317,2026-06-03 00:15:00+00:00,2026-06-03 00:20:00+00:00,2026-06-03 01:05:00+00:00,67092.428572,66830.666265,-0.0039015178399613992,-0.004301517839961399,9,fixed_9b_exit,0,66912.0,3,0.5548485860125352,50.51424999999954,109.22464,0.47582934486698214,-9.112730000000461,-2.2161299999999997,-0.004959924193646881,False,out_of_sample,9,45,low_cost,0.0006000000000000001
downtrend_highvol_forced_cover_signal,fixed_horizon,9,2969,2970,2979,2026-06-05 07:25:00+00:00,2026-06-05 07:30:00+00:00,2026-06-05 08:15:00+00:00,62259.165294,62641.995174,0.006148972254803153,0.005748972254803153,9,fixed_9b_exit,0,62203.29,3,0.5833030952443384,86.53159999999971,52.9136,0.5544621070332685,46.64176999999972,28.125339999999994,0.0007605335945810587,True,out_of_sample,9,45,low_cost,0.0006000000000000001
downtrend_highvol_forced_cover_signal,fixed_horizon,9,471,472,481,2026-05-27 15:15:00+00:00,2026-05-27 15:20:00+00:00,2026-05-27 16:05:00+00:00,75236.124216,75258.205348,0.0002934910886240871,-0.0005065089113759129,9,fixed_9b_exit,0,75172.87,3,0.6234161388794356,43.24501999999979,40.585409999999996,0.3617448341317452,-39.11803000000022,-42.11094999999999,-0.0005065089113759358,False,out_of_sample,9,45,base_cost,0.0012000000000000001
downtrend_highvol_forced_cover_signal,fixed_horizon,9,516,517,526,2026-05-27 19:00:00+00:00,2026-05-27 19:05:00+00:00,2026-05-27 19:50:00+00:00,75066.91037999999,75042.518494,-0.0003249352594439925,-0.0011249352594439924,9,fixed_9b_exit,0,75032.01,3,0.7019501613946663,57.10097999999979,1.5047599999999974,0.5263071613221794,7.436329999999778,145.91028999999997,-0.0016308743810863335,False,out_of_sample,9,45,base_cost,0.0012000000000000001
downtrend_highvol_forced_cover_signal,fixed_horizon,9,1044,1045,1054,2026-05-29 15:00:00+00:00,2026-05-29 15:05:00+00:00,2026-05-29 15:50:00+00:00,73328.602788,73753.2464,0.00579096826960801,0.00499096826960801,9,fixed_9b_exit,0,73198.17,5,0.6500951573594487,139.25828999999976,35.74498,0.46987775375091473,-21.35564000000023,-26.479670000000006,0.0033519542462341345,True,out_of_sample,9,45,base_cost,0.0012000000000000001
downtrend_highvol_forced_cover_signal,fixed_horizon,9,1625,1626,1635,2026-05-31 15:25:00+00:00,2026-05-31 15:30:00+00:00,2026-05-31 16:15:00+00:00,73763.409732,73588.199416,-0.0023753012047108557,-0.0031753012047108556,9,fixed_9b_exit,0,73742.0,3,0.7170075872737713,28.465379999999723,20.5799,0.3812314380960609,-19.305110000000276,-3.411200000000001,0.00016600957716694786,False,out_of_sample,9,45,base_cost,0.0012000000000000001
downtrend_highvol_forced_cover_signal,fixed_horizon,9,1650,1651,1660,2026-05-31 17:30:00+00:00,2026-05-31 17:35:00+00:00,2026-05-31 18:20:00+00:00,73674.98204999999,73625.272,-0.0006747208973361118,-0.0014747208973361118,9,fixed_9b_exit,0,73610.36,3,0.7465909592783798,16.415209999999725,13.225670000000001,0.7251908082321203,26.225689999999723,12.964610000000004,-0.001308956137961781,False,out_of_sample,9,45,base_cost,0.0012000000000000001
downtrend_highvol_forced_cover_signal,fixed_horizon,9,1835,1836,1845,2026-06-01 08:55:00+00:00,2026-06-01 09:00:00+00:00,2026-06-01 09:45:00+00:00,72917.22052799999,72965.394002,0.0006606597680380855,-0.00013934023196191458,9,fixed_9b_exit,0,72865.58,4,0.7317682861651428,59.93055999999973,109.96245,0.4553426740233689,-11.91590000000027,12.446100000000001,-0.0014481139796718168,False,out_of_sample,9,45,base_cost,0.0012000000000000001
downtrend_highvol_forced_cover_signal,fixed_horizon,9,1929,1930,1939,2026-06-01 16:45:00+00:00,2026-06-01 16:50:00+00:00,2026-06-01 17:35:00+00:00,71394.045954,71567.67360200001,0.0024319625772697417,0.0016319625772697418,9,fixed_9b_exit,0,71356.0,3,0.5819339098730052,133.02346999999975,-207.13461000000007,0.7036730661225192,116.48946999999967,15.742610000000013,0.00018148532977546594,True,out_of_sample,9,45,base_cost,0.0012000000000000001
downtrend_highvol_forced_cover_signal,fixed_horizon,9,2070,2071,2080,2026-06-02 04:30:00+00:00,2026-06-02 04:35:00+00:00,2026-06-02 05:20:00+00:00,71044.19599800001,70701.10695,-0.004829234016662909,-0.005629234016662909,9,fixed_9b_exit,0,71028.25,3,0.6132697817007485,27.61560999999966,16.302759999999992,0.4990375725918152,-0.17968000000033513,-9.531450000000007,-0.0054487703102793494,False,out_of_sample,9,45,base_cost,0.0012000000000000001
downtrend_highvol_forced_cover_signal,fixed_horizon,9,2307,2308,2317,2026-06-03 00:15:00+00:00,2026-06-03 00:20:00+00:00,2026-06-03 01:05:00+00:00,67099.137144,66823.98253000001,-0.004100717620399208,-0.004900717620399208,9,fixed_9b_exit,0,66912.0,3,0.5548485860125352,50.51424999999954,109.22464,0.47582934486698214,-9.112730000000461,-2.2161299999999997,-0.010322785046009475,False,out_of_sample,9,45,base_cost,0.0012000000000000001
downtrend_highvol_forced_cover_signal,fixed_horizon,9,2969,2970,2979,2026-06-05 07:25:00+00:00,2026-06-05 07:30:00+00:00,2026-06-05 08:15:00+00:00,62265.390588,62635.730348000005,0.005947762577295679,0.0051477625772956784,9,fixed_9b_exit,0,62203.29,3,0.5833030952443384,86.53159999999971,52.9136,0.5544621070332685,46.64176999999972,28.125339999999994,-0.005228161715267077,True,out_of_sample,9,45,base_cost,0.0012000000000000001
downtrend_highvol_forced_cover_signal,fixed_horizon,9,471,472,481,2026-05-27 15:15:00+00:00,2026-05-27 15:20:00+00:00,2026-05-27 16:05:00+00:00,75243.646324,75250.678022,9.34523822744282e-05,-0.0011065476177255717,9,fixed_9b_exit,0,75172.87,3,0.6234161388794356,43.24501999999979,40.585409999999996,0.3617448341317452,-39.11803000000022,-42.11094999999999,-0.0011065476177255507,False,out_of_sample,9,45,high_cost,0.0018
downtrend_highvol_forced_cover_signal,fixed_horizon,9,516,517,526,2026-05-27 19:00:00+00:00,2026-05-27 19:05:00+00:00,2026-05-27 19:50:00+00:00,75074.41557,75035.012741,-0.0005248502928838494,-0.0017248502928838493,9,fixed_9b_exit,0,75032.01,3,0.7019501613946663,57.10097999999979,1.5047599999999974,0.5263071613221794,7.436329999999778,145.91028999999997,-0.0028294892816268513,False,out_of_sample,9,45,high_cost,0.0018
downtrend_highvol_forced_cover_signal,fixed_horizon,9,1044,1045,1054,2026-05-29 15:00:00+00:00,2026-05-29 15:05:00+00:00,2026-05-29 15:50:00+00:00,73335.934182,73745.8696,0.005589830177695099,0.004389830177695099,9,fixed_9b_exit,0,73198.17,5,0.6500951573594487,139.25828999999976,35.74498,0.46987775375091473,-21.35564000000023,-26.479670000000006,0.0015479199186321235,True,out_of_sample,9,45,high_cost,0.0018
downtrend_highvol_forced_cover_signal,fixed_horizon,9,1625,1626,1635,2026-05-31 15:25:00+00:00,2026-05-31 15:30:00+00:00,2026-05-31 16:15:00+00:00,73770.784598,73580.839124,-0.0025748062059399723,-0.003774806205939972,9,fixed_9b_exit,0,73742.0,3,0.7170075872737713,28.465379999999723,20.5799,0.3812314380960609,-19.305110000000276,-3.411200000000001,-0.002232729385022947,False,out_of_sample,9,45,high_cost,0.0018
downtrend_highvol_forced_cover_signal,fixed_horizon,9,1650,1651,1660,2026-05-31 17:30:00+00:00,2026-05-31 17:35:00+00:00,2026-05-31 18:20:00+00:00,73682.348075,73617.908,-0.0008745659806391748,-0.0020745659806391745,9,fixed_9b_exit,0,73610.36,3,0.7465909592783798,16.415209999999725,13.225670000000001,0.7251908082321203,26.225689999999723,12.964610000000004,-0.004302663421235975,False,out_of_sample,9,45,high_cost,0.0018
downtrend_highvol_forced_cover_signal,fixed_horizon,9,1835,1836,1845,2026-06-01 08:55:00+00:00,2026-06-01 09:00:00+00:00,2026-06-01 09:45:00+00:00,72924.510792,72958.09600300001,0.00046054763529101983,-0.0007394523647089801,9,fixed_9b_exit,0,72865.58,4,0.7317682861651428,59.93055999999973,109.96245,0.4553426740233689,-11.91590000000027,12.446100000000001,-0.005038934171303522,False,out_of_sample,9,45,high_cost,0.0018
downtrend_highvol_forced_cover_signal,fixed_horizon,9,1929,1930,1939,2026-06-01 16:45:00+00:00,2026-06-01 16:50:00+00:00,2026-06-01 17:35:00+00:00,71401.183931,71560.51540300001,0.002231496219362139,0.0010314962193621391,9,fixed_9b_exit,0,71356.0,3,0.5819339098730052,133.02346999999975,-207.13461000000007,0.7036730661225192,116.48946999999967,15.742610000000013,-0.004012635593488745,True,out_of_sample,9,45,high_cost,0.0018
downtrend_highvol_forced_cover_signal,fixed_horizon,9,2070,2071,2080,2026-06-02 04:30:00+00:00,2026-06-02 04:35:00+00:00,2026-06-02 05:20:00+00:00,71051.298997,70694.03542500001,-0.005028248280373848,-0.006228248280373848,9,fixed_9b_exit,0,71028.25,3,0.6132697817007485,27.61560999999966,16.302759999999992,0.4990375725918152,-0.17968000000033513,-9.531450000000007,-0.010215892183127684,False,out_of_sample,9,45,high_cost,0.0018
downtrend_highvol_forced_cover_signal,fixed_horizon,9,2307,2308,2317,2026-06-03 00:15:00+00:00,2026-06-03 00:20:00+00:00,2026-06-03 01:05:00+00:00,67105.845716,66817.29879500001,-0.004299877572829569,-0.005499877572829569,9,fixed_9b_exit,0,66912.0,3,0.5548485860125352,50.51424999999954,109.22464,0.47582934486698214,-9.112730000000461,-2.2161299999999997,-0.015659583599652804,False,out_of_sample,9,45,high_cost,0.0018
downtrend_highvol_forced_cover_signal,fixed_horizon,9,2969,2970,2979,2026-06-05 07:25:00+00:00,2026-06-05 07:30:00+00:00,2026-06-05 08:15:00+00:00,62271.615882,62629.465522000006,0.0057465931296547534,0.004546593129654754,9,fixed_9b_exit,0,62203.29,3,0.5833030952443384,86.53159999999971,52.9136,0.5544621070332685,46.64176999999972,28.125339999999994,-0.011184188225205616,True,out_of_sample,9,45,high_cost,0.0018
downtrend_highvol_forced_cover_signal,fixed_horizon,12,471,472,484,2026-05-27 15:15:00+00:00,2026-05-27 15:20:00+00:00,2026-05-27 16:20:00+00:00,75221.08,75063.36,-0.0020967526656091584,-0.0020967526656091584,12,fixed_12b_exit,0,75172.87,3,0.6234161388794356,43.24501999999979,40.585409999999996,0.3493909269816099,-44.34448000000021,12.910879999999999,-0.0020967526656091584,False,out_of_sample,12,60,no_cost,0.0
downtrend_highvol_forced_cover_signal,fixed_horizon,12,516,517,529,2026-05-27 19:00:00+00:00,2026-05-27 19:05:00+00:00,2026-05-27 20:05:00+00:00,75051.9,75271.99,0.0029325040405374647,0.0029325040405374647,12,fixed_12b_exit,0,75032.01,3,0.7019501613946663,57.10097999999979,1.5047599999999974,0.5943145070984408,25.916009999999787,1.0446699999999964,0.0008296026392644595,True,out_of_sample,12,60,no_cost,0.0
downtrend_highvol_forced_cover_signal,fixed_horizon,12,1044,1045,1057,2026-05-29 15:00:00+00:00,2026-05-29 15:05:00+00:00,2026-05-29 16:05:00+00:00,73313.94,73900.01,0.007993977680097242,0.007993977680097242,12,fixed_12b_exit,0,73198.17,5,0.6500951573594487,139.25828999999976,35.74498,0.6609104841500658,53.645749999999786,9.069339999999997,0.008830212144343319,True,out_of_sample,12,60,no_cost,0.0
downtrend_highvol_forced_cover_signal,fixed_horizon,12,1625,1626,1638,2026-05-31 15:25:00+00:00,2026-05-31 15:30:00+00:00,2026-05-31 16:30:00+00:00,73748.66,73438.65,-0.004203601801036294,-0.004203601801036294,12,fixed_12b_exit,0,73742.0,3,0.7170075872737713,28.465379999999723,20.5799,0.28567642945464355,-52.37705000000027,-41.572019999999995,0.004589491647633448,False,out_of_sample,12,60,no_cost,0.0
downtrend_highvol_forced_cover_signal,fixed_horizon,12,1650,1651,1663,2026-05-31 17:30:00+00:00,2026-05-31 17:35:00+00:00,2026-05-31 18:35:00+00:00,73660.25,73667.21,9.448786828736289e-05,9.448786828736289e-05,12,fixed_12b_exit,0,73610.36,3,0.7465909592783798,16.415209999999725,13.225670000000001,0.5368934540426997,3.883159999999731,7.391179999999999,0.004684413167203028,True,out_of_sample,12,60,no_cost,0.0
downtrend_highvol_forced_cover_signal,fixed_horizon,12,1835,1836,1848,2026-06-01 08:55:00+00:00,2026-06-01 09:00:00+00:00,2026-06-01 10:00:00+00:00,72902.64,72783.15,-0.0016390352941951791,-0.0016390352941951791,12,fixed_12b_exit,0,72865.58,4,0.7317682861651428,59.93055999999973,109.96245,0.2096146331645603,-917.8228700000005,-9.91773999999998,0.0030376999544940997,False,out_of_sample,12,60,no_cost,0.0
downtrend_highvol_forced_cover_signal,fixed_horizon,12,1929,1930,1942,2026-06-01 16:45:00+00:00,2026-06-01 16:50:00+00:00,2026-06-01 17:50:00+00:00,71379.77,71715.98,0.004710158074199278,0.004710158074199278,12,fixed_12b_exit,0,71356.0,3,0.5819339098730052,133.02346999999975,-207.13461000000007,0.7195248059933711,151.48843999999963,2.553280000000001,0.007762166075661048,True,out_of_sample,12,60,no_cost,0.0
downtrend_highvol_forced_cover_signal,fixed_horizon,12,2070,2071,2083,2026-06-02 04:30:00+00:00,2026-06-02 04:35:00+00:00,2026-06-02 05:35:00+00:00,71029.99,70610.03,-0.005912432199413287,-0.005912432199413287,12,fixed_12b_exit,0,71028.25,3,0.6132697817007485,27.61560999999966,16.302759999999992,0.520347901392211,8.76311999999967,30.34964000000001,0.0018038405956048997,False,out_of_sample,12,60,no_cost,0.0
downtrend_highvol_forced_cover_signal,fixed_horizon,12,2307,2308,2320,2026-06-03 00:15:00+00:00,2026-06-03 00:20:00+00:00,2026-06-03 01:20:00+00:00,67085.72,66944.21,-0.002109390791363519,-0.002109390791363519,12,fixed_12b_exit,0,66912.0,3,0.5548485860125352,50.51424999999954,109.22464,0.46785877535847226,-13.404940000000462,4.671459999999993,-0.00030935520050012766,False,out_of_sample,12,60,no_cost,0.0
downtrend_highvol_forced_cover_signal,fixed_horizon,12,2969,2970,2982,2026-06-05 07:25:00+00:00,2026-06-05 07:30:00+00:00,2026-06-05 08:30:00+00:00,62252.94,62702.44,0.007220542515743,0.007220542515743,12,fixed_12b_exit,0,62203.29,3,0.5833030952443384,86.53159999999971,52.9136,0.5133321614536664,7.529879999999711,-55.10884,0.006908953602865253,True,out_of_sample,12,60,no_cost,0.0
downtrend_highvol_forced_cover_signal,fixed_horizon,12,471,472,484,2026-05-27 15:15:00+00:00,2026-05-27 15:20:00+00:00,2026-05-27 16:20:00+00:00,75228.602108,75055.853664,-0.0022963133590068185,-0.0026963133590068187,12,fixed_12b_exit,0,75172.87,3,0.6234161388794356,43.24501999999979,40.585409999999996,0.3493909269816099,-44.34448000000021,12.910879999999999,-0.0026963133590067745,False,out_of_sample,12,60,low_cost,0.0006000000000000001
downtrend_highvol_forced_cover_signal,fixed_horizon,12,516,517,529,2026-05-27 19:00:00+00:00,2026-05-27 19:05:00+00:00,2026-05-27 20:05:00+00:00,75059.40518999999,75264.462801,0.0027319375963736903,0.00233193759637369,12,fixed_12b_exit,0,75032.01,3,0.7019501613946663,57.10097999999979,1.5047599999999974,0.5943145070984408,25.916009999999787,1.0446699999999964,-0.00037066339712654717,True,out_of_sample,12,60,low_cost,0.0006000000000000001
downtrend_highvol_forced_cover_signal,fixed_horizon,12,1044,1045,1057,2026-05-29 15:00:00+00:00,2026-05-29 15:05:00+00:00,2026-05-29 16:05:00+00:00,73321.271394,73892.619999,0.007792399042425346,0.007392399042425346,12,fixed_12b_exit,0,73198.17,5,0.6500951573594487,139.25828999999976,35.74498,0.6609104841500658,53.645749999999786,9.069339999999997,0.007018995553556895,True,out_of_sample,12,60,low_cost,0.0006000000000000001
downtrend_highvol_forced_cover_signal,fixed_horizon,12,1625,1626,1638,2026-05-31 15:25:00+00:00,2026-05-31 15:30:00+00:00,2026-05-31 16:30:00+00:00,73756.034866,73431.30613499999,-0.004402741166739443,-0.0048027411667394436,12,fixed_12b_exit,0,73742.0,3,0.7170075872737713,28.465379999999723,20.5799,0.28567642945464355,-52.37705000000027,-41.572019999999995,0.0021825439679232783,False,out_of_sample,12,60,low_cost,0.0006000000000000001
downtrend_highvol_forced_cover_signal,fixed_horizon,12,1650,1651,1663,2026-05-31 17:30:00+00:00,2026-05-31 17:35:00+00:00,2026-05-31 18:35:00+00:00,73667.616025,73659.84327900001,-0.00010551102939659884,-0.0005055110293965988,12,fixed_12b_exit,0,73610.36,3,0.7465909592783798,16.415209999999725,13.225670000000001,0.5368934540426997,3.883159999999731,7.391179999999999,0.0016759296384787348,False,out_of_sample,12,60,low_cost,0.0006000000000000001
downtrend_highvol_forced_cover_signal,fixed_horizon,12,1835,1836,1848,2026-06-01 08:55:00+00:00,2026-06-01 09:00:00+00:00,2026-06-01 10:00:00+00:00,72909.930264,72775.87168499999,-0.001838687521913518,-0.002238687521913518,12,fixed_12b_exit,0,72865.58,4,0.7317682861651428,59.93055999999973,109.96245,0.2096146331645603,-917.8228700000005,-9.91773999999998,-0.000566509766203982,False,out_of_sample,12,60,low_cost,0.0006000000000000001
downtrend_highvol_forced_cover_signal,fixed_horizon,12,1929,1930,1942,2026-06-01 16:45:00+00:00,2026-06-01 16:50:00+00:00,2026-06-01 17:50:00+00:00,71386.90797700001,71708.808402,0.004509236134778272,0.0041092361347782715,12,fixed_12b_exit,0,71356.0,3,0.5819339098730052,133.02346999999975,-207.13461000000007,0.7195248059933711,151.48843999999963,2.553280000000001,0.003540398446172377,True,out_of_sample,12,60,low_cost,0.0006000000000000001
downtrend_highvol_forced_cover_signal,fixed_horizon,12,2070,2071,2083,2026-06-02 04:30:00+00:00,2026-06-02 04:35:00+00:00,2026-06-02 05:35:00+00:00,71037.092999,70602.968997,-0.006111229833209886,-0.006511229833209886,12,fixed_12b_exit,0,71028.25,3,0.6132697817007485,27.61560999999966,16.302759999999992,0.520347901392211,8.76311999999967,30.34964000000001,-0.0029938837350216296,False,out_of_sample,12,60,low_cost,0.0006000000000000001
downtrend_highvol_forced_cover_signal,fixed_horizon,12,2307,2308,2320,2026-06-03 00:15:00+00:00,2026-06-03 00:20:00+00:00,2026-06-03 01:20:00+00:00,67092.428572,66937.51557900001,-0.0023089489573886457,-0.002708948957388646,12,fixed_12b_exit,0,66912.0,3,0.5548485860125352,50.51424999999954,109.22464,0.46785877535847226,-13.404940000000462,4.671459999999993,-0.0056947224141876696,False,out_of_sample,12,60,low_cost,0.0006000000000000001
downtrend_highvol_forced_cover_signal,fixed_horizon,12,2969,2970,2982,2026-06-05 07:25:00+00:00,2026-06-05 07:30:00+00:00,2026-06-05 08:30:00+00:00,62259.165294,62696.169756,0.00701911854963666,0.00661911854963666,12,fixed_12b_exit,0,62203.29,3,0.5833030952443384,86.53159999999971,52.9136,0.5133321614536664,7.529879999999711,-55.10884,0.0008867020926821567,True,out_of_sample,12,60,low_cost,0.0006000000000000001
downtrend_highvol_forced_cover_signal,fixed_horizon,12,471,472,484,2026-05-27 15:15:00+00:00,2026-05-27 15:20:00+00:00,2026-05-27 16:20:00+00:00,75236.124216,75048.347328,-0.0024958341482462787,-0.0032958341482462786,12,fixed_12b_exit,0,75172.87,3,0.6234161388794356,43.24501999999979,40.585409999999996,0.3493909269816099,-44.34448000000021,12.910879999999999,-0.0032958341482463016,False,out_of_sample,12,60,base_cost,0.0012000000000000001
downtrend_highvol_forced_cover_signal,fixed_horizon,12,516,517,529,2026-05-27 19:00:00+00:00,2026-05-27 19:05:00+00:00,2026-05-27 20:05:00+00:00,75066.91037999999,75256.93560200001,0.0025314112574779113,0.0017314112574779114,12,fixed_12b_exit,0,75032.01,3,0.7019501613946663,57.10097999999979,1.5047599999999974,0.5943145070984408,25.916009999999787,1.0446699999999964,-0.0015701293351153556,True,out_of_sample,12,60,base_cost,0.0012000000000000001
downtrend_highvol_forced_cover_signal,fixed_horizon,12,1044,1045,1057,2026-05-29 15:00:00+00:00,2026-05-29 15:05:00+00:00,2026-05-29 16:05:00+00:00,73328.602788,73885.229998,0.007590860712418879,0.006790860712418878,12,fixed_12b_exit,0,73198.17,5,0.6500951573594487,139.25828999999976,35.74498,0.6609104841500658,53.645749999999786,9.069339999999997,0.005210068847688376,True,out_of_sample,12,60,base_cost,0.0012000000000000001
downtrend_highvol_forced_cover_signal,fixed_horizon,12,1625,1626,1638,2026-05-31 15:25:00+00:00,2026-05-31 15:30:00+00:00,2026-05-31 16:30:00+00:00,73763.409732,73423.96226999999,-0.004601840712533556,-0.005401840712533556,12,fixed_12b_exit,0,73742.0,3,0.7170075872737713,28.465379999999723,20.5799,0.28567642945464355,-52.37705000000027,-41.572019999999995,-0.0002199158268617607,False,out_of_sample,12,60,base_cost,0.0012000000000000001
downtrend_highvol_forced_cover_signal,fixed_horizon,12,1650,1651,1663,2026-05-31 17:30:00+00:00,2026-05-31 17:35:00+00:00,2026-05-31 18:35:00+00:00,73674.98204999999,73652.47655800001,-0.0003054699352992296,-0.0011054699352992295,12,fixed_12b_exit,0,73610.36,3,0.7465909592783798,16.415209999999725,13.225670000000001,0.5368934540426997,3.883159999999731,7.391179999999999,-0.00132514265182615,False,out_of_sample,12,60,base_cost,0.0012000000000000001
downtrend_highvol_forced_cover_signal,fixed_horizon,12,1835,1836,1848,2026-06-01 08:55:00+00:00,2026-06-01 09:00:00+00:00,2026-06-01 10:00:00+00:00,72917.22052799999,72768.59337,-0.002038299827170631,-0.002838299827170631,12,fixed_12b_exit,0,72865.58,4,0.7317682861651428,59.93055999999973,109.96245,0.2096146331645603,-917.8228700000005,-9.91773999999998,-0.004159681326837195,False,out_of_sample,12,60,base_cost,0.0012000000000000001
downtrend_highvol_forced_cover_signal,fixed_horizon,12,1929,1930,1942,2026-06-01 16:45:00+00:00,2026-06-01 16:50:00+00:00,2026-06-01 17:50:00+00:00,71394.045954,71701.636804,0.004308354371710177,0.003508354371710177,12,fixed_12b_exit,0,71356.0,3,0.5819339098730052,133.02346999999975,-207.13461000000007,0.7195248059933711,151.48843999999963,2.553280000000001,-0.0006659205912948885,True,out_of_sample,12,60,base_cost,0.0012000000000000001
downtrend_highvol_forced_cover_signal,fixed_horizon,12,2070,2071,2083,2026-06-02 04:30:00+00:00,2026-06-02 04:35:00+00:00,2026-06-02 05:35:00+00:00,71044.19599800001,70595.907994,-0.006309987715430454,-0.007109987715430454,12,fixed_12b_exit,0,71028.25,3,0.6132697817007485,27.61560999999966,16.302759999999992,0.520347901392211,8.76311999999967,30.34964000000001,-0.007771173619501859,False,out_of_sample,12,60,base_cost,0.0012000000000000001
downtrend_highvol_forced_cover_signal,fixed_horizon,12,2307,2308,2320,2026-06-03 00:15:00+00:00,2026-06-03 00:20:00+00:00,2026-06-03 01:20:00+00:00,67099.137144,66930.821158,-0.002508467219761279,-0.003308467219761279,12,fixed_12b_exit,0,66912.0,3,0.5548485860125352,50.51424999999954,109.22464,0.46785877535847226,-13.404940000000462,4.671459999999993,-0.011053930166083914,False,out_of_sample,12,60,base_cost,0.0012000000000000001
downtrend_highvol_forced_cover_signal,fixed_horizon,12,2969,2970,2982,2026-06-05 07:25:00+00:00,2026-06-05 07:30:00+00:00,2026-06-05 08:30:00+00:00,62265.390588,62689.899512,0.006817734860267821,0.006017734860267821,12,fixed_12b_exit,0,62203.29,3,0.5833030952443384,86.53159999999971,52.9136,0.5133321614536664,7.529879999999711,-55.10884,-0.005102714926719432,True,out_of_sample,12,60,base_cost,0.0012000000000000001
downtrend_highvol_forced_cover_signal,fixed_horizon,12,471,472,484,2026-05-27 15:15:00+00:00,2026-05-27 15:20:00+00:00,2026-05-27 16:20:00+00:00,75243.646324,75040.840992,-0.002695315045295965,-0.003895315045295965,12,fixed_12b_exit,0,75172.87,3,0.6234161388794356,43.24501999999979,40.585409999999996,0.3493909269816099,-44.34448000000021,12.910879999999999,-0.003895315045295944,False,out_of_sample,12,60,high_cost,0.0018
downtrend_highvol_forced_cover_signal,fixed_horizon,12,516,517,529,2026-05-27 19:00:00+00:00,2026-05-27 19:05:00+00:00,2026-05-27 20:05:00+00:00,75074.41557,75249.40840300001,0.0023309250118217495,0.0011309250118217496,12,fixed_12b_exit,0,75032.01,3,0.7019501613946663,57.10097999999979,1.5047599999999974,0.5943145070984408,25.916009999999787,1.0446699999999964,-0.002768795342687924,True,out_of_sample,12,60,high_cost,0.0018
downtrend_highvol_forced_cover_signal,fixed_horizon,12,1044,1045,1057,2026-05-29 15:00:00+00:00,2026-05-29 15:05:00+00:00,2026-05-29 16:05:00+00:00,73335.934182,73877.839997,0.007389362677989952,0.006189362677989953,12,fixed_12b_exit,0,73198.17,5,0.6500951573594487,139.25828999999976,35.74498,0.6609104841500658,53.645749999999786,9.069339999999997,0.0034034302567449437,True,out_of_sample,12,60,high_cost,0.0018
downtrend_highvol_forced_cover_signal,fixed_horizon,12,1625,1626,1638,2026-05-31 15:25:00+00:00,2026-05-31 15:30:00+00:00,2026-05-31 16:30:00+00:00,73770.784598,73416.618405,-0.0048009004503606345,-0.006000900450360634,12,fixed_12b_exit,0,73742.0,3,0.7170075872737713,28.465379999999723,20.5799,0.28567642945464355,-52.37705000000027,-41.572019999999995,-0.0026178938397761753,False,out_of_sample,12,60,high_cost,0.0018
downtrend_highvol_forced_cover_signal,fixed_horizon,12,1650,1651,1663,2026-05-31 17:30:00+00:00,2026-05-31 17:35:00+00:00,2026-05-31 18:35:00+00:00,73682.348075,73645.10983700001,-0.0005053888614147128,-0.0017053888614147127,12,fixed_12b_exit,0,73610.36,3,0.7465909592783798,16.415209999999725,13.225670000000001,0.5368934540426997,3.883159999999731,7.391179999999999,-0.004318818174196104,False,out_of_sample,12,60,high_cost,0.0018
downtrend_highvol_forced_cover_signal,fixed_horizon,12,1835,1836,1848,2026-06-01 08:55:00+00:00,2026-06-01 09:00:00+00:00,2026-06-01 10:00:00+00:00,72924.510792,72761.315055,-0.0022378722219402736,-0.0034378722219402733,12,fixed_12b_exit,0,72865.58,4,0.7317682861651428,59.93055999999973,109.96245,0.2096146331645603,-917.8228700000005,-9.91773999999998,-0.007741842851103686,False,out_of_sample,12,60,high_cost,0.0018
downtrend_highvol_forced_cover_signal,fixed_horizon,12,1929,1930,1942,2026-06-01 16:45:00+00:00,2026-06-01 16:50:00+00:00,2026-06-01 17:50:00+00:00,71401.183931,71694.465206,0.004107512772945077,0.002907512772945077,12,fixed_12b_exit,0,71356.0,3,0.5819339098730052,133.02346999999975,-207.13461000000007,0.7195248059933711,151.48843999999963,2.553280000000001,-0.004856839585134387,True,out_of_sample,12,60,high_cost,0.0018
downtrend_highvol_forced_cover_signal,fixed_horizon,12,2070,2071,2083,2026-06-02 04:30:00+00:00,2026-06-02 04:35:00+00:00,2026-06-02 05:35:00+00:00,71051.298997,70588.846991,-0.006508705857996122,-0.007708705857996122,12,fixed_12b_exit,0,71028.25,3,0.6132697817007485,27.61560999999966,16.302759999999992,0.520347901392211,8.76311999999967,30.34964000000001,-0.012528105495369202,False,out_of_sample,12,60,high_cost,0.0018
downtrend_highvol_forced_cover_signal,fixed_horizon,12,2307,2308,2320,2026-06-03 00:15:00+00:00,2026-06-03 00:20:00+00:00,2026-06-03 01:20:00+00:00,67105.845716,66924.12673700001,-0.002707945590448846,-0.0039079455904488455,12,fixed_12b_exit,0,66912.0,3,0.5548485860125352,50.51424999999954,109.22464,0.46785877535847226,-13.404940000000462,4.671459999999993,-0.0163870919311907,False,out_of_sample,12,60,high_cost,0.0018
downtrend_highvol_forced_cover_signal,fixed_horizon,12,2969,2970,2982,2026-06-05 07:25:00+00:00,2026-06-05 07:30:00+00:00,2026-06-05 08:30:00+00:00,62271.615882,62683.629268000004,0.0066163914355577,0.005416391435557701,12,fixed_12b_exit,0,62203.29,3,0.5833030952443384,86.53159999999971,52.9136,0.5133321614536664,7.529879999999711,-55.10884,-0.011059459400022842,True,out_of_sample,12,60,high_cost,0.0018
downtrend_highvol_forced_cover_signal,fixed_horizon,18,471,472,490,2026-05-27 15:15:00+00:00,2026-05-27 15:20:00+00:00,2026-05-27 16:50:00+00:00,75221.08,75279.26,0.0007734533989673942,0.0007734533989673942,18,fixed_18b_exit,0,75172.87,3,0.6234161388794356,43.24501999999979,40.585409999999996,0.6301706377915145,38.26336999999979,-35.77922999999999,0.0007734533989673942,True,out_of_sample,18,90,no_cost,0.0
downtrend_highvol_forced_cover_signal,fixed_horizon,18,516,517,535,2026-05-27 19:00:00+00:00,2026-05-27 19:05:00+00:00,2026-05-27 20:35:00+00:00,75051.9,75242.61,0.002541041599213534,0.002541041599213534,18,fixed_18b_exit,0,75032.01,3,0.7019501613946663,57.10097999999979,1.5047599999999974,0.5589542463151315,10.371039999999784,-10.863399999999995,0.0033164603754427535,True,out_of_sample,18,90,no_cost,0.0
downtrend_highvol_forced_cover_signal,fixed_horizon,18,1044,1045,1063,2026-05-29 15:00:00+00:00,2026-05-29 15:05:00+00:00,2026-05-29 16:35:00+00:00,73313.94,73985.55,0.009160740781357646,0.009160740781357646,18,fixed_18b_exit,0,73198.17,5,0.6500951573594487,139.25828999999976,35.74498,0.6714743555548913,125.36627999999976,6.921469999999985,0.01250758239061156,True,out_of_sample,18,90,no_cost,0.0
downtrend_highvol_forced_cover_signal,fixed_horizon,18,1625,1626,1644,2026-05-31 15:25:00+00:00,2026-05-31 15:30:00+00:00,2026-05-31 17:00:00+00:00,73748.66,73496.26,-0.0034224350652609647,-0.0034224350652609647,18,fixed_18b_exit,0,73742.0,3,0.7170075872737713,28.465379999999723,20.5799,0.6778979876327687,13.509469999999721,7.0199,0.009042340936795235,False,out_of_sample,18,90,no_cost,0.0
downtrend_highvol_forced_cover_signal,fixed_horizon,18,1650,1651,1669,2026-05-31 17:30:00+00:00,2026-05-31 17:35:00+00:00,2026-05-31 19:05:00+00:00,73660.25,73593.37,-0.0009079523895181296,-0.0009079523895181296,18,fixed_18b_exit,0,73610.36,3,0.7465909592783798,16.415209999999725,13.225670000000001,0.420837907983785,-6.629070000000277,5.31219,0.008126178532216644,False,out_of_sample,18,90,no_cost,0.0
downtrend_highvol_forced_cover_signal,fixed_horizon,18,1835,1836,1854,2026-06-01 08:55:00+00:00,2026-06-01 09:00:00+00:00,2026-06-01 10:30:00+00:00,72902.64,72635.99,-0.0036576178859913933,-0.0036576178859913933,18,fixed_18b_exit,0,72865.58,4,0.7317682861651428,59.93055999999973,109.96245,0.4256983147544625,-17.91534000000035,2.0342799999999954,0.004438838190281125,False,out_of_sample,18,90,no_cost,0.0
downtrend_highvol_forced_cover_signal,fixed_horizon,18,1929,1930,1948,2026-06-01 16:45:00+00:00,2026-06-01 16:50:00+00:00,2026-06-01 18:20:00+00:00,71379.77,71419.93,0.0005626243962397748,0.0005626243962397748,18,fixed_18b_exit,0,71356.0,3,0.5819339098730052,133.02346999999975,-207.13461000000007,0.43167494916249954,-23.125350000000342,12.90810999999999,0.005003959985177664,True,out_of_sample,18,90,no_cost,0.0
downtrend_highvol_forced_cover_signal,fixed_horizon,18,2070,2071,2089,2026-06-02 04:30:00+00:00,2026-06-02 04:35:00+00:00,2026-06-02 06:05:00+00:00,71029.99,70410.01,-0.008728425838156695,-0.008728425838156695,18,fixed_18b_exit,0,71028.25,3,0.6132697817007485,27.61560999999966,16.302759999999992,0.4614941913864807,-18.657700000000332,47.12613,-0.003768142546606734,False,out_of_sample,18,90,no_cost,0.0
downtrend_highvol_forced_cover_signal,fixed_horizon,18,2307,2308,2326,2026-06-03 00:15:00+00:00,2026-06-03 00:20:00+00:00,2026-06-03 01:50:00+00:00,67085.72,66994.75,-0.001356026289946688,-0.001356026289946688,18,fixed_18b_exit,0,66912.0,3,0.5548485860125352,50.51424999999954,109.22464,0.6819934321189268,157.55019999999953,42.26507000000001,-0.005119059136195925,False,out_of_sample,18,90,no_cost,0.0
downtrend_highvol_forced_cover_signal,fixed_horizon,18,2969,2970,2988,2026-06-05 07:25:00+00:00,2026-06-05 07:30:00+00:00,2026-06-05 09:00:00+00:00,62252.94,62549.36,0.004761542185798717,0.004761542185798717,18,fixed_18b_exit,0,62203.29,3,0.5833030952443384,86.53159999999971,52.9136,0.4048382318280118,-48.5145200000003,-2.8717400000000026,-0.0003818915664257627,True,out_of_sample,18,90,no_cost,0.0
downtrend_highvol_forced_cover_signal,fixed_horizon,18,471,472,490,2026-05-27 15:15:00+00:00,2026-05-27 15:20:00+00:00,2026-05-27 16:50:00+00:00,75228.602108,75271.732074,0.000573318721755145,0.00017331872175514496,18,fixed_18b_exit,0,75172.87,3,0.6234161388794356,43.24501999999979,40.585409999999996,0.6301706377915145,38.26336999999979,-35.77922999999999,0.00017331872175518903,True,out_of_sample,18,90,low_cost,0.0006000000000000001
downtrend_highvol_forced_cover_signal,fixed_horizon,18,516,517,535,2026-05-27 19:00:00+00:00,2026-05-27 19:05:00+00:00,2026-05-27 20:35:00+00:00,75059.40518999999,75235.085739,0.002340553439709625,0.001940553439709625,18,fixed_18b_exit,0,75032.01,3,0.7019501613946663,57.10097999999979,1.5047599999999974,0.5589542463151315,10.371039999999784,-10.863399999999995,0.0021142084957064267,True,out_of_sample,18,90,low_cost,0.0006000000000000001
downtrend_highvol_forced_cover_signal,fixed_horizon,18,1044,1045,1063,2026-05-29 15:00:00+00:00,2026-05-29 15:05:00+00:00,2026-05-29 16:35:00+00:00,73321.271394,73978.15144500001,0.008958928814398082,0.008558928814398082,18,fixed_18b_exit,0,73198.17,5,0.6500951573594487,139.25828999999976,35.74498,0.6714743555548913,125.36627999999976,6.921469999999985,0.010691232670118067,True,out_of_sample,18,90,low_cost,0.0006000000000000001
downtrend_highvol_forced_cover_signal,fixed_horizon,18,1625,1626,1644,2026-05-31 15:25:00+00:00,2026-05-31 15:30:00+00:00,2026-05-31 17:00:00+00:00,73756.034866,73488.910374,-0.003621730648689536,-0.004021730648689536,18,fixed_18b_exit,0,73742.0,3,0.7170075872737713,28.465379999999723,20.5799,0.6778979876327687,13.509469999999721,7.0199,0.006626504763326935,False,out_of_sample,18,90,low_cost,0.0006000000000000001
downtrend_highvol_forced_cover_signal,fixed_horizon,18,1650,1651,1669,2026-05-31 17:30:00+00:00,2026-05-31 17:35:00+00:00,2026-05-31 19:05:00+00:00,73667.616025,73586.010663,-0.0011077508191972285,-0.0015077508191972285,18,fixed_18b_exit,0,73610.36,3,0.7465909592783798,16.415209999999725,13.225670000000001,0.420837907983785,-6.629070000000277,5.31219,0.005108762826144364,False,out_of_sample,18,90,low_cost,0.0006000000000000001
downtrend_highvol_forced_cover_signal,fixed_horizon,18,1835,1836,1854,2026-06-01 08:55:00+00:00,2026-06-01 09:00:00+00:00,2026-06-01 10:30:00+00:00,72909.930264,72628.726401,-0.0038568664375590034,-0.0042568664375590036,18,fixed_18b_exit,0,72865.58,4,0.7317682861651428,59.93055999999973,109.96245,0.4256983147544625,-17.91534000000035,2.0342799999999954,0.0008301490675732826,False,out_of_sample,18,90,low_cost,0.0006000000000000001
downtrend_highvol_forced_cover_signal,fixed_horizon,18,1929,1930,1948,2026-06-01 16:45:00+00:00,2026-06-01 16:50:00+00:00,2026-06-01 18:20:00+00:00,71386.90797700001,71412.788007,0.00036253188061219355,-3.746811938780647e-05,18,fixed_18b_exit,0,71356.0,3,0.5819339098730052,133.02346999999975,-207.13461000000007,0.43167494916249954,-23.125350000000342,12.90810999999999,0.0007926498440611329,False,out_of_sample,18,90,low_cost,0.0006000000000000001
downtrend_highvol_forced_cover_signal,fixed_horizon,18,2070,2071,2089,2026-06-02 04:30:00+00:00,2026-06-02 04:35:00+00:00,2026-06-02 06:05:00+00:00,71037.092999,70402.96899899999,-0.008926660329539926,-0.009326660329539925,18,fixed_18b_exit,0,71028.25,3,0.6132697817007485,27.61560999999966,16.302759999999992,0.4614941913864807,-18.657700000000332,47.12613,-0.008541403261334568,False,out_of_sample,18,90,low_cost,0.0006000000000000001
downtrend_highvol_forced_cover_signal,fixed_horizon,18,2307,2308,2326,2026-06-03 00:15:00+00:00,2026-06-03 00:20:00+00:00,2026-06-03 01:50:00+00:00,67092.428572,66988.050525,-0.0015557351138063558,-0.001955735113806356,18,fixed_18b_exit,0,66912.0,3,0.5548485860125352,50.51424999999954,109.22464,0.6819934321189268,157.55019999999953,42.26507000000001,-0.010480433652861554,False,out_of_sample,18,90,low_cost,0.0006000000000000001
downtrend_highvol_forced_cover_signal,fixed_horizon,18,2969,2970,2988,2026-06-05 07:25:00+00:00,2026-06-05 07:30:00+00:00,2026-06-05 09:00:00+00:00,62259.165294,62543.105064,0.004560609970583274,0.0041606099705832735,18,fixed_18b_exit,0,62203.29,3,0.5833030952443384,86.53159999999971,52.9136,0.4048382318280118,-48.5145200000003,-2.8717400000000026,-0.006363428679030392,True,out_of_sample,18,90,low_cost,0.0006000000000000001
downtrend_highvol_forced_cover_signal,fixed_horizon,18,471,472,490,2026-05-27 15:15:00+00:00,2026-05-27 15:20:00+00:00,2026-05-27 16:50:00+00:00,75236.124216,75264.20414799999,0.00037322406347484183,-0.0004267759365251582,18,fixed_18b_exit,0,75172.87,3,0.6234161388794356,43.24501999999979,40.585409999999996,0.6301706377915145,38.26336999999979,-35.77922999999999,-0.0004267759365251811,False,out_of_sample,18,90,base_cost,0.0012000000000000001
downtrend_highvol_forced_cover_signal,fixed_horizon,18,516,517,535,2026-05-27 19:00:00+00:00,2026-05-27 19:05:00+00:00,2026-05-27 20:35:00+00:00,75066.91037999999,75227.561478,0.002140105369819789,0.0013401053698197892,18,fixed_18b_exit,0,75032.01,3,0.7019501613946663,57.10097999999979,1.5047599999999974,0.5589542463151315,10.371039999999784,-10.863399999999995,0.0009127575085703388,True,out_of_sample,18,90,base_cost,0.0012000000000000001
downtrend_highvol_forced_cover_signal,fixed_horizon,18,1044,1045,1063,2026-05-29 15:00:00+00:00,2026-05-29 15:05:00+00:00,2026-05-29 16:35:00+00:00,73328.602788,73970.75289,0.008757157201760846,0.007957157201760845,18,fixed_18b_exit,0,73198.17,5,0.6500951573594487,139.25828999999976,35.74498,0.6714743555548913,125.36627999999976,6.921469999999985,0.00887717766531404,True,out_of_sample,18,90,base_cost,0.0012000000000000001
downtrend_highvol_forced_cover_signal,fixed_horizon,18,1625,1626,1644,2026-05-31 15:25:00+00:00,2026-05-31 15:30:00+00:00,2026-05-31 17:00:00+00:00,73763.409732,73481.560748,-0.0038209863809715028,-0.004620986380971503,18,fixed_18b_exit,0,73742.0,3,0.7170075872737713,28.465379999999723,20.5799,0.6778979876327687,13.509469999999721,7.0199,0.004215169967249688,False,out_of_sample,18,90,base_cost,0.0012000000000000001
downtrend_highvol_forced_cover_signal,fixed_horizon,18,1650,1651,1669,2026-05-31 17:30:00+00:00,2026-05-31 17:35:00+00:00,2026-05-31 19:05:00+00:00,73674.98204999999,73578.65132599999,-0.001307509297180709,-0.002107509297180709,18,fixed_18b_exit,0,73610.36,3,0.7465909592783798,16.415209999999725,13.225670000000001,0.420837907983785,-6.629070000000277,5.31219,0.0020987771601737037,False,out_of_sample,18,90,base_cost,0.0012000000000000001
downtrend_highvol_forced_cover_signal,fixed_horizon,18,1835,1836,1854,2026-06-01 08:55:00+00:00,2026-06-01 09:00:00+00:00,2026-06-01 10:30:00+00:00,72917.22052799999,72621.46280200001,-0.004056075147384597,-0.004856075147384597,18,fixed_18b_exit,0,72865.58,4,0.7317682861651428,59.93055999999973,109.96245,0.4256983147544625,-17.91534000000035,2.0342799999999954,-0.0027674898068182907,False,out_of_sample,18,90,base_cost,0.0012000000000000001
downtrend_highvol_forced_cover_signal,fixed_horizon,18,1929,1930,1948,2026-06-01 16:45:00+00:00,2026-06-01 16:50:00+00:00,2026-06-01 18:20:00+00:00,71394.045954,71405.646014,0.0001624793754855247,-0.0006375206245144753,18,fixed_18b_exit,0,71356.0,3,0.5819339098730052,133.02346999999975,-207.13461000000007,0.43167494916249954,-23.125350000000342,12.90810999999999,-0.0034032460995028213,False,out_of_sample,18,90,base_cost,0.0012000000000000001
downtrend_highvol_forced_cover_signal,fixed_horizon,18,2070,2071,2089,2026-06-02 04:30:00+00:00,2026-06-02 04:35:00+00:00,2026-06-02 06:05:00+00:00,71044.19599800001,70395.927998,-0.009124855181952607,-0.009924855181952607,18,fixed_18b_exit,0,71028.25,3,0.6132697817007485,27.61560999999966,16.302759999999992,0.4614941913864807,-18.657700000000332,47.12613,-0.013294324556769377,False,out_of_sample,18,90,base_cost,0.0012000000000000001
downtrend_highvol_forced_cover_signal,fixed_horizon,18,2307,2308,2326,2026-06-03 00:15:00+00:00,2026-06-03 00:20:00+00:00,2026-06-03 01:50:00+00:00,67099.137144,66981.35105,-0.0017554040038878505,-0.0025554040038878504,18,fixed_18b_exit,0,66912.0,3,0.5548485860125352,50.51424999999954,109.22464,0.6819934321189268,157.55019999999953,42.26507000000001,-0.015815756190455943,False,out_of_sample,18,90,base_cost,0.0012000000000000001
downtrend_highvol_forced_cover_signal,fixed_horizon,18,2969,2970,2988,2026-06-05 07:25:00+00:00,2026-06-05 07:30:00+00:00,2026-06-05 09:00:00+00:00,62265.390588,62536.850128000005,0.004359717933774876,0.003559717933774876,18,fixed_18b_exit,0,62203.29,3,0.5833030952443384,86.53159999999971,52.9136,0.4048382318280118,-48.5145200000003,-2.8717400000000026,-0.01231233788762831,True,out_of_sample,18,90,base_cost,0.0012000000000000001
downtrend_highvol_forced_cover_signal,fixed_horizon,18,471,472,490,2026-05-27 15:15:00+00:00,2026-05-27 15:20:00+00:00,2026-05-27 16:50:00+00:00,75243.646324,75256.676222,0.00017316941212408565,-0.0010268305878759142,18,fixed_18b_exit,0,75172.87,3,0.6234161388794356,43.24501999999979,40.585409999999996,0.6301706377915145,38.26336999999979,-35.77922999999999,-0.0010268305878758932,False,out_of_sample,18,90,high_cost,0.0018
downtrend_highvol_forced_cover_signal,fixed_horizon,18,516,517,535,2026-05-27 19:00:00+00:00,2026-05-27 19:05:00+00:00,2026-05-27 20:35:00+00:00,75074.41557,75220.037217,0.0019396973775203108,0.0007396973775203109,18,fixed_18b_exit,0,75032.01,3,0.7019501613946663,57.10097999999979,1.5047599999999974,0.5589542463151315,10.371039999999784,-10.863399999999995,-0.00028789275424867533,True,out_of_sample,18,90,high_cost,0.0018
downtrend_highvol_forced_cover_signal,fixed_horizon,18,1044,1045,1063,2026-05-29 15:00:00+00:00,2026-05-29 15:05:00+00:00,2026-05-29 16:35:00+00:00,73335.934182,73963.35433500001,0.00855542593134384,0.007355425931343841,18,fixed_18b_exit,0,73198.17,5,0.6500951573594487,139.25828999999976,35.74498,0.6714743555548913,125.36627999999976,6.921469999999985,0.007065415603265013,True,out_of_sample,18,90,high_cost,0.0018
downtrend_highvol_forced_cover_signal,fixed_horizon,18,1625,1626,1644,2026-05-31 15:25:00+00:00,2026-05-31 15:30:00+00:00,2026-05-31 17:00:00+00:00,73770.784598,73474.211122,-0.0040202022740590815,-0.005220202274059081,18,fixed_18b_exit,0,73742.0,3,0.7170075872737713,28.465379999999723,20.5799,0.6778979876327687,13.509469999999721,7.0199,0.001808330430606686,False,out_of_sample,18,90,high_cost,0.0018
downtrend_highvol_forced_cover_signal,fixed_horizon,18,1650,1651,1669,2026-05-31 17:30:00+00:00,2026-05-31 17:35:00+00:00,2026-05-31 19:05:00+00:00,73682.348075,73571.291989,-0.001507227835450542,-0.0027072278354505416,18,fixed_18b_exit,0,73610.36,3,0.7465909592783798,16.415209999999725,13.225670000000001,0.420837907983785,-6.629070000000277,5.31219,-0.0009037929673212375,False,out_of_sample,18,90,high_cost,0.0018
downtrend_highvol_forced_cover_signal,fixed_horizon,18,1835,1836,1854,2026-06-01 08:55:00+00:00,2026-06-01 09:00:00+00:00,2026-06-01 10:30:00+00:00,72924.510792,72614.19920300001,-0.004255244027417393,-0.005455244027417393,18,fixed_18b_exit,0,72865.58,4,0.7317682861651428,59.93055999999973,109.96245,0.4256983147544625,-17.91534000000035,2.0342799999999954,-0.006354106583551622,False,out_of_sample,18,90,high_cost,0.0018
downtrend_highvol_forced_cover_signal,fixed_horizon,18,1929,1930,1948,2026-06-01 16:45:00+00:00,2026-06-01 16:50:00+00:00,2026-06-01 18:20:00+00:00,71401.183931,71398.504021,-3.753313113963319e-05,-0.001237533131139633,18,fixed_18b_exit,0,71356.0,3,0.5819339098730052,133.02346999999975,-207.13461000000007,0.43167494916249954,-23.125350000000342,12.90810999999999,-0.0075837762972752465,False,out_of_sample,18,90,high_cost,0.0018
downtrend_highvol_forced_cover_signal,fixed_horizon,18,2070,2071,2089,2026-06-02 04:30:00+00:00,2026-06-02 04:35:00+00:00,2026-06-02 06:05:00+00:00,71051.298997,70388.886997,-0.009323010407283006,-0.010523010407283005,18,fixed_18b_exit,0,71028.25,3,0.6132697817007485,27.61560999999966,16.302759999999992,0.4614941913864807,-18.657700000000332,47.12613,-0.018026982547655446,False,out_of_sample,18,90,high_cost,0.0018
downtrend_highvol_forced_cover_signal,fixed_horizon,18,2307,2308,2326,2026-06-03 00:15:00+00:00,2026-06-03 00:20:00+00:00,2026-06-03 01:50:00+00:00,67105.845716,66974.651575,-0.001955032972168036,-0.0031550329721680356,18,fixed_18b_exit,0,66912.0,3,0.5548485860125352,50.51424999999954,109.22464,0.6819934321189268,157.55019999999953,42.26507000000001,-0.021125139795496906,False,out_of_sample,18,90,high_cost,0.0018
downtrend_highvol_forced_cover_signal,fixed_horizon,18,2969,2970,2988,2026-06-05 07:25:00+00:00,2026-06-05 07:30:00+00:00,2026-06-05 09:00:00+00:00,62271.615882,62530.595192,0.0041588660633240515,0.002958866063324052,18,fixed_18b_exit,0,62203.29,3,0.5833030952443384,86.53159999999971,52.9136,0.4048382318280118,-48.5145200000003,-2.8717400000000026,-0.018228780191396843,True,out_of_sample,18,90,high_cost,0.0018
downtrend_highvol_forced_cover_signal,fixed_horizon,24,471,472,496,2026-05-27 15:15:00+00:00,2026-05-27 15:20:00+00:00,2026-05-27 17:20:00+00:00,75221.08,75043.23,-0.002364363819291171,-0.002364363819291171,24,fixed_24b_exit,0,75172.87,3,0.6234161388794356,43.24501999999979,40.585409999999996,0.40453638883648513,-44.9351800000002,47.16359,-0.002364363819291171,False,out_of_sample,24,120,no_cost,0.0
downtrend_highvol_forced_cover_signal,fixed_horizon,24,516,517,541,2026-05-27 19:00:00+00:00,2026-05-27 19:05:00+00:00,2026-05-27 21:05:00+00:00,75051.9,75165.1,0.0015082895969324994,0.0015082895969324994,24,fixed_24b_exit,0,75032.01,3,0.7019501613946663,57.10097999999979,1.5047599999999974,0.4165477051514387,-7.9913300000002145,2.198080000000001,-0.0008596403677106901,True,out_of_sample,24,120,no_cost,0.0
downtrend_highvol_forced_cover_signal,fixed_horizon,24,1044,1045,1069,2026-05-29 15:00:00+00:00,2026-05-29 15:05:00+00:00,2026-05-29 17:05:00+00:00,73313.94,74130.0,0.011131034561776332,0.011131034561776332,24,fixed_24b_exit,0,73198.17,5,0.6500951573594487,139.25828999999976,35.74498,0.7394252838192699,159.18970999999976,93.58624,0.010261825507422051,True,out_of_sample,24,120,no_cost,0.0
downtrend_highvol_forced_cover_signal,fixed_horizon,24,1625,1626,1650,2026-05-31 15:25:00+00:00,2026-05-31 15:30:00+00:00,2026-05-31 17:30:00+00:00,73748.66,73660.25,-0.0011988014426296267,-0.0011988014426296267,24,fixed_24b_exit,0,73742.0,3,0.7170075872737713,28.465379999999723,20.5799,0.7465909592783798,16.415209999999725,13.225670000000001,0.009050722173570058,False,out_of_sample,24,120,no_cost,0.0
downtrend_highvol_forced_cover_signal,fixed_horizon,24,1651,1652,1676,2026-05-31 17:35:00+00:00,2026-05-31 17:40:00+00:00,2026-05-31 19:40:00+00:00,73717.93,73520.41,-0.0026794024194655153,-0.0026794024194655153,24,fixed_24b_exit,0,73680.0,3,0.6798366612580669,16.904379999999723,0.4891699999999979,0.36184972098653334,-16.92284000000027,-12.084979999999995,0.00634706922721473,False,out_of_sample,24,120,no_cost,0.0
downtrend_highvol_forced_cover_signal,fixed_horizon,24,1835,1836,1860,2026-06-01 08:55:00+00:00,2026-06-01 09:00:00+00:00,2026-06-01 11:00:00+00:00,72902.64,72704.0,-0.0027247298588912727,-0.0027247298588912727,24,fixed_24b_exit,0,72865.58,4,0.7317682861651428,59.93055999999973,109.96245,0.5758740002296078,15.042059999999655,-6.723140000000004,0.0036050453192835175,False,out_of_sample,24,120,no_cost,0.0
downtrend_highvol_forced_cover_signal,fixed_horizon,24,1929,1930,1954,2026-06-01 16:45:00+00:00,2026-06-01 16:50:00+00:00,2026-06-01 18:50:00+00:00,71379.77,71545.21,0.0023177435287338177,0.0023177435287338177,24,fixed_24b_exit,0,71356.0,3,0.5819339098730052,133.02346999999975,-207.13461000000007,0.5915971143153583,33.45189999999967,51.79078,0.005931144418476864,True,out_of_sample,24,120,no_cost,0.0
downtrend_highvol_forced_cover_signal,fixed_horizon,24,2070,2071,2095,2026-06-02 04:30:00+00:00,2026-06-02 04:35:00+00:00,2026-06-02 06:35:00+00:00,71029.99,70322.94,-0.009954246086758656,-0.009954246086758656,24,fixed_24b_exit,0,71028.25,3,0.6132697817007485,27.61560999999966,16.302759999999992,0.6536323616349139,77.19375999999966,22.193079999999995,-0.00408214173939947,False,out_of_sample,24,120,no_cost,0.0
downtrend_highvol_forced_cover_signal,fixed_horizon,24,2307,2308,2332,2026-06-03 00:15:00+00:00,2026-06-03 00:20:00+00:00,2026-06-03 02:20:00+00:00,67085.72,66680.0,-0.006047784834089853,-0.006047784834089853,24,fixed_24b_exit,0,66912.0,3,0.5548485860125352,50.51424999999954,109.22464,0.5665258824583311,32.30426999999955,-105.88644,-0.010105238658587146,False,out_of_sample,24,120,no_cost,0.0
downtrend_highvol_forced_cover_signal,fixed_horizon,24,2969,2970,2994,2026-06-05 07:25:00+00:00,2026-06-05 07:30:00+00:00,2026-06-05 09:30:00+00:00,62252.94,63015.52,0.01224970258432756,0.01224970258432756,24,fixed_24b_exit,0,62203.29,3,0.5833030952443384,86.53159999999971,52.9136,0.49475012644701266,-2.136120000000272,-35.314040000000006,0.0020206777576290413,True,out_of_sample,24,120,no_cost,0.0
downtrend_highvol_forced_cover_signal,fixed_horizon,24,471,472,496,2026-05-27 15:15:00+00:00,2026-05-27 15:20:00+00:00,2026-05-27 17:20:00+00:00,75228.602108,75035.725677,-0.0025638709958096806,-0.0029638709958096808,24,fixed_24b_exit,0,75172.87,3,0.6234161388794356,43.24501999999979,40.585409999999996,0.40453638883648513,-44.9351800000002,47.16359,-0.0029638709958096365,False,out_of_sample,24,120,low_cost,0.0006000000000000001
downtrend_highvol_forced_cover_signal,fixed_horizon,24,516,517,541,2026-05-27 19:00:00+00:00,2026-05-27 19:05:00+00:00,2026-05-27 21:05:00+00:00,75059.40518999999,75157.58349,0.001308007967176117,0.0009080079671761169,24,fixed_24b_exit,0,75032.01,3,0.7019501613946663,57.10097999999979,1.5047599999999974,0.4165477051514387,-7.9913300000002145,2.198080000000001,-0.0020585542471113216,True,out_of_sample,24,120,low_cost,0.0006000000000000001
downtrend_highvol_forced_cover_signal,fixed_horizon,24,1044,1045,1069,2026-05-29 15:00:00+00:00,2026-05-29 15:05:00+00:00,2026-05-29 17:05:00+00:00,73321.271394,74122.587,0.010928828575462735,0.010528828575462735,24,fixed_24b_exit,0,73198.17,5,0.6500951573594487,139.25828999999976,35.74498,0.7394252838192699,159.18970999999976,93.58624,0.008448600163570408,True,out_of_sample,24,120,low_cost,0.0006000000000000001
downtrend_highvol_forced_cover_signal,fixed_horizon,24,1625,1626,1650,2026-05-31 15:25:00+00:00,2026-05-31 15:30:00+00:00,2026-05-31 17:30:00+00:00,73756.034866,73652.883975,-0.001398541708314438,-0.001798541708314438,24,fixed_24b_exit,0,73742.0,3,0.7170075872737713,28.465379999999723,20.5799,0.7465909592783798,16.415209999999725,13.225670000000001,0.006634863295484905,False,out_of_sample,24,120,low_cost,0.0006000000000000001
downtrend_highvol_forced_cover_signal,fixed_horizon,24,1651,1652,1676,2026-05-31 17:35:00+00:00,2026-05-31 17:40:00+00:00,2026-05-31 19:40:00+00:00,73725.30179299999,73513.057959,-0.002878846594564166,-0.0032788465945641663,24,fixed_24b_exit,0,73680.0,3,0.6798366612580669,16.904379999999723,0.4891699999999979,0.36184972098653334,-16.92284000000027,-12.084979999999995,0.0033342620019989333,False,out_of_sample,24,120,low_cost,0.0006000000000000001
downtrend_highvol_forced_cover_signal,fixed_horizon,24,1835,1836,1860,2026-06-01 08:55:00+00:00,2026-06-01 09:00:00+00:00,2026-06-01 11:00:00+00:00,72909.930264,72696.7296,-0.0029241649694082827,-0.003324164969408283,24,fixed_24b_exit,0,72865.58,4,0.7317682861651428,59.93055999999973,109.96245,0.5758740002296078,15.042059999999655,-6.723140000000004,-9.866043552131387e-07,False,out_of_sample,24,120,low_cost,0.0006000000000000001
downtrend_highvol_forced_cover_signal,fixed_horizon,24,1929,1930,1954,2026-06-01 16:45:00+00:00,2026-06-01 16:50:00+00:00,2026-06-01 18:50:00+00:00,71386.90797700001,71538.055479,0.002117300024378377,0.0017173000243783769,24,fixed_24b_exit,0,71356.0,3,0.5819339098730052,133.02346999999975,-207.13461000000007,0.5915971143153583,33.45189999999967,51.79078,0.001716311725727504,True,out_of_sample,24,120,low_cost,0.0006000000000000001
downtrend_highvol_forced_cover_signal,fixed_horizon,24,2070,2071,2095,2026-06-02 04:30:00+00:00,2026-06-02 04:35:00+00:00,2026-06-02 06:35:00+00:00,71037.092999,70315.907706,-0.010152235438606105,-0.010552235438606105,24,fixed_24b_exit,0,71028.25,3,0.6132697817007485,27.61560999999966,16.302759999999992,0.6536323616349139,77.19375999999966,22.193079999999995,-0.008854034638294483,False,out_of_sample,24,120,low_cost,0.0006000000000000001
downtrend_highvol_forced_cover_signal,fixed_horizon,24,2307,2308,2332,2026-06-03 00:15:00+00:00,2026-06-03 00:20:00+00:00,2026-06-03 02:20:00+00:00,67092.428572,66673.332,-0.006246555400066578,-0.006646555400066578,24,fixed_24b_exit,0,66912.0,3,0.5548485860125352,50.51424999999954,109.22464,0.5665258824583311,32.30426999999955,-105.88644,-0.01544174120662345,False,out_of_sample,24,120,low_cost,0.0006000000000000001
downtrend_highvol_forced_cover_signal,fixed_horizon,24,2969,2970,2994,2026-06-05 07:25:00+00:00,2026-06-05 07:30:00+00:00,2026-06-05 09:30:00+00:00,62259.165294,63009.218448,0.012047272886780647,0.011647272886780647,24,fixed_24b_exit,0,62203.29,3,0.5833030952443384,86.53159999999971,52.9136,0.49475012644701266,-2.136120000000272,-35.314040000000006,-0.003974322493523363,True,out_of_sample,24,120,low_cost,0.0006000000000000001
downtrend_highvol_forced_cover_signal,fixed_horizon,24,471,472,496,2026-05-27 15:15:00+00:00,2026-05-27 15:20:00+00:00,2026-05-27 17:20:00+00:00,75236.124216,75028.221354,-0.00276333827887143,-0.00356333827887143,24,fixed_24b_exit,0,75172.87,3,0.6234161388794356,43.24501999999979,40.585409999999996,0.40453638883648513,-44.9351800000002,47.16359,-0.003563338278871453,False,out_of_sample,24,120,base_cost,0.0012000000000000001
downtrend_highvol_forced_cover_signal,fixed_horizon,24,516,517,541,2026-05-27 19:00:00+00:00,2026-05-27 19:05:00+00:00,2026-05-27 21:05:00+00:00,75066.91037999999,75150.06698,0.0011077663857359532,0.00030776638573595317,24,fixed_24b_exit,0,75032.01,3,0.7019501613946663,57.10097999999979,1.5047599999999974,0.4165477051514387,-7.9913300000002145,2.198080000000001,-0.003256668568878629,True,out_of_sample,24,120,base_cost,0.0012000000000000001
downtrend_highvol_forced_cover_signal,fixed_horizon,24,1044,1045,1069,2026-05-29 15:00:00+00:00,2026-05-29 15:05:00+00:00,2026-05-29 17:05:00+00:00,73328.602788,74115.174,0.010726663022259553,0.009926663022259552,24,fixed_24b_exit,0,73198.17,5,0.6500951573594487,139.25828999999976,35.74498,0.7394252838192699,159.18970999999976,93.58624,0.006637666601922554,True,out_of_sample,24,120,base_cost,0.0012000000000000001
downtrend_highvol_forced_cover_signal,fixed_horizon,24,1625,1626,1650,2026-05-31 15:25:00+00:00,2026-05-31 15:30:00+00:00,2026-05-31 17:30:00+00:00,73763.409732,73645.51795000001,-0.0015982420339342163,-0.002398242033934216,24,fixed_24b_exit,0,73742.0,3,0.7170075872737713,28.465379999999723,20.5799,0.7465909592783798,16.415209999999725,13.225670000000001,0.004223505836936425,False,out_of_sample,24,120,base_cost,0.0012000000000000001
downtrend_highvol_forced_cover_signal,fixed_horizon,24,1651,1652,1676,2026-05-31 17:35:00+00:00,2026-05-31 17:40:00+00:00,2026-05-31 19:40:00+00:00,73732.67358599999,73505.705918,-0.0030782508888037574,-0.0038782508888037573,24,fixed_24b_exit,0,73680.0,3,0.6798366612580669,16.904379999999723,0.4891699999999979,0.36184972098653334,-16.92284000000027,-12.084979999999995,0.0003288751328667239,False,out_of_sample,24,120,base_cost,0.0012000000000000001
downtrend_highvol_forced_cover_signal,fixed_horizon,24,1835,1836,1860,2026-06-01 08:55:00+00:00,2026-06-01 09:00:00+00:00,2026-06-01 11:00:00+00:00,72917.22052799999,72689.4592,-0.0031235602008792274,-0.003923560200879228,24,fixed_24b_exit,0,72865.58,4,0.7317682861651428,59.93055999999973,109.96245,0.5758740002296078,15.042059999999655,-6.723140000000004,-0.0035959754293949375,False,out_of_sample,24,120,base_cost,0.0012000000000000001
downtrend_highvol_forced_cover_signal,fixed_horizon,24,1929,1930,1954,2026-06-01 16:45:00+00:00,2026-06-01 16:50:00+00:00,2026-06-01 18:50:00+00:00,71394.045954,71530.90095800001,0.0019168966007079291,0.0011168966007079292,24,fixed_24b_exit,0,71356.0,3,0.5819339098730052,133.02346999999975,-207.13461000000007,0.5915971143153583,33.45189999999967,51.79078,-0.0024830951614202013,True,out_of_sample,24,120,base_cost,0.0012000000000000001
downtrend_highvol_forced_cover_signal,fixed_horizon,24,2070,2071,2095,2026-06-02 04:30:00+00:00,2026-06-02 04:35:00+00:00,2026-06-02 06:35:00+00:00,71044.19599800001,70308.87541200001,-0.010350185200501127,-0.011150185200501128,24,fixed_24b_exit,0,71028.25,3,0.6132697817007485,27.61560999999966,16.302759999999992,0.6536323616349139,77.19375999999966,22.193079999999995,-0.013605593391001092,False,out_of_sample,24,120,base_cost,0.0012000000000000001
downtrend_highvol_forced_cover_signal,fixed_horizon,24,2307,2308,2332,2026-06-03 00:15:00+00:00,2026-06-03 00:20:00+00:00,2026-06-03 02:20:00+00:00,67099.137144,66666.664,-0.006445286219878943,-0.007245286219878943,24,fixed_24b_exit,0,66912.0,3,0.5548485860125352,50.51424999999954,109.22464,0.5665258824583311,32.30426999999955,-105.88644,-0.02075230319257093,False,out_of_sample,24,120,base_cost,0.0012000000000000001
downtrend_highvol_forced_cover_signal,fixed_horizon,24,2969,2970,2994,2026-06-05 07:25:00+00:00,2026-06-05 07:30:00+00:00,2026-06-05 09:30:00+00:00,62265.390588,63002.916895999995,0.011844883667077255,0.011044883667077255,24,fixed_24b_exit,0,62203.29,3,0.5833030952443384,86.53159999999971,52.9136,0.49475012644701266,-2.136120000000272,-35.314040000000006,-0.00993662630007941,True,out_of_sample,24,120,base_cost,0.0012000000000000001
downtrend_highvol_forced_cover_signal,fixed_horizon,24,471,472,496,2026-05-27 15:15:00+00:00,2026-05-27 15:20:00+00:00,2026-05-27 17:20:00+00:00,75243.646324,75020.717031,-0.0029627656804412927,-0.004162765680441292,24,fixed_24b_exit,0,75172.87,3,0.6234161388794356,43.24501999999979,40.585409999999996,0.40453638883648513,-44.9351800000002,47.16359,-0.004162765680441272,False,out_of_sample,24,120,high_cost,0.0018
downtrend_highvol_forced_cover_signal,fixed_horizon,24,516,517,541,2026-05-27 19:00:00+00:00,2026-05-27 19:05:00+00:00,2026-05-27 21:05:00+00:00,75074.41557,75142.55047,0.0009075648406009496,-0.00029243515939905034,24,fixed_24b_exit,0,75032.01,3,0.7019501613946663,57.10097999999979,1.5047599999999974,0.4165477051514387,-7.9913300000002145,2.198080000000001,-0.004453983500794956,False,out_of_sample,24,120,high_cost,0.0018
downtrend_highvol_forced_cover_signal,fixed_horizon,24,1044,1045,1069,2026-05-29 15:00:00+00:00,2026-05-29 15:05:00+00:00,2026-05-29 17:05:00+00:00,73335.934182,74107.761,0.01052453789004093,0.00932453789004093,24,fixed_24b_exit,0,73198.17,5,0.6500951573594487,139.25828999999976,35.74498,0.7394252838192699,159.18970999999976,93.58624,0.004829023051331038,True,out_of_sample,24,120,high_cost,0.0018
downtrend_highvol_forced_cover_signal,fixed_horizon,24,1625,1626,1650,2026-05-31 15:25:00+00:00,2026-05-31 15:30:00+00:00,2026-05-31 17:30:00+00:00,73770.784598,73638.151925,-0.0017979024314673797,-0.0029979024314673794,24,fixed_24b_exit,0,73742.0,3,0.7170075872737713,28.465379999999723,20.5799,0.7465909592783798,16.415209999999725,13.225670000000001,0.0018166436799165186,False,out_of_sample,24,120,high_cost,0.0018
downtrend_highvol_forced_cover_signal,fixed_horizon,24,1651,1652,1676,2026-05-31 17:35:00+00:00,2026-05-31 17:40:00+00:00,2026-05-31 19:40:00+00:00,73740.04537899999,73498.353877,-0.003277615314145388,-0.0044776153141453875,24,fixed_24b_exit,0,73680.0,3,0.6798366612580669,16.904379999999723,0.4891699999999979,0.36184972098653334,-16.92284000000027,-12.084979999999995,-0.0026691058657903888,False,out_of_sample,24,120,high_cost,0.0018
downtrend_highvol_forced_cover_signal,fixed_horizon,24,1835,1836,1860,2026-06-01 08:55:00+00:00,2026-06-01 09:00:00+00:00,2026-06-01 11:00:00+00:00,72924.510792,72682.1888,-0.003322915565263984,-0.004522915565263984,24,fixed_24b_exit,0,72865.58,4,0.7317682861651428,59.93055999999973,109.96245,0.5758740002296078,15.042059999999655,-6.723140000000004,-0.0071799492905886275,False,out_of_sample,24,120,high_cost,0.0018
downtrend_highvol_forced_cover_signal,fixed_horizon,24,1929,1930,1954,2026-06-01 16:45:00+00:00,2026-06-01 16:50:00+00:00,2026-06-01 18:50:00+00:00,71401.183931,71523.74643700001,0.0017165332457014237,0.0005165332457014238,24,fixed_24b_exit,0,71356.0,3,0.5819339098730052,133.02346999999975,-207.13461000000007,0.5915971143153583,33.45189999999967,51.79078,-0.006667124727398277,True,out_of_sample,24,120,high_cost,0.0018
downtrend_highvol_forced_cover_signal,fixed_horizon,24,2070,2071,2095,2026-06-02 04:30:00+00:00,2026-06-02 04:35:00+00:00,2026-06-02 06:35:00+00:00,71051.298997,70301.843118,-0.010548095384317224,-0.011748095384317224,24,fixed_24b_exit,0,71028.25,3,0.6132697817007485,27.61560999999966,16.302759999999992,0.6536323616349139,77.19375999999966,22.193079999999995,-0.018336894094478917,False,out_of_sample,24,120,high_cost,0.0018
downtrend_highvol_forced_cover_signal,fixed_horizon,24,2307,2308,2332,2026-06-03 00:15:00+00:00,2026-06-03 00:20:00+00:00,2026-06-03 02:20:00+00:00,67105.845716,66659.996,-0.006643977305447968,-0.007843977305447968,24,fixed_24b_exit,0,66912.0,3,0.5548485860125352,50.51424999999954,109.22464,0.5665258824583311,32.30426999999955,-105.88644,-0.026037037218797354,False,out_of_sample,24,120,high_cost,0.0018
downtrend_highvol_forced_cover_signal,fixed_horizon,24,2969,2970,2994,2026-06-05 07:25:00+00:00,2026-06-05 07:30:00+00:00,2026-06-05 09:30:00+00:00,62271.615882,62996.615344,0.011642534913078428,0.010442534913078429,24,fixed_24b_exit,0,62203.29,3,0.5833030952443384,86.53159999999971,52.9136,0.49475012644701266,-2.136120000000272,-35.314040000000006,-0.01586639497590947,True,out_of_sample,24,120,high_cost,0.0018
