signal_name,exit_mode,fixed_holding_bars,signal_idx,entry_idx,exit_idx,signal_time,entry_time,exit_time,entry_price,exit_price,gross_return,net_return,holding_bars,exit_reason,false_squeeze_score,breakout_level,entry_forced_cover_score,entry_buy_aggression_ratio_15m,entry_cvd_15m,entry_cvd_slope_15m,exit_buy_aggression_ratio_15m,exit_cvd_15m,exit_cvd_slope_15m,cumulative_return,win,sample_split,holding_bars_config,holding_minutes,cost_label,round_trip_cost,equity_curve,running_max,drawdown
downtrend_highvol_forced_cover_signal,fixed_horizon,3,2512,2513,2516,2026-03-18 17:20:00+00:00,2026-03-18 17:25:00+00:00,2026-03-18 17:40:00+00:00,71504.287998,71576.301876,0.0010071267054923005,0.0002071267054923005,3,fixed_3b_exit,0,71450.7,3,0.6426335822303931,49.69903999999998,18.155320000000003,0.5921056224258667,66.11653999999999,14.938820000000007,0.00020712670549238865,True,in_sample,3,15,base_cost,0.0012000000000000001,1.0002071267054924,1.0002071267054924,0.0
downtrend_highvol_forced_cover_signal,fixed_horizon,3,2757,2758,2761,2026-03-19 13:45:00+00:00,2026-03-19 13:50:00+00:00,2026-03-19 14:05:00+00:00,69884.67414,69623.87244,-0.0037318869009467237,-0.004531886900946724,3,fixed_3b_exit,0,69823.5,4,0.5487074146393739,44.83325999999991,6.243870000000015,0.5858347773545793,53.837149999999966,-34.60887000000001,-0.004325698870257799,False,in_sample,3,15,base_cost,0.0012000000000000001,0.9956743011297422,1.0002071267054924,-0.004531886900946747
downtrend_highvol_forced_cover_signal,fixed_horizon,3,3095,3096,3099,2026-03-20 17:55:00+00:00,2026-03-20 18:00:00+00:00,2026-03-20 18:15:00+00:00,70013.989998,69945.098182,-0.000983972146166412,-0.0017839721461664119,3,fixed_3b_exit,0,69963.88,4,0.6546879707265746,81.0036799999999,50.52185999999999,0.48124311413886195,-3.5190300000000896,-26.432209999999998,-0.0061019540901270375,False,in_sample,3,15,base_cost,0.0012000000000000001,0.993898045909873,1.0002071267054924,-0.006307774287112378
downtrend_highvol_forced_cover_signal,fixed_horizon,3,3497,3498,3501,2026-03-22 03:25:00+00:00,2026-03-22 03:30:00+00:00,2026-03-22 03:45:00+00:00,69454.328088,69313.34455800001,-0.002029873931273962,-0.002829873931273962,3,fixed_3b_exit,0,69411.1,3,0.5062472786972226,3.572099999999935,-59.89598000000001,0.4733553682738974,-9.111880000000042,-28.823590000000003,-0.008914560260591564,False,in_sample,3,15,base_cost,0.0012000000000000001,0.9910854397394084,1.0002071267054924,-0.009119798012366842
downtrend_highvol_forced_cover_signal,fixed_horizon,3,3721,3722,3725,2026-03-22 22:05:00+00:00,2026-03-22 22:10:00+00:00,2026-03-22 22:25:00+00:00,68135.394354,68242.3488,0.0015697340129026127,0.0007697340129026127,3,fixed_3b_exit,0,68090.6,5,0.6396708687560277,74.19040000000001,51.98758000000002,0.636434329328419,79.64753999999996,-26.51209999999999,-0.008151688087931541,True,in_sample,3,15,base_cost,0.0012000000000000001,0.9918483119120685,1.0002071267054924,-0.008357083818185118
downtrend_highvol_forced_cover_signal,fixed_horizon,3,4216,4217,4220,2026-03-24 15:20:00+00:00,2026-03-24 15:25:00+00:00,2026-03-24 15:40:00+00:00,70227.122616,70044.108376,-0.002606033583359313,-0.003406033583359313,3,fixed_3b_exit,0,70131.96,4,0.5854448515896512,77.6410399999999,150.12989,0.46037483028954135,-28.46147000000004,18.616130000000034,-0.011529956747902359,False,in_sample,3,15,base_cost,0.0012000000000000001,0.9884700432520976,1.0002071267054924,-0.01173465289340081
downtrend_highvol_forced_cover_signal,fixed_horizon,3,4254,4255,4258,2026-03-24 18:30:00+00:00,2026-03-24 18:35:00+00:00,2026-03-24 18:50:00+00:00,69521.761572,69513.954428,-0.00011229784492616801,-0.000912297844926168,3,fixed_3b_exit,0,69496.1,3,0.5780427673387833,37.8243199999999,19.302,0.37180185938719806,-37.24818000000009,-19.76764,-0.012431735838135394,False,in_sample,3,15,base_cost,0.0012000000000000001,0.9875682641618646,1.0002071267054924,-0.012636245239781463
downtrend_highvol_forced_cover_signal,fixed_horizon,3,4840,4841,4844,2026-03-26 19:20:00+00:00,2026-03-26 19:25:00+00:00,2026-03-26 19:40:00+00:00,68563.07987399999,68619.39337599999,0.0008213385703135234,2.133857031352338e-05,3,fixed_3b_exit,0,68520.29,3,0.6980821535904654,42.74413999999995,8.794540000000005,0.552681138746798,15.296859999999938,7.517960000000002,-0.01241066254329104,True,in_sample,3,15,base_cost,0.0012000000000000001,0.987589337456709,1.0002071267054924,-0.01261517630887532
downtrend_highvol_forced_cover_signal,fixed_horizon,3,5082,5083,5086,2026-03-27 15:30:00+00:00,2026-03-27 15:35:00+00:00,2026-03-27 15:50:00+00:00,66538.545048,66199.177516,-0.005100314888989321,-0.005900314888989322,3,fixed_3b_exit,0,66458.57,4,0.571288405575657,104.57404999999994,98.51559,0.5636315437039177,65.25024999999994,51.944170000000014,-0.01823775061529398,False,in_sample,3,15,base_cost,0.0012000000000000001,0.981762249384706,1.0002071267054924,-0.018441057685262274
downtrend_highvol_forced_cover_signal,fixed_horizon,3,5484,5485,5488,2026-03-29 01:00:00+00:00,2026-03-29 01:05:00+00:00,2026-03-29 01:20:00+00:00,66542.70588,66529.631412,-0.00019648236162161936,-0.0009964823616216193,3,fixed_3b_exit,0,66500.0,3,0.6370355727908412,20.575450000000004,10.801650000000006,0.6745342827050315,30.371660000000002,3.8536900000000003,-0.01921605938011184,False,in_sample,3,15,base_cost,0.0012000000000000001,0.9807839406198882,1.0002071267054924,-0.019419163858170885
downtrend_highvol_forced_cover_signal,fixed_horizon,3,6183,6184,6187,2026-03-31 11:15:00+00:00,2026-03-31 11:20:00+00:00,2026-03-31 11:35:00+00:00,66690.90551400001,66804.426442,0.0017021950313174106,0.0009021950313174105,3,fixed_3b_exit,0,66584.35,4,0.5857227811430628,101.98859999999999,104.94784999999999,0.685584029887117,56.0226,19.685339999999997,-0.018331200982088625,True,in_sample,3,15,base_cost,0.0012000000000000001,0.9816687990179114,1.0002071267054924,-0.01853448869999863
downtrend_highvol_forced_cover_signal,fixed_horizon,3,7459,7460,7463,2026-04-04 21:35:00+00:00,2026-04-04 21:40:00+00:00,2026-04-04 21:55:00+00:00,67316.530614,67345.72816,0.00043373515737776813,-0.0003662648426222319,3,fixed_3b_exit,0,67295.81,3,0.7743888640986148,32.83628000000006,9.335030000000003,0.6903349193742697,38.42122000000006,6.792869999999997,-0.01869075175026813,False,in_sample,3,15,base_cost,0.0012000000000000001,0.9813092482497319,1.0002071267054924,-0.01889396501103413
downtrend_highvol_forced_cover_signal,fixed_horizon,3,7595,7596,7599,2026-04-05 08:55:00+00:00,2026-04-05 09:00:00+00:00,2026-04-05 09:15:00+00:00,66946.56663599999,66943.128696,-5.135349238571951e-05,-0.0008513534923857196,3,fixed_3b_exit,0,66915.59,3,0.6711510957964305,19.73367000000004,8.005320000000001,0.47437890418900674,-3.6556199999999563,-0.6057800000000002,-0.019526192805875975,False,in_sample,3,15,base_cost,0.0012000000000000001,0.980473807194124,1.0002071267054924,-0.019729233060322704
downtrend_highvol_forced_cover_signal,fixed_horizon,3,9793,9794,9797,2026-04-13 00:05:00+00:00,2026-04-13 00:10:00+00:00,2026-04-13 00:25:00+00:00,70906.20840599999,70968.193522,0.0008741846079978188,7.418460799781879e-05,3,fixed_3b_exit,0,70834.26,3,0.6245568337799611,38.07747000000001,25.67533000000001,0.6996650846174041,70.15321,55.0745,-0.019453456740837094,True,in_sample,3,15,base_cost,0.0012000000000000001,0.9805465432591629,1.0002071267054924,-0.019656512057745545
downtrend_highvol_forced_cover_signal,fixed_horizon,3,11808,11809,11812,2026-04-20 00:00:00+00:00,2026-04-20 00:05:00+00:00,2026-04-20 00:20:00+00:00,74084.783994,74233.1504,0.0020026569290128027,0.0012026569290128027,3,fixed_3b_exit,0,74054.22,4,0.6015835325435833,35.751280000000165,30.366640000000015,0.5221652203636639,6.856650000000137,26.61164,-0.018274195646366787,True,in_sample,3,15,base_cost,0.0012000000000000001,0.9817258043536332,1.0002071267054924,-0.018477495169159086
downtrend_highvol_forced_cover_signal,fixed_horizon,3,11818,11819,11822,2026-04-20 00:50:00+00:00,2026-04-20 00:55:00+00:00,2026-04-20 01:10:00+00:00,74320.831194,74345.128,0.00032691784536931223,-0.0004730821546306878,3,fixed_3b_exit,0,74280.0,3,0.6745369214375514,44.35859000000015,3.8391599999999926,0.36065150599897344,-67.23041999999985,18.300259999999994,-0.018738632605146965,False,in_sample,3,15,base_cost,0.0012000000000000001,0.981261367394853,1.0002071267054924,-0.01894183595056298
downtrend_highvol_forced_cover_signal,fixed_horizon,3,12324,12325,12328,2026-04-21 19:00:00+00:00,2026-04-21 19:05:00+00:00,2026-04-21 19:20:00+00:00,75754.257822,75817.26351399999,0.0008317115606628622,3.171156066286219e-05,3,fixed_3b_exit,0,75668.24,3,0.6009116704453381,31.270460000000135,27.849079999999994,0.5537045256046544,18.757950000000143,21.274340000000002,-0.018707515275768638,True,in_sample,3,15,base_cost,0.0012000000000000001,0.9812924847242314,1.0002071267054924,-0.018910725065079848
downtrend_highvol_forced_cover_signal,fixed_horizon,3,12811,12812,12815,2026-04-23 11:35:00+00:00,2026-04-23 11:40:00+00:00,2026-04-23 11:55:00+00:00,77536.594218,77689.079076,0.0019666179503741166,0.0011666179503741166,3,fixed_3b_exit,0,77501.61,3,0.6247528585209194,34.78587000000015,7.9355699999999985,0.7400500377140582,101.30536000000015,84.99115,-0.017562721848522034,True,in_sample,3,15,base_cost,0.0012000000000000001,0.982437278151478,1.0002071267054924,-0.0177661687060211
downtrend_highvol_forced_cover_signal,fixed_horizon,3,13470,13471,13474,2026-04-25 18:30:00+00:00,2026-04-25 18:35:00+00:00,2026-04-25 18:50:00+00:00,77374.941894,77293.268254,-0.0010555567216049555,-0.0018555567216049554,3,fixed_3b_exit,0,77335.0,3,0.6129684574563794,8.304840000000183,10.851809999999999,0.3666391062644712,-27.54600999999981,-15.110259999999997,-0.019385689943551276,False,in_sample,3,15,base_cost,0.0012000000000000001,0.9806143100564487,1.0002071267054924,-0.019588759293866498
downtrend_highvol_forced_cover_signal,fixed_horizon,3,14033,14034,14037,2026-04-27 17:25:00+00:00,2026-04-27 17:30:00+00:00,2026-04-27 17:45:00+00:00,76848.026532,76798.167294,-0.0006488031020450702,-0.0014488031020450701,3,fixed_3b_exit,0,76817.7,4,0.532300930478618,18.555150000000154,23.646809999999995,0.6187722117699572,55.80138000000016,-10.293309999999998,-0.02080640699787084,False,in_sample,3,15,base_cost,0.0012000000000000001,0.9791935930021292,1.0002071267054924,-0.02100918214068137
downtrend_highvol_forced_cover_signal,fixed_horizon,3,14204,14205,14208,2026-04-28 07:40:00+00:00,2026-04-28 07:45:00+00:00,2026-04-28 08:00:00+00:00,76873.3716,76788.70918600001,-0.001101323023016576,-0.001901323023016576,3,fixed_3b_exit,0,76832.34,5,0.741393311977183,269.65721000000013,136.57196999999996,0.6072544908798256,77.96865000000015,29.15256000000001,-0.02266817032023616,False,in_sample,3,15,base_cost,0.0012000000000000001,0.9773318296797638,1.0002071267054924,-0.022870559921999156
downtrend_highvol_forced_cover_signal,fixed_horizon,3,14302,14303,14306,2026-04-28 15:50:00+00:00,2026-04-28 15:55:00+00:00,2026-04-28 16:10:00+00:00,76100.627082,76005.24591,-0.0012533559269785055,-0.0020533559269785054,3,fixed_3b_exit,0,76068.12,3,0.6370788870731572,34.82343000000015,44.780240000000006,0.47381082462991486,-5.620889999999854,-1.408890000000003,-0.024674980425333892,False,in_sample,3,15,base_cost,0.0012000000000000001,0.9753250195746661,1.0002071267054924,-0.024876954449208566
downtrend_highvol_forced_cover_signal,fixed_horizon,3,14647,14648,14651,2026-04-29 20:35:00+00:00,2026-04-29 20:40:00+00:00,2026-04-29 20:55:00+00:00,75767.410452,75661.654642,-0.001395795492667662,-0.002195795492667662,3,fixed_3b_exit,0,75716.54,3,0.6302424694674957,34.39092000000017,13.14135,0.4592315335854694,-5.103129999999836,-4.041040000000002,-0.02681659470720199,False,in_sample,3,15,base_cost,0.0012000000000000001,0.973183405292798,1.0002071267054924,-0.027018125237425417
downtrend_highvol_forced_cover_signal,fixed_horizon,3,15857,15858,15861,2026-05-04 01:25:00+00:00,2026-05-04 01:30:00+00:00,2026-05-04 01:45:00+00:00,78621.411138,78964.433954,0.004362969463851396,0.003562969463851396,3,fixed_3b_exit,0,78585.86,4,0.6687443949436301,33.08245000000012,9.808639999999997,0.37202343931009973,-23.66281999999988,-36.62149000000001,-0.023349171951416725,True,in_sample,3,15,base_cost,0.0012000000000000001,0.9766508280485833,1.0002071267054924,-0.023551420528765354
downtrend_highvol_forced_cover_signal,fixed_horizon,3,16431,16432,16435,2026-05-06 01:15:00+00:00,2026-05-06 01:20:00+00:00,2026-05-06 01:35:00+00:00,81303.85752,81303.755996,-1.248698439315632e-06,-0.0008012486984393157,3,fixed_3b_exit,0,81262.28,3,0.665186335393973,42.08854000000014,17.0036,0.7348709129213259,140.70649000000014,-3.391340000000014,-0.024131712156220342,False,in_sample,3,15,base_cost,0.0012000000000000001,0.9758682878437797,1.0002071267054924,-0.02433379868215957
downtrend_highvol_forced_cover_signal,fixed_horizon,3,16919,16920,16923,2026-05-07 17:55:00+00:00,2026-05-07 18:00:00+00:00,2026-05-07 18:15:00+00:00,80110.538904,80153.966,0.0005420896750181203,-0.0002579103249818797,3,fixed_3b_exit,0,79948.66,3,0.6189537486851134,44.76762000000011,24.85457,0.48174577411504893,-4.215259999999883,-13.231220000000004,-0.024383398663477718,False,in_sample,3,15,base_cost,0.0012000000000000001,0.9756166013365223,1.0002071267054924,-0.024585433069215346
downtrend_highvol_forced_cover_signal,fixed_horizon,3,2512,2513,2516,2026-03-18 17:20:00+00:00,2026-03-18 17:25:00+00:00,2026-03-18 17:40:00+00:00,71511.436997,71569.14281399999,0.0008069452862822235,-0.0003930547137177764,3,fixed_3b_exit,0,71450.7,3,0.6426335822303931,49.69903999999998,18.155320000000003,0.5921056224258667,66.11653999999999,14.938820000000007,-0.00039305471371775536,False,in_sample,3,15,high_cost,0.0018,0.9996069452862822,0.9996069452862822,0.0
downtrend_highvol_forced_cover_signal,fixed_horizon,3,2757,2758,2761,2026-03-19 13:45:00+00:00,2026-03-19 13:50:00+00:00,2026-03-19 14:05:00+00:00,69891.66120999999,69616.90866,-0.003931120612149397,-0.005131120612149397,3,fixed_3b_exit,0,69823.5,4,0.5487074146393739,44.83325999999991,6.243870000000015,0.5858347773545793,53.837149999999966,-34.60887000000001,-0.005522158514723818,False,in_sample,3,15,high_cost,0.0018,0.9944778414852762,0.9996069452862822,-0.005131120612149376
downtrend_highvol_forced_cover_signal,fixed_horizon,3,3095,3096,3099,2026-03-20 17:55:00+00:00,2026-03-20 18:00:00+00:00,2026-03-20 18:15:00+00:00,70020.989997,69938.102273,-0.0011837553854001648,-0.0023837553854001645,3,fixed_3b_exit,0,69963.88,4,0.6546879707265746,81.0036799999999,50.52185999999999,0.48124311413886195,-3.5190300000000896,-26.432209999999998,-0.007892750425025463,False,in_sample,3,15,high_cost,0.0018,0.9921072495749745,0.9996069452862822,-0.007502644661157132
downtrend_highvol_forced_cover_signal,fixed_horizon,3,3497,3498,3501,2026-03-22 03:25:00+00:00,2026-03-22 03:30:00+00:00,2026-03-22 03:45:00+00:00,69461.272132,69306.411837,-0.0022294480110542914,-0.003429448011054291,3,fixed_3b_exit,0,69411.1,3,0.5062472786972226,3.572099999999935,-59.89598000000001,0.4733553682738974,-9.111880000000042,-28.823590000000003,-0.01129513065883292,False,in_sample,3,15,high_cost,0.0018,0.9887048693411671,0.9996069452862822,-0.010906362742400533
downtrend_highvol_forced_cover_signal,fixed_horizon,3,3721,3722,3725,2026-03-22 22:05:00+00:00,2026-03-22 22:10:00+00:00,2026-03-22 22:25:00+00:00,68142.206531,68235.5232,0.0013694400834751708,0.00016944008347517087,3,fixed_3b_exit,0,68090.6,5,0.6396708687560277,74.19040000000001,51.98758000000002,0.636434329328419,79.64753999999996,-26.51209999999999,-0.011127604423239568,True,in_sample,3,15,high_cost,0.0018,0.9888723955767604,0.9996069452862822,-0.010738770633939021
downtrend_highvol_forced_cover_signal,fixed_horizon,3,4216,4217,4220,2026-03-24 15:20:00+00:00,2026-03-24 15:25:00+00:00,2026-03-24 15:40:00+00:00,70234.143924,70037.102564,-0.002805492442724433,-0.004005492442724433,3,fixed_3b_exit,0,70131.96,4,0.5854448515896512,77.6410399999999,150.12989,0.46037483028954135,-28.46147000000004,18.616130000000034,-0.015088525330541058,False,in_sample,3,15,high_cost,0.0018,0.9849114746694589,0.9996069452862822,-0.014701249012045059
downtrend_highvol_forced_cover_signal,fixed_horizon,3,4254,4255,4258,2026-03-24 18:30:00+00:00,2026-03-24 18:35:00+00:00,2026-03-24 18:50:00+00:00,69528.712358,69507.001642,-0.0003122554015988488,-0.0015122554015988487,3,fixed_3b_exit,0,69496.1,3,0.5780427673387833,37.8243199999999,19.302,0.37180185938719806,-37.24818000000009,-19.76764,-0.016577963028206577,False,in_sample,3,15,high_cost,0.0018,0.9834220369717934,0.9996069452862822,-0.016191272370415066
downtrend_highvol_forced_cover_signal,fixed_horizon,3,4840,4841,4844,2026-03-26 19:20:00+00:00,2026-03-26 19:25:00+00:00,2026-03-26 19:40:00+00:00,68569.934811,68612.53006399999,0.0006211943050171698,-0.0005788056949828301,3,fixed_3b_exit,0,68520.29,3,0.6980821535904654,42.74413999999995,8.794540000000005,0.552681138746798,15.296859999999938,7.517960000000002,-0.017147173303777463,False,in_sample,3,15,high_cost,0.0018,0.9828528266962225,0.9996069452862822,-0.016760706464740927
downtrend_highvol_forced_cover_signal,fixed_horizon,3,5082,5083,5086,2026-03-27 15:30:00+00:00,2026-03-27 15:35:00+00:00,2026-03-27 15:50:00+00:00,66545.197572,66192.556274,-0.005299274941943821,-0.006499274941943821,3,fixed_3b_exit,0,66458.57,4,0.571288405575657,104.57404999999994,98.51559,0.5636315437039177,65.25024999999994,51.944170000000014,-0.023535004051942865,False,in_sample,3,15,high_cost,0.0018,0.9764649959480571,0.9996069452862822,-0.023151048967149146
downtrend_highvol_forced_cover_signal,fixed_horizon,3,5484,5485,5488,2026-03-29 01:00:00+00:00,2026-03-29 01:05:00+00:00,2026-03-29 01:20:00+00:00,66549.35882,66522.97711800001,-0.0003964230830734161,-0.001596423083073416,3,fixed_3b_exit,0,66500.0,3,0.6370355727908412,20.575450000000004,10.801650000000006,0.6745342827050315,30.371660000000002,3.8536900000000003,-0.025093855311287494,False,in_sample,3,15,high_cost,0.0018,0.9749061446887125,0.9996069452862822,-0.024710513181254057
downtrend_highvol_forced_cover_signal,fixed_horizon,3,6183,6184,6187,2026-03-31 11:15:00+00:00,2026-03-31 11:20:00+00:00,2026-03-31 11:35:00+00:00,66697.573271,66797.74466299999,0.0015018746123338644,0.00030187461233386454,3,fixed_3b_exit,0,66584.35,4,0.5857227811430628,101.98859999999999,104.94784999999999,0.685584029887117,56.0226,19.685339999999997,-0.02479955589679772,True,in_sample,3,15,high_cost,0.0018,0.9752004441032023,0.9996069452862822,-0.024416098045507373
downtrend_highvol_forced_cover_signal,fixed_horizon,3,7459,7460,7463,2026-04-04 21:35:00+00:00,2026-04-04 21:40:00+00:00,2026-04-04 21:55:00+00:00,67323.26092100001,67338.99223999999,0.0002336684050174842,-0.0009663315949825157,3,fixed_3b_exit,0,67295.81,3,0.7743888640986148,32.83628000000006,9.335030000000003,0.6903349193742697,38.42122000000006,6.792869999999997,-0.025741922897375646,False,in_sample,3,15,high_cost,0.0018,0.9742580771026244,0.9996069452862822,-0.025358835593522366
downtrend_highvol_forced_cover_signal,fixed_horizon,3,7595,7596,7599,2026-04-05 08:55:00+00:00,2026-04-05 09:00:00+00:00,2026-04-05 09:15:00+00:00,66953.259954,66936.433044,-0.00025132323671095413,-0.001451323236710954,3,fixed_3b_exit,0,66915.59,3,0.6711510957964305,19.73367000000004,8.005320000000001,0.47437890418900674,-3.6556199999999563,-0.6057800000000002,-0.02715588628322796,False,in_sample,3,15,high_cost,0.0018,0.972844113716772,0.9996069452862822,-0.026773354962880358
downtrend_highvol_forced_cover_signal,fixed_horizon,3,9793,9794,9797,2026-04-13 00:05:00+00:00,2026-04-13 00:10:00+00:00,2026-04-13 00:25:00+00:00,70913.297609,70961.095283,0.0006740297745502222,-0.0005259702254497777,3,fixed_3b_exit,0,70834.26,3,0.6245568337799611,38.07747000000001,25.67533000000001,0.6996650846174041,70.15321,55.0745,-0.02766757332104708,False,in_sample,3,15,high_cost,0.0018,0.9723324266789529,0.9996069452862822,-0.027285243200784293
downtrend_highvol_forced_cover_signal,fixed_horizon,3,11808,11809,11812,2026-04-20 00:00:00+00:00,2026-04-20 00:05:00+00:00,2026-04-20 00:20:00+00:00,74092.190991,74225.7256,0.001802276423654714,0.0006022764236547141,3,fixed_3b_exit,0,74054.22,4,0.6015835325435833,35.751280000000165,30.366640000000015,0.5221652203636639,6.856650000000137,26.61164,-0.027081960424503504,True,in_sample,3,15,high_cost,0.0018,0.9729180395754965,0.9996069452862822,-0.026699400035823273
downtrend_highvol_forced_cover_signal,fixed_horizon,3,11818,11819,11822,2026-04-20 00:50:00+00:00,2026-04-20 00:55:00+00:00,2026-04-20 01:10:00+00:00,74328.261791,74337.692,0.00012687245433662397,-0.001073127545663376,3,fixed_3b_exit,0,74280.0,3,0.6745369214375514,44.35859000000015,3.8391599999999926,0.36065150599897344,-67.23041999999985,18.300259999999994,-0.028126025572444813,False,in_sample,3,15,high_cost,0.0018,0.9718739744275552,0.9996069452862822,-0.027743875719855593
downtrend_highvol_forced_cover_signal,fixed_horizon,3,12324,12325,12328,2026-04-21 19:00:00+00:00,2026-04-21 19:05:00+00:00,2026-04-21 19:20:00+00:00,75761.831733,75809.68027099999,0.0006315652209758493,-0.0005684347790241506,3,fixed_3b_exit,0,75668.24,3,0.6009116704453381,31.270460000000135,27.849079999999994,0.5537045256046544,18.757950000000143,21.274340000000002,-0.02867847254033784,False,in_sample,3,15,high_cost,0.0018,0.9713215274596622,0.9996069452862822,-0.028296539915015573
downtrend_highvol_forced_cover_signal,fixed_horizon,3,12811,12812,12815,2026-04-23 11:35:00+00:00,2026-04-23 11:40:00+00:00,2026-04-23 11:55:00+00:00,77544.34632699999,77681.308614,0.0017662446520916308,0.0005662446520916309,3,fixed_3b_exit,0,77501.61,3,0.6247528585209194,34.78587000000015,7.9355699999999985,0.7400500377140582,101.30536000000015,84.99115,-0.02812846691995241,True,in_sample,3,15,high_cost,0.0018,0.9718715330800476,0.9996069452862822,-0.027746318027323635
downtrend_highvol_forced_cover_signal,fixed_horizon,3,13470,13471,13474,2026-04-25 18:30:00+00:00,2026-04-25 18:35:00+00:00,2026-04-25 18:50:00+00:00,77382.677841,77285.537381,-0.0012553256453542438,-0.0024553256453542435,3,fixed_3b_exit,0,77335.0,3,0.6129684574563794,8.304840000000183,10.851809999999999,0.3666391062644712,-27.54600999999981,-15.110259999999997,-0.03051472801911359,False,in_sample,3,15,high_cost,0.0018,0.9694852719808864,0.9996069452862822,-0.030133517426461198
downtrend_highvol_forced_cover_signal,fixed_horizon,3,14033,14034,14037,2026-04-27 17:25:00+00:00,2026-04-27 17:30:00+00:00,2026-04-27 17:45:00+00:00,76855.709798,76790.485941,-0.0008486533683889075,-0.002048653368388907,3,fixed_3b_exit,0,76817.7,4,0.532300930478618,18.555150000000154,23.646809999999995,0.6187722117699572,55.80138000000016,-10.293309999999998,-0.03250086728716062,False,in_sample,3,15,high_cost,0.0018,0.9674991327128394,0.9996069452862822,-0.03212043766287298
downtrend_highvol_forced_cover_signal,fixed_horizon,3,14204,14205,14208,2026-04-28 07:40:00+00:00,2026-04-28 07:45:00+00:00,2026-04-28 08:00:00+00:00,76881.05739999999,76781.02877900001,-0.0013010827944202052,-0.002501082794420205,3,fixed_3b_exit,0,76832.34,5,0.741393311977183,269.65721000000013,136.57196999999996,0.6072544908798256,77.96865000000015,29.15256000000001,-0.0349206627216051,False,in_sample,3,15,high_cost,0.0018,0.9650793372783949,0.9996069452862822,-0.03454118458330524
downtrend_highvol_forced_cover_signal,fixed_horizon,3,14302,14303,14306,2026-04-28 15:50:00+00:00,2026-04-28 15:55:00+00:00,2026-04-28 16:10:00+00:00,76108.235623,75997.643865,-0.0014530852948398953,-0.002653085294839895,3,fixed_3b_exit,0,76068.12,3,0.6370788870731572,34.82343000000015,44.780240000000006,0.47381082462991486,-5.620889999999854,-1.408890000000003,-0.03748110051969222,False,in_sample,3,15,high_cost,0.0018,0.9625188994803078,0.9996069452862822,-0.03710262916926077
downtrend_highvol_forced_cover_signal,fixed_horizon,3,14647,14648,14651,2026-04-29 20:35:00+00:00,2026-04-29 20:40:00+00:00,2026-04-29 20:55:00+00:00,75774.985678,75654.086963,-0.001595496375462857,-0.0027954963754628567,3,fixed_3b_exit,0,75716.54,3,0.6302424694674957,34.39092000000017,13.14135,0.4592315335854694,-5.103129999999836,-4.041040000000002,-0.04017181861450392,False,in_sample,3,15,high_cost,0.0018,0.9598281813854961,0.9996069452862822,-0.039794405279360845
downtrend_highvol_forced_cover_signal,fixed_horizon,3,15857,15858,15861,2026-05-04 01:25:00+00:00,2026-05-04 01:30:00+00:00,2026-05-04 01:45:00+00:00,78629.27170699999,78956.535931,0.0041621169431598215,0.002962116943159822,3,fixed_3b_exit,0,78585.86,4,0.6687443949436301,33.08245000000012,9.808639999999997,0.37202343931009973,-23.66281999999988,-36.62149000000001,-0.03732869529589977,True,in_sample,3,15,high_cost,0.0018,0.9626713047041002,0.9996069452862822,-0.036950164018322074
downtrend_highvol_forced_cover_signal,fixed_horizon,3,16431,16432,16435,2026-05-06 01:15:00+00:00,2026-05-06 01:20:00+00:00,2026-05-06 01:35:00+00:00,81311.98628,81295.62399400001,-0.00020122846272185857,-0.0014012284627218585,3,fixed_3b_exit,0,81262.28,3,0.665186335393973,42.08854000000014,17.0036,0.7348709129213259,140.70649000000014,-3.391340000000014,-0.0386776177282967,False,in_sample,3,15,high_cost,0.0018,0.9613223822717033,0.9996069452862822,-0.038299616859519214
downtrend_highvol_forced_cover_signal,fixed_horizon,3,16919,16920,16923,2026-05-07 17:55:00+00:00,2026-05-07 18:00:00+00:00,2026-05-07 18:15:00+00:00,80118.548356,80145.94900000001,0.00034200125392014336,-0.0008579987460798565,3,fixed_3b_exit,0,79948.66,3,0.6189537486851134,44.76762000000011,24.85457,0.48174577411504893,-4.215259999999883,-13.231220000000004,-0.039502431126864246,False,in_sample,3,15,high_cost,0.0018,0.9604975688731358,0.9996069452862822,-0.03912475458235809
downtrend_highvol_forced_cover_signal,fixed_horizon,3,2512,2513,2516,2026-03-18 17:20:00+00:00,2026-03-18 17:25:00+00:00,2026-03-18 17:40:00+00:00,71497.138999,71583.46093799999,0.001207348156982757,0.0008073481569827571,3,fixed_3b_exit,0,71450.7,3,0.6426335822303931,49.69903999999998,18.155320000000003,0.5921056224258667,66.11653999999999,14.938820000000007,0.0008073481569828012,True,in_sample,3,15,low_cost,0.0006000000000000001,1.0008073481569828,1.0008073481569828,0.0
downtrend_highvol_forced_cover_signal,fixed_horizon,3,2757,2758,2761,2026-03-19 13:45:00+00:00,2026-03-19 13:50:00+00:00,2026-03-19 14:05:00+00:00,69877.68707,69630.83622,-0.00353261334698618,-0.00393261334698618,3,fixed_3b_exit,0,69823.5,4,0.5487074146393739,44.83325999999991,6.243870000000015,0.5858347773545793,53.837149999999966,-34.60887000000001,-0.0031284401781411786,False,in_sample,3,15,low_cost,0.0006000000000000001,0.9968715598218588,1.0008073481569828,-0.003932613346986136
downtrend_highvol_forced_cover_signal,fixed_horizon,3,3095,3096,3099,2026-03-20 17:55:00+00:00,2026-03-20 18:00:00+00:00,2026-03-20 18:15:00+00:00,70006.989999,69952.09409099999,-0.0007841489542800284,-0.0011841489542800284,3,fixed_3b_exit,0,69963.88,4,0.6546879707265746,81.0036799999999,50.52185999999999,0.48124311413886195,-3.5190300000000896,-26.432209999999998,-0.004308884593255735,False,in_sample,3,15,low_cost,0.0006000000000000001,0.9956911154067443,1.0008073481569828,-0.005112105501283826
downtrend_highvol_forced_cover_signal,fixed_horizon,3,3497,3498,3501,2026-03-22 03:25:00+00:00,2026-03-22 03:30:00+00:00,2026-03-22 03:45:00+00:00,69447.384044,69320.277279,-0.00183025994066921,-0.00223025994066921,3,fixed_3b_exit,0,69411.1,3,0.5062472786972226,3.572099999999935,-59.89598000000001,0.4733553682738974,-9.111880000000042,-28.823590000000003,-0.006529534601227627,False,in_sample,3,15,low_cost,0.0006000000000000001,0.9934704653987724,1.0008073481569828,-0.007330964117840955
downtrend_highvol_forced_cover_signal,fixed_horizon,3,3721,3722,3725,2026-03-22 22:05:00+00:00,2026-03-22 22:10:00+00:00,2026-03-22 22:25:00+00:00,68128.582177,68249.1744,0.001770067997110214,0.001370067997110214,3,fixed_3b_exit,0,68090.6,5,0.6396708687560277,74.19040000000001,51.98758000000002,0.636434329328419,79.64753999999996,-26.51209999999999,-0.005168412510510589,True,in_sample,3,15,low_cost,0.0006000000000000001,0.9948315874894894,1.0008073481569828,-0.005970940040056605
downtrend_highvol_forced_cover_signal,fixed_horizon,3,4216,4217,4220,2026-03-24 15:20:00+00:00,2026-03-24 15:25:00+00:00,2026-03-24 15:40:00+00:00,70220.101308,70051.11418799999,-0.00240653483621156,-0.0028065348362115604,3,fixed_3b_exit,0,70131.96,4,0.5854448515896512,77.6410399999999,150.12989,0.46037483028954135,-28.46147000000004,18.616130000000034,-0.007960442016963443,False,in_sample,3,15,low_cost,0.0006000000000000001,0.9920395579830366,1.0008073481569828,-0.008760717225040793
downtrend_highvol_forced_cover_signal,fixed_horizon,3,4254,4255,4258,2026-03-24 18:30:00+00:00,2026-03-24 18:35:00+00:00,2026-03-24 18:50:00+00:00,69514.810786,69520.907214,8.769969925936927e-05,-0.00031230030074063075,3,fixed_3b_exit,0,69496.1,3,0.5780427673387833,37.8243199999999,19.302,0.37180185938719806,-37.24818000000009,-19.76764,-0.00827025626926814,False,in_sample,3,15,low_cost,0.0006000000000000001,0.9917297437307319,1.0008073481569828,-0.0090702815511573
downtrend_highvol_forced_cover_signal,fixed_horizon,3,4840,4841,4844,2026-03-26 19:20:00+00:00,2026-03-26 19:25:00+00:00,2026-03-26 19:40:00+00:00,68556.22493699999,68626.256688,0.0010215228604602,0.0006215228604602001,3,fixed_3b_exit,0,68520.29,3,0.6980821535904654,42.74413999999995,8.794540000000005,0.552681138746798,15.296859999999938,7.517960000000002,-0.007653873562141089,True,in_sample,3,15,low_cost,0.0006000000000000001,0.9923461264378589,1.0008073481569828,-0.00845439607803189
downtrend_highvol_forced_cover_signal,fixed_horizon,3,5082,5083,5086,2026-03-27 15:30:00+00:00,2026-03-27 15:35:00+00:00,2026-03-27 15:50:00+00:00,66531.89252400001,66205.798758,-0.004901315048003063,-0.005301315048003063,3,fixed_3b_exit,0,66458.57,4,0.571288405575657,104.57404999999994,98.51559,0.5636315437039177,65.25024999999994,51.944170000000014,-0.012914613015053589,False,in_sample,3,15,low_cost,0.0006000000000000001,0.9870853869849464,1.0008073481569828,-0.01371089170888462
downtrend_highvol_forced_cover_signal,fixed_horizon,3,5484,5485,5488,2026-03-29 01:00:00+00:00,2026-03-29 01:05:00+00:00,2026-03-29 01:20:00+00:00,66536.05294,66536.28570600001,3.4983439762825697e-06,-0.00039650165602371745,3,fixed_3b_exit,0,66500.0,3,0.6370355727908412,20.575450000000004,10.801650000000006,0.6745342827050315,30.371660000000002,3.8536900000000003,-0.013305994005629929,False,in_sample,3,15,low_cost,0.0006000000000000001,0.9866940059943701,1.0008073481569828,-0.01410195697364025
downtrend_highvol_forced_cover_signal,fixed_horizon,3,6183,6184,6187,2026-03-31 11:15:00+00:00,2026-03-31 11:20:00+00:00,2026-03-31 11:35:00+00:00,66684.23775700001,66811.10822099999,0.0019025555103786562,0.0015025555103786563,3,fixed_3b_exit,0,66584.35,4,0.5857227811430628,101.98859999999999,104.94784999999999,0.685584029887117,56.0226,19.685339999999997,-0.011823431489865421,True,in_sample,3,15,low_cost,0.0006000000000000001,0.9881765685101346,1.0008073481569828,-0.012620590436419388
downtrend_highvol_forced_cover_signal,fixed_horizon,3,7459,7460,7463,2026-04-04 21:35:00+00:00,2026-04-04 21:40:00+00:00,2026-04-04 21:55:00+00:00,67309.80030700001,67352.46407999999,0.0006338419190874411,0.00023384191908744112,3,fixed_3b_exit,0,67295.81,3,0.7743888640986148,32.83628000000006,9.335030000000003,0.6903349193742697,38.42122000000006,6.792869999999997,-0.011592354384687753,True,in_sample,3,15,low_cost,0.0006000000000000001,0.9884076456153122,1.0008073481569828,-0.01238969974041959
downtrend_highvol_forced_cover_signal,fixed_horizon,3,7595,7596,7599,2026-04-05 08:55:00+00:00,2026-04-05 09:00:00+00:00,2026-04-05 09:15:00+00:00,66939.873318,66949.82434800001,0.0001486562418895332,-0.00025134375811046683,3,fixed_3b_exit,0,66915.59,3,0.6711510957964305,19.73367000000004,8.005320000000001,0.47437890418900674,-3.6556199999999563,-0.6057800000000002,-0.01184078447688175,False,in_sample,3,15,low_cost,0.0006000000000000001,0.9881592155231183,1.0008073481569828,-0.012637929424835326
downtrend_highvol_forced_cover_signal,fixed_horizon,3,9793,9794,9797,2026-04-13 00:05:00+00:00,2026-04-13 00:10:00+00:00,2026-04-13 00:25:00+00:00,70899.119203,70975.291761,0.001074379468409381,0.0006743794684093811,3,fixed_3b_exit,0,70834.26,3,0.6245568337799611,38.07747000000001,25.67533000000001,0.6996650846174041,70.15321,55.0745,-0.011174390190413441,True,in_sample,3,15,low_cost,0.0006000000000000001,0.9888256098095866,1.0008073481569828,-0.011972072716553317
downtrend_highvol_forced_cover_signal,fixed_horizon,3,11808,11809,11812,2026-04-20 00:00:00+00:00,2026-04-20 00:05:00+00:00,2026-04-20 00:20:00+00:00,74077.376997,74240.5752,0.0022030775064647568,0.0018030775064647568,3,fixed_3b_exit,0,74054.22,4,0.6015835325435833,35.751280000000165,30.366640000000015,0.5221652203636639,6.856650000000137,26.61164,-0.009391460975549437,True,in_sample,3,15,low_cost,0.0006000000000000001,0.9906085390244506,1.0008073481569828,-0.010190581785109454
downtrend_highvol_forced_cover_signal,fixed_horizon,3,11818,11819,11822,2026-04-20 00:50:00+00:00,2026-04-20 00:55:00+00:00,2026-04-20 01:10:00+00:00,74313.400597,74352.564,0.0005270032414796955,0.00012700324147969544,3,fixed_3b_exit,0,74280.0,3,0.6745369214375514,44.35859000000015,3.8391599999999926,0.36065150599897344,-67.23041999999985,18.300259999999994,-0.009265650480055787,True,in_sample,3,15,low_cost,0.0006000000000000001,0.9907343495199442,1.0008073481569828,-0.010064872780548906
downtrend_highvol_forced_cover_signal,fixed_horizon,3,12324,12325,12328,2026-04-21 19:00:00+00:00,2026-04-21 19:05:00+00:00,2026-04-21 19:20:00+00:00,75746.683911,75824.84675699999,0.0010318979256151994,0.0006318979256151995,3,fixed_3b_exit,0,75668.24,3,0.6009116704453381,31.270460000000135,27.849079999999994,0.5537045256046544,18.757950000000143,21.274340000000002,-0.00863960749975834,True,in_sample,3,15,low_cost,0.0006000000000000001,0.9913603925002417,1.0008073481569828,-0.009439334827165302
downtrend_highvol_forced_cover_signal,fixed_horizon,3,12811,12812,12815,2026-04-23 11:35:00+00:00,2026-04-23 11:40:00+00:00,2026-04-23 11:55:00+00:00,77528.84210899999,77696.849538,0.002167031319309398,0.0017670313193093982,3,fixed_3b_exit,0,77501.61,3,0.6247528585209194,34.78587000000015,7.9355699999999985,0.7400500377140582,101.30536000000015,84.99115,-0.00688784263748754,True,in_sample,3,15,low_cost,0.0006000000000000001,0.9931121573625125,1.0008073481569828,-0.007688983108128933
downtrend_highvol_forced_cover_signal,fixed_horizon,3,13470,13471,13474,2026-04-25 18:30:00+00:00,2026-04-25 18:35:00+00:00,2026-04-25 18:50:00+00:00,77367.205947,77300.999127,-0.0008557478480656355,-0.0012557478480656355,3,fixed_3b_exit,0,77335.0,3,0.6129684574563794,8.304840000000183,10.851809999999999,0.3666391062644712,-27.54600999999981,-15.110259999999997,-0.008134941091983316,False,in_sample,3,15,low_cost,0.0006000000000000001,0.9918650589080167,1.0008073481569828,-0.00893507553220274
downtrend_highvol_forced_cover_signal,fixed_horizon,3,14033,14034,14037,2026-04-27 17:25:00+00:00,2026-04-27 17:30:00+00:00,2026-04-27 17:45:00+00:00,76840.343266,76805.848647,-0.0004489128696442135,-0.0008489128696442135,3,fixed_3b_exit,0,76817.7,4,0.532300930478618,18.555150000000154,23.646809999999995,0.6187722117699572,55.80138000000016,-10.293309999999998,-0.008976948105440696,False,in_sample,3,15,low_cost,0.0006000000000000001,0.9910230518945593,1.0008073481569828,-0.009776403301236303
downtrend_highvol_forced_cover_signal,fixed_horizon,3,14204,14205,14208,2026-04-28 07:40:00+00:00,2026-04-28 07:45:00+00:00,2026-04-28 08:00:00+00:00,76865.68579999999,76796.38959300001,-0.0009015233036531178,-0.0013015233036531178,3,fixed_3b_exit,0,76832.34,5,0.741393311977183,269.65721000000013,136.57196999999996,0.6072544908798256,77.96865000000015,29.15256000000001,-0.010266787701938895,False,in_sample,3,15,low_cost,0.0006000000000000001,0.9897332122980611,1.0008073481569828,-0.011065202388166995
downtrend_highvol_forced_cover_signal,fixed_horizon,3,14302,14303,14306,2026-04-28 15:50:00+00:00,2026-04-28 15:55:00+00:00,2026-04-28 16:10:00+00:00,76093.018541,76012.847955,-0.001053586617237423,-0.001453586617237423,3,fixed_3b_exit,0,76068.12,3,0.6370788870731572,34.82343000000015,44.780240000000006,0.47381082462991486,-5.620889999999854,-1.408890000000003,-0.011705450653970773,False,in_sample,3,15,low_cost,0.0006000000000000001,0.9882945493460292,1.0008073481569828,-0.012502704775295914
downtrend_highvol_forced_cover_signal,fixed_horizon,3,14647,14648,14651,2026-04-29 20:35:00+00:00,2026-04-29 20:40:00+00:00,2026-04-29 20:55:00+00:00,75759.835226,75669.222321,-0.0011960546736894395,-0.0015960546736894395,3,fixed_3b_exit,0,75716.54,3,0.6302424694674957,34.39092000000017,13.14135,0.4592315335854694,-5.103129999999836,-4.041040000000002,-0.013282822788436288,False,in_sample,3,15,low_cost,0.0006000000000000001,0.9867171772115637,1.0008073481569828,-0.014078804448594995
downtrend_highvol_forced_cover_signal,fixed_horizon,3,15857,15858,15861,2026-05-04 01:25:00+00:00,2026-05-04 01:30:00+00:00,2026-05-04 01:45:00+00:00,78613.550569,78972.331977,0.004563862151030662,0.004163862151030662,3,fixed_3b_exit,0,78585.86,4,0.6687443949436301,33.08245000000012,9.808639999999997,0.37202343931009973,-23.66281999999988,-36.62149000000001,-0.009174268480473202,True,in_sample,3,15,low_cost,0.0006000000000000001,0.9908257315195268,1.0008073481569828,-0.009973564498539589
downtrend_highvol_forced_cover_signal,fixed_horizon,3,16431,16432,16435,2026-05-06 01:15:00+00:00,2026-05-06 01:20:00+00:00,2026-05-06 01:35:00+00:00,81295.72876,81311.887998,0.00019877105779708693,-0.0002012289422029131,3,fixed_3b_exit,0,81262.28,3,0.665186335393973,42.08854000000014,17.0036,0.7348709129213259,140.70649000000014,-3.391340000000014,-0.009373651294334207,False,in_sample,3,15,low_cost,0.0006000000000000001,0.9906263487056658,1.0008073481569828,-0.010172786470908357
downtrend_highvol_forced_cover_signal,fixed_horizon,3,16919,16920,16923,2026-05-07 17:55:00+00:00,2026-05-07 18:00:00+00:00,2026-05-07 18:15:00+00:00,80102.529452,80161.98300000001,0.000742218109799353,0.00034221810979935297,3,fixed_3b_exit,0,79948.66,3,0.6189537486851134,44.76762000000011,24.85457,0.48174577411504893,-4.215259999999883,-13.231220000000004,-0.009034641017762635,True,in_sample,3,15,low_cost,0.0006000000000000001,0.9909653589822374,1.0008073481569828,-0.009834049672866385
downtrend_highvol_forced_cover_signal,fixed_horizon,3,2512,2513,2516,2026-03-18 17:20:00+00:00,2026-03-18 17:25:00+00:00,2026-03-18 17:40:00+00:00,71489.99,71590.62,0.0014076096527637638,0.0014076096527637638,3,fixed_3b_exit,0,71450.7,3,0.6426335822303931,49.69903999999998,18.155320000000003,0.5921056224258667,66.11653999999999,14.938820000000007,0.0014076096527637638,True,in_sample,3,15,no_cost,0.0,1.0014076096527638,1.0014076096527638,0.0
downtrend_highvol_forced_cover_signal,fixed_horizon,3,2757,2758,2761,2026-03-19 13:45:00+00:00,2026-03-19 13:50:00+00:00,2026-03-19 14:05:00+00:00,69870.7,69637.8,-0.003333299938314549,-0.003333299938314549,3,fixed_3b_exit,0,69823.5,4,0.5487074146393739,44.83325999999991,6.243870000000015,0.5858347773545793,53.837149999999966,-34.60887000000001,-0.0019303822707195106,False,in_sample,3,15,no_cost,0.0,0.9980696177292805,1.0014076096527638,-0.003333299938314549
downtrend_highvol_forced_cover_signal,fixed_horizon,3,3095,3096,3099,2026-03-20 17:55:00+00:00,2026-03-20 18:00:00+00:00,2026-03-20 18:15:00+00:00,69999.99,69959.09,-0.0005842857977552685,-0.0005842857977552685,3,fixed_3b_exit,0,69963.88,4,0.6546879707265746,81.0036799999999,50.52185999999999,0.48124311413886195,-3.5190300000000896,-26.432209999999998,-0.0025135401735297824,False,in_sample,3,15,no_cost,0.0,0.9974864598264702,1.0014076096527638,-0.003915638136256172
downtrend_highvol_forced_cover_signal,fixed_horizon,3,3497,3498,3501,2026-03-22 03:25:00+00:00,2026-03-22 03:30:00+00:00,2026-03-22 03:45:00+00:00,69440.44,69327.21,-0.0016306060272659462,-0.0016306060272659462,3,fixed_3b_exit,0,69411.1,3,0.5062472786972226,3.572099999999935,-59.89598000000001,0.4733553682738974,-9.111880000000042,-28.823590000000003,-0.00414004760703901,False,in_sample,3,15,no_cost,0.0,0.995859952392961,1.0014076096527638,-0.005539859300376593
downtrend_highvol_forced_cover_signal,fixed_horizon,3,3721,3722,3725,2026-03-22 22:05:00+00:00,2026-03-22 22:10:00+00:00,2026-03-22 22:25:00+00:00,68121.77,68256.0,0.0019704420481145846,0.0019704420481145846,3,fixed_3b_exit,0,68090.6,5,0.6396708687560277,74.19040000000001,51.98758000000002,0.636434329328419,79.64753999999996,-26.51209999999999,-0.0021777632828104965,True,in_sample,3,15,no_cost,0.0,0.9978222367171895,1.0014076096527638,-0.003580333223968113
downtrend_highvol_forced_cover_signal,fixed_horizon,3,4216,4217,4220,2026-03-24 15:20:00+00:00,2026-03-24 15:25:00+00:00,2026-03-24 15:40:00+00:00,70213.08,70058.12,-0.002206996189314081,-0.002206996189314081,3,fixed_3b_exit,0,70131.96,4,0.5854448515896512,77.6410399999999,150.12989,0.46037483028954135,-28.46147000000004,18.616130000000034,-0.004379953156858241,False,in_sample,3,15,no_cost,0.0,0.9956200468431418,1.0014076096527638,-0.005779427631500411
downtrend_highvol_forced_cover_signal,fixed_horizon,3,4254,4255,4258,2026-03-24 18:30:00+00:00,2026-03-24 18:35:00+00:00,2026-03-24 18:50:00+00:00,69507.86,69527.86,0.0002877372429535008,0.0002877372429535008,3,fixed_3b_exit,0,69496.1,3,0.5780427673387833,37.8243199999999,19.302,0.37180185938719806,-37.24818000000009,-19.76764,-0.00409347618955036,True,in_sample,3,15,no_cost,0.0,0.9959065238104496,1.0014076096527638,-0.005493353345119467
downtrend_highvol_forced_cover_signal,fixed_horizon,3,4840,4841,4844,2026-03-26 19:20:00+00:00,2026-03-26 19:25:00+00:00,2026-03-26 19:40:00+00:00,68549.37,68633.12,0.0012217471874649277,0.0012217471874649277,3,fixed_3b_exit,0,68520.29,3,0.6980821535904654,42.74413999999995,8.794540000000005,0.552681138746798,15.296859999999938,7.517960000000002,-0.0028767301951069246,True,in_sample,3,15,no_cost,0.0,0.9971232698048931,1.0014076096527638,-0.004278317646653651
downtrend_highvol_forced_cover_signal,fixed_horizon,3,5082,5083,5086,2026-03-27 15:30:00+00:00,2026-03-27 15:35:00+00:00,2026-03-27 15:50:00+00:00,66525.24,66212.42,-0.004702275407048595,-0.004702275407048595,3,fixed_3b_exit,0,66458.57,4,0.571288405575657,104.57404999999994,98.51559,0.5636315437039177,65.25024999999994,51.944170000000014,-0.007565478424506389,False,in_sample,3,15,no_cost,0.0,0.9924345215754936,1.0014076096527638,-0.008960475225848863
downtrend_highvol_forced_cover_signal,fixed_horizon,3,5484,5485,5488,2026-03-29 01:00:00+00:00,2026-03-29 01:05:00+00:00,2026-03-29 01:20:00+00:00,66529.4,66542.94,0.00020351904571525026,0.00020351904571525026,3,fixed_3b_exit,0,66500.0,3,0.6370355727908412,20.575450000000004,10.801650000000006,0.6745342827050315,30.371660000000002,3.8536900000000003,-0.007363499097740478,True,in_sample,3,15,no_cost,0.0,0.9926365009022595,1.0014076096527638,-0.008758779807500727
downtrend_highvol_forced_cover_signal,fixed_horizon,3,6183,6184,6187,2026-03-31 11:15:00+00:00,2026-03-31 11:20:00+00:00,2026-03-31 11:35:00+00:00,66677.57,66817.79,0.0021029560615359877,0.0021029560615359877,3,fixed_3b_exit,0,66584.35,4,0.5857227811430628,101.98859999999999,104.94784999999999,0.685584029887117,56.0226,19.685339999999997,-0.005276028151266154,True,in_sample,3,15,no_cost,0.0,0.9947239718487338,1.0014076096527638,-0.006674243075052599
downtrend_highvol_forced_cover_signal,fixed_horizon,3,7459,7460,7463,2026-04-04 21:35:00+00:00,2026-04-04 21:40:00+00:00,2026-04-04 21:55:00+00:00,67303.07,67359.2,0.0008339887021497905,0.0008339887021497905,3,fixed_3b_exit,0,67295.81,3,0.7743888640986148,32.83628000000006,9.335030000000003,0.6903349193742697,38.42122000000006,6.792869999999997,-0.004446439596986762,True,in_sample,3,15,no_cost,0.0,0.9955535604030132,1.0014076096527638,-0.005845820616222852
downtrend_highvol_forced_cover_signal,fixed_horizon,3,7595,7596,7599,2026-04-05 08:55:00+00:00,2026-04-05 09:00:00+00:00,2026-04-05 09:15:00+00:00,66933.18,66956.52,0.0003487059781115409,0.0003487059781115409,3,fixed_3b_exit,0,66915.59,3,0.6711510957964305,19.73367000000004,8.005320000000001,0.47437890418900674,-3.6556199999999563,-0.6057800000000002,-0.004099284118944002,True,in_sample,3,15,no_cost,0.0,0.995900715881056,1.0014076096527638,-0.0054991531107071445
downtrend_highvol_forced_cover_signal,fixed_horizon,3,9793,9794,9797,2026-04-13 00:05:00+00:00,2026-04-13 00:10:00+00:00,2026-04-13 00:25:00+00:00,70892.03,70982.39,0.001274614367792859,0.001274614367792859,3,fixed_3b_exit,0,70834.26,3,0.6245568337799611,38.07747000000001,25.67533000000001,0.6996650846174041,70.15321,55.0745,-0.0028298947575867706,True,in_sample,3,15,no_cost,0.0,0.9971701052424132,1.0014076096527638,-0.004231548042479827
downtrend_highvol_forced_cover_signal,fixed_horizon,3,11808,11809,11812,2026-04-20 00:00:00+00:00,2026-04-20 00:05:00+00:00,2026-04-20 00:20:00+00:00,74069.97,74248.0,0.002403538168032293,0.002403538168032293,3,fixed_3b_exit,0,74054.22,4,0.6015835325435833,35.751280000000165,30.366640000000015,0.5221652203636639,6.856650000000137,26.61164,-0.00043315834961588084,True,in_sample,3,15,no_cost,0.0,0.9995668416503841,1.0014076096527638,-0.0018381805616775049
downtrend_highvol_forced_cover_signal,fixed_horizon,3,11818,11819,11822,2026-04-20 00:50:00+00:00,2026-04-20 00:55:00+00:00,2026-04-20 01:10:00+00:00,74305.97,74360.0,0.0007271286546692846,0.0007271286546692846,3,fixed_3b_exit,0,74280.0,3,0.6745369214375514,44.35859000000015,3.8391599999999926,0.36065150599897344,-67.23041999999985,18.300259999999994,0.0002936553432053568,True,in_sample,3,15,no_cost,0.0,1.0002936553432054,1.0014076096527638,-0.0011123885007671142
downtrend_highvol_forced_cover_signal,fixed_horizon,3,12324,12325,12328,2026-04-21 19:00:00+00:00,2026-04-21 19:05:00+00:00,2026-04-21 19:20:00+00:00,75739.11,75832.43,0.0012321243278405891,0.0012321243278405891,3,fixed_3b_exit,0,75668.24,3,0.6009116704453381,31.270460000000135,27.849079999999994,0.5537045256046544,18.757950000000143,21.274340000000002,0.0015261414909382154,True,in_sample,3,15,no_cost,0.0,1.0015261414909382,1.0015261414909382,0.0
downtrend_highvol_forced_cover_signal,fixed_horizon,3,12811,12812,12815,2026-04-23 11:35:00+00:00,2026-04-23 11:40:00+00:00,2026-04-23 11:55:00+00:00,77521.09,77704.62,0.0023674847709185265,0.0023674847709185265,3,fixed_3b_exit,0,77501.61,3,0.6247528585209194,34.78587000000015,7.9355699999999985,0.7400500377140582,101.30536000000015,84.99115,0.0038972393785947634,True,in_sample,3,15,no_cost,0.0,1.0038972393785948,1.0038972393785948,0.0
downtrend_highvol_forced_cover_signal,fixed_horizon,3,13470,13471,13474,2026-04-25 18:30:00+00:00,2026-04-25 18:35:00+00:00,2026-04-25 18:50:00+00:00,77359.47,77308.73,-0.0006558990127518705,-0.0006558990127518705,3,fixed_3b_exit,0,77335.0,3,0.6129684574563794,8.304840000000183,10.851809999999999,0.3666391062644712,-27.54600999999981,-15.110259999999997,0.0032387841703820364,False,in_sample,3,15,no_cost,0.0,1.003238784170382,1.0038972393785948,-0.0006558990127518705
downtrend_highvol_forced_cover_signal,fixed_horizon,3,14033,14034,14037,2026-04-27 17:25:00+00:00,2026-04-27 17:30:00+00:00,2026-04-27 17:45:00+00:00,76832.66,76813.53,-0.00024898265919737206,-0.00024898265919737206,3,fixed_3b_exit,0,76817.7,4,0.532300930478618,18.555150000000154,23.646809999999995,0.6187722117699572,55.80138000000016,-10.293309999999998,0.002988995110089432,False,in_sample,3,15,no_cost,0.0,1.0029889951100894,1.0038972393785948,-0.000904718364468815
downtrend_highvol_forced_cover_signal,fixed_horizon,3,14204,14205,14208,2026-04-28 07:40:00+00:00,2026-04-28 07:45:00+00:00,2026-04-28 08:00:00+00:00,76858.0,76804.07,-0.0007016836243460833,-0.0007016836243460833,3,fixed_3b_exit,0,76832.34,5,0.741393311977183,269.65721000000013,136.57196999999996,0.6072544908798256,77.96865000000015,29.15256000000001,0.002285214156821258,False,in_sample,3,15,no_cost,0.0,1.0022852141568213,1.0038972393785948,-0.0016057671627539571
downtrend_highvol_forced_cover_signal,fixed_horizon,3,14302,14303,14306,2026-04-28 15:50:00+00:00,2026-04-28 15:55:00+00:00,2026-04-28 16:10:00+00:00,76085.41,76020.45,-0.0008537773536346771,-0.0008537773536346771,3,fixed_3b_exit,0,76068.12,3,0.6370788870731572,34.82343000000015,44.780240000000006,0.47381082462991486,-5.620889999999854,-1.408890000000003,0.0014294857390912963,False,in_sample,3,15,no_cost,0.0,1.0014294857390913,1.0038972393785948,-0.002458173548749887
downtrend_highvol_forced_cover_signal,fixed_horizon,3,14647,14648,14651,2026-04-29 20:35:00+00:00,2026-04-29 20:40:00+00:00,2026-04-29 20:55:00+00:00,75752.26,75676.79,-0.0009962739065474402,-0.0009962739065474402,3,fixed_3b_exit,0,75716.54,3,0.6302424694674957,34.39092000000017,13.14135,0.4592315335854694,-5.103129999999836,-4.041040000000002,0.0004317876732022885,False,in_sample,3,15,no_cost,0.0,1.0004317876732023,1.0038972393785948,-0.003451998441132864
downtrend_highvol_forced_cover_signal,fixed_horizon,3,15857,15858,15861,2026-05-04 01:25:00+00:00,2026-05-04 01:30:00+00:00,2026-05-04 01:45:00+00:00,78605.69,78980.23,0.004764795016747536,0.004764795016747536,3,fixed_3b_exit,0,78585.86,4,0.6687443949436301,33.08245000000012,9.808639999999997,0.37202343931009973,-23.66281999999988,-36.62149000000001,0.005198640069703497,True,in_sample,3,15,no_cost,0.0,1.0051986400697035,1.0051986400697035,0.0
downtrend_highvol_forced_cover_signal,fixed_horizon,3,16431,16432,16435,2026-05-06 01:15:00+00:00,2026-05-06 01:20:00+00:00,2026-05-06 01:35:00+00:00,81287.6,81320.02,0.00039883081798453013,0.00039883081798453013,3,fixed_3b_exit,0,81262.28,3,0.665186335393973,42.08854000000014,17.0036,0.7348709129213259,140.70649000000014,-3.391340000000014,0.00559954426555942,True,in_sample,3,15,no_cost,0.0,1.0055995442655594,1.0055995442655594,0.0
downtrend_highvol_forced_cover_signal,fixed_horizon,3,16919,16920,16923,2026-05-07 17:55:00+00:00,2026-05-07 18:00:00+00:00,2026-05-07 18:15:00+00:00,80094.52,80170.0,0.0009423865702671286,0.0009423865702671286,3,fixed_3b_exit,0,79948.66,3,0.6189537486851134,44.76762000000011,24.85457,0.48174577411504893,-4.215259999999883,-13.231220000000004,0.006547207771141927,True,in_sample,3,15,no_cost,0.0,1.006547207771142,1.006547207771142,0.0
downtrend_highvol_forced_cover_signal,fixed_horizon,6,2512,2513,2519,2026-03-18 17:20:00+00:00,2026-03-18 17:25:00+00:00,2026-03-18 17:55:00+00:00,71504.287998,71580.890958,0.0010713058215774396,0.00027130582157743955,6,fixed_6b_exit,0,71450.7,3,0.6426335822303931,49.69903999999998,18.155320000000003,0.6780893725137871,75.42901999999998,30.240310000000015,0.0002713058215775277,True,in_sample,6,30,base_cost,0.0012000000000000001,1.0002713058215775,1.0002713058215775,0.0
downtrend_highvol_forced_cover_signal,fixed_horizon,6,2757,2758,2764,2026-03-19 13:45:00+00:00,2026-03-19 13:50:00+00:00,2026-03-19 14:20:00+00:00,69884.67414,69336.699886,-0.007841121973356291,-0.008641121973356291,6,fixed_6b_exit,0,69823.5,4,0.5487074146393739,44.83325999999991,6.243870000000015,0.4380010952315755,-33.44629000000006,4.193209999999993,-0.008372160538475115,False,in_sample,6,30,base_cost,0.0012000000000000001,0.9916278394615249,1.0002713058215775,-0.008641121973356314
downtrend_highvol_forced_cover_signal,fixed_horizon,6,3095,3096,3102,2026-03-20 17:55:00+00:00,2026-03-20 18:00:00+00:00,2026-03-20 18:30:00+00:00,70013.989998,69677.941624,-0.004799731796596762,-0.005599731796596763,6,fixed_6b_exit,0,69963.88,4,0.6546879707265746,81.0036799999999,50.52185999999999,0.3394050463136715,-68.32009000000006,-6.634209999999996,-0.013925010481498412,False,in_sample,6,30,base_cost,0.0012000000000000001,0.9860749895185016,1.0002713058215775,-0.014192465804480636
downtrend_highvol_forced_cover_signal,fixed_horizon,6,3497,3498,3504,2026-03-22 03:25:00+00:00,2026-03-22 03:30:00+00:00,2026-03-22 04:00:00+00:00,69454.328088,69385.180188,-0.0009955880634592296,-0.0017955880634592295,6,fixed_6b_exit,0,69411.1,3,0.5062472786972226,3.572099999999935,-59.89598000000001,0.6881564525237808,67.14073999999995,77.78702999999999,-0.01569559496235351,False,in_sample,6,30,base_cost,0.0012000000000000001,0.9843044050376465,1.0002713058215775,-0.0159625700457503
downtrend_highvol_forced_cover_signal,fixed_horizon,6,3721,3722,3728,2026-03-22 22:05:00+00:00,2026-03-22 22:10:00+00:00,2026-03-22 22:40:00+00:00,68135.394354,68122.17284,-0.000194047662383956,-0.000994047662383956,6,fixed_6b_exit,0,68090.6,5,0.6396708687560277,74.19040000000001,51.98758000000002,0.4207262369397056,-24.561260000000033,-9.641740000000006,-0.016674040455255446,False,in_sample,6,30,base_cost,0.0012000000000000001,0.9833259595447446,1.0002713058215775,-0.016940750152694695
downtrend_highvol_forced_cover_signal,fixed_horizon,6,4216,4217,4223,2026-03-24 15:20:00+00:00,2026-03-24 15:25:00+00:00,2026-03-24 15:55:00+00:00,70227.122616,69859.06539199999,-0.0052409554925456625,-0.006040955492545663,6,fixed_6b_exit,0,70131.96,4,0.5854448515896512,77.6410399999999,150.12989,0.4830849501518739,-6.365320000000082,-18.787940000000006,-0.02261426881153006,False,in_sample,6,30,base_cost,0.0012000000000000001,0.9773857311884699,1.0002713058215775,-0.022879367327557576
downtrend_highvol_forced_cover_signal,fixed_horizon,6,4254,4255,4261,2026-03-24 18:30:00+00:00,2026-03-24 18:35:00+00:00,2026-03-24 19:05:00+00:00,69521.761572,69589.569302,0.0009753453949779001,0.00017534539497790003,6,fixed_6b_exit,0,69496.1,3,0.5780427673387833,37.8243199999999,19.302,0.6973497726489963,83.8648199999999,16.33825999999999,-0.022442888724448995,True,in_sample,6,30,base_cost,0.0012000000000000001,0.977557111275551,1.0002713058215775,-0.02270803372428054
downtrend_highvol_forced_cover_signal,fixed_horizon,6,4840,4841,4847,2026-03-26 19:20:00+00:00,2026-03-26 19:25:00+00:00,2026-03-26 19:55:00+00:00,68563.07987399999,68520.653128,-0.0006187987190474642,-0.0014187987190474641,6,fixed_6b_exit,0,68520.29,3,0.6980821535904654,42.74413999999995,8.794540000000005,0.5683975752304989,22.77615999999994,2.7429399999999973,-0.023829845501722513,False,in_sample,6,30,base_cost,0.0012000000000000001,0.9761701544982775,1.0002713058215775,-0.024094614314167928
downtrend_highvol_forced_cover_signal,fixed_horizon,6,5082,5083,5089,2026-03-27 15:30:00+00:00,2026-03-27 15:35:00+00:00,2026-03-27 16:05:00+00:00,66538.545048,65823.642638,-0.010744184584803751,-0.011544184584803751,6,fixed_6b_exit,0,66458.57,4,0.571288405575657,104.57404999999994,98.51559,0.48118544052421175,-19.11259000000007,-0.21216000000001145,-0.03509893395142705,False,in_sample,6,30,base_cost,0.0012000000000000001,0.964901066048573,1.0002713058215775,-0.035360646223829284
downtrend_highvol_forced_cover_signal,fixed_horizon,6,5484,5485,5491,2026-03-29 01:00:00+00:00,2026-03-29 01:05:00+00:00,2026-03-29 01:35:00+00:00,66542.70588,66377.19190600001,-0.002487334589285628,-0.003287334589285628,6,fixed_6b_exit,0,66500.0,3,0.6370355727908412,20.575450000000004,10.801650000000006,0.2425737072723012,-21.403740000000003,-12.232130000000002,-0.03827088660108713,False,in_sample,6,30,base_cost,0.0012000000000000001,0.9617291133989129,1.0002713058215775,-0.03853173853768388
downtrend_highvol_forced_cover_signal,fixed_horizon,6,6183,6184,6190,2026-03-31 11:15:00+00:00,2026-03-31 11:20:00+00:00,2026-03-31 11:50:00+00:00,66690.90551400001,66590.349266,-0.0015077955116218345,-0.0023077955116218344,6,fixed_6b_exit,0,66584.35,4,0.5857227811430628,101.98859999999999,104.94784999999999,0.5599510205373439,13.790110000000006,-25.414269999999995,-0.04049036073238521,False,in_sample,6,30,base_cost,0.0012000000000000001,0.9595096392676148,1.0002713058215775,-0.040750610676053456
downtrend_highvol_forced_cover_signal,fixed_horizon,6,7459,7460,7466,2026-04-04 21:35:00+00:00,2026-04-04 21:40:00+00:00,2026-04-04 22:10:00+00:00,67316.530614,67376.162072,0.000885836769306092,8.583676930609197e-05,6,fixed_6b_exit,0,67295.81,3,0.7743888640986148,32.83628000000006,9.335030000000003,0.529544669613237,2.550950000000058,-20.372270000000004,-0.040407999524832316,True,in_sample,6,30,base_cost,0.0012000000000000001,0.9595920004751677,1.0002713058215775,-0.04066827180751498
downtrend_highvol_forced_cover_signal,fixed_horizon,6,7595,7596,7602,2026-04-05 08:55:00+00:00,2026-04-05 09:00:00+00:00,2026-04-05 09:30:00+00:00,66946.56663599999,66983.53061399999,0.0005521415041487288,-0.0002478584958512713,6,fixed_6b_exit,0,66915.59,3,0.6711510957964305,19.73367000000004,8.005320000000001,0.5552029375818486,6.869140000000045,-5.110540000000003,-0.04064584255470105,False,in_sample,6,30,base_cost,0.0012000000000000001,0.959354157445299,1.0002713058215775,-0.04090605032668726
downtrend_highvol_forced_cover_signal,fixed_horizon,6,9793,9794,9800,2026-04-13 00:05:00+00:00,2026-04-13 00:10:00+00:00,2026-04-13 00:40:00+00:00,70906.20840599999,71049.77720200001,0.002024770457023539,0.0012247704570235393,6,fixed_6b_exit,0,70834.26,3,0.6245568337799611,38.07747000000001,25.67533000000001,0.5390615332255084,10.51766,-34.58816999999999,-0.03947085392483929,True,in_sample,6,30,base_cost,0.0012000000000000001,0.9605291460751607,1.0002713058215775,-0.03973138039161728
downtrend_highvol_forced_cover_signal,fixed_horizon,6,11808,11809,11815,2026-04-20 00:00:00+00:00,2026-04-20 00:05:00+00:00,2026-04-20 00:35:00+00:00,74084.783994,74141.04882400001,0.0007594653985165678,-4.0534601483432236e-05,6,fixed_6b_exit,0,74054.22,4,0.6015835325435833,35.751280000000165,30.366640000000015,0.5520783741346952,21.02024000000015,11.169050000000006,-0.03950978859098864,False,in_sample,6,30,base_cost,0.0012000000000000001,0.9604902114090114,1.0002713058215775,-0.03977030449743013
downtrend_highvol_forced_cover_signal,fixed_horizon,6,11818,11819,11825,2026-04-20 00:50:00+00:00,2026-04-20 00:55:00+00:00,2026-04-20 01:25:00+00:00,74320.831194,74283.170394,-0.000506732761124451,-0.001306732761124451,6,fixed_6b_exit,0,74280.0,3,0.6745369214375514,44.35859000000015,3.8391599999999926,0.4122572561187966,-12.953269999999861,3.445170000000001,-0.040764892616976134,False,in_sample,6,30,base_cost,0.0012000000000000001,0.9592351073830239,1.0002713058215775,-0.04102506809874784
downtrend_highvol_forced_cover_signal,fixed_horizon,6,12324,12325,12331,2026-04-21 19:00:00+00:00,2026-04-21 19:05:00+00:00,2026-04-21 19:35:00+00:00,75754.257822,75240.138962,-0.00678666618591961,-0.00758666618591961,6,fixed_6b_exit,0,75668.24,3,0.6009116704453381,31.270460000000135,27.849079999999994,0.48017403226114114,-7.293509999999857,-30.728559999999995,-0.0480422891705059,False,in_sample,6,30,base_cost,0.0012000000000000001,0.9519577108294941,1.0002713058215775,-0.048300490787747674
downtrend_highvol_forced_cover_signal,fixed_horizon,6,12811,12812,12818,2026-04-23 11:35:00+00:00,2026-04-23 11:40:00+00:00,2026-04-23 12:10:00+00:00,77536.594218,77699.097072,0.0020958214071553627,0.0012958214071553628,6,fixed_6b_exit,0,77501.61,3,0.6247528585209194,34.78587000000015,7.9355699999999985,0.41297251148922554,-34.878479999999854,-115.10954,-0.04680872199010633,True,in_sample,6,30,base_cost,0.0012000000000000001,0.9531912780098937,1.0002713058215775,-0.047067258190531036
downtrend_highvol_forced_cover_signal,fixed_horizon,6,13470,13471,13477,2026-04-25 18:30:00+00:00,2026-04-25 18:35:00+00:00,2026-04-25 19:05:00+00:00,77374.941894,77284.54000000001,-0.0011683613814384985,-0.0019683613814384985,6,fixed_6b_exit,0,77335.0,3,0.6129684574563794,8.304840000000183,10.851809999999999,0.2950883107814478,-87.99986999999982,21.107010000000002,-0.048684946890865,False,in_sample,6,30,base_cost,0.0012000000000000001,0.951315053109135,1.0002713058215775,-0.04894297419861715
downtrend_highvol_forced_cover_signal,fixed_horizon,6,14033,14034,14040,2026-04-27 17:25:00+00:00,2026-04-27 17:30:00+00:00,2026-04-27 18:00:00+00:00,76848.026532,76754.905948,-0.0012117498418938721,-0.002011749841893872,6,fixed_6b_exit,0,76817.7,4,0.532300930478618,18.555150000000154,23.646809999999995,0.43150304315394533,-20.87081999999983,-3.7994299999999974,-0.050598754798548584,False,in_sample,6,30,base_cost,0.0012000000000000001,0.9494012452014514,1.0002713058215775,-0.05085626301990509
downtrend_highvol_forced_cover_signal,fixed_horizon,6,14204,14205,14211,2026-04-28 07:40:00+00:00,2026-04-28 07:45:00+00:00,2026-04-28 08:15:00+00:00,76873.3716,76871.30266399999,-2.6913558712871044e-05,-0.0008269135587128711,6,fixed_6b_exit,0,76832.34,5,0.741393311977183,269.65721000000013,136.57196999999996,0.5797582868830246,12.957560000000159,23.648440000000008,-0.05138382756086457,False,in_sample,6,30,base_cost,0.0012000000000000001,0.9486161724391354,1.0002713058215775,-0.05164112284518141
downtrend_highvol_forced_cover_signal,fixed_horizon,6,14302,14303,14309,2026-04-28 15:50:00+00:00,2026-04-28 15:55:00+00:00,2026-04-28 16:25:00+00:00,76100.627082,75939.38908400001,-0.002118747297919943,-0.002918747297919943,6,fixed_6b_exit,0,76068.12,3,0.6370788870731572,34.82343000000015,44.780240000000006,0.4150500804872541,-11.962419999999863,-13.715129999999998,-0.05415259845093445,False,in_sample,6,30,base_cost,0.0012000000000000001,0.9458474015490655,1.0002713058215775,-0.05440914275533537
downtrend_highvol_forced_cover_signal,fixed_horizon,6,14647,14648,14654,2026-04-29 20:35:00+00:00,2026-04-29 20:40:00+00:00,2026-04-29 21:10:00+00:00,75767.410452,75779.511066,0.000159707371913953,-0.000640292628086047,6,fixed_6b_exit,0,75716.54,3,0.6302424694674957,34.39092000000017,13.14135,0.49907863541899333,-0.1851499999998225,7.356500000000008,-0.05475821756944066,False,in_sample,6,30,base_cost,0.0012000000000000001,0.9452417824305593,1.0002713058215775,-0.05501459761041472
downtrend_highvol_forced_cover_signal,fixed_horizon,6,15857,15858,15864,2026-05-04 01:25:00+00:00,2026-05-04 01:30:00+00:00,2026-05-04 02:00:00+00:00,78621.411138,79714.063998,0.013897650069929712,0.013097650069929712,6,fixed_6b_exit,0,78585.86,4,0.6687443949436301,33.08245000000012,9.808639999999997,0.6352006666777383,469.07579000000027,227.35783000000006,-0.04237777147168842,True,in_sample,6,30,base_cost,0.0012000000000000001,0.9576222285283116,1.0002713058215775,-0.042637509488724135
downtrend_highvol_forced_cover_signal,fixed_horizon,6,16431,16432,16438,2026-05-06 01:15:00+00:00,2026-05-06 01:20:00+00:00,2026-05-06 01:50:00+00:00,81303.85752,81430.400662,0.0015564223624797702,0.0007564223624797701,6,fixed_6b_exit,0,81262.28,3,0.665186335393973,42.08854000000014,17.0036,0.7336136632052154,113.39375000000015,50.06621000000001,-0.041653404603221755,True,in_sample,6,30,base_cost,0.0012000000000000001,0.9583465953967782,1.0002713058215775,-0.04191333909190187
downtrend_highvol_forced_cover_signal,fixed_horizon,6,16919,16920,16926,2026-05-07 17:55:00+00:00,2026-05-07 18:00:00+00:00,2026-05-07 18:30:00+00:00,80110.538904,80167.543284,0.0007115715457650662,-8.842845423493383e-05,6,fixed_6b_exit,0,79948.66,3,0.6189537486851134,44.76762000000011,24.85457,0.38161821875247626,-19.75101999999989,1.8678599999999967,-0.041738149711273986,False,in_sample,6,30,base_cost,0.0012000000000000001,0.958261850288726,1.0002713058215775,-0.041998061214349125
downtrend_highvol_forced_cover_signal,fixed_horizon,6,2512,2513,2519,2026-03-18 17:20:00+00:00,2026-03-18 17:25:00+00:00,2026-03-18 17:55:00+00:00,71511.436997,71573.73143700001,0.0008711115678268211,-0.0003288884321731788,6,fixed_6b_exit,0,71450.7,3,0.6426335822303931,49.69903999999998,18.155320000000003,0.6780893725137871,75.42901999999998,30.240310000000015,-0.0003288884321731578,False,in_sample,6,30,high_cost,0.0018,0.9996711115678268,0.9996711115678268,0.0
downtrend_highvol_forced_cover_signal,fixed_horizon,6,2757,2758,2764,2026-03-19 13:45:00+00:00,2026-03-19 13:50:00+00:00,2026-03-19 14:20:00+00:00,69891.66120999999,69329.764829,-0.008039533919671493,-0.009239533919671493,6,fixed_6b_exit,0,69823.5,4,0.5487074146393739,44.83325999999991,6.243870000000015,0.4380010952315755,-33.44629000000006,4.193209999999993,-0.00956538357601977,False,in_sample,6,30,high_cost,0.0018,0.9904346164239802,0.9996711115678268,-0.009239533919671472
downtrend_highvol_forced_cover_signal,fixed_horizon,6,3095,3096,3102,2026-03-20 17:55:00+00:00,2026-03-20 18:00:00+00:00,2026-03-20 18:30:00+00:00,70020.989997,69670.97243600001,-0.004998751960161973,-0.006198751960161973,6,fixed_6b_exit,0,69963.88,4,0.6546879707265746,81.0036799999999,50.52185999999999,0.3394050463136715,-68.32009000000006,-6.634209999999996,-0.015704842095990212,False,in_sample,6,30,high_cost,0.0018,0.9842951579040098,0.9996711115678268,-0.015381012300837882
downtrend_highvol_forced_cover_signal,fixed_horizon,6,3497,3498,3504,2026-03-22 03:25:00+00:00,2026-03-22 03:30:00+00:00,2026-03-22 04:00:00+00:00,69461.272132,69378.240282,-0.0011953689797418177,-0.0023953689797418173,6,fixed_6b_exit,0,69411.1,3,0.5062472786972226,3.572099999999935,-59.89598000000001,0.6881564525237808,67.14073999999995,77.78702999999999,-0.018062592184143522,False,in_sample,6,30,high_cost,0.0018,0.9819374078158565,0.9996711115678268,-0.01773953808083728
downtrend_highvol_forced_cover_signal,fixed_horizon,6,3721,3722,3728,2026-03-22 22:05:00+00:00,2026-03-22 22:10:00+00:00,2026-03-22 22:40:00+00:00,68142.206531,68115.35926000001,-0.00039398887072694677,-0.0015939888707269467,6,fixed_6b_exit,0,68090.6,5,0.6396708687560277,74.19040000000001,51.98758000000002,0.4207262369397056,-24.561260000000033,-9.641740000000006,-0.019627789483952496,False,in_sample,6,30,high_cost,0.0018,0.9803722105160475,0.9996711115678268,-0.019305250325291512
downtrend_highvol_forced_cover_signal,fixed_horizon,6,4216,4217,4223,2026-03-24 15:20:00+00:00,2026-03-24 15:25:00+00:00,2026-03-24 15:55:00+00:00,70234.143924,69852.078088,-0.005439887420190415,-0.006639887420190414,6,fixed_6b_exit,0,70131.96,4,0.5854448515896512,77.6410399999999,150.12989,0.4830849501518739,-6.365320000000082,-18.787940000000006,-0.026137350591662223,False,in_sample,6,30,high_cost,0.0018,0.9738626494083378,0.9996711115678268,-0.025816953056703396
downtrend_highvol_forced_cover_signal,fixed_horizon,6,4254,4255,4261,2026-03-24 18:30:00+00:00,2026-03-24 18:35:00+00:00,2026-03-24 19:05:00+00:00,69528.712358,69582.608953,0.0007751703313947367,-0.0004248296686052632,6,fixed_6b_exit,0,69496.1,3,0.5780427673387833,37.8243199999999,19.302,0.6973497726489963,83.8648199999999,16.33825999999999,-0.026551076338277357,False,in_sample,6,30,high_cost,0.0018,0.9734489236617226,0.9996711115678268,-0.026230814917697076
downtrend_highvol_forced_cover_signal,fixed_horizon,6,4840,4841,4847,2026-03-26 19:20:00+00:00,2026-03-26 19:25:00+00:00,2026-03-26 19:55:00+00:00,68569.934811,68513.799692,-0.0008186549856686876,-0.0020186549856686872,6,fixed_6b_exit,0,68520.29,3,0.6980821535904654,42.74413999999995,8.794540000000005,0.5683975752304989,22.77615999999994,2.7429399999999973,-0.028516133861320903,False,in_sample,6,30,high_cost,0.0018,0.9714838661386791,0.9996711115678268,-0.02819651893805397
downtrend_highvol_forced_cover_signal,fixed_horizon,6,5082,5083,5089,2026-03-27 15:30:00+00:00,2026-03-27 15:35:00+00:00,2026-03-27 16:05:00+00:00,66545.197572,65817.058957,-0.010942015976617703,-0.012142015976617702,6,fixed_6b_exit,0,66458.57,4,0.571288405575657,104.57404999999994,98.51559,0.48118544052421175,-19.11259000000007,-0.21216000000001145,-0.040311906485003046,False,in_sample,6,30,high_cost,0.0018,0.959688093514997,0.9996711115678268,-0.039996172331240865
downtrend_highvol_forced_cover_signal,fixed_horizon,6,5484,5485,5491,2026-03-29 01:00:00+00:00,2026-03-29 01:05:00+00:00,2026-03-29 01:35:00+00:00,66549.35882,66370.552859,-0.002686817186077106,-0.003886817186077106,6,fixed_6b_exit,0,66500.0,3,0.6370355727908412,20.575450000000004,10.801650000000006,0.2425737072723012,-21.403740000000003,-12.232130000000002,-0.04404203866015066,False,in_sample,6,30,high_cost,0.0018,0.9559579613398493,0.9996711115678268,-0.043727531707323575
downtrend_highvol_forced_cover_signal,fixed_horizon,6,6183,6184,6190,2026-03-31 11:15:00+00:00,2026-03-31 11:20:00+00:00,2026-03-31 11:50:00+00:00,66697.573271,66583.688899,-0.0017074739966516095,-0.002907473996651609,6,fixed_6b_exit,0,66584.35,4,0.5857227811430628,101.98859999999999,104.94784999999999,0.5599510205373439,13.790110000000006,-25.414269999999995,-0.04682146157463829,False,in_sample,6,30,high_cost,0.0018,0.9531785384253617,0.9996711115678268,-0.04650786904259829
downtrend_highvol_forced_cover_signal,fixed_horizon,6,7459,7460,7466,2026-04-04 21:35:00+00:00,2026-04-04 21:40:00+00:00,2026-04-04 22:10:00+00:00,67323.26092100001,67369.423108,0.0006856796056591286,-0.0005143203943408713,6,fixed_6b_exit,0,67295.81,3,0.7743888640986148,32.83628000000006,9.335030000000003,0.529544669613237,2.550950000000058,-20.372270000000004,-0.047311700736398454,False,in_sample,6,30,high_cost,0.0018,0.9526882992636015,0.9996711115678268,-0.046998269491393185
downtrend_highvol_forced_cover_signal,fixed_horizon,6,7595,7596,7602,2026-04-05 08:55:00+00:00,2026-04-05 09:00:00+00:00,2026-04-05 09:30:00+00:00,66953.259954,66976.830921,0.0003520510728858284,-0.0008479489271141715,6,fixed_6b_exit,0,66915.59,3,0.6711510957964305,19.73367000000004,8.005320000000001,0.5552029375818486,6.869140000000045,-5.110540000000003,-0.04811953175763328,False,in_sample,6,30,high_cost,0.0018,0.9518804682423667,0.9996711115678268,-0.04780636628631596
downtrend_highvol_forced_cover_signal,fixed_horizon,6,9793,9794,9800,2026-04-13 00:05:00+00:00,2026-04-13 00:10:00+00:00,2026-04-13 00:40:00+00:00,70913.297609,71042.670803,0.001824385529401562,0.0006243855294015622,6,fixed_6b_exit,0,70834.26,3,0.6245568337799611,38.07747000000001,25.67533000000001,0.5390615332255084,10.51766,-34.58816999999999,-0.04752519136754285,True,in_sample,6,30,high_cost,0.0018,0.9524748086324571,0.9996711115678268,-0.047211830360236906
downtrend_highvol_forced_cover_signal,fixed_horizon,6,11808,11809,11815,2026-04-20 00:00:00+00:00,2026-04-20 00:05:00+00:00,2026-04-20 00:35:00+00:00,74092.190991,74133.63323600001,0.000559333506618076,-0.0006406664933819239,6,fixed_6b_exit,0,74054.22,4,0.6015835325435833,35.751280000000165,30.366640000000015,0.5520783741346952,21.02024000000015,11.169050000000006,-0.04813541006322397,False,in_sample,6,30,high_cost,0.0018,0.951864589936776,0.9996711115678268,-0.04782224981581573
downtrend_highvol_forced_cover_signal,fixed_horizon,6,11818,11819,11825,2026-04-20 00:50:00+00:00,2026-04-20 00:55:00+00:00,2026-04-20 01:25:00+00:00,74328.261791,74275.740591,-0.0007066114386972133,-0.0019066114386972132,6,fixed_6b_exit,0,74280.0,3,0.6745369214375514,44.35859000000015,3.8391599999999926,0.4122572561187966,-12.953269999999861,3.445170000000001,-0.049950245978488295,False,in_sample,6,30,high_cost,0.0018,0.9500497540215117,0.9996711115678268,-0.0496376828059899
downtrend_highvol_forced_cover_signal,fixed_horizon,6,12324,12325,12331,2026-04-21 19:00:00+00:00,2026-04-21 19:05:00+00:00,2026-04-21 19:35:00+00:00,75761.831733,75232.61344300001,-0.006985289002317985,-0.008185289002317984,6,fixed_6b_exit,0,75668.24,3,0.6009116704453381,31.270460000000135,27.849079999999994,0.48017403226114114,-7.293509999999857,-30.728559999999995,-0.05772667778173546,False,in_sample,6,30,high_cost,0.0018,0.9422733222182645,0.9996711115678268,-0.057416673029135445
downtrend_highvol_forced_cover_signal,fixed_horizon,6,12811,12812,12818,2026-04-23 11:35:00+00:00,2026-04-23 11:40:00+00:00,2026-04-23 12:10:00+00:00,77544.34632699999,77691.325608,0.0018954222707636692,0.0006954222707636693,6,fixed_6b_exit,0,77501.61,3,0.6247528585209194,34.78587000000015,7.9355699999999985,0.41297251148922554,-34.878479999999854,-115.10954,-0.057071399928318445,True,in_sample,6,30,high_cost,0.0018,0.9429286000716816,0.9996711115678268,-0.05676117959150939
downtrend_highvol_forced_cover_signal,fixed_horizon,6,13470,13471,13477,2026-04-25 18:30:00+00:00,2026-04-25 18:35:00+00:00,2026-04-25 19:05:00+00:00,77382.677841,77276.81,-0.0013681077465105274,-0.002568107746510527,6,fixed_6b_exit,0,77335.0,3,0.6129684574563794,8.304840000000183,10.851809999999999,0.2950883107814478,-87.99986999999982,21.107010000000002,-0.059492942170568885,False,in_sample,6,30,high_cost,0.0018,0.9405070578294311,0.9996711115678268,-0.05918351851300996
downtrend_highvol_forced_cover_signal,fixed_horizon,6,14033,14034,14040,2026-04-27 17:25:00+00:00,2026-04-27 17:30:00+00:00,2026-04-27 18:00:00+00:00,76855.709798,76747.228922,-0.0014114875301408647,-0.0026114875301408644,6,fixed_6b_exit,0,76817.7,4,0.532300930478618,18.555150000000154,23.646809999999995,0.43150304315394533,-20.87081999999983,-3.7994299999999974,-0.06194906462409988,False,in_sample,6,30,high_cost,0.0018,0.9380509353759001,0.9996711115678268,-0.06164044902256416
downtrend_highvol_forced_cover_signal,fixed_horizon,6,14204,14205,14211,2026-04-28 07:40:00+00:00,2026-04-28 07:45:00+00:00,2026-04-28 08:15:00+00:00,76881.05739999999,76863.613996,-0.0002268881905361786,-0.0014268881905361785,6,fixed_6b_exit,0,76832.34,5,0.741393311977183,269.65721000000013,136.57196999999996,0.5797582868830246,12.957560000000159,23.648440000000008,-0.06328755842590916,False,in_sample,6,30,high_cost,0.0018,0.9367124415740908,0.9996711115678268,-0.06297938318433072
downtrend_highvol_forced_cover_signal,fixed_horizon,6,14302,14303,14309,2026-04-28 15:50:00+00:00,2026-04-28 15:55:00+00:00,2026-04-28 16:25:00+00:00,76108.235623,75931.793626,-0.002318303604803007,-0.0035183036048030067,6,fixed_6b_exit,0,76068.12,3,0.6370788870731572,34.82343000000015,44.780240000000006,0.4150500804872541,-11.962419999999863,-13.715129999999998,-0.06658319718576311,False,in_sample,6,30,high_cost,0.0018,0.9334168028142369,0.9996711115678268,-0.06627610619824809
downtrend_highvol_forced_cover_signal,fixed_horizon,6,14647,14648,14654,2026-04-29 20:35:00+00:00,2026-04-29 20:40:00+00:00,2026-04-29 21:10:00+00:00,75774.985678,75771.931599,-4.0304580366079534e-05,-0.0012403045803660794,6,fixed_6b_exit,0,75716.54,3,0.6302424694674957,34.39092000000017,13.14135,0.49907863541899333,-0.1851499999998225,7.356500000000008,-0.06774091832168427,False,in_sample,6,30,high_cost,0.0018,0.9322590816783157,0.9996711115678268,-0.06743420822052759
downtrend_highvol_forced_cover_signal,fixed_horizon,6,15857,15858,15864,2026-05-04 01:25:00+00:00,2026-05-04 01:30:00+00:00,2026-05-04 02:00:00+00:00,78629.27170699999,79706.09099699999,0.013694890803676918,0.012494890803676918,6,fixed_6b_exit,0,78585.86,4,0.6687443949436301,33.08245000000012,9.808639999999997,0.6352006666777383,469.07579000000027,227.35783000000006,-0.05609244289537774,True,in_sample,6,30,high_cost,0.0018,0.9439075571046223,0.9996711115678268,-0.05578190048499876
downtrend_highvol_forced_cover_signal,fixed_horizon,6,16431,16432,16438,2026-05-06 01:15:00+00:00,2026-05-06 01:20:00+00:00,2026-05-06 01:50:00+00:00,81311.98628,81422.255993,0.001356131095116675,0.00015613109511667506,6,fixed_6b_exit,0,81262.28,3,0.665186335393973,42.08854000000014,17.0036,0.7336136632052154,113.39375000000015,50.06621000000001,-0.05594506957479817,True,in_sample,6,30,high_cost,0.0018,0.9440549304252018,0.9996711115678268,-0.05563447867909255
downtrend_highvol_forced_cover_signal,fixed_horizon,6,16919,16920,16926,2026-05-07 17:55:00+00:00,2026-05-07 18:00:00+00:00,2026-05-07 18:30:00+00:00,80118.548356,80159.524926,0.0005114492316800057,-0.0006885507683199942,6,fixed_6b_exit,0,79948.66,3,0.6189537486851134,44.76762000000011,24.85457,0.38161821875247626,-19.75101999999989,1.8678599999999967,-0.05659509932247875,False,in_sample,6,30,high_cost,0.0018,0.9434049006775213,0.9996711115678268,-0.05628472228437298
downtrend_highvol_forced_cover_signal,fixed_horizon,6,2512,2513,2519,2026-03-18 17:20:00+00:00,2026-03-18 17:25:00+00:00,2026-03-18 17:55:00+00:00,71497.138999,71588.05047900001,0.0012715401101752732,0.0008715401101752733,6,fixed_6b_exit,0,71450.7,3,0.6426335822303931,49.69903999999998,18.155320000000003,0.6780893725137871,75.42901999999998,30.240310000000015,0.0008715401101753173,True,in_sample,6,30,low_cost,0.0006000000000000001,1.0008715401101753,1.0008715401101753,0.0
downtrend_highvol_forced_cover_signal,fixed_horizon,6,2757,2758,2764,2026-03-19 13:45:00+00:00,2026-03-19 13:50:00+00:00,2026-03-19 14:20:00+00:00,69877.68707,69343.63494300001,-0.007642670348619318,-0.008042670348619317,6,fixed_6b_exit,0,69823.5,4,0.5487074146393739,44.83325999999991,6.243870000000015,0.4380010952315755,-33.44629000000006,4.193209999999993,-0.00717813974824566,False,in_sample,6,30,low_cost,0.0006000000000000001,0.9928218602517543,1.0008715401101753,-0.008042670348619274
downtrend_highvol_forced_cover_signal,fixed_horizon,6,3095,3096,3102,2026-03-20 17:55:00+00:00,2026-03-20 18:00:00+00:00,2026-03-20 18:30:00+00:00,70006.989999,69684.910812,-0.004600671832978298,-0.005000671832978298,6,fixed_6b_exit,0,69963.88,4,0.6546879707265746,81.0036799999999,50.52185999999999,0.3394050463136715,-68.32009000000006,-6.634209999999996,-0.012142916059971642,False,in_sample,6,30,low_cost,0.0006000000000000001,0.9878570839400284,1.0008715401101753,-0.013003123426523211
downtrend_highvol_forced_cover_signal,fixed_horizon,6,3497,3498,3504,2026-03-22 03:25:00+00:00,2026-03-22 03:30:00+00:00,2026-03-22 04:00:00+00:00,69447.384044,69392.120094,-0.0007957671949888612,-0.0011957671949888611,6,fixed_6b_exit,0,69411.1,3,0.5062472786972226,3.572099999999935,-59.89598000000001,0.6881564525237808,67.14073999999995,77.78702999999999,-0.013324163154284419,False,in_sample,6,30,low_cost,0.0006000000000000001,0.9866758368457156,1.0008715401101753,-0.014183341913086123
downtrend_highvol_forced_cover_signal,fixed_horizon,6,3721,3722,3728,2026-03-22 22:05:00+00:00,2026-03-22 22:10:00+00:00,2026-03-22 22:40:00+00:00,68128.582177,68128.98642,5.933530202506532e-06,-0.0003940664697974935,6,fixed_6b_exit,0,68090.6,5,0.6396708687560277,74.19040000000001,51.98758000000002,0.4207262369397056,-24.561260000000033,-9.641740000000006,-0.013712979018144611,False,in_sample,6,30,low_cost,0.0006000000000000001,0.9862870209818554,1.0008715401101753,-0.014571819203405889
downtrend_highvol_forced_cover_signal,fixed_horizon,6,4216,4217,4223,2026-03-24 15:20:00+00:00,2026-03-24 15:25:00+00:00,2026-03-24 15:55:00+00:00,70220.101308,69866.052696,-0.005041983782493653,-0.005441983782493653,6,fixed_6b_exit,0,70131.96,4,0.5854448515896512,77.6410399999999,150.12989,0.4830849501518739,-6.365320000000082,-18.787940000000006,-0.01908033699121181,False,in_sample,6,30,low_cost,0.0006000000000000001,0.9809196630087882,1.0008715401101753,-0.019934503382113222
downtrend_highvol_forced_cover_signal,fixed_horizon,6,4254,4255,4261,2026-03-24 18:30:00+00:00,2026-03-24 18:35:00+00:00,2026-03-24 19:05:00+00:00,69514.810786,69596.529651,0.0011755604895706817,0.0007755604895706817,6,fixed_6b_exit,0,69496.1,3,0.5780427673387833,37.8243199999999,19.302,0.6973497726489963,83.8648199999999,16.33825999999999,-0.018319574457139165,True,in_sample,6,30,low_cost,0.0006000000000000001,0.9816804255428608,1.0008715401101753,-0.019174403305744825
downtrend_highvol_forced_cover_signal,fixed_horizon,6,4840,4841,4847,2026-03-26 19:20:00+00:00,2026-03-26 19:25:00+00:00,2026-03-26 19:55:00+00:00,68556.22493699999,68527.506564,-0.0004189024851701806,-0.0008189024851701805,6,fixed_6b_exit,0,68520.29,3,0.6980821535904654,42.74413999999995,8.794540000000005,0.5683975752304989,22.77615999999994,2.7429399999999973,-0.019123474997259082,False,in_sample,6,30,low_cost,0.0006000000000000001,0.9808765250027409,1.0008715401101753,-0.019977603824396284
downtrend_highvol_forced_cover_signal,fixed_horizon,6,5082,5083,5089,2026-03-27 15:30:00+00:00,2026-03-27 15:35:00+00:00,2026-03-27 16:05:00+00:00,66531.89252400001,65830.226319,-0.01054631363066827,-0.010946313630668269,6,fixed_6b_exit,0,66458.57,4,0.571288405575657,104.57404999999994,98.51559,0.48118544052421175,-19.11259000000007,-0.21216000000001145,-0.029860457072899083,False,in_sample,6,30,low_cost,0.0006000000000000001,0.9701395429271009,1.0008715401101753,-0.030705236338013364
downtrend_highvol_forced_cover_signal,fixed_horizon,6,5484,5485,5491,2026-03-29 01:00:00+00:00,2026-03-29 01:05:00+00:00,2026-03-29 01:35:00+00:00,66536.05294,66383.830953,-0.0022878120999643148,-0.002687812099964315,6,fixed_6b_exit,0,66500.0,3,0.6370355727908412,20.575450000000004,10.801650000000006,0.2425737072723012,-21.403740000000003,-12.232130000000002,-0.0324680098750324,False,in_sample,6,30,low_cost,0.0006000000000000001,0.9675319901249676,1.0008715401101753,-0.033310518532216116
downtrend_highvol_forced_cover_signal,fixed_horizon,6,6183,6184,6190,2026-03-31 11:15:00+00:00,2026-03-31 11:20:00+00:00,2026-03-31 11:50:00+00:00,66684.23775700001,66597.009633,-0.001308077094888227,-0.001708077094888227,6,fixed_6b_exit,0,66584.35,4,0.5857227811430628,101.98859999999999,104.94784999999999,0.5599510205373439,13.790110000000006,-25.414269999999995,-0.034120629105936384,False,in_sample,6,30,low_cost,0.0006000000000000001,0.9658793708940636,1.0008715401101753,-0.034961698693380505
downtrend_highvol_forced_cover_signal,fixed_horizon,6,7459,7460,7466,2026-04-04 21:35:00+00:00,2026-04-04 21:40:00+00:00,2026-04-04 22:10:00+00:00,67309.80030700001,67382.901036,0.0010860339603826485,0.0006860339603826486,6,fixed_6b_exit,0,67295.81,3,0.7743888640986148,32.83628000000006,9.335030000000003,0.529544669613237,2.550950000000058,-20.372270000000004,-0.03345800305586999,True,in_sample,6,30,low_cost,0.0006000000000000001,0.96654199694413,1.0008715401101753,-0.03429964964561416
downtrend_highvol_forced_cover_signal,fixed_horizon,6,7595,7596,7602,2026-04-05 08:55:00+00:00,2026-04-05 09:00:00+00:00,2026-04-05 09:30:00+00:00,66939.873318,66990.23030699999,0.0007522719494967856,0.00035227194949678553,6,fixed_6b_exit,0,66915.59,3,0.6711510957964305,19.73367000000004,8.005320000000001,0.5552029375818486,6.869140000000045,-5.110540000000003,-0.03311751742233593,True,in_sample,6,30,low_cost,0.0006000000000000001,0.9668824825776641,1.0008715401101753,-0.033959460500565086
downtrend_highvol_forced_cover_signal,fixed_horizon,6,9793,9794,9800,2026-04-13 00:05:00+00:00,2026-04-13 00:10:00+00:00,2026-04-13 00:40:00+00:00,70899.119203,71056.88360100001,0.0022251954576233413,0.0018251954576233413,6,fixed_6b_exit,0,70834.26,3,0.6245568337799611,38.07747000000001,25.67533000000001,0.5390615332255084,10.51766,-34.58816999999999,-0.031352767907079526,True,in_sample,6,30,low_cost,0.0006000000000000001,0.9686472320929205,1.0008715401101753,-0.03219624769599061
downtrend_highvol_forced_cover_signal,fixed_horizon,6,11808,11809,11815,2026-04-20 00:00:00+00:00,2026-04-20 00:05:00+00:00,2026-04-20 00:35:00+00:00,74077.376997,74148.464412,0.0009596373127909175,0.0005596373127909175,6,fixed_6b_exit,0,74054.22,4,0.6015835325435833,35.751280000000165,30.366640000000015,0.5520783741346952,21.02024000000015,11.169050000000006,-0.03081067677306859,True,in_sample,6,30,low_cost,0.0006000000000000001,0.9691893232269314,1.0008715401101753,-0.03165462860474222
downtrend_highvol_forced_cover_signal,fixed_horizon,6,11818,11819,11825,2026-04-20 00:50:00+00:00,2026-04-20 00:55:00+00:00,2026-04-20 01:25:00+00:00,74313.400597,74290.60019699999,-0.000306814111813436,-0.000706814111813436,6,fixed_6b_exit,0,74280.0,3,0.6745369214375514,44.35859000000015,3.8391599999999926,0.4122572561187966,-12.953269999999861,3.445170000000001,-0.031495713463744246,False,in_sample,6,30,low_cost,0.0006000000000000001,0.9685042865362558,1.0008715401101753,-0.032339068778353464
downtrend_highvol_forced_cover_signal,fixed_horizon,6,12324,12325,12331,2026-04-21 19:00:00+00:00,2026-04-21 19:05:00+00:00,2026-04-21 19:35:00+00:00,75746.683911,75247.664481,-0.006588003648929752,-0.006988003648929752,6,fixed_6b_exit,0,75668.24,3,0.6009116704453381,31.270460000000135,27.849079999999994,0.48017403226114114,-7.293509999999857,-30.728559999999995,-0.0382636249520637,False,in_sample,6,30,low_cost,0.0006000000000000001,0.9617363750479363,1.0008715401101753,-0.039101086896657145
downtrend_highvol_forced_cover_signal,fixed_horizon,6,12811,12812,12818,2026-04-23 11:35:00+00:00,2026-04-23 11:40:00+00:00,2026-04-23 12:10:00+00:00,77528.84210899999,77706.868536,0.00229626061936683,0.00189626061936683,6,fixed_6b_exit,0,77501.61,3,0.6247528585209194,34.78587000000015,7.9355699999999985,0.41297251148922554,-34.878479999999854,-115.10954,-0.036439922137847636,True,in_sample,6,30,low_cost,0.0006000000000000001,0.9635600778621524,1.0008715401101753,-0.037278972128546806
downtrend_highvol_forced_cover_signal,fixed_horizon,6,13470,13471,13477,2026-04-25 18:30:00+00:00,2026-04-25 18:35:00+00:00,2026-04-25 19:05:00+00:00,77367.205947,77292.27,-0.0009685750710879404,-0.0013685750710879404,6,fixed_6b_exit,0,77335.0,3,0.6129684574563794,8.304840000000183,10.851809999999999,0.2950883107814478,-87.99986999999982,21.107010000000002,-0.03775862643990524,False,in_sample,6,30,low_cost,0.0006000000000000001,0.9622413735600948,1.0008715401101753,-0.038596528127703755
downtrend_highvol_forced_cover_signal,fixed_horizon,6,14033,14034,14040,2026-04-27 17:25:00+00:00,2026-04-27 17:30:00+00:00,2026-04-27 18:00:00+00:00,76840.343266,76762.58297399999,-0.0010119722101035178,-0.0014119722101035178,6,fixed_6b_exit,0,76817.7,4,0.532300930478618,18.555150000000154,23.646809999999995,0.43150304315394533,-20.87081999999983,-3.7994299999999974,-0.039117284518783935,False,in_sample,6,30,low_cost,0.0006000000000000001,0.9608827154812161,1.0008715401101753,-0.03995400311268449
downtrend_highvol_forced_cover_signal,fixed_horizon,6,14204,14205,14211,2026-04-28 07:40:00+00:00,2026-04-28 07:45:00+00:00,2026-04-28 08:15:00+00:00,76865.68579999999,76878.99133199999,0.00017310106403800596,-0.00022689893596199406,6,fixed_6b_exit,0,76832.34,5,0.741393311977183,269.65721000000013,136.57196999999996,0.5797582868830246,12.957560000000159,23.648440000000008,-0.03933530778451089,False,in_sample,6,30,low_cost,0.0006000000000000001,0.9606646922154891,1.0008715401101753,-0.04017183652785272
downtrend_highvol_forced_cover_signal,fixed_horizon,6,14302,14303,14309,2026-04-28 15:50:00+00:00,2026-04-28 15:55:00+00:00,2026-04-28 16:25:00+00:00,76093.018541,75946.984542,-0.0019191510837660575,-0.0023191510837660577,6,fixed_6b_exit,0,76068.12,3,0.6370788870731572,34.82343000000015,44.780240000000006,0.4150500804872541,-11.962419999999863,-13.715129999999998,-0.041563234346598144,False,in_sample,6,30,low_cost,0.0006000000000000001,0.9584367656534019,1.0008715401101753,-0.04239782305339834
downtrend_highvol_forced_cover_signal,fixed_horizon,6,14647,14648,14654,2026-04-29 20:35:00+00:00,2026-04-29 20:40:00+00:00,2026-04-29 21:10:00+00:00,75759.835226,75787.090533,0.0003597593225841411,-4.02406774158589e-05,6,fixed_6b_exit,0,75716.54,3,0.6302424694674957,34.39092000000017,13.14135,0.49907863541899333,-0.1851499999998225,7.356500000000008,-0.04160180249130829,False,in_sample,6,30,low_cost,0.0006000000000000001,0.9583981975086917,1.0008715401101753,-0.042436357613693576
downtrend_highvol_forced_cover_signal,fixed_horizon,6,15857,15858,15864,2026-05-04 01:25:00+00:00,2026-05-04 01:30:00+00:00,2026-05-04 02:00:00+00:00,78613.550569,79722.03699899999,0.014100449883980959,0.01370044988398096,6,fixed_6b_exit,0,78585.86,4,0.6687443949436301,33.08245000000012,9.808639999999997,0.6352006666777383,469.07579000000027,227.35783000000006,-0.028471316017442683,True,in_sample,6,30,low_cost,0.0006000000000000001,0.9715286839825573,1.0008715401101753,-0.029317304920457588
downtrend_highvol_forced_cover_signal,fixed_horizon,6,16431,16432,16438,2026-05-06 01:15:00+00:00,2026-05-06 01:20:00+00:00,2026-05-06 01:50:00+00:00,81295.72876,81438.545331,0.001756753684091228,0.001356753684091228,6,fixed_6b_exit,0,81262.28,3,0.665186335393973,42.08854000000014,17.0036,0.7336136632052154,113.39375000000015,50.06621000000001,-0.027153190896249013,True,in_sample,6,30,low_cost,0.0006000000000000001,0.972846809103751,1.0008715401101753,-0.02800032759782478
downtrend_highvol_forced_cover_signal,fixed_horizon,6,16919,16920,16926,2026-05-07 17:55:00+00:00,2026-05-07 18:00:00+00:00,2026-05-07 18:30:00+00:00,80102.529452,80175.561642,0.0009117338803110719,0.000511733880311072,6,fixed_6b_exit,0,79948.66,3,0.6189537486851134,44.76762000000011,24.85457,0.38161821875247626,-19.75101999999989,1.8678599999999967,-0.026655352223678097,True,in_sample,6,30,low_cost,0.0006000000000000001,0.9733446477763219,1.0008715401101753,-0.027502922433805366
downtrend_highvol_forced_cover_signal,fixed_horizon,6,2512,2513,2519,2026-03-18 17:20:00+00:00,2026-03-18 17:25:00+00:00,2026-03-18 17:55:00+00:00,71489.99,71595.21,0.0014718144456307147,0.0014718144456307147,6,fixed_6b_exit,0,71450.7,3,0.6426335822303931,49.69903999999998,18.155320000000003,0.6780893725137871,75.42901999999998,30.240310000000015,0.0014718144456307147,True,in_sample,6,30,no_cost,0.0,1.0014718144456307,1.0014718144456307,0.0
downtrend_highvol_forced_cover_signal,fixed_horizon,6,2757,2758,2764,2026-03-19 13:45:00+00:00,2026-03-19 13:50:00+00:00,2026-03-19 14:20:00+00:00,69870.7,69350.57,-0.007444179033557541,-0.007444179033557541,6,fixed_6b_exit,0,69823.5,4,0.5487074146393739,44.83325999999991,6.243870000000015,0.4380010952315755,-33.44629000000006,4.193209999999993,-0.0059833210381642354,False,in_sample,6,30,no_cost,0.0,0.9940166789618358,1.0014718144456307,-0.007444179033557541
downtrend_highvol_forced_cover_signal,fixed_horizon,6,3095,3096,3102,2026-03-20 17:55:00+00:00,2026-03-20 18:00:00+00:00,2026-03-20 18:30:00+00:00,69999.99,69691.88,-0.004401572057367464,-0.004401572057367464,6,fixed_6b_exit,0,69963.88,4,0.6546879707265746,81.0036799999999,50.52185999999999,0.3394050463136715,-68.32009000000006,-6.634209999999996,-0.010358557076839858,False,in_sample,6,30,no_cost,0.0,0.9896414429231601,1.0014718144456307,-0.011812985000500764
downtrend_highvol_forced_cover_signal,fixed_horizon,6,3497,3498,3504,2026-03-22 03:25:00+00:00,2026-03-22 03:30:00+00:00,2026-03-22 04:00:00+00:00,69440.44,69399.06,-0.0005959063623445227,-0.0005959063623445227,6,fixed_6b_exit,0,69411.1,3,0.5062472786972226,3.572099999999935,-59.89598000000001,0.6881564525237808,67.14073999999995,77.78702999999999,-0.010948290709117625,False,in_sample,6,30,no_cost,0.0,0.9890517092908824,1.0014718144456307,-0.012401851929925267
downtrend_highvol_forced_cover_signal,fixed_horizon,6,3721,3722,3728,2026-03-22 22:05:00+00:00,2026-03-22 22:10:00+00:00,2026-03-22 22:40:00+00:00,68121.77,68135.8,0.00020595471902740137,0.00020595471902740137,6,fixed_6b_exit,0,68090.6,5,0.6396708687560277,74.19040000000001,51.98758000000002,0.4207262369397056,-24.561260000000033,-9.641740000000006,-0.010744590842227009,True,in_sample,6,30,no_cost,0.0,0.989255409157773,1.0014718144456307,-0.01219845143082754
downtrend_highvol_forced_cover_signal,fixed_horizon,6,4216,4217,4223,2026-03-24 15:20:00+00:00,2026-03-24 15:25:00+00:00,2026-03-24 15:55:00+00:00,70213.08,69873.04,-0.004842972278099822,-0.004842972278099822,6,fixed_6b_exit,0,70131.96,4,0.5854448515896512,77.6410399999999,150.12989,0.4830849501518739,-6.365320000000082,-18.787940000000006,-0.0155355273647384,False,in_sample,6,30,no_cost,0.0,0.9844644726352616,1.0014718144456307,-0.01698234694681211
downtrend_highvol_forced_cover_signal,fixed_horizon,6,4254,4255,4261,2026-03-24 18:30:00+00:00,2026-03-24 18:35:00+00:00,2026-03-24 19:05:00+00:00,69507.86,69603.49,0.001375815627182364,0.001375815627182364,6,fixed_6b_exit,0,69496.1,3,0.5780427673387833,37.8243199999999,19.302,0.6973497726489963,83.8648199999999,16.33825999999999,-0.014181085758880996,True,in_sample,6,30,no_cost,0.0,0.985818914241119,1.0014718144456307,-0.01562989589794539
downtrend_highvol_forced_cover_signal,fixed_horizon,6,4840,4841,4847,2026-03-26 19:20:00+00:00,2026-03-26 19:25:00+00:00,2026-03-26 19:55:00+00:00,68549.37,68534.36,-0.00021896627204587293,-0.00021896627204587293,6,fixed_6b_exit,0,68520.29,3,0.6980821535904654,42.74413999999995,8.794540000000005,0.5683975752304989,22.77615999999994,2.7429399999999973,-0.014396946851444659,False,in_sample,6,30,no_cost,0.0,0.9856030531485553,1.0014718144456307,-0.015845439749954005
downtrend_highvol_forced_cover_signal,fixed_horizon,6,5082,5083,5089,2026-03-27 15:30:00+00:00,2026-03-27 15:35:00+00:00,2026-03-27 16:05:00+00:00,66525.24,65836.81,-0.01034840310234142,-0.01034840310234142,6,fixed_6b_exit,0,66458.57,4,0.571288405575657,104.57404999999994,98.51559,0.48118544052421175,-19.11259000000007,-0.21216000000001145,-0.024596364544324345,False,in_sample,6,30,no_cost,0.0,0.9754036354556757,1.0014718144456307,-0.026029867854429067
downtrend_highvol_forced_cover_signal,fixed_horizon,6,5484,5485,5491,2026-03-29 01:00:00+00:00,2026-03-29 01:05:00+00:00,2026-03-29 01:35:00+00:00,66529.4,66390.47,-0.0020882497061448513,-0.0020882497061448513,6,fixed_6b_exit,0,66500.0,3,0.6370355727908412,20.575450000000004,10.801650000000006,0.2425737072723012,-21.403740000000003,-12.232130000000002,-0.026633250899437244,False,in_sample,6,30,no_cost,0.0,0.9733667491005628,1.0014718144456307,-0.02806376069667582
downtrend_highvol_forced_cover_signal,fixed_horizon,6,6183,6184,6190,2026-03-31 11:15:00+00:00,2026-03-31 11:20:00+00:00,2026-03-31 11:50:00+00:00,66677.57,66603.67,-0.0011083187344711476,-0.0011083187344711476,6,fixed_6b_exit,0,66584.35,4,0.5857227811430628,101.98859999999999,104.94784999999999,0.5599510205373439,13.790110000000006,-25.414269999999995,-0.02771205150297662,False,in_sample,6,30,no_cost,0.0,0.9722879484970234,1.0014718144456307,-0.029140975839407113
downtrend_highvol_forced_cover_signal,fixed_horizon,6,7459,7460,7466,2026-04-04 21:35:00+00:00,2026-04-04 21:40:00+00:00,2026-04-04 22:10:00+00:00,67303.07,67389.64,0.0012862711908980806,0.0012862711908980806,6,fixed_6b_exit,0,67295.81,3,0.7743888640986148,32.83628000000006,9.335030000000003,0.529544669613237,2.550950000000058,-20.372270000000004,-0.026461425525567517,True,in_sample,6,30,no_cost,0.0,0.9735385744744325,1.0014718144456307,-0.02789218784620595
downtrend_highvol_forced_cover_signal,fixed_horizon,6,7595,7596,7602,2026-04-05 08:55:00+00:00,2026-04-05 09:00:00+00:00,2026-04-05 09:30:00+00:00,66933.18,66996.93,0.0009524424209337301,0.0009524424209337301,6,fixed_6b_exit,0,66915.59,3,0.6711510957964305,19.73367000000004,8.005320000000001,0.5552029375818486,6.869140000000045,-5.110540000000003,-0.02553418608882274,True,in_sample,6,30,no_cost,0.0,0.9744658139111773,1.0014718144456307,-0.02696631112818959
downtrend_highvol_forced_cover_signal,fixed_horizon,6,9793,9794,9800,2026-04-13 00:05:00+00:00,2026-04-13 00:10:00+00:00,2026-04-13 00:40:00+00:00,70892.03,71063.99,0.0024256605432233513,0.0024256605432233513,6,fixed_6b_exit,0,70834.26,3,0.6245568337799611,38.07747000000001,25.67533000000001,0.5390615332255084,10.51766,-34.58816999999999,-0.023170462813298376,True,in_sample,6,30,no_cost,0.0,0.9768295371867016,1.0014718144456307,-0.02460606170186619
downtrend_highvol_forced_cover_signal,fixed_horizon,6,11808,11809,11815,2026-04-20 00:00:00+00:00,2026-04-20 00:05:00+00:00,2026-04-20 00:35:00+00:00,74069.97,74155.88,0.001159849261448409,0.001159849261448409,6,fixed_6b_exit,0,74054.22,4,0.6015835325435833,35.751280000000165,30.366640000000015,0.5520783741346952,21.02024000000015,11.169050000000006,-0.02203748779603143,True,in_sample,6,30,no_cost,0.0,0.9779625122039686,1.0014718144456307,-0.023474751762909918
downtrend_highvol_forced_cover_signal,fixed_horizon,6,11818,11819,11825,2026-04-20 00:50:00+00:00,2026-04-20 00:55:00+00:00,2026-04-20 01:25:00+00:00,74305.97,74298.03,-0.0001068554787724274,-0.0001068554787724274,6,fixed_6b_exit,0,74280.0,3,0.6745369214375514,44.35859000000015,3.8391599999999926,0.4122572561187966,-12.953269999999861,3.445170000000001,-0.022141988448494465,False,in_sample,6,30,no_cost,0.0,0.9778580115515055,1.0014718144456307,-0.023579098835843637
downtrend_highvol_forced_cover_signal,fixed_horizon,6,12324,12325,12331,2026-04-21 19:00:00+00:00,2026-04-21 19:05:00+00:00,2026-04-21 19:35:00+00:00,75739.11,75255.19,-0.00638930137943261,-0.00638930137943261,6,fixed_6b_exit,0,75668.24,3,0.6009116704453381,31.270460000000135,27.849079999999994,0.48017403226114114,-7.293509999999857,-30.728559999999995,-0.028389817990589705,False,in_sample,6,30,no_cost,0.0,0.9716101820094103,1.0014718144456307,-0.02981774624655853
downtrend_highvol_forced_cover_signal,fixed_horizon,6,12811,12812,12818,2026-04-23 11:35:00+00:00,2026-04-23 11:40:00+00:00,2026-04-23 12:10:00+00:00,77521.09,77714.64,0.0024967399194206763,0.0024967399194206763,6,fixed_6b_exit,0,77501.61,3,0.6247528585209194,34.78587000000015,7.9355699999999985,0.41297251148922554,-34.878479999999854,-115.10954,-0.02596396006305124,True,in_sample,6,30,no_cost,0.0,0.9740360399369488,1.0014718144456307,-0.0273954534844989
downtrend_highvol_forced_cover_signal,fixed_horizon,6,13470,13471,13477,2026-04-25 18:30:00+00:00,2026-04-25 18:35:00+00:00,2026-04-25 19:05:00+00:00,77359.47,77300.0,-0.0007687488034755496,-0.0007687488034755496,6,fixed_6b_exit,0,77335.0,3,0.6129684574563794,8.304840000000183,10.851809999999999,0.2950883107814478,-87.99986999999982,21.107010000000002,-0.026712749103294797,False,in_sample,6,30,no_cost,0.0,0.9732872508967052,1.0014718144456307,-0.028143142065887528
downtrend_highvol_forced_cover_signal,fixed_horizon,6,14033,14034,14040,2026-04-27 17:25:00+00:00,2026-04-27 17:30:00+00:00,2026-04-27 18:00:00+00:00,76832.66,76770.26,-0.0008121546227868315,-0.0008121546227868315,6,fixed_6b_exit,0,76817.7,4,0.532300930478618,18.555150000000154,23.646809999999995,0.43150304315394533,-20.87081999999983,-3.7994299999999974,-0.027503208843410065,False,in_sample,6,30,no_cost,0.0,0.9724967911565899,1.0014718144456307,-0.028932440105745805
downtrend_highvol_forced_cover_signal,fixed_horizon,6,14204,14205,14211,2026-04-28 07:40:00+00:00,2026-04-28 07:45:00+00:00,2026-04-28 08:15:00+00:00,76858.0,76886.68,0.0003731556897133004,0.0003731556897133004,6,fixed_6b_exit,0,76832.34,5,0.741393311977183,269.65721000000013,136.57196999999996,0.5797582868830246,12.957560000000159,23.648440000000008,-0.02714031613256207,True,in_sample,6,30,no_cost,0.0,0.9728596838674379,1.0014718144456307,-0.02857008072067524
downtrend_highvol_forced_cover_signal,fixed_horizon,6,14302,14303,14309,2026-04-28 15:50:00+00:00,2026-04-28 15:55:00+00:00,2026-04-28 16:25:00+00:00,76085.41,75954.58,-0.001719514950369594,-0.001719514950369594,6,fixed_6b_exit,0,76068.12,3,0.6370788870731572,34.82343000000015,44.780240000000006,0.4150500804872541,-11.962419999999863,-13.715129999999998,-0.028813162903583933,False,in_sample,6,30,no_cost,0.0,0.9711868370964161,1.0014718144456307,-0.030240468990112346
downtrend_highvol_forced_cover_signal,fixed_horizon,6,14647,14648,14654,2026-04-29 20:35:00+00:00,2026-04-29 20:40:00+00:00,2026-04-29 21:10:00+00:00,75752.26,75794.67,0.0005598512836448855,0.0005598512836448855,6,fixed_6b_exit,0,75716.54,3,0.6302424694674957,34.39092000000017,13.14135,0.49907863541899333,-0.1851499999998225,7.356500000000008,-0.028269442706176484,True,in_sample,6,30,no_cost,0.0,0.9717305572938235,1.0014718144456307,-0.02969754787184964
downtrend_highvol_forced_cover_signal,fixed_horizon,6,15857,15858,15864,2026-05-04 01:25:00+00:00,2026-05-04 01:30:00+00:00,2026-05-04 02:00:00+00:00,78605.69,79730.01,0.01430329025799515,0.01430329025799515,6,fixed_6b_exit,0,78585.86,4,0.6687443949436301,33.08245000000012,9.808639999999997,0.6352006666777383,469.07579000000027,227.35783000000006,-0.014370498492639494,True,in_sample,6,30,no_cost,0.0,0.9856295015073605,1.0014718144456307,-0.015819030261016165
downtrend_highvol_forced_cover_signal,fixed_horizon,6,16431,16432,16438,2026-05-06 01:15:00+00:00,2026-05-06 01:20:00+00:00,2026-05-06 01:50:00+00:00,81287.6,81446.69,0.001957125071966548,0.001957125071966548,6,fixed_6b_exit,0,81262.28,3,0.665186335393973,42.08854000000014,17.0036,0.7336136632052154,113.39375000000015,50.06621000000001,-0.012441498283569552,True,in_sample,6,30,no_cost,0.0,0.9875585017164304,1.0014718144456307,-0.013892865009787703
downtrend_highvol_forced_cover_signal,fixed_horizon,6,16919,16920,16926,2026-05-07 17:55:00+00:00,2026-05-07 18:00:00+00:00,2026-05-07 18:30:00+00:00,80094.52,80183.58,0.0011119362473237526,0.0011119362473237526,6,fixed_6b_exit,0,79948.66,3,0.6189537486851134,44.76762000000011,24.85457,0.38161821875247626,-19.75101999999989,1.8678599999999967,-0.011343396189158361,True,in_sample,6,30,no_cost,0.0,0.9886566038108416,1.0014718144456307,-0.012796376742647553
downtrend_highvol_forced_cover_signal,fixed_horizon,9,2512,2513,2522,2026-03-18 17:20:00+00:00,2026-03-18 17:25:00+00:00,2026-03-18 18:10:00+00:00,71504.287998,71867.83355800001,0.005084248374169986,0.004284248374169986,9,fixed_9b_exit,0,71450.7,3,0.6426335822303931,49.69903999999998,18.155320000000003,0.6848958220393802,183.32359,8.751419999999996,0.004284248374170074,True,in_sample,9,45,base_cost,0.0012000000000000001,1.00428424837417,1.00428424837417,0.0
downtrend_highvol_forced_cover_signal,fixed_horizon,9,2757,2758,2767,2026-03-19 13:45:00+00:00,2026-03-19 13:50:00+00:00,2026-03-19 14:35:00+00:00,69884.67414,69145.998034,-0.010569929889351792,-0.011369929889351793,9,fixed_9b_exit,0,69823.5,4,0.5487074146393739,44.83325999999991,6.243870000000015,0.4089387690259492,-63.30438000000008,-31.480850000000004,-0.007134393118824578,False,in_sample,9,45,base_cost,0.0012000000000000001,0.9928656068811754,1.00428424837417,-0.011369929889351815
downtrend_highvol_forced_cover_signal,fixed_horizon,9,3095,3096,3105,2026-03-20 17:55:00+00:00,2026-03-20 18:00:00+00:00,2026-03-20 18:45:00+00:00,70013.989998,69743.528504,-0.003862963587816237,-0.0046629635878162375,9,fixed_9b_exit,0,69963.88,4,0.6546879707265746,81.0036799999999,50.52185999999999,0.5728293937619788,20.485279999999907,17.532099999999986,-0.011764089291306568,False,in_sample,9,45,base_cost,0.0012000000000000001,0.9882359107086934,1.00428424837417,-0.015979875908097907
downtrend_highvol_forced_cover_signal,fixed_horizon,9,3497,3498,3507,2026-03-22 03:25:00+00:00,2026-03-22 03:30:00+00:00,2026-03-22 04:15:00+00:00,69454.328088,69397.177788,-0.0008228472087093985,-0.0016228472087093985,9,fixed_9b_exit,0,69411.1,3,0.5062472786972226,3.572099999999935,-59.89598000000001,0.6995194907315958,54.979119999999966,-62.40777999999999,-0.013367845180546567,False,in_sample,9,45,base_cost,0.0012000000000000001,0.9866321548194534,1.00428424837417,-0.017576790219794414
downtrend_highvol_forced_cover_signal,fixed_horizon,9,3721,3722,3731,2026-03-22 22:05:00+00:00,2026-03-22 22:10:00+00:00,2026-03-22 22:55:00+00:00,68135.394354,68325.702126,0.0027930824177995195,0.0019930824177995196,9,fixed_9b_exit,0,68090.6,5,0.6396708687560277,74.19040000000001,51.98758000000002,0.6166419849521753,21.33561999999997,8.200849999999999,-0.011401405979940216,True,in_sample,9,45,base_cost,0.0012000000000000001,0.9885985940200598,1.00428424837417,-0.015618739793543224
downtrend_highvol_forced_cover_signal,fixed_horizon,9,4216,4217,4226,2026-03-24 15:20:00+00:00,2026-03-24 15:25:00+00:00,2026-03-24 16:10:00+00:00,70227.122616,69901.28694600001,-0.00463974114077903,-0.0054397411407790305,9,fixed_9b_exit,0,70131.96,4,0.5854448515896512,77.6410399999999,150.12989,0.35951656715832997,-45.24317000000009,15.06711,-0.016779126423547508,False,in_sample,9,45,base_cost,0.0012000000000000001,0.9832208735764525,1.00428424837417,-0.020973519032900234
downtrend_highvol_forced_cover_signal,fixed_horizon,9,4254,4255,4264,2026-03-24 18:30:00+00:00,2026-03-24 18:35:00+00:00,2026-03-24 19:20:00+00:00,69521.761572,69585.050206,0.0009103427843157874,0.00011034278431578737,9,fixed_9b_exit,0,69496.1,3,0.5780427673387833,37.8243199999999,19.302,0.5025918565654823,0.5047099999998856,-18.920989999999993,-0.016670635094759634,True,in_sample,9,45,base_cost,0.0012000000000000001,0.9833293649052404,1.00428424837417,-0.020865490525071362
downtrend_highvol_forced_cover_signal,fixed_horizon,9,4840,4841,4850,2026-03-26 19:20:00+00:00,2026-03-26 19:25:00+00:00,2026-03-26 20:10:00+00:00,68563.07987399999,69188.149602,0.00911671017621618,0.00831671017621618,9,fixed_9b_exit,0,68520.29,3,0.6980821535904654,42.74413999999995,8.794540000000005,0.5625984387686521,97.15072999999995,86.70260000000002,-0.008492569759079971,True,in_sample,9,45,base_cost,0.0012000000000000001,0.99150743024092,1.00428424837417,-0.012722312586236795
downtrend_highvol_forced_cover_signal,fixed_horizon,9,5082,5083,5092,2026-03-27 15:30:00+00:00,2026-03-27 15:35:00+00:00,2026-03-27 16:20:00+00:00,66538.545048,65848.97757,-0.010363428859205603,-0.011163428859205604,9,fixed_9b_exit,0,66458.57,4,0.571288405575657,104.57404999999994,98.51559,0.5869195162848282,47.22781999999995,0.21486000000001582,-0.019561192419948248,False,in_sample,9,45,base_cost,0.0012000000000000001,0.9804388075800518,1.00428424837417,-0.02374371681396137
downtrend_highvol_forced_cover_signal,fixed_horizon,9,5484,5485,5494,2026-03-29 01:00:00+00:00,2026-03-29 01:05:00+00:00,2026-03-29 01:50:00+00:00,66542.70588,66488.93955200001,-0.0008079973197504531,-0.001607997319750453,9,fixed_9b_exit,0,66500.0,3,0.6370355727908412,20.575450000000004,10.801650000000006,0.4998495625187137,-0.01588000000000722,11.099259999999997,-0.021137735394716306,False,in_sample,9,45,base_cost,0.0012000000000000001,0.9788622646052837,1.00428424837417,-0.025313534300714036
downtrend_highvol_forced_cover_signal,fixed_horizon,9,6183,6184,6193,2026-03-31 11:15:00+00:00,2026-03-31 11:20:00+00:00,2026-03-31 12:05:00+00:00,66690.90551400001,66744.34846,0.0008013528319654739,1.3528319654738724e-06,9,fixed_9b_exit,0,66584.35,4,0.5857227811430628,101.98859999999999,104.94784999999999,0.5547547141234392,10.845540000000003,0.9454199999999986,-0.021136411158554913,True,in_sample,9,45,base_cost,0.0012000000000000001,0.9788635888414451,1.00428424837417,-0.025312215713706898
downtrend_highvol_forced_cover_signal,fixed_horizon,9,7459,7460,7469,2026-04-04 21:35:00+00:00,2026-04-04 21:40:00+00:00,2026-04-04 22:25:00+00:00,67316.530614,67414.284446,0.001452151961908621,0.0006521519619086209,9,fixed_9b_exit,0,67295.81,3,0.7743888640986148,32.83628000000006,9.335030000000003,0.8224596890818061,69.25726000000006,1.420880000000011,-0.02049804334865102,True,in_sample,9,45,base_cost,0.0012000000000000001,0.979501956651349,1.00428424837417,-0.0246765711629362
downtrend_highvol_forced_cover_signal,fixed_horizon,9,7595,7596,7605,2026-04-05 08:55:00+00:00,2026-04-05 09:00:00+00:00,2026-04-05 09:45:00+00:00,66946.56663599999,67032.570804,0.001284668838472891,0.000484668838472891,9,fixed_9b_exit,0,66915.59,3,0.6711510957964305,19.73367000000004,8.005320000000001,0.34774769306741987,-19.164749999999955,-4.3593399999999995,-0.020023309273038747,True,in_sample,9,45,base_cost,0.0012000000000000001,0.9799766907269613,1.00428424837417,-0.024203862289546185
downtrend_highvol_forced_cover_signal,fixed_horizon,9,9793,9794,9803,2026-04-13 00:05:00+00:00,2026-04-13 00:10:00+00:00,2026-04-13 00:55:00+00:00,70906.20840599999,71158.385476,0.0035564878685385715,0.0027564878685385715,9,fixed_9b_exit,0,70834.26,3,0.6245568337799611,38.07747000000001,25.67533000000001,0.6888709785538399,31.500169999999997,-30.284439999999996,-0.017322015413599234,True,in_sample,9,45,base_cost,0.0012000000000000001,0.9826779845864008,1.00428424837417,-0.021514092073780522
downtrend_highvol_forced_cover_signal,fixed_horizon,9,11808,11809,11818,2026-04-20 00:00:00+00:00,2026-04-20 00:05:00+00:00,2026-04-20 00:50:00+00:00,74084.783994,74291.09880800001,0.0027848473448572886,0.0019848473448572886,9,fixed_9b_exit,0,74054.22,4,0.6015835325435833,35.751280000000165,30.366640000000015,0.6745369214375514,44.35859000000015,3.8391599999999926,-0.015371549625043168,True,in_sample,9,45,base_cost,0.0012000000000000001,0.9846284503749568,1.00428424837417,-0.019571946917452787
downtrend_highvol_forced_cover_signal,fixed_horizon,9,12324,12325,12334,2026-04-21 19:00:00+00:00,2026-04-21 19:05:00+00:00,2026-04-21 19:50:00+00:00,75754.257822,74940.118978,-0.010747103428997873,-0.011547103428997873,9,fixed_9b_exit,0,75668.24,3,0.6009116704453381,31.270460000000135,27.849079999999994,0.41790404045249624,-70.16475999999982,12.041530000000009,-0.026741156180656755,False,in_sample,9,45,base_cost,0.0012000000000000001,0.9732588438193432,1.00428424837417,-0.030893051051088083
downtrend_highvol_forced_cover_signal,fixed_horizon,9,12811,12812,12821,2026-04-23 11:35:00+00:00,2026-04-23 11:40:00+00:00,2026-04-23 12:25:00+00:00,77536.594218,77750.64676,0.00276066474364578,0.00196066474364578,9,fixed_9b_exit,0,77501.61,3,0.6247528585209194,34.78587000000015,7.9355699999999985,0.5079652280173922,1.3547400000001417,41.865289999999995,-0.02483292187913866,True,in_sample,9,45,base_cost,0.0012000000000000001,0.9751670781208613,1.00428424837417,-0.028992957223461735
downtrend_highvol_forced_cover_signal,fixed_horizon,9,13470,13471,13480,2026-04-25 18:30:00+00:00,2026-04-25 18:35:00+00:00,2026-04-25 19:20:00+00:00,77374.941894,77323.5322,-0.0006644230385391969,-0.0014644230385391969,9,fixed_9b_exit,0,77335.0,3,0.6129684574563794,8.304840000000183,10.851809999999999,0.877167075223719,106.25056000000019,29.927980000000005,-0.026260979014763874,False,in_sample,9,45,base_cost,0.0012000000000000001,0.9737390209852361,1.00428424837417,-0.030414922307487546
downtrend_highvol_forced_cover_signal,fixed_horizon,9,14033,14034,14043,2026-04-27 17:25:00+00:00,2026-04-27 17:30:00+00:00,2026-04-27 18:15:00+00:00,76848.026532,76765.46383600001,-0.0010743632559726546,-0.0018743632559726545,9,fixed_9b_exit,0,76817.7,4,0.532300930478618,18.555150000000154,23.646809999999995,0.5259096676062271,6.16367000000017,18.66337,-0.028086119656605457,False,in_sample,9,45,base_cost,0.0012000000000000001,0.9719138803433945,1.00428424837417,-0.03223227695065389
downtrend_highvol_forced_cover_signal,fixed_horizon,9,14204,14205,14214,2026-04-28 07:40:00+00:00,2026-04-28 07:45:00+00:00,2026-04-28 08:30:00+00:00,76873.3716,76895.427838,0.0002869164905991983,-0.0005130835094008017,9,fixed_9b_exit,0,76832.34,5,0.741393311977183,269.65721000000013,136.57196999999996,0.6329632084882543,161.35259000000013,65.28187999999997,-0.028584792641167422,False,in_sample,9,45,base_cost,0.0012000000000000001,0.9714152073588326,1.00428424837417,-0.03272882261028087
downtrend_highvol_forced_cover_signal,fixed_horizon,9,14302,14303,14312,2026-04-28 15:50:00+00:00,2026-04-28 15:55:00+00:00,2026-04-28 16:40:00+00:00,76100.627082,75897.36749,-0.0026709318936489757,-0.0034709318936489756,9,fixed_9b_exit,0,76068.12,3,0.6370788870731572,34.82343000000015,44.780240000000006,0.44288342884243675,-9.388749999999856,8.073539999999998,-0.0319565086663649,False,in_sample,9,45,base_cost,0.0012000000000000001,0.9680434913336351,1.00428424837417,-0.03608615498969037
downtrend_highvol_forced_cover_signal,fixed_horizon,9,14647,14648,14657,2026-04-29 20:35:00+00:00,2026-04-29 20:40:00+00:00,2026-04-29 21:25:00+00:00,75767.410452,75807.71542400001,0.0005319565728796327,-0.0002680434271203673,9,fixed_9b_exit,0,75716.54,3,0.6302424694674957,34.39092000000017,13.14135,0.5383612995201853,4.364530000000168,-3.5259200000000064,-0.032215986361383564,False,in_sample,9,45,base_cost,0.0012000000000000001,0.9677840136386164,1.00428424837417,-0.03634452576015568
downtrend_highvol_forced_cover_signal,fixed_horizon,9,15857,15858,15867,2026-05-04 01:25:00+00:00,2026-05-04 01:30:00+00:00,2026-05-04 02:15:00+00:00,78621.411138,79860.42472,0.015759238661148256,0.014959238661148256,9,fixed_9b_exit,0,78585.86,4,0.6687443949436301,33.08245000000012,9.808639999999997,0.5023635323455573,2.0554200000001117,-232.88360000000006,-0.0177386743289194,True,in_sample,9,45,base_cost,0.0012000000000000001,0.9822613256710806,1.00428424837417,-0.02192897353387968
downtrend_highvol_forced_cover_signal,fixed_horizon,9,16431,16432,16441,2026-05-06 01:15:00+00:00,2026-05-06 01:20:00+00:00,2026-05-06 02:05:00+00:00,81303.85752,81305.22570200001,1.6828008433389385e-05,-0.0007831719915666107,9,fixed_9b_exit,0,81262.28,3,0.665186335393973,42.08854000000014,17.0036,0.535685195652079,14.136130000000136,-62.85591000000002,-0.018507953887584083,False,in_sample,9,45,base_cost,0.0012000000000000001,0.9814920461124159,1.00428424837417,-0.022694971367570815
downtrend_highvol_forced_cover_signal,fixed_horizon,9,16919,16920,16929,2026-05-07 17:55:00+00:00,2026-05-07 18:00:00+00:00,2026-05-07 18:45:00+00:00,80110.538904,80047.73725,-0.0007839374801267285,-0.0015839374801267284,9,fixed_9b_exit,0,79948.66,3,0.6189537486851134,44.76762000000011,24.85457,0.3539135307365549,-47.52690999999989,-11.123429999999999,-0.020062575925867798,False,in_sample,9,45,base_cost,0.0012000000000000001,0.9799374240741322,1.00428424837417,-0.024242961431938048
downtrend_highvol_forced_cover_signal,fixed_horizon,9,2512,2513,2522,2026-03-18 17:20:00+00:00,2026-03-18 17:25:00+00:00,2026-03-18 18:10:00+00:00,71511.436997,71860.64533700001,0.004883251612111561,0.0036832516121115613,9,fixed_9b_exit,0,71450.7,3,0.6426335822303931,49.69903999999998,18.155320000000003,0.6848958220393802,183.32359,8.751419999999996,0.003683251612111471,True,in_sample,9,45,high_cost,0.0018,1.0036832516121115,1.0036832516121115,0.0
downtrend_highvol_forced_cover_signal,fixed_horizon,9,2757,2758,2767,2026-03-19 13:45:00+00:00,2026-03-19 13:50:00+00:00,2026-03-19 14:35:00+00:00,69891.66120999999,69139.082051,-0.010767796128621776,-0.011967796128621776,9,fixed_9b_exit,0,69823.5,4,0.5487074146393739,44.83325999999991,6.243870000000015,0.4089387690259492,-63.30438000000008,-31.480850000000004,-0.008328624920894478,False,in_sample,9,45,high_cost,0.0018,0.9916713750791055,1.0036832516121115,-0.011967796128621755
downtrend_highvol_forced_cover_signal,fixed_horizon,9,3095,3096,3105,2026-03-20 17:55:00+00:00,2026-03-20 18:00:00+00:00,2026-03-20 18:45:00+00:00,70020.989997,69736.552756,-0.004062171086301136,-0.005262171086301136,9,fixed_9b_exit,0,69963.88,4,0.6546879707265746,81.0036799999999,50.52185999999999,0.5728293937619788,20.485279999999907,17.532099999999986,-0.013546969357948191,False,in_sample,9,45,high_cost,0.0018,0.9864530306420518,1.0036832516121115,-0.017166990624168044
downtrend_highvol_forced_cover_signal,fixed_horizon,9,3497,3498,3507,2026-03-22 03:25:00+00:00,2026-03-22 03:30:00+00:00,2026-03-22 04:15:00+00:00,69461.272132,69390.236682,-0.0010226626697104058,-0.0022226626697104054,9,fixed_9b_exit,0,69411.1,3,0.5062472786972226,3.572099999999935,-59.89598000000001,0.6995194907315958,54.979119999999966,-62.40777999999999,-0.015739521684578928,False,in_sample,9,45,high_cost,0.0018,0.9842604783154211,1.0036832516121115,-0.01935149686466686
downtrend_highvol_forced_cover_signal,fixed_horizon,9,3721,3722,3731,2026-03-22 22:05:00+00:00,2026-03-22 22:10:00+00:00,2026-03-22 22:55:00+00:00,68142.206531,68318.868189,0.002592543843141115,0.0013925438431411153,9,fixed_9b_exit,0,68090.6,5,0.6396708687560277,74.19040000000001,51.98758000000002,0.6166419849521753,21.33561999999997,8.200849999999999,-0.014368895815453753,True,in_sample,9,45,high_cost,0.0018,0.9856311041845462,1.0036832516121115,-0.017985900829340262
downtrend_highvol_forced_cover_signal,fixed_horizon,9,4216,4217,4226,2026-03-24 15:20:00+00:00,2026-03-24 15:25:00+00:00,2026-03-24 16:10:00+00:00,70234.143924,69894.295419,-0.004838793299278388,-0.006038793299278387,9,fixed_9b_exit,0,70131.96,4,0.5854448515896512,77.6410399999999,150.12989,0.35951656715832997,-45.24317000000009,15.06711,-0.020320918322963677,False,in_sample,9,45,high_cost,0.0018,0.9796790816770363,1.0036832516121115,-0.0239160809912089
downtrend_highvol_forced_cover_signal,fixed_horizon,9,4254,4255,4264,2026-03-24 18:30:00+00:00,2026-03-24 18:35:00+00:00,2026-03-24 19:20:00+00:00,69528.712358,69578.090309,0.0007101807199558774,-0.0004898192800441225,9,fixed_9b_exit,0,69496.1,3,0.5780427673387833,37.8243199999999,19.302,0.5025918565654823,0.5047099999998856,-18.920989999999993,-0.020800784025424957,False,in_sample,9,45,high_cost,0.0018,0.979199215974575,1.0036832516121115,-0.02439418571368035
downtrend_highvol_forced_cover_signal,fixed_horizon,9,4840,4841,4850,2026-03-26 19:20:00+00:00,2026-03-26 19:25:00+00:00,2026-03-26 20:10:00+00:00,68569.934811,69181.229403,0.008914907002389949,0.007714907002389949,9,fixed_9b_exit,0,68520.29,3,0.6980821535904654,42.74413999999995,8.794540000000005,0.5625984387686521,97.15072999999995,86.70260000000002,-0.013246353137367994,True,in_sample,9,45,high_cost,0.0018,0.986753646862632,1.0036832516121115,-0.01686747758547058
downtrend_highvol_forced_cover_signal,fixed_horizon,9,5082,5083,5092,2026-03-27 15:30:00+00:00,2026-03-27 15:35:00+00:00,2026-03-27 16:20:00+00:00,66545.197572,65842.391355,-0.01056133639455481,-0.01176133639455481,9,fixed_9b_exit,0,66458.57,4,0.571288405575657,104.57404999999994,98.51559,0.5869195162848282,47.22781999999995,0.21486000000001582,-0.02485189471667315,False,in_sample,9,45,high_cost,0.0018,0.9751481052833268,1.0036832516121115,-0.028430429902015053
downtrend_highvol_forced_cover_signal,fixed_horizon,9,5484,5485,5494,2026-03-29 01:00:00+00:00,2026-03-29 01:05:00+00:00,2026-03-29 01:50:00+00:00,66549.35882,66482.28932800001,-0.001007815750432517,-0.0022078157504325166,9,fixed_9b_exit,0,66500.0,3,0.6370355727908412,20.575450000000004,10.801650000000006,0.4998495625187137,-0.01588000000000722,11.099259999999997,-0.027004842062522072,False,in_sample,9,45,high_cost,0.0018,0.9729951579374779,1.0036832516121115,-0.03057547650151826
downtrend_highvol_forced_cover_signal,fixed_horizon,9,6183,6184,6193,2026-03-31 11:15:00+00:00,2026-03-31 11:20:00+00:00,2026-03-31 12:05:00+00:00,66697.573271,66737.67268999999,0.000601212563417608,-0.0005987874365823919,9,fixed_9b_exit,0,66584.35,4,0.5857227811430628,101.98859999999999,104.94784999999999,0.5547547141234392,10.845540000000003,0.9454199999999986,-0.02758745933895046,False,in_sample,9,45,high_cost,0.0018,0.9724125406610495,1.0036832516121115,-0.031155955726903883
downtrend_highvol_forced_cover_signal,fixed_horizon,9,7459,7460,7469,2026-04-04 21:35:00+00:00,2026-04-04 21:40:00+00:00,2026-04-04 22:25:00+00:00,67323.26092100001,67407.54166900001,0.0012518815465416555,5.1881546541655615e-05,9,fixed_9b_exit,0,67295.81,3,0.7743888640986148,32.83628000000006,9.335030000000003,0.8224596890818061,69.25726000000006,1.420880000000011,-0.02753700907246459,True,in_sample,9,45,high_cost,0.0018,0.9724629909275354,1.0036832516121115,-0.0311056905995295
downtrend_highvol_forced_cover_signal,fixed_horizon,9,7595,7596,7605,2026-04-05 08:55:00+00:00,2026-04-05 09:00:00+00:00,2026-04-05 09:45:00+00:00,66953.259954,67025.86620599999,0.0010844319163829663,-0.00011556808361703357,9,fixed_9b_exit,0,66915.59,3,0.6711510957964305,19.73367000000004,8.005320000000001,0.34774769306741987,-19.164749999999955,-4.3593399999999995,-0.027649394756714574,False,in_sample,9,45,high_cost,0.0018,0.9723506052432854,1.0036832516121115,-0.031217663858094324
downtrend_highvol_forced_cover_signal,fixed_horizon,9,9793,9794,9803,2026-04-13 00:05:00+00:00,2026-04-13 00:10:00+00:00,2026-04-13 00:55:00+00:00,70913.297609,71151.268214,0.003355796628047303,0.002155796628047303,9,fixed_9b_exit,0,70834.26,3,0.6245568337799611,38.07747000000001,25.67533000000001,0.6888709785538399,31.500169999999997,-30.284439999999996,-0.02555320460065147,True,in_sample,9,45,high_cost,0.0018,0.9744467953993485,1.0036832516121115,-0.029129166164527986
downtrend_highvol_forced_cover_signal,fixed_horizon,9,11808,11809,11818,2026-04-20 00:00:00+00:00,2026-04-20 00:05:00+00:00,2026-04-20 00:50:00+00:00,74092.190991,74283.668212,0.002584310417048874,0.001384310417048874,9,fixed_9b_exit,0,74054.22,4,0.6015835325435833,35.751280000000165,30.366640000000015,0.6745369214375514,44.35859000000015,3.8391599999999926,-0.024204267750920327,True,in_sample,9,45,high_cost,0.0018,0.9757957322490797,1.0036832516121115,-0.027785179555640638
downtrend_highvol_forced_cover_signal,fixed_horizon,9,12324,12325,12334,2026-04-21 19:00:00+00:00,2026-04-21 19:05:00+00:00,2026-04-21 19:50:00+00:00,75761.831733,74932.623467,-0.010944934237101078,-0.012144934237101078,9,fixed_9b_exit,0,75668.24,3,0.6009116704453381,31.270460000000135,27.849079999999994,0.41790404045249624,-70.16475999999982,12.041530000000009,-0.03605524274792926,False,in_sample,9,45,high_cost,0.0018,0.9639447572520707,1.0036832516121115,-0.039592664614272466
downtrend_highvol_forced_cover_signal,fixed_horizon,9,12811,12812,12821,2026-04-23 11:35:00+00:00,2026-04-23 11:40:00+00:00,2026-04-23 12:25:00+00:00,77544.34632699999,77742.87014,0.0025601326518742695,0.0013601326518742696,9,fixed_9b_exit,0,77501.61,3,0.6247528585209194,34.78587000000015,7.9355699999999985,0.5079652280173922,1.3547400000001417,41.865289999999995,-0.034744150008987784,True,in_sample,9,45,high_cost,0.0018,0.9652558499910122,1.0036832516121115,-0.03828638323831479
downtrend_highvol_forced_cover_signal,fixed_horizon,9,13470,13471,13480,2026-04-25 18:30:00+00:00,2026-04-25 18:35:00+00:00,2026-04-25 19:20:00+00:00,77382.677841,77315.79830000001,-0.0008642701812078268,-0.0020642701812078265,9,fixed_9b_exit,0,77335.0,3,0.6129684574563794,8.304840000000183,10.851809999999999,0.877167075223719,106.25056000000019,29.927980000000005,-0.03673669887736064,False,in_sample,9,45,high_cost,0.0018,0.9632633011226394,1.0036832516121115,-0.04027161998025752
downtrend_highvol_forced_cover_signal,fixed_horizon,9,14033,14034,14043,2026-04-27 17:25:00+00:00,2026-04-27 17:30:00+00:00,2026-04-27 18:15:00+00:00,76855.709798,76757.78575400001,-0.0012741284187910429,-0.0024741284187910426,9,fixed_9b_exit,0,76817.7,4,0.532300930478618,18.555150000000154,23.646809999999995,0.5259096676062271,6.16367000000017,18.66337,-0.03911993598544661,False,in_sample,9,45,high_cost,0.0018,0.9608800640145534,1.0036832516121115,-0.042646111239584616
downtrend_highvol_forced_cover_signal,fixed_horizon,9,14204,14205,14214,2026-04-28 07:40:00+00:00,2026-04-28 07:45:00+00:00,2026-04-28 08:30:00+00:00,76881.05739999999,76887.736757,8.687909903826174e-05,-0.0011131209009617382,9,fixed_9b_exit,0,76832.34,5,0.741393311977183,269.65721000000013,136.57196999999996,0.6329632084882543,161.35259000000013,65.28187999999997,-0.04018951166801865,False,in_sample,9,45,high_cost,0.0018,0.9598104883319813,1.0036832516121115,-0.04371176186278081
downtrend_highvol_forced_cover_signal,fixed_horizon,9,14302,14303,14312,2026-04-28 15:50:00+00:00,2026-04-28 15:55:00+00:00,2026-04-28 16:40:00+00:00,76108.235623,75889.77623500001,-0.0028703777746487136,-0.004070377774648713,9,fixed_9b_exit,0,76068.12,3,0.6370788870731572,34.82343000000015,44.780240000000006,0.44288342884243675,-9.388749999999856,8.073539999999998,-0.04409630294759981,False,in_sample,9,45,high_cost,0.0018,0.9559036970524002,1.0036832516121115,-0.04760421625345246
downtrend_highvol_forced_cover_signal,fixed_horizon,9,14647,14648,14657,2026-04-29 20:35:00+00:00,2026-04-29 20:40:00+00:00,2026-04-29 21:25:00+00:00,75774.985678,75800.133136,0.00033187017819935605,-0.0008681298218006438,9,fixed_9b_exit,0,75716.54,3,0.6302424694674957,34.39092000000017,13.14135,0.5383612995201853,4.364530000000168,-3.5259200000000064,-0.04492615145378043,False,in_sample,9,45,high_cost,0.0018,0.9550738485462196,1.0036832516121115,-0.048431019435480005
downtrend_highvol_forced_cover_signal,fixed_horizon,9,15857,15858,15867,2026-05-04 01:25:00+00:00,2026-05-04 01:30:00+00:00,2026-05-04 02:15:00+00:00,78629.27170699999,79852.43708,0.015556107114382822,0.014356107114382823,9,fixed_9b_exit,0,78585.86,4,0.6687443949436301,33.08245000000012,9.808639999999997,0.5023635323455573,2.0554200000001117,-232.88360000000006,-0.0312150089819051,True,in_sample,9,45,high_cost,0.0018,0.9687849910180949,1.0036832516121115,-0.03477019322377173
downtrend_highvol_forced_cover_signal,fixed_horizon,9,16431,16432,16441,2026-05-06 01:15:00+00:00,2026-05-06 01:20:00+00:00,2026-05-06 02:05:00+00:00,81311.98628,81297.09355300001,-0.00018315537082935762,-0.0013831553708293575,9,fixed_9b_exit,0,81262.28,3,0.665186335393973,42.08854000000014,17.0036,0.535685195652079,14.136130000000136,-62.85591000000002,-0.03255498914541066,False,in_sample,9,45,high_cost,0.0018,0.9674450108545893,1.0036832516121115,-0.03610525601509884
downtrend_highvol_forced_cover_signal,fixed_horizon,9,16919,16920,16929,2026-05-07 17:55:00+00:00,2026-05-07 18:00:00+00:00,2026-05-07 18:45:00+00:00,80118.548356,80039.73087500001,-0.000983760722295779,-0.0021837607222957786,9,fixed_9b_exit,0,79948.66,3,0.6189537486851134,44.76762000000011,24.85457,0.3539135307365549,-47.52690999999989,-11.123429999999999,-0.03466765756109591,False,in_sample,9,45,high_cost,0.0018,0.9653323424389041,1.0036832516121115,-0.038210171497440326
downtrend_highvol_forced_cover_signal,fixed_horizon,9,2512,2513,2522,2026-03-18 17:20:00+00:00,2026-03-18 17:25:00+00:00,2026-03-18 18:10:00+00:00,71497.138999,71875.021779,0.005285285331561029,0.004885285331561029,9,fixed_9b_exit,0,71450.7,3,0.6426335822303931,49.69903999999998,18.155320000000003,0.6848958220393802,183.32359,8.751419999999996,0.004885285331561073,True,in_sample,9,45,low_cost,0.0006000000000000001,1.004885285331561,1.004885285331561,0.0
downtrend_highvol_forced_cover_signal,fixed_horizon,9,2757,2758,2767,2026-03-19 13:45:00+00:00,2026-03-19 13:50:00+00:00,2026-03-19 14:35:00+00:00,69877.68707,69152.914017,-0.010372024080790743,-0.010772024080790742,9,fixed_9b_exit,0,69823.5,4,0.5487074146393739,44.83325999999991,6.243870000000015,0.4089387690259492,-63.30438000000008,-31.480850000000004,-0.0059393631604627295,False,in_sample,9,45,low_cost,0.0006000000000000001,0.9940606368395373,1.004885285331561,-0.010772024080790699
downtrend_highvol_forced_cover_signal,fixed_horizon,9,3095,3096,3105,2026-03-20 17:55:00+00:00,2026-03-20 18:00:00+00:00,2026-03-20 18:45:00+00:00,70006.989999,69750.504252,-0.0036637162518151634,-0.0040637162518151635,9,fixed_9b_exit,0,69963.88,4,0.6546879707265746,81.0036799999999,50.52185999999999,0.5728293937619788,20.485279999999907,17.532099999999986,-0.009978943525677297,False,in_sample,9,45,low_cost,0.0006000000000000001,0.9900210564743227,1.004885285331561,-0.014791965883283797
downtrend_highvol_forced_cover_signal,fixed_horizon,9,3497,3498,3507,2026-03-22 03:25:00+00:00,2026-03-22 03:30:00+00:00,2026-03-22 04:15:00+00:00,69447.384044,69404.118894,-0.0006229917886121372,-0.0010229917886121372,9,fixed_9b_exit,0,69411.1,3,0.5062472786972226,3.572099999999935,-59.89598000000001,0.6995194907315958,54.979119999999966,-62.40777999999999,-0.010991726937003565,False,in_sample,9,45,low_cost,0.0006000000000000001,0.9890082730629964,1.004885285331561,-0.015799825612259788
downtrend_highvol_forced_cover_signal,fixed_horizon,9,3721,3722,3731,2026-03-22 22:05:00+00:00,2026-03-22 22:10:00+00:00,2026-03-22 22:55:00+00:00,68128.582177,68332.53606299999,0.002993661096162503,0.002593661096162503,9,fixed_9b_exit,0,68090.6,5,0.6396708687560277,74.19040000000001,51.98758000000002,0.6166419849521753,21.33561999999997,8.200849999999999,-0.008426574655377217,True,in_sample,9,45,low_cost,0.0006000000000000001,0.9915734253446228,1.004885285331561,-0.013247143909113968
downtrend_highvol_forced_cover_signal,fixed_horizon,9,4216,4217,4226,2026-03-24 15:20:00+00:00,2026-03-24 15:25:00+00:00,2026-03-24 16:10:00+00:00,70220.101308,69908.278473,-0.004440649175828981,-0.004840649175828981,9,fixed_9b_exit,0,70131.96,4,0.5854448515896512,77.6410399999999,150.12989,0.35951656715832997,-45.24317000000009,15.06711,-0.013226433739545573,False,in_sample,9,45,low_cost,0.0006000000000000001,0.9867735662604544,1.004885285331561,-0.018023668308697283
downtrend_highvol_forced_cover_signal,fixed_horizon,9,4254,4255,4264,2026-03-24 18:30:00+00:00,2026-03-24 18:35:00+00:00,2026-03-24 19:20:00+00:00,69514.810786,69592.01010300001,0.0011105448770860615,0.0007105448770860616,9,fixed_9b_exit,0,69496.1,3,0.5780427673387833,37.8243199999999,19.302,0.5025918565654823,0.5047099999998856,-18.920989999999993,-0.012525286837195226,True,in_sample,9,45,low_cost,0.0006000000000000001,0.9874747131628048,1.004885285331561,-0.01732593005679417
downtrend_highvol_forced_cover_signal,fixed_horizon,9,4840,4841,4850,2026-03-26 19:20:00+00:00,2026-03-26 19:25:00+00:00,2026-03-26 20:10:00+00:00,68556.22493699999,69195.069801,0.009318553706641364,0.008918553706641364,9,fixed_9b_exit,0,68520.29,3,0.6980821535904654,42.74413999999995,8.794540000000005,0.5625984387686521,97.15072999999995,86.70260000000002,-0.0037184405739024706,True,in_sample,9,45,low_cost,0.0006000000000000001,0.9962815594260975,1.004885285331561,-0.008561898587881811
downtrend_highvol_forced_cover_signal,fixed_horizon,9,5082,5083,5092,2026-03-27 15:30:00+00:00,2026-03-27 15:35:00+00:00,2026-03-27 16:20:00+00:00,66531.89252400001,65855.56378499999,-0.010165481746307603,-0.010565481746307602,9,fixed_9b_exit,0,66458.57,4,0.571288405575657,104.57404999999994,98.51559,0.5869195162848282,47.22781999999995,0.21486000000001582,-0.014244635204201717,False,in_sample,9,45,low_cost,0.0006000000000000001,0.9857553647957983,1.004885285331561,-0.019036919750945347
downtrend_highvol_forced_cover_signal,fixed_horizon,9,5484,5485,5494,2026-03-29 01:00:00+00:00,2026-03-29 01:05:00+00:00,2026-03-29 01:50:00+00:00,66536.05294,66495.58977600001,-0.0006081389293782768,-0.0010081389293782768,9,fixed_9b_exit,0,66500.0,3,0.6370355727908412,20.575450000000004,10.801650000000006,0.4998495625187137,-0.01588000000000722,11.099259999999997,-0.015238413562295827,False,in_sample,9,45,low_cost,0.0006000000000000001,0.9847615864377042,1.004885285331561,-0.020025866820427285
downtrend_highvol_forced_cover_signal,fixed_horizon,9,6183,6184,6193,2026-03-31 11:15:00+00:00,2026-03-31 11:20:00+00:00,2026-03-31 12:05:00+00:00,66684.23775700001,66751.02423,0.0010015331245647463,0.0006015331245647463,9,fixed_9b_exit,0,66584.35,4,0.5857227811430628,101.98859999999999,104.94784999999999,0.5547547141234392,10.845540000000003,0.9454199999999986,-0.014646046848254546,True,in_sample,9,45,low_cost,0.0006000000000000001,0.9853539531517455,1.004885285331561,-0.019436379918103097
downtrend_highvol_forced_cover_signal,fixed_horizon,9,7459,7460,7469,2026-04-04 21:35:00+00:00,2026-04-04 21:40:00+00:00,2026-04-04 22:25:00+00:00,67309.80030700001,67421.02722300001,0.0016524624273537292,0.0012524624273537292,9,fixed_9b_exit,0,67295.81,3,0.7743888640986148,32.83628000000006,9.335030000000003,0.8224596890818061,69.25726000000006,1.420880000000011,-0.01341192804428748,True,in_sample,9,45,low_cost,0.0006000000000000001,0.9865880719557125,1.004885285331561,-0.018208260826320544
downtrend_highvol_forced_cover_signal,fixed_horizon,9,7595,7596,7605,2026-04-05 08:55:00+00:00,2026-04-05 09:00:00+00:00,2026-04-05 09:45:00+00:00,66939.873318,67039.275402,0.001484945803942317,0.001084945803942317,9,fixed_9b_exit,0,66915.59,3,0.6711510957964305,19.73367000000004,8.005320000000001,0.34774769306741987,-19.164749999999955,-4.3593399999999995,-0.012341533455399567,True,in_sample,9,45,low_cost,0.0006000000000000001,0.9876584665446004,1.004885285331561,-0.017143069998558746
downtrend_highvol_forced_cover_signal,fixed_horizon,9,9793,9794,9803,2026-04-13 00:05:00+00:00,2026-04-13 00:10:00+00:00,2026-04-13 00:55:00+00:00,70899.119203,71165.502738,0.0037572192432642204,0.0033572192432642202,9,fixed_9b_exit,0,70834.26,3,0.6245568337799611,38.07747000000001,25.67533000000001,0.6888709785538399,31.500169999999997,-30.284439999999996,-0.009025747445743137,True,in_sample,9,45,low_cost,0.0006000000000000001,0.9909742525542569,1.004885285331561,-0.013843403799782217
downtrend_highvol_forced_cover_signal,fixed_horizon,9,11808,11809,11818,2026-04-20 00:00:00+00:00,2026-04-20 00:05:00+00:00,2026-04-20 00:50:00+00:00,74077.376997,74298.529404,0.0029854243760407684,0.002585424376040768,9,fixed_9b_exit,0,74054.22,4,0.6015835325435833,35.751280000000165,30.366640000000015,0.6745369214375514,44.35859000000015,3.8391599999999926,-0.00646365845716057,True,in_sample,9,45,low_cost,0.0006000000000000001,0.9935363415428394,1.004885285331561,-0.01129377049737279
downtrend_highvol_forced_cover_signal,fixed_horizon,9,12324,12325,12334,2026-04-21 19:00:00+00:00,2026-04-21 19:05:00+00:00,2026-04-21 19:50:00+00:00,75746.683911,74947.614489,-0.010549233058689156,-0.010949233058689155,9,fixed_9b_exit,0,75668.24,3,0.6009116704453381,31.270460000000135,27.849079999999994,0.41790404045249624,-70.16475999999982,12.041530000000009,-0.017342119412990464,False,in_sample,9,45,low_cost,0.0006000000000000001,0.9826578805870095,1.004885285331561,-0.022119345430774873
downtrend_highvol_forced_cover_signal,fixed_horizon,9,12811,12812,12821,2026-04-23 11:35:00+00:00,2026-04-23 11:40:00+00:00,2026-04-23 12:25:00+00:00,77528.84210899999,77758.42338,0.002961236937825351,0.002561236937825351,9,fixed_9b_exit,0,77501.61,3,0.6247528585209194,34.78587000000015,7.9355699999999985,0.5079652280173922,1.3547400000001417,41.865289999999995,-0.014825299751985765,True,in_sample,9,45,low_cost,0.0006000000000000001,0.9851747002480142,1.004885285331561,-0.019614761377507284
downtrend_highvol_forced_cover_signal,fixed_horizon,9,13470,13471,13480,2026-04-25 18:30:00+00:00,2026-04-25 18:35:00+00:00,2026-04-25 19:20:00+00:00,77367.205947,77331.26610000001,-0.0004645359304381591,-0.0008645359304381591,9,fixed_9b_exit,0,77335.0,3,0.6129684574563794,8.304840000000183,10.851809999999999,0.877167075223719,106.25056000000019,29.927980000000005,-0.01567701867810878,False,in_sample,9,45,low_cost,0.0006000000000000001,0.9843229813218912,1.004885285331561,-0.02046233964196753
downtrend_highvol_forced_cover_signal,fixed_horizon,9,14033,14034,14043,2026-04-27 17:25:00+00:00,2026-04-27 17:30:00+00:00,2026-04-27 18:15:00+00:00,76840.343266,76773.14191800001,-0.0008745581441165218,-0.0012745581441165217,9,fixed_9b_exit,0,76817.7,4,0.532300930478618,18.555150000000154,23.646809999999995,0.5259096676062271,6.16367000000017,18.66337,-0.016931595550393586,False,in_sample,9,45,low_cost,0.0006000000000000001,0.9830684044496064,1.004885285331561,-0.021710817344445688
downtrend_highvol_forced_cover_signal,fixed_horizon,9,14204,14205,14214,2026-04-28 07:40:00+00:00,2026-04-28 07:45:00+00:00,2026-04-28 08:30:00+00:00,76865.68579999999,76903.118919,0.0004869938856384426,8.699388563844257e-05,9,fixed_9b_exit,0,76832.34,5,0.741393311977183,269.65721000000013,136.57196999999996,0.6329632084882543,161.35259000000013,65.28187999999997,-0.01684607461004206,True,in_sample,9,45,low_cost,0.0006000000000000001,0.9831539253899579,1.004885285331561,-0.021625712167168354
downtrend_highvol_forced_cover_signal,fixed_horizon,9,14302,14303,14312,2026-04-28 15:50:00+00:00,2026-04-28 15:55:00+00:00,2026-04-28 16:40:00+00:00,76093.018541,75904.95874500001,-0.0024714461274611965,-0.0028714461274611967,9,fixed_9b_exit,0,76068.12,3,0.6370788870731572,34.82343000000015,44.780240000000006,0.44288342884243675,-9.388749999999856,8.073539999999998,-0.019669148141801318,False,in_sample,9,45,low_cost,0.0006000000000000001,0.9803308518581987,1.004885285331561,-0.024435061227173538
downtrend_highvol_forced_cover_signal,fixed_horizon,9,14647,14648,14657,2026-04-29 20:35:00+00:00,2026-04-29 20:40:00+00:00,2026-04-29 21:25:00+00:00,75759.835226,75815.297712,0.0007320829808374896,0.00033208298083748955,9,fixed_9b_exit,0,75716.54,3,0.6302424694674957,34.39092000000017,13.14135,0.5383612995201853,4.364530000000168,-3.5259200000000064,-0.019343596950309294,True,in_sample,9,45,low_cost,0.0006000000000000001,0.9806564030496907,1.004885285331561,-0.024111092714305227
downtrend_highvol_forced_cover_signal,fixed_horizon,9,15857,15858,15867,2026-05-04 01:25:00+00:00,2026-05-04 01:30:00+00:00,2026-05-04 02:15:00+00:00,78613.550569,79868.41236,0.01596241083016081,0.015562410830160812,9,fixed_9b_exit,0,78585.86,4,0.6687443949436301,33.08245000000012,9.808639999999997,0.5023635323455573,2.0554200000001117,-232.88360000000006,-0.00408221912282225,True,in_sample,9,45,low_cost,0.0006000000000000001,0.9959177808771777,1.004885285331561,-0.00892390861452863
downtrend_highvol_forced_cover_signal,fixed_horizon,9,16431,16432,16441,2026-05-06 01:15:00+00:00,2026-05-06 01:20:00+00:00,2026-05-06 02:05:00+00:00,81295.72876,81313.35785100001,0.00021685138037264018,-0.00018314861962735984,9,fixed_9b_exit,0,81262.28,3,0.665186335393973,42.08854000000014,17.0036,0.535685195652079,14.136130000000136,-62.85591000000002,-0.004264620089652227,False,in_sample,9,45,low_cost,0.0006000000000000001,0.9957353799103478,1.004885285331561,-0.00910542283261151
downtrend_highvol_forced_cover_signal,fixed_horizon,9,16919,16920,16929,2026-05-07 17:55:00+00:00,2026-05-07 18:00:00+00:00,2026-05-07 18:45:00+00:00,80102.529452,80055.743625,-0.0005840742773052243,-0.0009840742773052243,9,fixed_9b_exit,0,79948.66,3,0.6189537486851134,44.76762000000011,24.85457,0.3539135307365549,-47.52690999999989,-11.123429999999999,-0.005244497664024683,False,in_sample,9,45,low_cost,0.0006000000000000001,0.9947555023359753,1.004885285331561,-0.010080536697523068
downtrend_highvol_forced_cover_signal,fixed_horizon,9,2512,2513,2522,2026-03-18 17:20:00+00:00,2026-03-18 17:25:00+00:00,2026-03-18 18:10:00+00:00,71489.99,71882.21,0.005486362496343933,0.005486362496343933,9,fixed_9b_exit,0,71450.7,3,0.6426335822303931,49.69903999999998,18.155320000000003,0.6848958220393802,183.32359,8.751419999999996,0.005486362496343933,True,in_sample,9,45,no_cost,0.0,1.005486362496344,1.005486362496344,0.0
downtrend_highvol_forced_cover_signal,fixed_horizon,9,2757,2758,2767,2026-03-19 13:45:00+00:00,2026-03-19 13:50:00+00:00,2026-03-19 14:35:00+00:00,69870.7,69159.83,-0.0101740786910679,-0.0101740786910679,9,fixed_9b_exit,0,69823.5,4,0.5487074146393739,44.83325999999991,6.243870000000015,0.4089387690259492,-63.30438000000008,-31.480850000000004,-0.0047435348784894416,False,in_sample,9,45,no_cost,0.0,0.9952564651215106,1.005486362496344,-0.0101740786910679
downtrend_highvol_forced_cover_signal,fixed_horizon,9,3095,3096,3105,2026-03-20 17:55:00+00:00,2026-03-20 18:00:00+00:00,2026-03-20 18:45:00+00:00,69999.99,69757.48,-0.003464429066347141,-0.003464429066347141,9,fixed_9b_exit,0,69963.88,4,0.6546879707265746,81.0036799999999,50.52185999999999,0.5728293937619788,20.485279999999907,17.532099999999986,-0.008191530304726302,False,in_sample,9,45,no_cost,0.0,0.9918084696952737,1.005486362496344,-0.01360326038347437
downtrend_highvol_forced_cover_signal,fixed_horizon,9,3497,3498,3507,2026-03-22 03:25:00+00:00,2026-03-22 03:30:00+00:00,2026-03-22 04:15:00+00:00,69440.44,69411.06,-0.00042309639743076666,-0.00042309639743076666,9,fixed_9b_exit,0,69411.1,3,0.5062472786972226,3.572099999999935,-59.89598000000001,0.6995194907315958,54.979119999999966,-62.40777999999999,-0.008611160895195646,False,in_sample,9,45,no_cost,0.0,0.9913888391048044,1.005486362496344,-0.014020601290443468
downtrend_highvol_forced_cover_signal,fixed_horizon,9,3721,3722,3731,2026-03-22 22:05:00+00:00,2026-03-22 22:10:00+00:00,2026-03-22 22:55:00+00:00,68121.77,68339.37,0.003194279890261109,0.003194279890261109,9,fixed_9b_exit,0,68090.6,5,0.6396708687560277,74.19040000000001,51.98758000000002,0.6166419849521753,21.33561999999997,8.200849999999999,-0.0054443874630139,True,in_sample,9,45,no_cost,0.0,0.9945556125369861,1.005486362496344,-0.010871107124933888
downtrend_highvol_forced_cover_signal,fixed_horizon,9,4216,4217,4226,2026-03-24 15:20:00+00:00,2026-03-24 15:25:00+00:00,2026-03-24 16:10:00+00:00,70213.08,69915.27,-0.004241517392485794,-0.004241517392485794,9,fixed_9b_exit,0,70131.96,4,0.5854448515896512,77.6410399999999,150.12989,0.35951656715832997,-45.24317000000009,15.06711,-0.00966281239138389,False,in_sample,9,45,no_cost,0.0,0.9903371876086161,1.005486362496344,-0.015066514527473651
downtrend_highvol_forced_cover_signal,fixed_horizon,9,4254,4255,4264,2026-03-24 18:30:00+00:00,2026-03-24 18:35:00+00:00,2026-03-24 19:20:00+00:00,69507.86,69598.97,0.001310787010274872,0.001310787010274872,9,fixed_9b_exit,0,69496.1,3,0.5780427673387833,37.8243199999999,19.302,0.5025918565654823,0.5047099999998856,-18.920989999999993,-0.008364691270074331,True,in_sample,9,45,no_cost,0.0,0.9916353087299257,1.005486362496344,-0.013775476508731455
downtrend_highvol_forced_cover_signal,fixed_horizon,9,4840,4841,4850,2026-03-26 19:20:00+00:00,2026-03-26 19:25:00+00:00,2026-03-26 20:10:00+00:00,68549.37,69201.99,0.00952043760577248,0.00952043760577248,9,fixed_9b_exit,0,68520.29,3,0.6980821535904654,42.74413999999995,8.794540000000005,0.5625984387686521,97.15072999999995,86.70260000000002,0.0010761108143697573,True,in_sample,9,45,no_cost,0.0,1.0010761108143698,1.005486362496344,-0.004386187467550262
downtrend_highvol_forced_cover_signal,fixed_horizon,9,5082,5083,5092,2026-03-27 15:30:00+00:00,2026-03-27 15:35:00+00:00,2026-03-27 16:20:00+00:00,66525.24,65862.15,-0.00996749504398653,-0.00996749504398653,9,fixed_9b_exit,0,66458.57,4,0.571288405575657,104.57404999999994,98.51559,0.5869195162848282,47.22781999999995,0.21486000000001582,-0.008902110358825821,False,in_sample,9,45,no_cost,0.0,0.9910978896411742,1.005486362496344,-0.014309963209692023
downtrend_highvol_forced_cover_signal,fixed_horizon,9,5484,5485,5494,2026-03-29 01:00:00+00:00,2026-03-29 01:05:00+00:00,2026-03-29 01:50:00+00:00,66529.4,66502.24,-0.00040824056732791103,-0.00040824056732791103,9,fixed_9b_exit,0,66500.0,3,0.6370355727908412,20.575450000000004,10.801650000000006,0.4998495625187137,-0.01588000000000722,11.099259999999997,-0.009306716723570418,False,in_sample,9,45,no_cost,0.0,0.9906932832764296,1.005486362496344,-0.01471236186952074
downtrend_highvol_forced_cover_signal,fixed_horizon,9,6183,6184,6193,2026-03-31 11:15:00+00:00,2026-03-31 11:20:00+00:00,2026-03-31 12:05:00+00:00,66677.57,66757.7,0.0012017534532224872,0.0012017534532224872,9,fixed_9b_exit,0,66584.35,4,0.5857227811430628,101.98859999999999,104.94784999999999,0.5547547141234392,10.845540000000003,0.9454199999999986,-0.00811614764930868,True,in_sample,9,45,no_cost,0.0,0.9918838523506913,1.005486362496344,-0.013528289047980091
downtrend_highvol_forced_cover_signal,fixed_horizon,9,7459,7460,7469,2026-04-04 21:35:00+00:00,2026-04-04 21:40:00+00:00,2026-04-04 22:25:00+00:00,67303.07,67427.77,0.0018528129548918137,0.0018528129548918137,9,fixed_9b_exit,0,67295.81,3,0.7743888640986148,32.83628000000006,9.335030000000003,0.8224596890818061,69.25726000000006,1.420880000000011,-0.00627837239792528,True,in_sample,9,45,no_cost,0.0,0.9937216276020747,1.005486362496344,-0.011700541482293825
downtrend_highvol_forced_cover_signal,fixed_horizon,9,7595,7596,7605,2026-04-05 08:55:00+00:00,2026-04-05 09:00:00+00:00,2026-04-05 09:45:00+00:00,66933.18,67045.98,0.0016852628248054113,0.0016852628248054113,9,fixed_9b_exit,0,66915.59,3,0.6711510957964305,19.73367000000004,8.005320000000001,0.34774769306741987,-19.164749999999955,-4.3593399999999995,-0.004603690280722383,True,in_sample,9,45,no_cost,0.0,0.9953963097192776,1.005486362496344,-0.010034997145078606
downtrend_highvol_forced_cover_signal,fixed_horizon,9,9793,9794,9803,2026-04-13 00:05:00+00:00,2026-04-13 00:10:00+00:00,2026-04-13 00:55:00+00:00,70892.03,71172.62,0.0039579907642650625,0.0039579907642650625,9,fixed_9b_exit,0,70834.26,3,0.6245568337799611,38.07747000000001,25.67533000000001,0.6888709785538399,31.500169999999997,-30.284439999999996,-0.0006639208800699459,True,in_sample,9,45,no_cost,0.0,0.99933607911993,1.005486362496344,-0.006116724806833229
downtrend_highvol_forced_cover_signal,fixed_horizon,9,11808,11809,11818,2026-04-20 00:00:00+00:00,2026-04-20 00:05:00+00:00,2026-04-20 00:50:00+00:00,74069.97,74305.96,0.0031860415226305783,0.0031860415226305783,9,fixed_9b_exit,0,74054.22,4,0.6015835325435833,35.751280000000165,30.366640000000015,0.6745369214375514,44.35859000000015,3.8391599999999926,0.0025200053630689556,True,in_sample,9,45,no_cost,0.0,1.002520005363069,1.005486362496344,-0.0029501714234196896
downtrend_highvol_forced_cover_signal,fixed_horizon,9,12324,12325,12334,2026-04-21 19:00:00+00:00,2026-04-21 19:05:00+00:00,2026-04-21 19:50:00+00:00,75739.11,74955.11,-0.010351323114306421,-0.010351323114306421,9,fixed_9b_exit,0,75668.24,3,0.6009116704453381,31.270460000000135,27.849079999999994,0.41790404045249624,-70.16475999999982,12.041530000000009,-0.007857403141000363,False,in_sample,9,45,no_cost,0.0,0.9921425968589996,1.005486362496344,-0.013270956360079689
downtrend_highvol_forced_cover_signal,fixed_horizon,9,12811,12812,12821,2026-04-23 11:35:00+00:00,2026-04-23 11:40:00+00:00,2026-04-23 12:25:00+00:00,77521.09,77766.2,0.003161849246443804,0.003161849246443804,9,fixed_9b_exit,0,77501.61,3,0.6247528585209194,34.78587000000015,7.9355699999999985,0.5079652280173922,1.3547400000001417,41.865289999999995,-0.004720397818756883,True,in_sample,9,45,no_cost,0.0,0.9952796021812431,1.005486362496344,-0.010151067877002595
downtrend_highvol_forced_cover_signal,fixed_horizon,9,13470,13471,13480,2026-04-25 18:30:00+00:00,2026-04-25 18:35:00+00:00,2026-04-25 19:20:00+00:00,77359.47,77339.0,-0.000264608844915859,-0.000264608844915859,9,fixed_9b_exit,0,77335.0,3,0.6129684574563794,8.304840000000183,10.851809999999999,0.877167075223719,106.25056000000019,29.927980000000005,-0.004983757604658412,False,in_sample,9,45,no_cost,0.0,0.9950162423953416,1.005486362496344,-0.010412990659572907
downtrend_highvol_forced_cover_signal,fixed_horizon,9,14033,14034,14043,2026-04-27 17:25:00+00:00,2026-04-27 17:30:00+00:00,2026-04-27 18:15:00+00:00,76832.66,76780.82,-0.00067471307123812,-0.00067471307123812,9,fixed_9b_exit,0,76817.7,4,0.532300930478618,18.555150000000154,23.646809999999995,0.5259096676062271,6.16367000000017,18.66337,-0.0056551080694967615,False,in_sample,9,45,no_cost,0.0,0.9943448919305032,1.005486362496344,-0.011080677949902307
downtrend_highvol_forced_cover_signal,fixed_horizon,9,14204,14205,14214,2026-04-28 07:40:00+00:00,2026-04-28 07:45:00+00:00,2026-04-28 08:30:00+00:00,76858.0,76910.81,0.0006871112961566173,0.0006871112961566173,9,fixed_9b_exit,0,76832.34,5,0.741393311977183,269.65721000000013,136.57196999999996,0.6329632084882543,161.35259000000013,65.28187999999997,-0.004971882461975663,True,in_sample,9,45,no_cost,0.0,0.9950281175380243,1.005486362496344,-0.01040118031273407
downtrend_highvol_forced_cover_signal,fixed_horizon,9,14302,14303,14312,2026-04-28 15:50:00+00:00,2026-04-28 15:55:00+00:00,2026-04-28 16:40:00+00:00,76085.41,75912.55,-0.0022719204641205026,-0.0022719204641205026,9,fixed_9b_exit,0,76068.12,3,0.6370788870731572,34.82343000000015,44.780240000000006,0.44288342884243675,-9.388749999999856,8.073539999999998,-0.00723250720458557,False,in_sample,9,45,no_cost,0.0,0.9927674927954144,1.005486362496344,-0.0126494701224511
downtrend_highvol_forced_cover_signal,fixed_horizon,9,14647,14648,14657,2026-04-29 20:35:00+00:00,2026-04-29 20:40:00+00:00,2026-04-29 21:25:00+00:00,75752.26,75822.88,0.000932249414077102,0.000932249414077102,9,fixed_9b_exit,0,75716.54,3,0.6302424694674957,34.39092000000017,13.14135,0.5383612995201853,4.364530000000168,-3.5259200000000064,-0.006307000291112197,True,in_sample,9,45,no_cost,0.0,0.9936929997088878,1.005486362496344,-0.011729013169483937
downtrend_highvol_forced_cover_signal,fixed_horizon,9,15857,15858,15867,2026-05-04 01:25:00+00:00,2026-05-04 01:30:00+00:00,2026-05-04 02:15:00+00:00,78605.69,79876.4,0.016165623633607185,0.016165623633607185,9,fixed_9b_exit,0,78585.86,4,0.6687443949436301,33.08245000000012,9.808639999999997,0.5023635323455573,2.0554200000001117,-232.88360000000006,0.009756666749531906,True,in_sample,9,45,no_cost,0.0,1.009756666749532,1.009756666749532,0.0
downtrend_highvol_forced_cover_signal,fixed_horizon,9,16431,16432,16441,2026-05-06 01:15:00+00:00,2026-05-06 01:20:00+00:00,2026-05-06 02:05:00+00:00,81287.6,81321.49,0.00041691475698635294,0.00041691475698635294,9,fixed_9b_exit,0,81262.28,3,0.665186335393973,42.08854000000014,17.0036,0.535685195652079,14.136130000000136,-62.85591000000002,0.01017764920486508,True,in_sample,9,45,no_cost,0.0,1.010177649204865,1.010177649204865,0.0
downtrend_highvol_forced_cover_signal,fixed_horizon,9,16919,16920,16929,2026-05-07 17:55:00+00:00,2026-05-07 18:00:00+00:00,2026-05-07 18:45:00+00:00,80094.52,80063.75,-0.00038417110184318926,-0.00038417110184318926,9,fixed_9b_exit,0,79948.66,3,0.6189537486851134,44.76762000000011,24.85457,0.3539135307365549,-47.52690999999989,-11.123429999999999,0.009789568144312755,False,in_sample,9,45,no_cost,0.0,1.0097895681443128,1.010177649204865,-0.00038417110184307823
downtrend_highvol_forced_cover_signal,fixed_horizon,12,2512,2513,2525,2026-03-18 17:20:00+00:00,2026-03-18 17:25:00+00:00,2026-03-18 18:25:00+00:00,71504.287998,71670.26308,0.0023211906117384107,0.0015211906117384108,12,fixed_12b_exit,0,71450.7,3,0.6426335822303931,49.69903999999998,18.155320000000003,0.5836393125099316,36.30584999999998,-27.88006,0.0015211906117384988,True,in_sample,12,60,base_cost,0.0012000000000000001,1.0015211906117385,1.0015211906117385,0.0
downtrend_highvol_forced_cover_signal,fixed_horizon,12,2757,2758,2770,2026-03-19 13:45:00+00:00,2026-03-19 13:50:00+00:00,2026-03-19 14:50:00+00:00,69884.67414,69479.721276,-0.005794587568495602,-0.006594587568495602,12,fixed_12b_exit,0,69823.5,4,0.5487074146393739,44.83325999999991,6.243870000000015,0.4159205526287009,-121.87290000000007,46.54281999999998,-0.005083428581454608,False,in_sample,12,60,base_cost,0.0012000000000000001,0.9949165714185454,1.0015211906117385,-0.0065945875684956246
downtrend_highvol_forced_cover_signal,fixed_horizon,12,3095,3096,3108,2026-03-20 17:55:00+00:00,2026-03-20 18:00:00+00:00,2026-03-20 19:00:00+00:00,70013.989998,69851.496906,-0.0023208660441240703,-0.00312086604412407,12,fixed_12b_exit,0,69963.88,4,0.6546879707265746,81.0036799999999,50.52185999999999,0.5655363845951743,15.010889999999918,-10.562729999999988,-0.008188429925931162,False,in_sample,12,60,base_cost,0.0012000000000000001,0.9918115700740688,1.0015211906117385,-0.009694872788202247
downtrend_highvol_forced_cover_signal,fixed_horizon,12,3497,3498,3510,2026-03-22 03:25:00+00:00,2026-03-22 03:30:00+00:00,2026-03-22 04:30:00+00:00,69454.328088,69340.32916,-0.001641350958799359,-0.002441350958799359,12,fixed_12b_exit,0,69411.1,3,0.5062472786972226,3.572099999999935,-59.89598000000001,0.4919640685089478,-2.714650000000031,16.38935,-0.01060979005347984,False,in_sample,12,60,base_cost,0.0012000000000000001,0.9893902099465202,1.0015211906117385,-0.01211255516002474
downtrend_highvol_forced_cover_signal,fixed_horizon,12,3721,3722,3734,2026-03-22 22:05:00+00:00,2026-03-22 22:10:00+00:00,2026-03-22 23:10:00+00:00,68135.394354,68313.48457,0.0026137695053869425,0.0018137695053869426,12,fixed_12b_exit,0,68090.6,5,0.6396708687560277,74.19040000000001,51.98758000000002,0.49209025120307726,-1.83116000000002,-4.209009999999996,-0.008815264261750388,True,in_sample,12,60,base_cost,0.0012000000000000001,0.9911847357382496,1.0015211906117385,-0.010320755037819263
downtrend_highvol_forced_cover_signal,fixed_horizon,12,4216,4217,4229,2026-03-24 15:20:00+00:00,2026-03-24 15:25:00+00:00,2026-03-24 16:25:00+00:00,70227.122616,69784.36033600001,-0.006304719081557608,-0.0071047190815576085,12,fixed_12b_exit,0,70131.96,4,0.5854448515896512,77.6410399999999,150.12989,0.5357956258212305,13.624989999999919,-6.59720999999999,-0.015857353367098592,False,in_sample,12,60,base_cost,0.0012000000000000001,0.9841426466329014,1.0015211906117385,-0.01735214805412366
downtrend_highvol_forced_cover_signal,fixed_horizon,12,4254,4255,4267,2026-03-24 18:30:00+00:00,2026-03-24 18:35:00+00:00,2026-03-24 19:35:00+00:00,69521.761572,69417.243774,-0.001503382475309678,-0.002303382475309678,12,fixed_12b_exit,0,69496.1,3,0.5780427673387833,37.8243199999999,19.302,0.3306847045843257,-45.85983000000011,4.16639,-0.01812421029255773,False,in_sample,12,60,base_cost,0.0012000000000000001,0.9818757897074423,1.0015211906117385,-0.019615561895696465
downtrend_highvol_forced_cover_signal,fixed_horizon,12,4840,4841,4853,2026-03-26 19:20:00+00:00,2026-03-26 19:25:00+00:00,2026-03-26 20:25:00+00:00,68563.07987399999,69155.15620200001,0.008635497837729877,0.007835497837729877,12,fixed_12b_exit,0,68520.29,3,0.6980821535904654,42.74413999999995,8.794540000000005,0.648260894768628,150.54270999999994,-88.42165,-0.010430724665385638,True,in_sample,12,60,base_cost,0.0012000000000000001,0.9895692753346144,1.0015211906117385,-0.011933761750786087
downtrend_highvol_forced_cover_signal,fixed_horizon,12,5082,5083,5095,2026-03-27 15:30:00+00:00,2026-03-27 15:35:00+00:00,2026-03-27 16:35:00+00:00,66538.545048,65839.199526,-0.010510381937198998,-0.011310381937198999,12,fixed_12b_exit,0,66458.57,4,0.571288405575657,104.57404999999994,98.51559,0.3754977876313346,-79.78294000000008,-0.012370000000004211,-0.021623131122737393,False,in_sample,12,60,base_cost,0.0012000000000000001,0.9783768688772626,1.0015211906117385,-0.023109168284636272
downtrend_highvol_forced_cover_signal,fixed_horizon,12,5484,5485,5497,2026-03-29 01:00:00+00:00,2026-03-29 01:05:00+00:00,2026-03-29 02:05:00+00:00,66542.70588,66583.650606,0.0006153150139978081,-0.00018468498600219196,12,fixed_12b_exit,0,66500.0,3,0.6370355727908412,20.575450000000004,10.801650000000006,0.7601096519508896,33.60277,7.124780000000001,-0.021803822641070836,False,in_sample,12,60,base_cost,0.0012000000000000001,0.9781961773589292,1.0015211906117385,-0.023289585354217213
downtrend_highvol_forced_cover_signal,fixed_horizon,12,6183,6184,6196,2026-03-31 11:15:00+00:00,2026-03-31 11:20:00+00:00,2026-03-31 12:20:00+00:00,66690.90551400001,66620.683198,-0.0010529519048930736,-0.0018529519048930735,12,fixed_12b_exit,0,66584.35,4,0.5857227811430628,101.98859999999999,104.94784999999999,0.3291034247632701,-57.34438000000001,-14.272510000000004,-0.023616373111267186,False,in_sample,12,60,base_cost,0.0012000000000000001,0.9763836268887328,1.0015211906117385,-0.025099382777564072
downtrend_highvol_forced_cover_signal,fixed_horizon,12,7459,7460,7472,2026-04-04 21:35:00+00:00,2026-04-04 21:40:00+00:00,2026-04-04 22:40:00+00:00,67316.530614,67451.696962,0.002007922077491786,0.0012079220774917862,12,fixed_12b_exit,0,67295.81,3,0.7743888640986148,32.83628000000006,9.335030000000003,0.8133260083203712,54.38674000000005,55.13048,-0.022436977772246736,True,in_sample,12,60,base_cost,0.0012000000000000001,0.9775630222277533,1.0015211906117385,-0.023921778798660642
downtrend_highvol_forced_cover_signal,fixed_horizon,12,7595,7596,7608,2026-04-05 08:55:00+00:00,2026-04-05 09:00:00+00:00,2026-04-05 10:00:00+00:00,66946.56663599999,67019.463426,0.001088880187035901,0.000288880187035901,12,fixed_12b_exit,0,66915.59,3,0.6711510957964305,19.73367000000004,8.005320000000001,0.5306008623325879,5.533710000000037,13.761709999999997,-0.02215457918354613,True,in_sample,12,60,base_cost,0.0012000000000000001,0.9778454208164539,1.0015211906117385,-0.02363980913955821
downtrend_highvol_forced_cover_signal,fixed_horizon,12,9793,9794,9806,2026-04-13 00:05:00+00:00,2026-04-13 00:10:00+00:00,2026-04-13 01:10:00+00:00,70906.20840599999,71118.72340999999,0.0029971283019840644,0.0021971283019840645,12,fixed_12b_exit,0,70834.26,3,0.6245568337799611,38.07747000000001,25.67533000000001,0.5971142210877626,46.946039999999996,83.21032999999998,-0.020006127334504686,True,in_sample,12,60,base_cost,0.0012000000000000001,0.9799938726654953,1.0015211906117385,-0.021494620531288144
downtrend_highvol_forced_cover_signal,fixed_horizon,12,11808,11809,11821,2026-04-20 00:00:00+00:00,2026-04-20 00:05:00+00:00,2026-04-20 01:05:00+00:00,74084.783994,74265.18399199999,0.0024350479042309914,0.0016350479042309914,12,fixed_12b_exit,0,74054.22,4,0.6015835325435833,35.751280000000165,30.366640000000015,0.34278816041222226,-85.53067999999985,-44.977659999999986,-0.0184037904068437,True,in_sample,12,60,base_cost,0.0012000000000000001,0.9815962095931563,1.0015211906117385,-0.01989471736130899
downtrend_highvol_forced_cover_signal,fixed_horizon,12,12324,12325,12337,2026-04-21 19:00:00+00:00,2026-04-21 19:05:00+00:00,2026-04-21 20:05:00+00:00,75754.257822,75343.67825,-0.00541988772386548,-0.00621988772386548,12,fixed_12b_exit,0,75668.24,3,0.6009116704453381,31.270460000000135,27.849079999999994,0.5794216712833158,54.04822000000014,13.14336999999999,-0.024509208620685063,False,in_sample,12,60,base_cost,0.0012000000000000001,0.9754907913793149,1.0015211906117385,-0.025990862176889062
downtrend_highvol_forced_cover_signal,fixed_horizon,12,12811,12812,12824,2026-04-23 11:35:00+00:00,2026-04-23 11:40:00+00:00,2026-04-23 12:40:00+00:00,77536.594218,77748.93710200001,0.002738615051919746,0.0019386150519197461,12,fixed_12b_exit,0,77501.61,3,0.6247528585209194,34.78587000000015,7.9355699999999985,0.5691082199743168,15.458750000000144,-6.065270000000002,-0.022618107489507988,True,in_sample,12,60,base_cost,0.0012000000000000001,0.977381892510492,1.0015211906117385,-0.024102633401597795
downtrend_highvol_forced_cover_signal,fixed_horizon,12,13470,13471,13483,2026-04-25 18:30:00+00:00,2026-04-25 18:35:00+00:00,2026-04-25 19:35:00+00:00,77374.941894,77207.725366,-0.002161119916950449,-0.002961119916950449,12,fixed_12b_exit,0,77335.0,3,0.6129684574563794,8.304840000000183,10.851809999999999,0.2970550672966712,-13.424579999999823,-36.00558,-0.025512252477887576,False,in_sample,12,60,base_cost,0.0012000000000000001,0.9744877475221124,1.0015211906117385,-0.026992382530731884
downtrend_highvol_forced_cover_signal,fixed_horizon,12,14033,14034,14046,2026-04-27 17:25:00+00:00,2026-04-27 17:30:00+00:00,2026-04-27 18:30:00+00:00,76848.026532,76706.325666,-0.001843910278437555,-0.002643910278437555,12,fixed_12b_exit,0,76817.7,4,0.532300930478618,18.555150000000154,23.646809999999995,0.42007507577108044,-10.58670999999984,-15.146590000000005,-0.028088710649772808,False,in_sample,12,60,base_cost,0.0012000000000000001,0.9719112893502272,1.0015211906117385,-0.029564927371556915
downtrend_highvol_forced_cover_signal,fixed_horizon,12,14204,14205,14217,2026-04-28 07:40:00+00:00,2026-04-28 07:45:00+00:00,2026-04-28 08:45:00+00:00,76873.3716,76798.1373,-0.0009786782917687864,-0.0017786782917687863,12,fixed_12b_exit,0,76832.34,5,0.741393311977183,269.65721000000013,136.57196999999996,0.20153260803473352,-106.02683999999985,-81.91119999999998,-0.029817428161665105,False,in_sample,12,60,base_cost,0.0012000000000000001,0.9701825718383349,1.0015211906117385,-0.03129101916881227
downtrend_highvol_forced_cover_signal,fixed_horizon,12,14302,14303,14315,2026-04-28 15:50:00+00:00,2026-04-28 15:55:00+00:00,2026-04-28 16:55:00+00:00,76100.627082,76109.814992,0.00012073369632159547,-0.0006792663036784046,12,fixed_12b_exit,0,76068.12,3,0.6370788870731572,34.82343000000015,44.780240000000006,0.4152830338710308,-31.79157999999986,-44.530919999999995,-0.030476440491130963,False,in_sample,12,60,base_cost,0.0012000000000000001,0.969523559508869,1.0015211906117385,-0.031949030537561596
downtrend_highvol_forced_cover_signal,fixed_horizon,12,14647,14648,14660,2026-04-29 20:35:00+00:00,2026-04-29 20:40:00+00:00,2026-04-29 21:40:00+00:00,75767.410452,75927.301502,0.0021102879067154134,0.0013102879067154135,12,fixed_12b_exit,0,75716.54,3,0.6302424694674957,34.39092000000017,13.14135,0.6349735907730009,27.396710000000173,25.225340000000003,-0.029206085495830703,True,in_sample,12,60,base_cost,0.0012000000000000001,0.9707939145041693,1.0015211906117385,-0.03068060505919068
downtrend_highvol_forced_cover_signal,fixed_horizon,12,15857,15858,15870,2026-05-04 01:25:00+00:00,2026-05-04 01:30:00+00:00,2026-05-04 02:30:00+00:00,78621.411138,79735.90962800001,0.014175508603423426,0.013375508603423425,12,fixed_12b_exit,0,78585.86,4,0.6687443949436301,33.08245000000012,9.808639999999997,0.4339267656036369,-28.44267999999989,16.535050000000005,-0.016221223140229002,True,in_sample,12,60,base_cost,0.0012000000000000001,0.983778776859771,1.0015211906117385,-0.01771546515269462
downtrend_highvol_forced_cover_signal,fixed_horizon,12,16431,16432,16444,2026-05-06 01:15:00+00:00,2026-05-06 01:20:00+00:00,2026-05-06 02:20:00+00:00,81303.85752,81273.502048,-0.0003733583242657712,-0.0011733583242657711,12,fixed_12b_exit,0,81262.28,3,0.665186335393973,42.08854000000014,17.0036,0.6921915468425649,32.02575000000014,-21.03199,-0.017375548157293474,False,in_sample,12,60,base_cost,0.0012000000000000001,0.9826244518427065,1.0015211906117385,-0.018868036888455286
downtrend_highvol_forced_cover_signal,fixed_horizon,12,16919,16920,16932,2026-05-07 17:55:00+00:00,2026-05-07 18:00:00+00:00,2026-05-07 19:00:00+00:00,80110.538904,80064.813834,-0.0005707747148573361,-0.001370774714857336,12,fixed_12b_exit,0,79948.66,3,0.6189537486851134,44.76762000000011,24.85457,0.40009194932725317,-26.333759999999884,-0.8315299999999937,-0.018722504910079985,False,in_sample,12,60,base_cost,0.0012000000000000001,0.98127749508992,1.0015211906117385,-0.020212947775426926
downtrend_highvol_forced_cover_signal,fixed_horizon,12,2512,2513,2525,2026-03-18 17:20:00+00:00,2026-03-18 17:25:00+00:00,2026-03-18 18:25:00+00:00,71511.436997,71663.09462,0.00212074640601001,0.0009207464060100102,12,fixed_12b_exit,0,71450.7,3,0.6426335822303931,49.69903999999998,18.155320000000003,0.5836393125099316,36.30584999999998,-27.88006,0.0009207464060099202,True,in_sample,12,60,high_cost,0.0018,1.00092074640601,1.00092074640601,0.0
downtrend_highvol_forced_cover_signal,fixed_horizon,12,2757,2758,2770,2026-03-19 13:45:00+00:00,2026-03-19 13:50:00+00:00,2026-03-19 14:50:00+00:00,69891.66120999999,69472.771914,-0.0059934087807896885,-0.007193408780789688,12,fixed_12b_exit,0,69823.5,4,0.5487074146393739,44.83325999999991,6.243870000000015,0.4159205526287009,-121.87290000000007,46.54281999999998,-0.0062792856800616415,False,in_sample,12,60,high_cost,0.0018,0.9937207143199384,1.00092074640601,-0.007193408780789667
downtrend_highvol_forced_cover_signal,fixed_horizon,12,3095,3096,3108,2026-03-20 17:55:00+00:00,2026-03-20 18:00:00+00:00,2026-03-20 19:00:00+00:00,70020.989997,69844.510359,-0.002520381931297333,-0.0037203819312973327,12,fixed_12b_exit,0,69963.88,4,0.6546879707265746,81.0036799999999,50.52185999999999,0.5655363845951743,15.010889999999918,-10.562729999999988,-0.00997630627037338,False,in_sample,12,60,high_cost,0.0018,0.9900236937296266,1.00092074640601,-0.010887028484034444
downtrend_highvol_forced_cover_signal,fixed_horizon,12,3497,3498,3510,2026-03-22 03:25:00+00:00,2026-03-22 03:30:00+00:00,2026-03-22 04:30:00+00:00,69461.272132,69333.39374,-0.001841002735408992,-0.0030410027354089916,12,fixed_12b_exit,0,69411.1,3,0.5062472786972226,3.572099999999935,-59.89598000000001,0.4919640685089478,-2.714650000000031,16.38935,-0.012986971031124894,False,in_sample,12,60,high_cost,0.0018,0.9870130289688751,1.00092074640601,-0.013894923736043063
downtrend_highvol_forced_cover_signal,fixed_horizon,12,3721,3722,3734,2026-03-22 22:05:00+00:00,2026-03-22 22:10:00+00:00,2026-03-22 23:10:00+00:00,68142.206531,68306.651855,0.0024132667897271975,0.0012132667897271977,12,fixed_12b_exit,0,68090.6,5,0.6396708687560277,74.19040000000001,51.98758000000002,0.49209025120307726,-1.83116000000002,-4.209009999999996,-0.01178946090204902,True,in_sample,12,60,high_cost,0.0018,0.988210539097951,1.00092074640601,-0.012698515195830762
downtrend_highvol_forced_cover_signal,fixed_horizon,12,4216,4217,4229,2026-03-24 15:20:00+00:00,2026-03-24 15:25:00+00:00,2026-03-24 16:25:00+00:00,70234.143924,69777.38050400002,-0.006503438277744911,-0.00770343827774491,12,fixed_12b_exit,0,70131.96,4,0.5854448515896512,77.6410399999999,150.12989,0.5357956258212305,13.624989999999919,-6.59720999999999,-0.01940207979540709,False,in_sample,12,60,high_cost,0.0018,0.9805979202045929,1.00092074640601,-0.02030413124554553
downtrend_highvol_forced_cover_signal,fixed_horizon,12,4254,4255,4267,2026-03-24 18:30:00+00:00,2026-03-24 18:35:00+00:00,2026-03-24 19:35:00+00:00,69528.712358,69410.300661,-0.001703061842858622,-0.0029030618428586216,12,fixed_12b_exit,0,69496.1,3,0.5780427673387833,37.8243199999999,19.302,0.3306847045843257,-45.85983000000011,4.16639,-0.022248816200739596,False,in_sample,12,60,high_cost,0.0018,0.9777511837992604,1.00092074640601,-0.023148248939732885
downtrend_highvol_forced_cover_signal,fixed_horizon,12,4840,4841,4853,2026-03-26 19:20:00+00:00,2026-03-26 19:25:00+00:00,2026-03-26 20:25:00+00:00,68569.934811,69148.23930300001,0.008433790896753779,0.007233790896753779,12,fixed_12b_exit,0,68520.29,3,0.6980821535904654,42.74413999999995,8.794540000000005,0.648260894768628,150.54270999999994,-88.42165,-0.015175968588082345,True,in_sample,12,60,high_cost,0.0018,0.9848240314119177,1.00092074640601,-0.016081907635435155
downtrend_highvol_forced_cover_signal,fixed_horizon,12,5082,5083,5095,2026-03-27 15:30:00+00:00,2026-03-27 15:35:00+00:00,2026-03-27 16:35:00+00:00,66545.197572,65832.614289,-0.01070826008486947,-0.01190826008486947,12,fixed_12b_exit,0,66458.57,4,0.571288405575657,104.57404999999994,98.51559,0.3754977876313346,-79.78294000000008,-0.012370000000004211,-0.026903509291965055,False,in_sample,12,60,high_cost,0.0018,0.973096490708035,1.00092074640601,-0.027798660181520995
downtrend_highvol_forced_cover_signal,fixed_horizon,12,5484,5485,5497,2026-03-29 01:00:00+00:00,2026-03-29 01:05:00+00:00,2026-03-29 02:05:00+00:00,66549.35882,66576.990909,0.00041521194929527994,-0.00078478805070472,12,fixed_12b_exit,0,66500.0,3,0.6370355727908412,20.575450000000004,10.801650000000006,0.7601096519508896,33.60277,7.124780000000001,-0.027667183790055394,False,in_sample,12,60,high_cost,0.0018,0.9723328162099446,1.00092074640601,-0.028561632175889584
downtrend_highvol_forced_cover_signal,fixed_horizon,12,6183,6184,6196,2026-03-31 11:15:00+00:00,2026-03-31 11:20:00+00:00,2026-03-31 12:20:00+00:00,66697.573271,66614.019797,-0.001252721349553676,-0.0024527213495536757,12,fixed_12b_exit,0,66584.35,4,0.5857227811430628,101.98859999999999,104.94784999999999,0.3291034247632701,-57.34438000000001,-14.272510000000004,-0.03005204524724514,False,in_sample,12,60,high_cost,0.0018,0.9699479547527549,1.00092074640601,-0.030944299800427344
downtrend_highvol_forced_cover_signal,fixed_horizon,12,7459,7460,7472,2026-04-04 21:35:00+00:00,2026-04-04 21:40:00+00:00,2026-04-04 22:40:00+00:00,67323.26092100001,67444.95044300001,0.001807540519209283,0.0006075405192092832,12,fixed_12b_exit,0,67295.81,3,0.7743888640986148,32.83628000000006,9.335030000000003,0.8133260083203712,54.38674000000005,55.13048,-0.02946276256320879,True,in_sample,12,60,high_cost,0.0018,0.9705372374367912,1.00092074640601,-0.030355559197185467
downtrend_highvol_forced_cover_signal,fixed_horizon,12,7595,7596,7608,2026-04-05 08:55:00+00:00,2026-04-05 09:00:00+00:00,2026-04-05 10:00:00+00:00,66953.259954,67012.76013899999,0.0008886824187630538,-0.00031131758123694613,12,fixed_12b_exit,0,66915.59,3,0.6711510957964305,19.73367000000004,8.005320000000001,0.5306008623325879,5.533710000000037,13.761709999999997,-0.02976490786846797,False,in_sample,12,60,high_cost,0.0018,0.970235092131532,1.00092074640601,-0.030657426559156042
downtrend_highvol_forced_cover_signal,fixed_horizon,12,9793,9794,9806,2026-04-13 00:05:00+00:00,2026-04-13 00:10:00+00:00,2026-04-13 01:10:00+00:00,70913.297609,71111.610115,0.0027965489222268047,0.0015965489222268048,12,fixed_12b_exit,0,70834.26,3,0.6245568337799611,38.07747000000001,25.67533000000001,0.5971142210877626,46.946039999999996,83.21032999999998,-0.028215880077818833,True,in_sample,12,60,high_cost,0.0018,0.9717841199221812,1.00092074640601,-0.02910982371826054
downtrend_highvol_forced_cover_signal,fixed_horizon,12,11808,11809,11821,2026-04-20 00:00:00+00:00,2026-04-20 00:05:00+00:00,2026-04-20 01:05:00+00:00,74092.190991,74257.75598799999,0.0022345809293196073,0.0010345809293196074,12,fixed_12b_exit,0,74054.22,4,0.6015835325435833,35.751280000000165,30.366640000000015,0.34278816041222226,-85.53067999999985,-44.977659999999986,-0.02721049075993176,True,in_sample,12,60,high_cost,0.0018,0.9727895092400682,1.00092074640601,-0.028105359257415752
downtrend_highvol_forced_cover_signal,fixed_horizon,12,12324,12325,12337,2026-04-21 19:00:00+00:00,2026-04-21 19:05:00+00:00,2026-04-21 20:05:00+00:00,75761.831733,75336.142375,-0.005618783868640009,-0.006818783868640009,12,fixed_12b_exit,0,75668.24,3,0.6009116704453381,31.270460000000135,27.849079999999994,0.5794216712833158,54.04822000000014,13.14336999999999,-0.0338437321731202,False,in_sample,12,60,high_cost,0.0018,0.9661562678268798,1.00092074640601,-0.034732498755729035
downtrend_highvol_forced_cover_signal,fixed_horizon,12,12811,12812,12824,2026-04-23 11:35:00+00:00,2026-04-23 11:40:00+00:00,2026-04-23 12:40:00+00:00,77544.34632699999,77741.16065300001,0.0025380873696461137,0.0013380873696461138,12,fixed_12b_exit,0,77501.61,3,0.6247528585209194,34.78587000000015,7.9355699999999985,0.5691082199743168,15.458750000000144,-6.065270000000002,-0.03255093067403669,True,in_sample,12,60,high_cost,0.0018,0.9674490693259633,1.00092074640601,-0.033440886503984246
downtrend_highvol_forced_cover_signal,fixed_horizon,12,13470,13471,13483,2026-04-25 18:30:00+00:00,2026-04-25 18:35:00+00:00,2026-04-25 19:35:00+00:00,77382.677841,77200.003049,-0.00236066775015642,-0.0035606677501564196,12,fixed_12b_exit,0,77335.0,3,0.6129684574563794,8.304840000000183,10.851809999999999,0.2970550672966712,-13.424579999999823,-36.00558,-0.0359956953751045,False,in_sample,12,60,high_cost,0.0018,0.9640043046248955,1.00092074640601,-0.03688248236802938
downtrend_highvol_forced_cover_signal,fixed_horizon,12,14033,14034,14046,2026-04-27 17:25:00+00:00,2026-04-27 17:30:00+00:00,2026-04-27 18:30:00+00:00,76855.709798,76698.65349900001,-0.0020435215472315305,-0.00324352154723153,12,fixed_12b_exit,0,76817.7,4,0.532300930478618,18.555150000000154,23.646809999999995,0.42007507577108044,-10.58670999999984,-15.146590000000005,-0.03912246410877929,False,in_sample,12,60,high_cost,0.0018,0.9608775358912207,1.00092074640601,-0.04000637478898472
downtrend_highvol_forced_cover_signal,fixed_horizon,12,14204,14205,14217,2026-04-28 07:40:00+00:00,2026-04-28 07:45:00+00:00,2026-04-28 08:45:00+00:00,76881.05739999999,76790.45595,-0.0011784625896675838,-0.0023784625896675834,12,fixed_12b_exit,0,76832.34,5,0.741393311977183,269.65721000000013,136.57196999999996,0.20153260803473352,-106.02683999999985,-81.91119999999998,-0.04140787538114854,False,in_sample,12,60,high_cost,0.0018,0.9585921246188515,1.00092074640601,-0.042289683712868564
downtrend_highvol_forced_cover_signal,fixed_horizon,12,14302,14303,14315,2026-04-28 15:50:00+00:00,2026-04-28 15:55:00+00:00,2026-04-28 16:55:00+00:00,76108.235623,76102.202488,-7.927046200217891e-05,-0.0012792704620021788,12,fixed_12b_exit,0,76068.12,3,0.6370788870731572,34.82343000000015,44.780240000000006,0.4152830338710308,-31.79157999999986,-44.530919999999995,-0.04263417397128133,False,in_sample,12,60,high_cost,0.0018,0.9573658260287187,1.00092074640601,-0.04351485423164947
downtrend_highvol_forced_cover_signal,fixed_horizon,12,14647,14648,14660,2026-04-29 20:35:00+00:00,2026-04-29 20:40:00+00:00,2026-04-29 21:40:00+00:00,75774.985678,75919.707253,0.001909885877313,0.0007098858773130002,12,fixed_12b_exit,0,75716.54,3,0.6302424694674957,34.39092000000017,13.14135,0.6349735907730009,27.396710000000173,25.225340000000003,-0.04195455349196153,True,in_sample,12,60,high_cost,0.0018,0.9580454465080385,1.00092074640601,-0.0428358589348089
downtrend_highvol_forced_cover_signal,fixed_horizon,12,15857,15858,15870,2026-05-04 01:25:00+00:00,2026-05-04 01:30:00+00:00,2026-05-04 02:30:00+00:00,78629.27170699999,79727.934442,0.013972693771016953,0.012772693771016953,12,fixed_12b_exit,0,78585.86,4,0.6687443949436301,33.08245000000012,9.808639999999997,0.4339267656036369,-28.44267999999989,16.535050000000005,-0.029717732384997197,True,in_sample,12,60,high_cost,0.0018,0.9702822676150028,1.00092074640601,-0.030610294472384725
downtrend_highvol_forced_cover_signal,fixed_horizon,12,16431,16432,16444,2026-05-06 01:15:00+00:00,2026-05-06 01:20:00+00:00,2026-05-06 02:20:00+00:00,81311.98628,81265.373072,-0.0005732636740600761,-0.001773263674060076,12,fixed_12b_exit,0,81262.28,3,0.665186335393973,42.08854000000014,17.0036,0.6921915468425649,32.02575000000014,-21.03199,-0.03143829868374348,False,in_sample,12,60,high_cost,0.0018,0.9685617013162565,1.00092074640601,-0.03232927802320462
downtrend_highvol_forced_cover_signal,fixed_horizon,12,16919,16920,16932,2026-05-07 17:55:00+00:00,2026-05-07 18:00:00+00:00,2026-05-07 19:00:00+00:00,80118.548356,80056.805751,-0.0007706405853191711,-0.001970640585319171,12,fixed_12b_exit,0,79948.66,3,0.6189537486851134,44.76762000000011,24.85457,0.40009194932725317,-26.333759999999884,-0.8315299999999937,-0.0333469856817431,False,in_sample,12,60,high_cost,0.0018,0.9666530143182569,1.00092074640601,-0.03423620922115722
downtrend_highvol_forced_cover_signal,fixed_horizon,12,2512,2513,2525,2026-03-18 17:20:00+00:00,2026-03-18 17:25:00+00:00,2026-03-18 18:25:00+00:00,71497.138999,71677.43154,0.0025216749022995977,0.0021216749022995975,12,fixed_12b_exit,0,71450.7,3,0.6426335822303931,49.69903999999998,18.155320000000003,0.5836393125099316,36.30584999999998,-27.88006,0.0021216749022996417,True,in_sample,12,60,low_cost,0.0006000000000000001,1.0021216749022996,1.0021216749022996,0.0
downtrend_highvol_forced_cover_signal,fixed_horizon,12,2757,2758,2770,2026-03-19 13:45:00+00:00,2026-03-19 13:50:00+00:00,2026-03-19 14:50:00+00:00,69877.68707,69486.670638,-0.005595726595934769,-0.005995726595934769,12,fixed_12b_exit,0,69823.5,4,0.5487074146393739,44.83325999999991,6.243870000000015,0.4159205526287009,-121.87290000000007,46.54281999999998,-0.0038867726762746857,False,in_sample,12,60,low_cost,0.0006000000000000001,0.9961132273237253,1.0021216749022996,-0.005995726595934725
downtrend_highvol_forced_cover_signal,fixed_horizon,12,3095,3096,3108,2026-03-20 17:55:00+00:00,2026-03-20 18:00:00+00:00,2026-03-20 19:00:00+00:00,70006.989999,69858.48345300001,-0.002121310257762965,-0.002521310257762965,12,fixed_12b_exit,0,69963.88,4,0.6546879707265746,81.0036799999999,50.52185999999999,0.5655363845951743,15.010889999999918,-10.562729999999988,-0.00639828317421931,False,in_sample,12,60,low_cost,0.0006000000000000001,0.9936017168257807,1.0021216749022996,-0.008501919766728538
downtrend_highvol_forced_cover_signal,fixed_horizon,12,3497,3498,3510,2026-03-22 03:25:00+00:00,2026-03-22 03:30:00+00:00,2026-03-22 04:30:00+00:00,69447.384044,69347.26458,-0.0014416592558269548,-0.0018416592558269547,12,fixed_12b_exit,0,69411.1,3,0.5062472786972226,3.572099999999935,-59.89598000000001,0.4919640685089478,-2.714650000000031,16.38935,-0.008228158972616972,False,in_sample,12,60,low_cost,0.0006000000000000001,0.991771841027383,1.0021216749022996,-0.010327921383324723
downtrend_highvol_forced_cover_signal,fixed_horizon,12,3721,3722,3734,2026-03-22 22:05:00+00:00,2026-03-22 22:10:00+00:00,2026-03-22 23:10:00+00:00,68128.582177,68320.317285,0.0028143123175801144,0.002414312317580114,12,fixed_12b_exit,0,68090.6,5,0.6396708687560277,74.19040000000001,51.98758000000002,0.49209025120307726,-1.83116000000002,-4.209009999999996,-0.005833712000595459,True,in_sample,12,60,low_cost,0.0006000000000000001,0.9941662879994045,1.0021216749022996,-0.007938543893555305
downtrend_highvol_forced_cover_signal,fixed_horizon,12,4216,4217,4229,2026-03-24 15:20:00+00:00,2026-03-24 15:25:00+00:00,2026-03-24 16:25:00+00:00,70220.101308,69791.34016800001,-0.00610596014550524,-0.0065059601455052405,12,fixed_12b_exit,0,70131.96,4,0.5854448515896512,77.6410399999999,150.12989,0.5357956258212305,13.624989999999919,-6.59720999999999,-0.012301718248324378,False,in_sample,12,60,low_cost,0.0006000000000000001,0.9876982817516756,1.0021216749022996,-0.014392856188875647
downtrend_highvol_forced_cover_signal,fixed_horizon,12,4254,4255,4267,2026-03-24 18:30:00+00:00,2026-03-24 18:35:00+00:00,2026-03-24 19:35:00+00:00,69514.810786,69424.186887,-0.0013036631758803763,-0.0017036631758803762,12,fixed_12b_exit,0,69496.1,3,0.5780427673387833,37.8243199999999,19.302,0.3306847045843257,-45.85983000000011,4.16639,-0.013984423439824978,False,in_sample,12,60,low_cost,0.0006000000000000001,0.986015576560175,1.0021216749022996,-0.016071998785671227
downtrend_highvol_forced_cover_signal,fixed_horizon,12,4840,4841,4853,2026-03-26 19:20:00+00:00,2026-03-26 19:25:00+00:00,2026-03-26 20:25:00+00:00,68556.22493699999,69162.073101,0.008837245116059878,0.008437245116059878,12,fixed_12b_exit,0,68520.29,3,0.6980821535904654,42.74413999999995,8.794540000000005,0.648260894768628,150.54270999999994,-88.42165,-0.005665168332133597,True,in_sample,12,60,low_cost,0.0006000000000000001,0.9943348316678664,1.0021216749022996,-0.007770357062870992
downtrend_highvol_forced_cover_signal,fixed_horizon,12,5082,5083,5095,2026-03-27 15:30:00+00:00,2026-03-27 15:35:00+00:00,2026-03-27 16:35:00+00:00,66531.89252400001,65845.784763,-0.010312464217856254,-0.010712464217856254,12,fixed_12b_exit,0,66458.57,4,0.571288405575657,104.57404999999994,98.51559,0.3754977876313346,-79.78294000000008,-0.012370000000004211,-0.016316944636943664,False,in_sample,12,60,low_cost,0.0006000000000000001,0.9836830553630563,1.0021216749022996,-0.01839958160873123
downtrend_highvol_forced_cover_signal,fixed_horizon,12,5484,5485,5497,2026-03-29 01:00:00+00:00,2026-03-29 01:05:00+00:00,2026-03-29 02:05:00+00:00,66536.05294,66590.310303,0.0008154580953116941,0.0004154580953116941,12,fixed_12b_exit,0,66500.0,3,0.6370355727908412,20.575450000000004,10.801650000000006,0.7601096519508896,33.60277,7.124780000000001,-0.015908265548372102,True,in_sample,12,60,low_cost,0.0006000000000000001,0.9840917344516279,1.0021216749022996,-0.01799176776854916
downtrend_highvol_forced_cover_signal,fixed_horizon,12,6183,6184,6196,2026-03-31 11:15:00+00:00,2026-03-31 11:20:00+00:00,2026-03-31 12:20:00+00:00,66684.23775700001,66627.346599,-0.0008531425103384116,-0.0012531425103384116,12,fixed_12b_exit,0,66584.35,4,0.5857227811430628,101.98859999999999,104.94784999999999,0.3291034247632701,-57.34438000000001,-14.272510000000004,-0.017141472734886087,False,in_sample,12,60,low_cost,0.0006000000000000001,0.9828585272651139,1.0021216749022996,-0.01922236402986066
downtrend_highvol_forced_cover_signal,fixed_horizon,12,7459,7460,7472,2026-04-04 21:35:00+00:00,2026-04-04 21:40:00+00:00,2026-04-04 22:40:00+00:00,67309.80030700001,67458.44348100001,0.0022083437080786528,0.0018083437080786528,12,fixed_12b_exit,0,67295.81,3,0.7743888640986148,32.83628000000006,9.335030000000003,0.8133260083203712,54.38674000000005,55.13048,-0.015364126701174707,True,in_sample,12,60,low_cost,0.0006000000000000001,0.9846358732988253,1.0021216749022996,-0.017448780962829757
downtrend_highvol_forced_cover_signal,fixed_horizon,12,7595,7596,7608,2026-04-05 08:55:00+00:00,2026-04-05 09:00:00+00:00,2026-04-05 10:00:00+00:00,66939.873318,67026.166713,0.0012891179908580686,0.0008891179908580686,12,fixed_12b_exit,0,66915.59,3,0.6711510957964305,19.73367000000004,8.005320000000001,0.5306008623325879,5.533710000000037,13.761709999999997,-0.014488669231780382,True,in_sample,12,60,low_cost,0.0006000000000000001,0.9855113307682196,1.0021216749022996,-0.01657517699704425
downtrend_highvol_forced_cover_signal,fixed_horizon,12,9793,9794,9806,2026-04-13 00:05:00+00:00,2026-04-13 00:10:00+00:00,2026-04-13 01:10:00+00:00,70899.119203,71125.836705,0.0031977477936060428,0.0027977477936060426,12,fixed_12b_exit,0,70834.26,3,0.6245568337799611,38.07747000000001,25.67533000000001,0.5971142210877626,46.946039999999996,83.21032999999998,-0.01173145708054979,True,in_sample,12,60,low_cost,0.0006000000000000001,0.9882685429194502,1.0021216749022996,-0.013823802368310267
downtrend_highvol_forced_cover_signal,fixed_horizon,12,11808,11809,11821,2026-04-20 00:00:00+00:00,2026-04-20 00:05:00+00:00,2026-04-20 01:05:00+00:00,74077.376997,74272.61199599999,0.0026355549685284085,0.0022355549685284084,12,fixed_12b_exit,0,74054.22,4,0.6015835325435833,35.751280000000165,30.366640000000015,0.34278816041222226,-85.53067999999985,-44.977659999999986,-0.009522128429185872,True,in_sample,12,60,low_cost,0.0006000000000000001,0.9904778715708141,1.0021216749022996,-0.011619151269850247
downtrend_highvol_forced_cover_signal,fixed_horizon,12,12324,12325,12337,2026-04-21 19:00:00+00:00,2026-04-21 19:05:00+00:00,2026-04-21 20:05:00+00:00,75746.683911,75351.214125,-0.005220951803839524,-0.005620951803839524,12,fixed_12b_exit,0,75668.24,3,0.6009116704453381,31.270460000000135,27.849079999999994,0.5794216712833158,54.04822000000014,13.14336999999999,-0.015089556808054905,False,in_sample,12,60,low_cost,0.0006000000000000001,0.9849104431919451,1.0021216749022996,-0.01717479238440034
downtrend_highvol_forced_cover_signal,fixed_horizon,12,12811,12812,12824,2026-04-23 11:35:00+00:00,2026-04-23 11:40:00+00:00,2026-04-23 12:40:00+00:00,77528.84210899999,77756.71355100001,0.0029391828357199223,0.002539182835719922,12,fixed_12b_exit,0,77501.61,3,0.6247528585209194,34.78587000000015,7.9355699999999985,0.5691082199743168,15.458750000000144,-6.065270000000002,-0.012588689115980545,True,in_sample,12,60,low_cost,0.0006000000000000001,0.9874113108840195,1.0021216749022996,-0.014679219486709916
downtrend_highvol_forced_cover_signal,fixed_horizon,12,13470,13471,13483,2026-04-25 18:30:00+00:00,2026-04-25 18:35:00+00:00,2026-04-25 19:35:00+00:00,77367.205947,77215.447683,-0.0019615321781679684,-0.0023615321781679686,12,fixed_12b_exit,0,77335.0,3,0.6129684574563794,8.304840000000183,10.851809999999999,0.2970550672966712,-13.424579999999823,-36.00558,-0.014920492699720178,False,in_sample,12,60,low_cost,0.0006000000000000001,0.9850795073002798,1.0021216749022996,-0.017006086215709648
downtrend_highvol_forced_cover_signal,fixed_horizon,12,14033,14034,14046,2026-04-27 17:25:00+00:00,2026-04-27 17:30:00+00:00,2026-04-27 18:30:00+00:00,76840.343266,76713.997833,-0.0016442590913814392,-0.0020442590913814394,12,fixed_12b_exit,0,76817.7,4,0.532300930478618,18.555150000000154,23.646809999999995,0.42007507577108044,-10.58670999999984,-15.146590000000005,-0.016934250438252252,False,in_sample,12,60,low_cost,0.0006000000000000001,0.9830657495617477,1.0021216749022996,-0.019015580460735704
downtrend_highvol_forced_cover_signal,fixed_horizon,12,14204,14205,14217,2026-04-28 07:40:00+00:00,2026-04-28 07:45:00+00:00,2026-04-28 08:45:00+00:00,76865.68579999999,76805.81865,-0.0007788540410055278,-0.0011788540410055278,12,fixed_12b_exit,0,76832.34,5,0.741393311977183,269.65721000000013,136.57196999999996,0.20153260803473352,-106.02683999999985,-81.91119999999998,-0.018093141469697205,False,in_sample,12,60,low_cost,0.0006000000000000001,0.9819068585303028,1.0021216749022996,-0.02017201790787293
downtrend_highvol_forced_cover_signal,fixed_horizon,12,14302,14303,14315,2026-04-28 15:50:00+00:00,2026-04-28 15:55:00+00:00,2026-04-28 16:55:00+00:00,76093.018541,76117.42749599999,0.00032077785147710536,-7.922214852289466e-05,12,fixed_12b_exit,0,76068.12,3,0.6370788870731572,34.82343000000015,44.780240000000006,0.4152830338710308,-31.79157999999986,-44.530919999999995,-0.018170930240679284,False,in_sample,12,60,low_cost,0.0006000000000000001,0.9818290697593207,1.0021216749022996,-0.02024964198579715
downtrend_highvol_forced_cover_signal,fixed_horizon,12,14647,14648,14660,2026-04-29 20:35:00+00:00,2026-04-29 20:40:00+00:00,2026-04-29 21:40:00+00:00,75759.835226,75934.895751,0.002310730012516249,0.001910730012516249,12,fixed_12b_exit,0,75716.54,3,0.6302424694674957,34.39092000000017,13.14135,0.6349735907730009,27.396710000000173,25.225340000000003,-0.016294919969929156,True,in_sample,12,60,low_cost,0.0006000000000000001,0.9837050800300708,1.0021216749022996,-0.018377603571965717
downtrend_highvol_forced_cover_signal,fixed_horizon,12,15857,15858,15870,2026-05-04 01:25:00+00:00,2026-05-04 01:30:00+00:00,2026-05-04 02:30:00+00:00,78613.550569,79743.884814,0.01437836399474035,0.013978363994740351,12,fixed_12b_exit,0,78585.86,4,0.6687443949436301,33.08245000000012,9.808639999999997,0.4339267656036369,-28.44267999999989,16.535050000000005,-0.0025443322977936056,True,in_sample,12,60,low_cost,0.0006000000000000001,0.9974556677022064,1.0021216749022996,-0.0046561284093052935
downtrend_highvol_forced_cover_signal,fixed_horizon,12,16431,16432,16444,2026-05-06 01:15:00+00:00,2026-05-06 01:20:00+00:00,2026-05-06 02:20:00+00:00,81295.72876,81281.631024,-0.0001734129973988141,-0.0005734129973988141,12,fixed_12b_exit,0,81262.28,3,0.665186335393973,42.08854000000014,17.0036,0.6921915468425649,32.02575000000014,-21.03199,-0.003116286341983132,False,in_sample,12,60,low_cost,0.0006000000000000001,0.9968837136580169,1.0021216749022996,-0.0052268715221566175
downtrend_highvol_forced_cover_signal,fixed_horizon,12,16919,16920,16932,2026-05-07 17:55:00+00:00,2026-05-07 18:00:00+00:00,2026-05-07 19:00:00+00:00,80102.529452,80072.82191700001,-0.0003708688752181999,-0.0007708688752181999,12,fixed_12b_exit,0,79948.66,3,0.6189537486851134,44.76762000000011,24.85457,0.40009194932725317,-26.333759999999884,-0.8315299999999937,-0.003884752969053995,False,in_sample,12,60,low_cost,0.0006000000000000001,0.996115247030946,1.0021216749022996,-0.005993711164803628
downtrend_highvol_forced_cover_signal,fixed_horizon,12,2512,2513,2525,2026-03-18 17:20:00+00:00,2026-03-18 17:25:00+00:00,2026-03-18 18:25:00+00:00,71489.99,71684.6,0.0027221992897188407,0.0027221992897188407,12,fixed_12b_exit,0,71450.7,3,0.6426335822303931,49.69903999999998,18.155320000000003,0.5836393125099316,36.30584999999998,-27.88006,0.0027221992897188407,True,in_sample,12,60,no_cost,0.0,1.0027221992897188,1.0027221992897188,0.0
downtrend_highvol_forced_cover_signal,fixed_horizon,12,2757,2758,2770,2026-03-19 13:45:00+00:00,2026-03-19 13:50:00+00:00,2026-03-19 14:50:00+00:00,69870.7,69493.62,-0.005396825851179399,-0.005396825851179399,12,fixed_12b_exit,0,69823.5,4,0.5487074146393739,44.83325999999991,6.243870000000015,0.4159205526287009,-121.87290000000007,46.54281999999998,-0.0026893177969593562,False,in_sample,12,60,no_cost,0.0,0.9973106822030406,1.0027221992897188,-0.005396825851179399
downtrend_highvol_forced_cover_signal,fixed_horizon,12,3095,3096,3108,2026-03-20 17:55:00+00:00,2026-03-20 18:00:00+00:00,2026-03-20 19:00:00+00:00,69999.99,69865.47,-0.0019217145602450358,-0.0019217145602450358,12,fixed_12b_exit,0,69963.88,4,0.6546879707265746,81.0036799999999,50.52185999999999,0.5655363845951743,15.010889999999918,-10.562729999999988,-0.004605864256036818,False,in_sample,12,60,no_cost,0.0,0.9953941357439632,1.0027221992897188,-0.007308169252607022
downtrend_highvol_forced_cover_signal,fixed_horizon,12,3497,3498,3510,2026-03-22 03:25:00+00:00,2026-03-22 03:30:00+00:00,2026-03-22 04:30:00+00:00,69440.44,69354.2,-0.0012419276145140268,-0.0012419276145140268,12,fixed_12b_exit,0,69411.1,3,0.5062472786972226,3.572099999999935,-59.89598000000001,0.4919640685089478,-2.714650000000031,16.38935,-0.005842071720542519,False,in_sample,12,60,no_cost,0.0,0.9941579282794575,1.0027221992897188,-0.008541020649914688
downtrend_highvol_forced_cover_signal,fixed_horizon,12,3721,3722,3734,2026-03-22 22:05:00+00:00,2026-03-22 22:10:00+00:00,2026-03-22 23:10:00+00:00,68121.77,68327.15,0.0030148952383355354,0.0030148952383355354,12,fixed_12b_exit,0,68090.6,5,0.6396708687560277,74.19040000000001,51.98758000000002,0.49209025120307726,-1.83116000000002,-4.209009999999996,-0.002844789716419216,True,in_sample,12,60,no_cost,0.0,0.9971552102835808,1.0027221992897188,-0.00555187569406701
downtrend_highvol_forced_cover_signal,fixed_horizon,12,4216,4217,4229,2026-03-24 15:20:00+00:00,2026-03-24 15:25:00+00:00,2026-03-24 16:25:00+00:00,70213.08,69798.32,-0.005907161457665677,-0.005907161457665677,12,fixed_12b_exit,0,70131.96,4,0.5854448515896512,77.6410399999999,150.12989,0.5357956258212305,13.624989999999919,-6.59720999999999,-0.008735146541916872,False,in_sample,12,60,no_cost,0.0,0.9912648534580831,1.0027221992897188,-0.011426241325614983
downtrend_highvol_forced_cover_signal,fixed_horizon,12,4254,4255,4267,2026-03-24 18:30:00+00:00,2026-03-24 18:35:00+00:00,2026-03-24 19:35:00+00:00,69507.86,69431.13,-0.0011039039325911881,-0.0011039039325911881,12,fixed_12b_exit,0,69496.1,3,0.5780427673387833,37.8243199999999,19.302,0.3306847045843257,-45.85983000000011,4.16639,-0.009829407711888671,False,in_sample,12,60,no_cost,0.0,0.9901705922881113,1.0027221992897188,-0.012517531785472102
downtrend_highvol_forced_cover_signal,fixed_horizon,12,4840,4841,4853,2026-03-26 19:20:00+00:00,2026-03-26 19:25:00+00:00,2026-03-26 20:25:00+00:00,68549.37,69168.99,0.009039032743845876,0.009039032743845876,12,fixed_12b_exit,0,68520.29,3,0.6980821535904654,42.74413999999995,8.794540000000005,0.648260894768628,150.54270999999994,-88.42165,-0.0008792233062031585,True,in_sample,12,60,no_cost,0.0,0.9991207766937968,1.0027221992897188,-0.003591645421307188
downtrend_highvol_forced_cover_signal,fixed_horizon,12,5082,5083,5095,2026-03-27 15:30:00+00:00,2026-03-27 15:35:00+00:00,2026-03-27 16:35:00+00:00,66525.24,65852.37,-0.010114506914969512,-0.010114506914969512,12,fixed_12b_exit,0,66458.57,4,0.571288405575657,104.57404999999994,98.51559,0.3754977876313346,-79.78294000000008,-0.012370000000004211,-0.010984837310962225,False,in_sample,12,60,no_cost,0.0,0.9890151626890378,1.0027221992897188,-0.013669824613826709
downtrend_highvol_forced_cover_signal,fixed_horizon,12,5484,5485,5497,2026-03-29 01:00:00+00:00,2026-03-29 01:05:00+00:00,2026-03-29 02:05:00+00:00,66529.4,66596.97,0.0010156412052417796,0.0010156412052417796,12,fixed_12b_exit,0,66500.0,3,0.6370355727908412,20.575450000000004,10.801650000000006,0.7601096519508896,33.60277,7.124780000000001,-0.009980352759126343,True,in_sample,12,60,no_cost,0.0,0.9900196472408737,1.0027221992897188,-0.012668067045731202
downtrend_highvol_forced_cover_signal,fixed_horizon,12,6183,6184,6196,2026-03-31 11:15:00+00:00,2026-03-31 11:20:00+00:00,2026-03-31 12:20:00+00:00,66677.57,66634.01,-0.0006532931539048326,-0.0006532931539048326,12,fixed_12b_exit,0,66584.35,4,0.5857227811430628,101.98859999999999,104.94784999999999,0.3291034247632701,-57.34438000000001,-14.272510000000004,-0.010627125816900063,False,in_sample,12,60,no_cost,0.0,0.9893728741830999,1.0027221992897188,-0.013313084238161799
downtrend_highvol_forced_cover_signal,fixed_horizon,12,7459,7460,7472,2026-04-04 21:35:00+00:00,2026-04-04 21:40:00+00:00,2026-04-04 22:40:00+00:00,67303.07,67465.19,0.002408805422991822,0.002408805422991822,12,fixed_12b_exit,0,67295.81,3,0.7743888640986148,32.83628000000006,9.335030000000003,0.8133260083203712,54.38674000000005,55.13048,-0.008243919072206785,True,in_sample,12,60,no_cost,0.0,0.9917560809277932,1.0027221992897188,-0.01093634744467964
downtrend_highvol_forced_cover_signal,fixed_horizon,12,7595,7596,7608,2026-04-05 08:55:00+00:00,2026-04-05 09:00:00+00:00,2026-04-05 10:00:00+00:00,66933.18,67032.87,0.0014893958422415032,0.0014893958422415032,12,fixed_12b_exit,0,66915.59,3,0.6711510957964305,19.73367000000004,8.005320000000001,0.5306008623325879,5.533710000000037,13.761709999999997,-0.0067668016887552085,True,in_sample,12,60,no_cost,0.0,0.9932331983112448,1.0027221992897188,-0.009463240152851493
downtrend_highvol_forced_cover_signal,fixed_horizon,12,9793,9794,9806,2026-04-13 00:05:00+00:00,2026-04-13 00:10:00+00:00,2026-04-13 01:10:00+00:00,70892.03,71132.95,0.003398407409126225,0.003398407409126225,12,fixed_12b_exit,0,70834.26,3,0.6245568337799611,38.07747000000001,25.67533000000001,0.5971142210877626,46.946039999999996,83.21032999999998,-0.003391390628624147,True,in_sample,12,60,no_cost,0.0,0.9966086093713759,1.0027221992897188,-0.006096992689175074
downtrend_highvol_forced_cover_signal,fixed_horizon,12,11808,11809,11821,2026-04-20 00:00:00+00:00,2026-04-20 00:05:00+00:00,2026-04-20 01:05:00+00:00,74069.97,74280.04,0.0028361021342386827,0.0028361021342386827,12,fixed_12b_exit,0,74054.22,4,0.6015835325435833,35.751280000000165,30.366640000000015,0.34278816041222226,-85.53067999999985,-44.977659999999986,-0.0005649068245853206,True,in_sample,12,60,no_cost,0.0,0.9994350931754147,1.0027221992897188,-0.0032781822489146295
downtrend_highvol_forced_cover_signal,fixed_horizon,12,12324,12325,12337,2026-04-21 19:00:00+00:00,2026-04-21 19:05:00+00:00,2026-04-21 20:05:00+00:00,75739.11,75358.75,-0.005021976096629577,-0.005021976096629577,12,fixed_12b_exit,0,75668.24,3,0.6009116704453381,31.270460000000135,27.849079999999994,0.5794216712833158,54.04822000000014,13.14336999999999,-0.0055840459726450575,False,in_sample,12,60,no_cost,0.0,0.9944159540273549,1.0027221992897188,-0.008283695392649726
downtrend_highvol_forced_cover_signal,fixed_horizon,12,12811,12812,12824,2026-04-23 11:35:00+00:00,2026-04-23 11:40:00+00:00,2026-04-23 12:40:00+00:00,77521.09,77764.49,0.003139790733076797,0.003139790733076797,12,fixed_12b_exit,0,77501.61,3,0.6247528585209194,34.78587000000015,7.9355699999999985,0.5691082199743168,15.458750000000144,-6.065270000000002,-0.0024617879753662253,True,in_sample,12,60,no_cost,0.0,0.9975382120246338,1.0027221992897188,-0.0051699137296024045
downtrend_highvol_forced_cover_signal,fixed_horizon,12,13470,13471,13483,2026-04-25 18:30:00+00:00,2026-04-25 18:35:00+00:00,2026-04-25 19:35:00+00:00,77359.47,77223.17,-0.001761904521838109,-0.001761904521838109,12,fixed_12b_exit,0,77335.0,3,0.6129684574563794,8.304840000000183,10.851809999999999,0.2970550672966712,-13.424579999999823,-36.00558,-0.004219355061838681,False,in_sample,12,60,no_cost,0.0,0.9957806449381613,1.0027221992897188,-0.006922709357062851
downtrend_highvol_forced_cover_signal,fixed_horizon,12,14033,14034,14046,2026-04-27 17:25:00+00:00,2026-04-27 17:30:00+00:00,2026-04-27 18:30:00+00:00,76832.66,76721.67,-0.0014445679740882067,-0.0014445679740882067,12,fixed_12b_exit,0,76817.7,4,0.532300930478618,18.555150000000154,23.646809999999995,0.42007507577108044,-10.58670999999984,-15.146590000000005,-0.005657827890733214,False,in_sample,12,60,no_cost,0.0,0.9943421721092668,1.0027221992897188,-0.008357277006919794
downtrend_highvol_forced_cover_signal,fixed_horizon,12,14204,14205,14217,2026-04-28 07:40:00+00:00,2026-04-28 07:45:00+00:00,2026-04-28 08:45:00+00:00,76858.0,76813.5,-0.0005789898253922843,-0.0005789898253922843,12,fixed_12b_exit,0,76832.34,5,0.741393311977183,269.65721000000013,136.57196999999996,0.20153260803473352,-106.02683999999985,-81.91119999999998,-0.006233541891342953,False,in_sample,12,60,no_cost,0.0,0.993766458108657,1.0027221992897188,-0.008931428053957191
downtrend_highvol_forced_cover_signal,fixed_horizon,12,14302,14303,14315,2026-04-28 15:50:00+00:00,2026-04-28 15:55:00+00:00,2026-04-28 16:55:00+00:00,76085.41,76125.04,0.0005208620154637522,0.0005208620154637522,12,fixed_12b_exit,0,76068.12,3,0.6370788870731572,34.82343000000015,44.780240000000006,0.4152830338710308,-31.79157999999986,-44.530919999999995,-0.005715926691072237,True,in_sample,12,60,no_cost,0.0,0.9942840733089278,1.0027221992897188,-0.008415218080110587
downtrend_highvol_forced_cover_signal,fixed_horizon,12,14647,14648,14660,2026-04-29 20:35:00+00:00,2026-04-29 20:40:00+00:00,2026-04-29 21:40:00+00:00,75752.26,75942.49,0.0025112122067383336,0.0025112122067383336,12,fixed_12b_exit,0,75716.54,3,0.6302424694674957,34.39092000000017,13.14135,0.6349735907730009,27.396710000000173,25.225340000000003,-0.0032190683892133753,True,in_sample,12,60,no_cost,0.0,0.9967809316107866,1.0027221992897188,-0.005925138271737351
downtrend_highvol_forced_cover_signal,fixed_horizon,12,15857,15858,15870,2026-05-04 01:25:00+00:00,2026-05-04 01:30:00+00:00,2026-05-04 02:30:00+00:00,78605.69,79751.86,0.014581259957135329,0.014581259957135329,12,fixed_12b_exit,0,78585.86,4,0.6687443949436301,33.08245000000012,9.808639999999997,0.4339267656036369,-28.44267999999989,16.535050000000005,0.01131525349491902,True,in_sample,12,60,no_cost,0.0,1.011315253494919,1.011315253494919,0.0
downtrend_highvol_forced_cover_signal,fixed_horizon,12,16431,16432,16444,2026-05-06 01:15:00+00:00,2026-05-06 01:20:00+00:00,2026-05-06 02:20:00+00:00,81287.6,81289.76,2.6572318533091277e-05,2.6572318533091277e-05,12,fixed_12b_exit,0,81262.28,3,0.665186335393973,42.08854000000014,17.0036,0.6921915468425649,32.02575000000014,-21.03199,0.011342126485972326,True,in_sample,12,60,no_cost,0.0,1.0113421264859723,1.0113421264859723,0.0
downtrend_highvol_forced_cover_signal,fixed_horizon,12,16919,16920,16932,2026-05-07 17:55:00+00:00,2026-05-07 18:00:00+00:00,2026-05-07 19:00:00+00:00,80094.52,80080.83,-0.00017092305441124278,-0.00017092305441124278,12,fixed_12b_exit,0,79948.66,3,0.6189537486851134,44.76762000000011,24.85457,0.40009194932725317,-26.333759999999884,-0.8315299999999937,0.011169264800658496,False,in_sample,12,60,no_cost,0.0,1.0111692648006585,1.0113421264859723,-0.0001709230544113538
downtrend_highvol_forced_cover_signal,fixed_horizon,18,2512,2513,2531,2026-03-18 17:20:00+00:00,2026-03-18 17:25:00+00:00,2026-03-18 18:55:00+00:00,71504.287998,71082.520652,-0.005898490255742295,-0.006698490255742295,18,fixed_18b_exit,0,71450.7,3,0.6426335822303931,49.69903999999998,18.155320000000003,0.3607049033979521,-141.89385000000004,-43.77503999999999,-0.006698490255742318,False,in_sample,18,90,base_cost,0.0012000000000000001,0.9933015097442577,0.9933015097442577,0.0
downtrend_highvol_forced_cover_signal,fixed_horizon,18,2757,2758,2776,2026-03-19 13:45:00+00:00,2026-03-19 13:50:00+00:00,2026-03-19 15:20:00+00:00,69884.67414,69236.159998,-0.00927977628830079,-0.01007977628830079,18,fixed_18b_exit,0,69823.5,4,0.5487074146393739,44.83325999999991,6.243870000000015,0.5110398227595191,5.720859999999945,11.788200000000003,-0.01671074726079591,False,in_sample,18,90,base_cost,0.0012000000000000001,0.9832892527392041,0.9933015097442577,-0.010079776288300812
downtrend_highvol_forced_cover_signal,fixed_horizon,18,3095,3096,3114,2026-03-20 17:55:00+00:00,2026-03-20 18:00:00+00:00,2026-03-20 19:30:00+00:00,70013.989998,69786.67987200001,-0.003246638650453826,-0.004046638650453826,18,fixed_18b_exit,0,69963.88,4,0.6546879707265746,81.0036799999999,50.52185999999999,0.40010250711452816,-17.662600000000083,-30.64504,-0.020689763555506224,False,in_sample,18,90,base_cost,0.0012000000000000001,0.9793102364444938,0.9933015097442577,-0.014085625726438455
downtrend_highvol_forced_cover_signal,fixed_horizon,18,3497,3498,3516,2026-03-22 03:25:00+00:00,2026-03-22 03:30:00+00:00,2026-03-22 05:00:00+00:00,69454.328088,69270.713086,-0.002643679768485341,-0.0034436797684853407,18,fixed_18b_exit,0,69411.1,3,0.5062472786972226,3.572099999999935,-59.89598000000001,0.49723775972053547,-0.8916800000000364,2.56494,-0.024062194403820736,False,in_sample,18,90,base_cost,0.0012000000000000001,0.9759378055961793,0.9933015097442577,-0.0174807991105832
downtrend_highvol_forced_cover_signal,fixed_horizon,18,3721,3722,3740,2026-03-22 22:05:00+00:00,2026-03-22 22:10:00+00:00,2026-03-22 23:40:00+00:00,68135.394354,68113.044666,-0.0003280187663387002,-0.0011280187663387001,18,fixed_18b_exit,0,68090.6,5,0.6396708687560277,74.19040000000001,51.98758000000002,0.512353887735987,1.9211599999999702,12.812659999999997,-0.025163070563312684,False,in_sample,18,90,base_cost,0.0012000000000000001,0.9748369294366873,0.9933015097442577,-0.018589099207474646
downtrend_highvol_forced_cover_signal,fixed_horizon,18,4216,4217,4235,2026-03-24 15:20:00+00:00,2026-03-24 15:25:00+00:00,2026-03-24 16:55:00+00:00,70227.122616,69462.974626,-0.010881094960679794,-0.011681094960679794,18,fixed_18b_exit,0,70131.96,4,0.5854448515896512,77.6410399999999,150.12989,0.468298708108071,-10.976190000000088,-5.098890000000004,-0.036550233307240165,False,in_sample,18,90,base_cost,0.0012000000000000001,0.9634497666927598,0.9933015097442577,-0.030053053135078445
downtrend_highvol_forced_cover_signal,fixed_horizon,18,4254,4255,4273,2026-03-24 18:30:00+00:00,2026-03-24 18:35:00+00:00,2026-03-24 20:05:00+00:00,69521.761572,69338.989428,-0.002628991841794992,-0.003428991841794992,18,fixed_18b_exit,0,69496.1,3,0.5780427673387833,37.8243199999999,19.302,0.4692296909739583,-6.014740000000113,-10.030220000000003,-0.0398538946972089,False,in_sample,18,90,base_cost,0.0012000000000000001,0.9601461053027911,0.9933015097442577,-0.03337899330285221
downtrend_highvol_forced_cover_signal,fixed_horizon,18,4840,4841,4859,2026-03-26 19:20:00+00:00,2026-03-26 19:25:00+00:00,2026-03-26 20:55:00+00:00,68563.07987399999,68991.40895800001,0.0062472264196296035,0.005447226419629603,18,fixed_18b_exit,0,68520.29,3,0.6980821535904654,42.74413999999995,8.794540000000005,0.27785965723933675,-115.48709000000005,-11.586079999999995,-0.03462376146569901,True,in_sample,18,90,base_cost,0.0012000000000000001,0.965376238534301,0.9933015097442577,-0.02811358981740253
downtrend_highvol_forced_cover_signal,fixed_horizon,18,5082,5083,5101,2026-03-27 15:30:00+00:00,2026-03-27 15:35:00+00:00,2026-03-27 17:05:00+00:00,66538.545048,66156.775998,-0.005737562336606494,-0.006537562336606495,18,fixed_18b_exit,0,66458.57,4,0.571288405575657,104.57404999999994,98.51559,0.6164463891474855,62.22173999999994,46.80918,-0.040934968803395755,False,in_sample,18,90,base_cost,0.0012000000000000001,0.9590650311966042,0.9933015097442577,-0.034467357808071974
downtrend_highvol_forced_cover_signal,fixed_horizon,18,5484,5485,5503,2026-03-29 01:00:00+00:00,2026-03-29 01:05:00+00:00,2026-03-29 02:35:00+00:00,66542.70588,66670.193294,0.0019158736079940564,0.0011158736079940564,18,fixed_18b_exit,0,66500.0,3,0.6370355727908412,20.575450000000004,10.801650000000006,0.5807538735618137,9.742949999999993,-10.631380000000004,-0.03986477344673334,True,in_sample,18,90,base_cost,0.0012000000000000001,0.9601352265532667,0.9933015097442577,-0.03338994541499307
downtrend_highvol_forced_cover_signal,fixed_horizon,18,6183,6184,6202,2026-03-31 11:15:00+00:00,2026-03-31 11:20:00+00:00,2026-03-31 12:50:00+00:00,66690.90551400001,66694.388454,5.2225111852211015e-05,-0.000747774888147789,18,fixed_18b_exit,0,66584.35,4,0.5857227811430628,101.98859999999999,104.94784999999999,0.3968257996608932,-26.91292,-39.814119999999996,-0.04058273845837601,False,in_sample,18,90,base_cost,0.0012000000000000001,0.959417261541624,0.9933015097442577,-0.03411275214044296
downtrend_highvol_forced_cover_signal,fixed_horizon,18,7459,7460,7478,2026-04-04 21:35:00+00:00,2026-04-04 21:40:00+00:00,2026-04-04 23:10:00+00:00,67316.530614,67348.987508,0.00048215339834012383,-0.0003178466016598762,18,fixed_18b_exit,0,67295.81,3,0.7743888640986148,32.83628000000006,9.335030000000003,0.5489499445341101,15.472400000000064,-57.0838,-0.04088768597453085,False,in_sample,18,90,base_cost,0.0012000000000000001,0.9591123140254691,0.9933015097442577,-0.03441975611976178
downtrend_highvol_forced_cover_signal,fixed_horizon,18,7595,7596,7614,2026-04-05 08:55:00+00:00,2026-04-05 09:00:00+00:00,2026-04-05 10:30:00+00:00,66946.56663599999,66994.58840200001,0.0007173148439578725,-8.268515604212756e-05,18,fixed_18b_exit,0,66915.59,3,0.6711510957964305,19.73367000000004,8.005320000000001,0.31855184039310364,-15.24607999999996,16.806539999999995,-0.04096699032587803,False,in_sample,18,90,base_cost,0.0012000000000000001,0.959033009674122,0.9933015097442577,-0.034499595272898254
downtrend_highvol_forced_cover_signal,fixed_horizon,18,9793,9794,9812,2026-04-13 00:05:00+00:00,2026-04-13 00:10:00+00:00,2026-04-13 01:40:00+00:00,70906.20840599999,71133.53044799999,0.003205953993455468,0.0024059539934554682,18,fixed_18b_exit,0,70834.26,3,0.6245568337799611,38.07747000000001,25.67533000000001,0.45616688513054304,-6.620529999999999,47.03685999999999,-0.03865960102639687,True,in_sample,18,90,base_cost,0.0012000000000000001,0.9613403989736031,0.9933015097442577,-0.03217664571846213
downtrend_highvol_forced_cover_signal,fixed_horizon,18,11808,11809,11827,2026-04-20 00:00:00+00:00,2026-04-20 00:05:00+00:00,2026-04-20 01:35:00+00:00,74084.783994,74589.98901800001,0.0068192818655032905,0.00601928186550329,18,fixed_18b_exit,0,74054.22,4,0.6015835325435833,35.751280000000165,30.366640000000015,0.7633658984081545,143.67649000000011,5.12254999999999,-0.0328730221962793,True,in_sample,18,90,base_cost,0.0012000000000000001,0.9671269778037207,0.9933015097442577,-0.026351044153024694
downtrend_highvol_forced_cover_signal,fixed_horizon,18,12324,12325,12343,2026-04-21 19:00:00+00:00,2026-04-21 19:05:00+00:00,2026-04-21 20:35:00+00:00,75754.257822,75739.988972,-0.0001883570694273251,-0.000988357069427325,18,fixed_18b_exit,0,75668.24,3,0.6009116704453381,31.270460000000135,27.849079999999994,0.7048816240436767,70.40169000000013,17.766979999999997,-0.03382888898182557,False,in_sample,18,90,base_cost,0.0012000000000000001,0.9661711110181744,0.9933015097442577,-0.027313356981676584
downtrend_highvol_forced_cover_signal,fixed_horizon,18,12811,12812,12830,2026-04-23 11:35:00+00:00,2026-04-23 11:40:00+00:00,2026-04-23 13:10:00+00:00,77536.594218,77645.957702,0.001410475725726501,0.000610475725726501,18,fixed_18b_exit,0,77501.61,3,0.6247528585209194,34.78587000000015,7.9355699999999985,0.43562548332169215,-12.766439999999871,-0.9530100000000044,-0.033239064971650634,True,in_sample,18,90,base_cost,0.0012000000000000001,0.9667609350283494,0.9933015097442577,-0.02671955539737536
downtrend_highvol_forced_cover_signal,fixed_horizon,18,13470,13471,13489,2026-04-25 18:30:00+00:00,2026-04-25 18:35:00+00:00,2026-04-25 20:05:00+00:00,77374.941894,77328.5312,-0.0005998155586802723,-0.0013998155586802722,18,fixed_18b_exit,0,77335.0,3,0.6129684574563794,8.304840000000183,10.851809999999999,0.7024056443534561,11.618590000000179,-1.214920000000001,-0.034592351970027635,False,in_sample,18,90,base_cost,0.0012000000000000001,0.9654076480299724,0.9933015097442577,-0.028081968506689425
downtrend_highvol_forced_cover_signal,fixed_horizon,18,14033,14034,14052,2026-04-27 17:25:00+00:00,2026-04-27 17:30:00+00:00,2026-04-27 19:00:00+00:00,76848.026532,76789.359056,-0.0007634220245795742,-0.0015634220245795741,18,fixed_18b_exit,0,76817.7,4,0.532300930478618,18.555150000000154,23.646809999999995,0.6126441810341184,14.845870000000168,-7.00046,-0.03610169154965526,False,in_sample,18,90,base_cost,0.0012000000000000001,0.9638983084503447,0.9933015097442577,-0.029601486563212154
downtrend_highvol_forced_cover_signal,fixed_horizon,18,14204,14205,14223,2026-04-28 07:40:00+00:00,2026-04-28 07:45:00+00:00,2026-04-28 09:15:00+00:00,76873.3716,76814.634,-0.0007640825265948781,-0.001564082526594878,18,fixed_18b_exit,0,76832.34,5,0.741393311977183,269.65721000000013,136.57196999999996,0.4139679882739731,-14.683079999999842,-17.76565999999999,-0.03760930805131679,False,in_sample,18,90,base_cost,0.0012000000000000001,0.9623906919486832,0.9933015097442577,-0.031119269921912274
downtrend_highvol_forced_cover_signal,fixed_horizon,18,14302,14303,14321,2026-04-28 15:50:00+00:00,2026-04-28 15:55:00+00:00,2026-04-28 17:25:00+00:00,76100.627082,76080.910774,-0.00025908207009595063,-0.0010590820700959506,18,fixed_18b_exit,0,76068.12,3,0.6370788870731572,34.82343000000015,44.780240000000006,0.5060530972490974,0.8032500000001441,5.920179999999998,-0.03862855877758686,False,in_sample,18,90,base_cost,0.0012000000000000001,0.9613714412224131,0.9933015097442577,-0.032145394131199434
downtrend_highvol_forced_cover_signal,fixed_horizon,18,14647,14648,14666,2026-04-29 20:35:00+00:00,2026-04-29 20:40:00+00:00,2026-04-29 22:10:00+00:00,75767.410452,75950.53685399999,0.0024169547422503435,0.0016169547422503435,18,fixed_18b_exit,0,75716.54,3,0.6302424694674957,34.39092000000017,13.14135,0.531531747140883,5.0856300000001795,13.17282,-0.037074064666638096,True,in_sample,18,90,base_cost,0.0012000000000000001,0.9629259353333619,0.9933015097442577,-0.030580417036430885
downtrend_highvol_forced_cover_signal,fixed_horizon,18,15857,15858,15876,2026-05-04 01:25:00+00:00,2026-05-04 01:30:00+00:00,2026-05-04 03:00:00+00:00,78621.411138,80084.72985,0.018612216326561848,0.01781221632656185,18,fixed_18b_exit,0,78585.86,4,0.6687443949436301,33.08245000000012,9.808639999999997,0.4890322375585446,-8.695739999999908,-37.094640000000005,-0.019922219600023272,True,in_sample,18,90,base_cost,0.0012000000000000001,0.9800777803999767,0.9933015097442577,-0.013312905713478318
downtrend_highvol_forced_cover_signal,fixed_horizon,18,16431,16432,16450,2026-05-06 01:15:00+00:00,2026-05-06 01:20:00+00:00,2026-05-06 02:50:00+00:00,81303.85752,81271.632422,-0.00039635386294045727,-0.0011963538629404572,18,fixed_18b_exit,0,81262.28,3,0.665186335393973,42.08854000000014,17.0036,0.6141378993355532,37.02499000000013,-36.199889999999996,-0.021094739438586863,False,in_sample,18,90,base_cost,0.0012000000000000001,0.9789052605614131,0.9933015097442577,-0.01449333263024144
downtrend_highvol_forced_cover_signal,fixed_horizon,18,16919,16920,16938,2026-05-07 17:55:00+00:00,2026-05-07 18:00:00+00:00,2026-05-07 19:30:00+00:00,80110.538904,80037.949208,-0.0009061191822337111,-0.001706119182233711,18,fixed_18b_exit,0,79948.66,3,0.6189537486851134,44.76762000000011,24.85457,0.5594457314625727,10.900540000000111,27.733760000000004,-0.02276486848122017,False,in_sample,18,90,base_cost,0.0012000000000000001,0.9772351315187798,0.9933015097442577,-0.016174724459660172
downtrend_highvol_forced_cover_signal,fixed_horizon,18,2512,2513,2531,2026-03-18 17:20:00+00:00,2026-03-18 17:25:00+00:00,2026-03-18 18:55:00+00:00,71511.436997,71075.41097800001,-0.006097290689575652,-0.0072972906895756515,18,fixed_18b_exit,0,71450.7,3,0.6426335822303931,49.69903999999998,18.155320000000003,0.3607049033979521,-141.89385000000004,-43.77503999999999,-0.007297290689575631,False,in_sample,18,90,high_cost,0.0018,0.9927027093104244,0.9927027093104244,0.0
downtrend_highvol_forced_cover_signal,fixed_horizon,18,2757,2758,2776,2026-03-19 13:45:00+00:00,2026-03-19 13:50:00+00:00,2026-03-19 15:20:00+00:00,69891.66120999999,69229.23499699999,-0.00947790053250619,-0.010677900532506189,18,fixed_18b_exit,0,69823.5,4,0.5487074146393739,44.83325999999991,6.243870000000015,0.5110398227595191,5.720859999999945,11.788200000000003,-0.017897271477941734,False,in_sample,18,90,high_cost,0.0018,0.9821027285220583,0.9927027093104244,-0.010677900532506168
downtrend_highvol_forced_cover_signal,fixed_horizon,18,3095,3096,3114,2026-03-20 17:55:00+00:00,2026-03-20 18:00:00+00:00,2026-03-20 19:30:00+00:00,70020.989997,69779.699808,-0.003445969401608462,-0.0046459694016084616,18,fixed_18b_exit,0,69963.88,4,0.6546879707265746,81.0036799999999,50.52185999999999,0.40010250711452816,-17.662600000000083,-30.64504,-0.022460090703891433,False,in_sample,18,90,high_cost,0.0018,0.9775399092961086,0.9927027093104244,-0.015274260734967182
downtrend_highvol_forced_cover_signal,fixed_horizon,18,3497,3498,3516,2026-03-22 03:25:00+00:00,2026-03-22 03:30:00+00:00,2026-03-22 05:00:00+00:00,69461.272132,69263.78462900002,-0.0028431310993655146,-0.004043131099365514,18,fixed_18b_exit,0,69411.1,3,0.5062472786972226,3.572099999999935,-59.89598000000001,0.49723775972053547,-0.8916800000000364,2.56494,-0.026412412712037425,False,in_sample,18,90,high_cost,0.0018,0.9735875872879626,0.9927027093104244,-0.01925563599573532
downtrend_highvol_forced_cover_signal,fixed_horizon,18,3721,3722,3740,2026-03-22 22:05:00+00:00,2026-03-22 22:10:00+00:00,2026-03-22 23:40:00+00:00,68142.206531,68106.231999,-0.0005279331831387069,-0.0017279331831387067,18,fixed_18b_exit,0,68090.6,5,0.6396708687560277,74.19040000000001,51.98758000000002,0.512353887735987,1.9211599999999702,12.812659999999997,-0.028094707010804187,False,in_sample,18,90,high_cost,0.0018,0.9719052929891958,0.9927027093104244,-0.020950296726474527
downtrend_highvol_forced_cover_signal,fixed_horizon,18,4216,4217,4235,2026-03-24 15:20:00+00:00,2026-03-24 15:25:00+00:00,2026-03-24 16:55:00+00:00,70234.143924,69456.026939,-0.011078898973154616,-0.012278898973154616,18,fixed_18b_exit,0,70131.96,4,0.5854448515896512,77.6410399999999,150.12989,0.468298708108071,-10.976190000000088,-5.098890000000004,-0.04002863391489275,False,in_sample,18,90,high_cost,0.0018,0.9599713660851072,0.9927027093104244,-0.0329719491226671
downtrend_highvol_forced_cover_signal,fixed_horizon,18,4254,4255,4273,2026-03-24 18:30:00+00:00,2026-03-24 18:35:00+00:00,2026-03-24 20:05:00+00:00,69528.712358,69332.05414200001,-0.002828446109966909,-0.004028446109966909,18,fixed_18b_exit,0,69496.1,3,0.5780427673387833,37.8243199999999,19.302,0.4692296909739583,-6.014740000000113,-10.030220000000003,-0.04389582683027793,False,in_sample,18,90,high_cost,0.0018,0.9561041731697221,0.9927027093104244,-0.03686756951245285
downtrend_highvol_forced_cover_signal,fixed_horizon,18,4840,4841,4859,2026-03-26 19:20:00+00:00,2026-03-26 19:25:00+00:00,2026-03-26 20:55:00+00:00,68569.934811,68984.50843700001,0.006045997085205146,0.004845997085205146,18,fixed_18b_exit,0,68520.29,3,0.6980821535904654,42.74413999999995,8.794540000000005,0.27785965723933675,-115.48709000000005,-11.586079999999995,-0.039262548793945085,True,in_sample,18,90,high_cost,0.0018,0.9607374512060549,0.9927027093104244,-0.03220023256164373
downtrend_highvol_forced_cover_signal,fixed_horizon,18,5082,5083,5101,2026-03-27 15:30:00+00:00,2026-03-27 15:35:00+00:00,2026-03-27 17:05:00+00:00,66545.197572,66150.15899699999,-0.005936394952807733,-0.007136394952807733,18,fixed_18b_exit,0,66458.57,4,0.571288405575657,104.57404999999994,98.51559,0.6164463891474855,62.22173999999994,46.80918,-0.046118750691705346,False,in_sample,18,90,high_cost,0.0018,0.9538812493082947,0.9927027093104244,-0.039106833937319285
downtrend_highvol_forced_cover_signal,fixed_horizon,18,5484,5485,5503,2026-03-29 01:00:00+00:00,2026-03-29 01:05:00+00:00,2026-03-29 02:35:00+00:00,66549.35882,66663.524941,0.0017155104575656832,0.0005155104575656833,18,fixed_18b_exit,0,66500.0,3,0.6370355727908412,20.575450000000004,10.801650000000006,0.5807538735618137,9.742949999999993,-10.631380000000004,-0.04562701493241117,True,in_sample,18,90,high_cost,0.0018,0.9543729850675888,0.9927027093104244,-0.038611483461610696
downtrend_highvol_forced_cover_signal,fixed_horizon,18,6183,6184,6202,2026-03-31 11:15:00+00:00,2026-03-31 11:20:00+00:00,2026-03-31 12:50:00+00:00,66697.573271,66687.717681,-0.0001477653461238182,-0.001347765346123818,18,fixed_18b_exit,0,66584.35,4,0.5857227811430628,101.98859999999999,104.94784999999999,0.3968257996608932,-26.91292,-39.814119999999996,-0.04691328576896203,False,in_sample,18,90,high_cost,0.0018,0.953086714231038,0.9927027093104244,-0.03990720958836247
downtrend_highvol_forced_cover_signal,fixed_horizon,18,7459,7460,7478,2026-04-04 21:35:00+00:00,2026-04-04 21:40:00+00:00,2026-04-04 23:10:00+00:00,67323.26092100001,67342.251262,0.00028207696329918264,-0.0009179230367008173,18,fixed_18b_exit,0,67295.81,3,0.7743888640986148,32.83628000000006,9.335030000000003,0.5489499445341101,15.472400000000064,-57.0838,-0.0477881460199282,False,in_sample,18,90,high_cost,0.0018,0.9522118539800718,0.9927027093104244,-0.04078850087805175
downtrend_highvol_forced_cover_signal,fixed_horizon,18,7595,7596,7614,2026-04-05 08:55:00+00:00,2026-04-05 09:00:00+00:00,2026-04-05 10:30:00+00:00,66953.259954,66987.88760300001,0.0005171913813279971,-0.0006828086186720028,18,fixed_18b_exit,0,66915.59,3,0.6711510957964305,19.73367000000004,8.005320000000001,0.31855184039310364,-15.24607999999996,16.806539999999995,-0.04843832448062746,False,in_sample,18,90,high_cost,0.0018,0.9515616755193725,0.9927027093104244,-0.04144345875678146
downtrend_highvol_forced_cover_signal,fixed_horizon,18,9793,9794,9812,2026-04-13 00:05:00+00:00,2026-04-13 00:10:00+00:00,2026-04-13 01:40:00+00:00,70913.297609,71126.415672,0.003005332852733522,0.0018053328527335222,18,fixed_18b_exit,0,70834.26,3,0.6245568337799611,38.07747000000001,25.67533000000001,0.45616688513054304,-6.620529999999999,47.03685999999999,-0.04672043892641031,True,in_sample,18,90,high_cost,0.0018,0.9532795610735897,0.9927027093104244,-0.03971294514167267
downtrend_highvol_forced_cover_signal,fixed_horizon,18,11808,11809,11827,2026-04-20 00:00:00+00:00,2026-04-20 00:05:00+00:00,2026-04-20 01:35:00+00:00,74092.190991,74582.528527,0.0066179381314228625,0.005417938131422863,18,fixed_18b_exit,0,74054.22,4,0.6015835325435833,35.751280000000165,30.366640000000015,0.7633658984081545,143.67649000000011,5.12254999999999,-0.04155562924256373,True,in_sample,18,90,high_cost,0.0018,0.9584443707574363,0.9927027093104244,-0.034510169290044024
downtrend_highvol_forced_cover_signal,fixed_horizon,18,12324,12325,12343,2026-04-21 19:00:00+00:00,2026-04-21 19:05:00+00:00,2026-04-21 20:35:00+00:00,75761.831733,75732.413458,-0.00038829941577545046,-0.0015882994157754504,18,fixed_18b_exit,0,75668.24,3,0.6009116704453381,31.270460000000135,27.849079999999994,0.7048816240436767,70.40169000000013,17.766979999999997,-0.043077925876691014,False,in_sample,18,90,high_cost,0.0018,0.956922074123309,0.9927027093104244,-0.036043656224097775
downtrend_highvol_forced_cover_signal,fixed_horizon,18,12811,12812,12830,2026-04-23 11:35:00+00:00,2026-04-23 11:40:00+00:00,2026-04-23 13:10:00+00:00,77544.34632699999,77638.19155300001,0.0012102136447740275,1.0213644774027591e-05,18,fixed_18b_exit,0,77501.61,3,0.6247528585209194,34.78587000000015,7.9355699999999985,0.43562548332169215,-12.766439999999871,-0.9530100000000044,-0.043068152214549626,True,in_sample,18,90,high_cost,0.0018,0.9569318477854504,0.9927027093104244,-0.03603381071642486
downtrend_highvol_forced_cover_signal,fixed_horizon,18,13470,13471,13489,2026-04-25 18:30:00+00:00,2026-04-25 18:35:00+00:00,2026-04-25 20:05:00+00:00,77382.677841,77320.7968,-0.0007996756215538081,-0.001999675621553808,18,fixed_18b_exit,0,77335.0,3,0.6129684574563794,8.304840000000183,10.851809999999999,0.7024056443534561,11.618590000000179,-1.214920000000001,-0.0449817055020546,False,in_sample,18,90,high_cost,0.0018,0.9550182944979454,0.9927027093104244,-0.03796143040513733
downtrend_highvol_forced_cover_signal,fixed_horizon,18,14033,14034,14052,2026-04-27 17:25:00+00:00,2026-04-27 17:30:00+00:00,2026-04-27 19:00:00+00:00,76855.709798,76781.67858400001,-0.0009632493694295974,-0.002163249369429597,18,fixed_18b_exit,0,76817.7,4,0.532300930478618,18.555150000000154,23.646809999999995,0.6126441810341184,14.845870000000168,-7.00046,-0.04704764822542096,False,in_sample,18,90,high_cost,0.0018,0.952952351774579,0.9927027093104244,-0.04004255973418036
downtrend_highvol_forced_cover_signal,fixed_horizon,18,14204,14205,14223,2026-04-28 07:40:00+00:00,2026-04-28 07:45:00+00:00,2026-04-28 09:15:00+00:00,76881.05739999999,76806.951,-0.0009639097393578933,-0.002163909739357893,18,fixed_18b_exit,0,76832.34,5,0.741393311977183,269.65721000000013,136.57196999999996,0.4139679882739731,-14.683079999999842,-17.76565999999999,-0.04910975110056992,False,in_sample,18,90,high_cost,0.0018,0.9508902488994301,0.9927027093104244,-0.04211982098854061
downtrend_highvol_forced_cover_signal,fixed_horizon,18,14302,14303,14321,2026-04-28 15:50:00+00:00,2026-04-28 15:55:00+00:00,2026-04-28 17:25:00+00:00,76108.235623,76073.30116100001,-0.0004590102728571077,-0.0016590102728571076,18,fixed_18b_exit,0,76068.12,3,0.6370788870731572,34.82343000000015,44.780240000000006,0.5060530972490974,0.8032500000001441,5.920179999999998,-0.05068728779185372,False,in_sample,18,90,high_cost,0.0018,0.9493127122081463,0.9927027093104244,-0.043708954045686754
downtrend_highvol_forced_cover_signal,fixed_horizon,18,14647,14648,14666,2026-04-29 20:35:00+00:00,2026-04-29 20:40:00+00:00,2026-04-29 22:10:00+00:00,75774.985678,75942.940281,0.0022164913856099755,0.0010164913856099756,18,fixed_18b_exit,0,75716.54,3,0.6302424694674957,34.39092000000017,13.14135,0.531531747140883,5.0856300000001795,13.17282,-0.04972231959764417,True,in_sample,18,90,high_cost,0.0018,0.9502776804023558,0.9927027093104244,-0.04273689243533829
downtrend_highvol_forced_cover_signal,fixed_horizon,18,15857,15858,15876,2026-05-04 01:25:00+00:00,2026-05-04 01:30:00+00:00,2026-05-04 03:00:00+00:00,78629.27170699999,80076.719775,0.01840851424128287,0.01720851424128287,18,fixed_18b_exit,0,78585.86,4,0.6687443949436301,33.08245000000012,9.808639999999997,0.4890322375585446,-8.695739999999908,-37.094640000000005,-0.03336945260126711,True,in_sample,18,90,high_cost,0.0018,0.9666305473987329,0.9927027093104244,-0.026263816616157287
downtrend_highvol_forced_cover_signal,fixed_horizon,18,16431,16432,16450,2026-05-06 01:15:00+00:00,2026-05-06 01:20:00+00:00,2026-05-06 02:50:00+00:00,81311.98628,81263.503633,-0.0005962546140866332,-0.001796254614086633,18,fixed_18b_exit,0,81262.28,3,0.665186335393973,42.08854000000014,17.0036,0.6141378993355532,37.02499000000013,-36.199889999999996,-0.035105767182149195,False,in_sample,18,90,high_cost,0.0018,0.9648942328178508,0.9927027093104244,-0.02801289472846369
downtrend_highvol_forced_cover_signal,fixed_horizon,18,16919,16920,16938,2026-05-07 17:55:00+00:00,2026-05-07 18:00:00+00:00,2026-05-07 19:30:00+00:00,80118.548356,80029.94381200001,-0.0011059179905043015,-0.002305917990504301,18,fixed_18b_exit,0,79948.66,3,0.6189537486851134,44.76762000000011,24.85457,0.5594457314625727,10.900540000000111,27.733760000000004,-0.03733073415253774,False,in_sample,18,90,high_cost,0.0018,0.9626692658474623,0.9927027093104244,-0.03025421728104749
downtrend_highvol_forced_cover_signal,fixed_horizon,18,2512,2513,2531,2026-03-18 17:20:00+00:00,2026-03-18 17:25:00+00:00,2026-03-18 18:55:00+00:00,71497.138999,71089.63032600001,-0.005699650065797535,-0.006099650065797535,18,fixed_18b_exit,0,71450.7,3,0.6426335822303931,49.69903999999998,18.155320000000003,0.3607049033979521,-141.89385000000004,-43.77503999999999,-0.006099650065797491,False,in_sample,18,90,low_cost,0.0006000000000000001,0.9939003499342025,0.9939003499342025,0.0
downtrend_highvol_forced_cover_signal,fixed_horizon,18,2757,2758,2776,2026-03-19 13:45:00+00:00,2026-03-19 13:50:00+00:00,2026-03-19 15:20:00+00:00,69877.68707,69243.084999,-0.009081612423208707,-0.009481612423208706,18,fixed_18b_exit,0,69823.5,4,0.5487074146393739,44.83325999999991,6.243870000000015,0.5110398227595191,5.720859999999945,11.788200000000003,-0.015523427971165016,False,in_sample,18,90,low_cost,0.0006000000000000001,0.984476572028835,0.9939003499342025,-0.009481612423208663
downtrend_highvol_forced_cover_signal,fixed_horizon,18,3095,3096,3114,2026-03-20 17:55:00+00:00,2026-03-20 18:00:00+00:00,2026-03-20 19:30:00+00:00,70006.989999,69793.659936,-0.0030472680371352867,-0.003447268037135287,18,fixed_18b_exit,0,69963.88,4,0.6546879707265746,81.0036799999999,50.52185999999999,0.40010250711452816,-17.662600000000083,-30.64504,-0.018917182591228543,False,in_sample,18,90,low_cost,0.0006000000000000001,0.9810828174087715,0.9939003499342025,-0.012896194800896876
downtrend_highvol_forced_cover_signal,fixed_horizon,18,3497,3498,3516,2026-03-22 03:25:00+00:00,2026-03-22 03:30:00+00:00,2026-03-22 05:00:00+00:00,69447.384044,69277.641543,-0.002444188551327664,-0.002844188551327664,18,fixed_18b_exit,0,69411.1,3,0.5062472786972226,3.572099999999935,-59.89598000000001,0.49723775972053547,-0.8916800000000364,2.56494,-0.021707567108406822,False,in_sample,18,90,low_cost,0.0006000000000000001,0.9782924328915932,0.9939003499342025,-0.015703704142616126
downtrend_highvol_forced_cover_signal,fixed_horizon,18,3721,3722,3740,2026-03-22 22:05:00+00:00,2026-03-22 22:10:00+00:00,2026-03-22 23:40:00+00:00,68128.582177,68119.85733299999,-0.0001280643706534912,-0.0005280643706534912,18,fixed_18b_exit,0,68090.6,5,0.6396708687560277,74.19040000000001,51.98758000000002,0.512353887735987,1.9211599999999702,12.812659999999997,-0.022224168486296714,False,in_sample,18,90,low_cost,0.0006000000000000001,0.9777758315137033,0.9939003499342025,-0.016223475946624544
downtrend_highvol_forced_cover_signal,fixed_horizon,18,4216,4217,4235,2026-03-24 15:20:00+00:00,2026-03-24 15:25:00+00:00,2026-03-24 16:55:00+00:00,70220.101308,69469.922313,-0.010683251391358062,-0.011083251391358061,18,fixed_18b_exit,0,70131.96,4,0.5854448515896512,77.6410399999999,150.12989,0.468298708108071,-10.976190000000088,-5.098890000000004,-0.033061103831357186,False,in_sample,18,90,low_cost,0.0006000000000000001,0.9669388961686428,0.9939003499342025,-0.02712691847562443
downtrend_highvol_forced_cover_signal,fixed_horizon,18,4254,4255,4273,2026-03-24 18:30:00+00:00,2026-03-24 18:35:00+00:00,2026-03-24 20:05:00+00:00,69514.810786,69345.92471400001,-0.00242949768675782,-0.00282949768675782,18,fixed_18b_exit,0,69496.1,3,0.5780427673387833,37.8243199999999,19.302,0.4692296909739583,-6.014740000000113,-10.030220000000003,-0.0357970552013025,False,in_sample,18,90,low_cost,0.0006000000000000001,0.9642029447986975,0.9939003499342025,-0.02987966060930658
downtrend_highvol_forced_cover_signal,fixed_horizon,18,4840,4841,4859,2026-03-26 19:20:00+00:00,2026-03-26 19:25:00+00:00,2026-03-26 20:55:00+00:00,68556.22493699999,68998.309479,0.006448495995896364,0.006048495995896364,18,fixed_18b_exit,0,68520.29,3,0.6980821535904654,42.74413999999995,8.794540000000005,0.27785965723933675,-115.48709000000005,-11.586079999999995,-0.029965077550456076,True,in_sample,18,90,low_cost,0.0006000000000000001,0.9700349224495439,0.9939003499342025,-0.024011891620964287
downtrend_highvol_forced_cover_signal,fixed_horizon,18,5082,5083,5101,2026-03-27 15:30:00+00:00,2026-03-27 15:35:00+00:00,2026-03-27 17:05:00+00:00,66531.89252400001,66163.39299899999,-0.005538689957858778,-0.005938689957858778,18,fixed_18b_exit,0,66458.57,4,0.571288405575657,104.57404999999994,98.51559,0.6164463891474855,62.22173999999994,46.80918,-0.03572581420317944,False,in_sample,18,90,low_cost,0.0006000000000000001,0.9642741857968206,0.9939003499342025,-0.029807982399184474
downtrend_highvol_forced_cover_signal,fixed_horizon,18,5484,5485,5503,2026-03-29 01:00:00+00:00,2026-03-29 01:05:00+00:00,2026-03-29 02:35:00+00:00,66536.05294,66676.861647,0.0021162768270457377,0.0017162768270457378,18,fixed_18b_exit,0,66500.0,3,0.6370355727908412,20.575450000000004,10.801650000000006,0.5807538735618137,9.742949999999993,-10.631380000000004,-0.034070852763177895,True,in_sample,18,90,low_cost,0.0006000000000000001,0.9659291472368221,0.9939003499342025,-0.0281428643215913
downtrend_highvol_forced_cover_signal,fixed_horizon,18,6183,6184,6202,2026-03-31 11:15:00+00:00,2026-03-31 11:20:00+00:00,2026-03-31 12:50:00+00:00,66684.23775700001,66701.05922699999,0.00025225556392016735,-0.00014774443607983267,18,fixed_18b_exit,0,66584.35,4,0.5857227811430628,101.98859999999999,104.94784999999999,0.3968257996608932,-26.91292,-39.814119999999996,-0.03421356342032944,False,in_sample,18,90,low_cost,0.0006000000000000001,0.9657864365796706,0.9939003499342025,-0.0282864508060523
downtrend_highvol_forced_cover_signal,fixed_horizon,18,7459,7460,7478,2026-04-04 21:35:00+00:00,2026-04-04 21:40:00+00:00,2026-04-04 23:10:00+00:00,67309.80030700001,67355.723754,0.000682269844666461,0.000282269844666461,18,fixed_18b_exit,0,67295.81,3,0.7743888640986148,32.83628000000006,9.335030000000003,0.5489499445341101,15.472400000000064,-57.0838,-0.03394095103289507,True,in_sample,18,90,low_cost,0.0006000000000000001,0.9660590489671049,0.9939003499342025,-0.028012165373460962
downtrend_highvol_forced_cover_signal,fixed_horizon,18,7595,7596,7614,2026-04-05 08:55:00+00:00,2026-04-05 09:00:00+00:00,2026-04-05 10:30:00+00:00,66939.873318,67001.289201,0.0009174783272780651,0.0005174783272780651,18,fixed_18b_exit,0,66915.59,3,0.6711510957964305,19.73367000000004,8.005320000000001,0.31855184039310364,-15.24607999999996,16.806539999999995,-0.033441036412183656,True,in_sample,18,90,low_cost,0.0006000000000000001,0.9665589635878163,0.9939003499342025,-0.02750918273466374
downtrend_highvol_forced_cover_signal,fixed_horizon,18,9793,9794,9812,2026-04-13 00:05:00+00:00,2026-04-13 00:10:00+00:00,2026-04-13 01:40:00+00:00,70899.119203,71140.64522399999,0.0034066152543934525,0.0030066152543934523,18,fixed_18b_exit,0,70834.26,3,0.6245568337799611,38.07747000000001,25.67533000000001,0.45616688513054304,-6.620529999999999,47.03685999999999,-0.03053496548798973,True,in_sample,18,90,low_cost,0.0006000000000000001,0.9694650345120103,0.9939003499342025,-0.024585277008716155
downtrend_highvol_forced_cover_signal,fixed_horizon,18,11808,11809,11827,2026-04-20 00:00:00+00:00,2026-04-20 00:05:00+00:00,2026-04-20 01:35:00+00:00,74077.376997,74597.449509,0.007020665864303721,0.006620665864303721,18,fixed_18b_exit,0,74054.22,4,0.6015835325435833,35.751280000000165,30.366640000000015,0.7633658984081545,143.67649000000011,5.12254999999999,-0.024116461427360014,True,in_sample,18,90,low_cost,0.0006000000000000001,0.97588353857264,0.9939003499342025,-0.018127382048668372
downtrend_highvol_forced_cover_signal,fixed_horizon,18,12324,12325,12343,2026-04-21 19:00:00+00:00,2026-04-21 19:05:00+00:00,2026-04-21 20:35:00+00:00,75746.683911,75747.564486,1.1625261391534636e-05,-0.0003883747386084654,18,fixed_18b_exit,0,75668.24,3,0.6009116704453381,31.270460000000135,27.849079999999994,0.7048816240436767,70.40169000000013,17.766979999999997,-0.024495469941565373,False,in_sample,18,90,low_cost,0.0006000000000000001,0.9755045300584346,0.9939003499342025,-0.018508716570011963
downtrend_highvol_forced_cover_signal,fixed_horizon,18,12811,12812,12830,2026-04-23 11:35:00+00:00,2026-04-23 11:40:00+00:00,2026-04-23 13:10:00+00:00,77528.84210899999,77653.723851,0.0016107778550908947,0.0012107778550908947,18,fixed_18b_exit,0,77501.61,3,0.6247528585209194,34.78587000000015,7.9355699999999985,0.43562548332169215,-12.766439999999871,-0.9530100000000044,-0.02331435065902976,True,in_sample,18,90,low_cost,0.0006000000000000001,0.9766856493409702,0.9939003499342025,-0.017320348659070173
downtrend_highvol_forced_cover_signal,fixed_horizon,18,13470,13471,13489,2026-04-25 18:30:00+00:00,2026-04-25 18:35:00+00:00,2026-04-25 20:05:00+00:00,77367.205947,77336.2656,-0.0003999155277908395,-0.0007999155277908395,18,fixed_18b_exit,0,77335.0,3,0.6129684574563794,8.304840000000183,10.851809999999999,0.7024056443534561,11.618590000000179,-1.214920000000001,-0.02409561667570803,False,in_sample,18,90,low_cost,0.0006000000000000001,0.975904383324292,0.9939003499342025,-0.018106409371021814
downtrend_highvol_forced_cover_signal,fixed_horizon,18,14033,14034,14052,2026-04-27 17:25:00+00:00,2026-04-27 17:30:00+00:00,2026-04-27 19:00:00+00:00,76840.343266,76797.03952800001,-0.0005635547182563094,-0.0009635547182563094,18,fixed_18b_exit,0,76817.7,4,0.532300930478618,18.555150000000154,23.646809999999995,0.6126441810341184,14.845870000000168,-7.00046,-0.025035953948827072,False,in_sample,18,90,low_cost,0.0006000000000000001,0.9749640460511729,0.9939003499342025,-0.019052517573097894
downtrend_highvol_forced_cover_signal,fixed_horizon,18,14204,14205,14223,2026-04-28 07:40:00+00:00,2026-04-28 07:45:00+00:00,2026-04-28 09:15:00+00:00,76865.68579999999,76822.317,-0.0005642153523854887,-0.0009642153523854887,18,fixed_18b_exit,0,76832.34,5,0.741393311977183,269.65721000000013,136.57196999999996,0.4139679882739731,-14.683079999999842,-17.76565999999999,-0.02597602925005349,False,in_sample,18,90,low_cost,0.0006000000000000001,0.9740239707499465,0.9939003499342025,-0.019998362195537855
downtrend_highvol_forced_cover_signal,fixed_horizon,18,14302,14303,14321,2026-04-28 15:50:00+00:00,2026-04-28 15:55:00+00:00,2026-04-28 17:25:00+00:00,76093.018541,76088.52038700001,-5.911388569190823e-05,-0.00045911388569190825,18,fixed_18b_exit,0,76068.12,3,0.6370788870731572,34.82343000000015,44.780240000000006,0.5060530972490974,0.8032500000001441,5.920179999999998,-0.026423217180021497,False,in_sample,18,90,low_cost,0.0006000000000000001,0.9735767828199785,0.9939003499342025,-0.020448294555454605
downtrend_highvol_forced_cover_signal,fixed_horizon,18,14647,14648,14666,2026-04-29 20:35:00+00:00,2026-04-29 20:40:00+00:00,2026-04-29 22:10:00+00:00,75759.835226,75958.133427,0.002617458187553545,0.002217458187553545,18,fixed_18b_exit,0,75716.54,3,0.6302424694674957,34.39092000000017,13.14135,0.531531747140883,5.0856300000001795,13.17282,-0.024264351371745208,True,in_sample,18,90,low_cost,0.0006000000000000001,0.9757356486282548,0.9939003499342025,-0.01827617960608452
downtrend_highvol_forced_cover_signal,fixed_horizon,18,15857,15858,15876,2026-05-04 01:25:00+00:00,2026-05-04 01:30:00+00:00,2026-05-04 03:00:00+00:00,78613.550569,80092.739925,0.018815959148184014,0.018415959148184013,18,fixed_18b_exit,0,78585.86,4,0.6687443949436301,33.08245000000012,9.808639999999997,0.4890322375585446,-8.695739999999908,-37.094640000000005,-0.006295243527180361,True,in_sample,18,90,low_cost,0.0006000000000000001,0.9937047564728196,0.9939003499342025,-0.00019679383491089109
downtrend_highvol_forced_cover_signal,fixed_horizon,18,16431,16432,16450,2026-05-06 01:15:00+00:00,2026-05-06 01:20:00+00:00,2026-05-06 02:50:00+00:00,81295.72876,81279.761211,-0.00019641313564122687,-0.0005964131356412268,18,fixed_18b_exit,0,81262.28,3,0.665186335393973,42.08854000000014,17.0036,0.6141378993355532,37.02499000000013,-36.199889999999996,-0.006887902096889831,False,in_sample,18,90,low_cost,0.0006000000000000001,0.9931120979031102,0.9939003499342025,-0.0007930896001239196
downtrend_highvol_forced_cover_signal,fixed_horizon,18,16919,16920,16938,2026-05-07 17:55:00+00:00,2026-05-07 18:00:00+00:00,2026-05-07 19:30:00+00:00,80102.529452,80045.95460400001,-0.0007062804181968696,-0.0011062804181968696,18,fixed_18b_exit,0,79948.66,3,0.6189537486851134,44.76762000000011,24.85457,0.5594457314625727,10.900540000000111,27.733760000000004,-0.007986562563874422,False,in_sample,18,90,low_cost,0.0006000000000000001,0.9920134374361256,0.9939003499342025,-0.0018984926388262435
downtrend_highvol_forced_cover_signal,fixed_horizon,18,2512,2513,2531,2026-03-18 17:20:00+00:00,2026-03-18 17:25:00+00:00,2026-03-18 18:55:00+00:00,71489.99,71096.74,-0.005500770107815134,-0.005500770107815134,18,fixed_18b_exit,0,71450.7,3,0.6426335822303931,49.69903999999998,18.155320000000003,0.3607049033979521,-141.89385000000004,-43.77503999999999,-0.005500770107815134,False,in_sample,18,90,no_cost,0.0,0.9944992298921849,0.9944992298921849,0.0
downtrend_highvol_forced_cover_signal,fixed_horizon,18,2757,2758,2776,2026-03-19 13:45:00+00:00,2026-03-19 13:50:00+00:00,2026-03-19 15:20:00+00:00,69870.7,69250.01,-0.008883408925343561,-0.008883408925343561,18,fixed_18b_exit,0,69823.5,4,0.5487074146393739,44.83325999999991,6.243870000000015,0.5110398227595191,5.720859999999945,11.788200000000003,-0.014335313442886632,False,in_sample,18,90,no_cost,0.0,0.9856646865571134,0.9944992298921849,-0.008883408925343561
downtrend_highvol_forced_cover_signal,fixed_horizon,18,3095,3096,3114,2026-03-20 17:55:00+00:00,2026-03-20 18:00:00+00:00,2026-03-20 19:30:00+00:00,69999.99,69800.64,-0.002847857549693966,-0.002847857549693966,18,fixed_18b_exit,0,69963.88,4,0.6546879707265746,81.0036799999999,50.52185999999999,0.40010250711452816,-17.662600000000083,-30.64504,-0.017142346061965075,False,in_sample,18,90,no_cost,0.0,0.9828576539380349,0.9944992298921849,-0.011705967791862504
downtrend_highvol_forced_cover_signal,fixed_horizon,18,3497,3498,3516,2026-03-22 03:25:00+00:00,2026-03-22 03:30:00+00:00,2026-03-22 05:00:00+00:00,69440.44,69284.57,-0.0022446574359262783,-0.0022446574359262783,18,fixed_18b_exit,0,69411.1,3,0.5062472786972226,3.572099999999935,-59.89598000000001,0.49723775972053547,-0.8916800000000364,2.56494,-0.019348524803334155,False,in_sample,18,90,no_cost,0.0,0.9806514751966658,0.9944992298921849,-0.013924349340140085
downtrend_highvol_forced_cover_signal,fixed_horizon,18,3721,3722,3740,2026-03-22 22:05:00+00:00,2026-03-22 22:10:00+00:00,2026-03-22 23:40:00+00:00,68121.77,68126.67,7.19300159111036e-05,7.19300159111036e-05,18,fixed_18b_exit,0,68090.6,5,0.6396708687560277,74.19040000000001,51.98758000000002,0.512353887735987,1.9211599999999702,12.812659999999997,-0.019277986527119984,True,in_sample,18,90,no_cost,0.0,0.98072201347288,0.9944992298921849,-0.013853420902898539
downtrend_highvol_forced_cover_signal,fixed_horizon,18,4216,4217,4235,2026-03-24 15:20:00+00:00,2026-03-24 15:25:00+00:00,2026-03-24 16:55:00+00:00,70213.08,69476.87,-0.010485368253322691,-0.010485368253322691,18,fixed_18b_exit,0,70131.96,4,0.5854448515896512,77.6410399999999,150.12989,0.468298708108071,-10.976190000000088,-5.098890000000004,-0.029561217992523203,False,in_sample,18,90,no_cost,0.0,0.9704387820074768,0.9944992298921849,-0.02419353093648602
downtrend_highvol_forced_cover_signal,fixed_horizon,18,4254,4255,4273,2026-03-24 18:30:00+00:00,2026-03-24 18:35:00+00:00,2026-03-24 20:05:00+00:00,69507.86,69352.86,-0.002229963632889853,-0.002229963632889853,18,fixed_18b_exit,0,69496.1,3,0.5780427673387833,37.8243199999999,19.302,0.4692296909739583,-6.014740000000113,-10.030220000000003,-0.03172526118434582,False,in_sample,18,90,no_cost,0.0,0.9682747388156542,0.9944992298921849,-0.026369543875236268
downtrend_highvol_forced_cover_signal,fixed_horizon,18,4840,4841,4859,2026-03-26 19:20:00+00:00,2026-03-26 19:25:00+00:00,2026-03-26 20:55:00+00:00,68549.37,69005.21,0.0066498058260784365,0.0066498058260784365,18,fixed_18b_exit,0,68520.29,3,0.6980821535904654,42.74413999999995,8.794540000000005,0.27785965723933675,-115.48709000000005,-11.586079999999995,-0.02528642218492494,True,in_sample,18,90,no_cost,0.0,0.9747135778150751,0.9944992298921849,-0.019895090395650517
downtrend_highvol_forced_cover_signal,fixed_horizon,18,5082,5083,5101,2026-03-27 15:30:00+00:00,2026-03-27 15:35:00+00:00,2026-03-27 17:05:00+00:00,66525.24,66170.01,-0.005339777804634904,-0.005339777804634904,18,fixed_18b_exit,0,66458.57,4,0.571288405575657,104.57404999999994,98.51559,0.6164463891474855,62.22173999999994,46.80918,-0.03049117611361818,False,in_sample,18,90,no_cost,0.0,0.9695088238863818,0.9944992298921849,-0.025128632838169462
downtrend_highvol_forced_cover_signal,fixed_horizon,18,5484,5485,5503,2026-03-29 01:00:00+00:00,2026-03-29 01:05:00+00:00,2026-03-29 02:35:00+00:00,66529.4,66683.53,0.002316720126741112,0.002316720126741112,18,fixed_18b_exit,0,66500.0,3,0.6370355727908412,20.575450000000004,10.801650000000006,0.5807538735618137,9.742949999999993,-10.631380000000004,-0.02824509550826748,True,in_sample,18,90,no_cost,0.0,0.9717549044917325,0.9944992298921849,-0.02287012872088201
downtrend_highvol_forced_cover_signal,fixed_horizon,18,6183,6184,6202,2026-03-31 11:15:00+00:00,2026-03-31 11:20:00+00:00,2026-03-31 12:50:00+00:00,66677.57,66707.73,0.0004523260220790082,0.0004523260220790082,18,fixed_18b_exit,0,66584.35,4,0.5857227811430628,101.98859999999999,104.94784999999999,0.3968257996608932,-26.91292,-39.814119999999996,-0.027805545477882943,True,in_sample,18,90,no_cost,0.0,0.9721944545221171,0.9944992298921849,-0.022428147453151803
downtrend_highvol_forced_cover_signal,fixed_horizon,18,7459,7460,7478,2026-04-04 21:35:00+00:00,2026-04-04 21:40:00+00:00,2026-04-04 23:10:00+00:00,67303.07,67362.46,0.0008824263142825917,0.0008824263142825917,18,fixed_18b_exit,0,67295.81,3,0.7743888640986148,32.83628000000006,9.335030000000003,0.5489499445341101,15.472400000000064,-57.0838,-0.026947655508613,True,in_sample,18,90,no_cost,0.0,0.973052344491387,0.9944992298921849,-0.02156551232636239
downtrend_highvol_forced_cover_signal,fixed_horizon,18,7595,7596,7614,2026-04-05 08:55:00+00:00,2026-04-05 09:00:00+00:00,2026-04-05 10:30:00+00:00,66933.18,67007.99,0.001117681843295193,0.001117681843295193,18,fixed_18b_exit,0,66915.59,3,0.6711510957964305,19.73367000000004,8.005320000000001,0.31855184039310364,-15.24607999999996,16.806539999999995,-0.02586009257059918,True,in_sample,18,90,no_cost,0.0,0.9741399074294008,0.9944992298921849,-0.02047193386463575
downtrend_highvol_forced_cover_signal,fixed_horizon,18,9793,9794,9812,2026-04-13 00:05:00+00:00,2026-04-13 00:10:00+00:00,2026-04-13 01:40:00+00:00,70892.03,71147.76,0.003607316647583625,0.003607316647583625,18,fixed_18b_exit,0,70834.26,3,0.6245568337799611,38.07747000000001,25.67533000000001,0.45616688513054304,-6.620529999999999,47.03685999999999,-0.02234606146545348,True,in_sample,18,90,no_cost,0.0,0.9776539385345465,0.9944992298921849,-0.016938465964890237
downtrend_highvol_forced_cover_signal,fixed_horizon,18,11808,11809,11827,2026-04-20 00:00:00+00:00,2026-04-20 00:05:00+00:00,2026-04-20 01:35:00+00:00,74069.97,74604.91,0.007222090139904269,0.007222090139904269,18,fixed_18b_exit,0,74054.22,4,0.6015835325435833,35.751280000000165,30.366640000000015,0.7633658984081545,143.67649000000011,5.12254999999999,-0.015285356595724608,True,in_sample,18,90,no_cost,0.0,0.9847146434042754,0.9944992298921849,-0.00983870695301614
downtrend_highvol_forced_cover_signal,fixed_horizon,18,12324,12325,12343,2026-04-21 19:00:00+00:00,2026-04-21 19:05:00+00:00,2026-04-21 20:35:00+00:00,75739.11,75755.14,0.00021164758867642242,0.00021164758867642242,18,fixed_18b_exit,0,75668.24,3,0.6009116704453381,31.270460000000135,27.849079999999994,0.7048816240436767,70.40169000000013,17.766979999999997,-0.01507694411591376,True,in_sample,18,90,no_cost,0.0,0.9849230558840862,0.9944992298921849,-0.009629141702942046
downtrend_highvol_forced_cover_signal,fixed_horizon,18,12811,12812,12830,2026-04-23 11:35:00+00:00,2026-04-23 11:40:00+00:00,2026-04-23 13:10:00+00:00,77521.09,77661.49,0.0018111200448807097,0.0018111200448807097,18,fixed_18b_exit,0,77501.61,3,0.6247528585209194,34.78587000000015,7.9355699999999985,0.43562548332169215,-12.766439999999871,-0.9530100000000044,-0.013293130226736949,True,in_sample,18,90,no_cost,0.0,0.986706869773263,0.9944992298921849,-0.007835461189614645
downtrend_highvol_forced_cover_signal,fixed_horizon,18,13470,13471,13489,2026-04-25 18:30:00+00:00,2026-04-25 18:35:00+00:00,2026-04-25 20:05:00+00:00,77359.47,77344.0,-0.00019997551689532322,-0.00019997551689532322,18,fixed_18b_exit,0,77335.0,3,0.6129684574563794,8.304840000000183,10.851809999999999,0.7024056443534561,11.618590000000179,-1.214920000000001,-0.013490447443044062,False,in_sample,18,90,no_cost,0.0,0.9865095525569559,0.9944992298921849,-0.008033869806108429
downtrend_highvol_forced_cover_signal,fixed_horizon,18,14033,14034,14052,2026-04-27 17:25:00+00:00,2026-04-27 17:30:00+00:00,2026-04-27 19:00:00+00:00,76832.66,76804.72,-0.00036364743847216996,-0.00036364743847216996,18,fixed_18b_exit,0,76817.7,4,0.532300930478618,18.555150000000154,23.646809999999995,0.6126441810341184,14.845870000000168,-7.00046,-0.013849189114859772,False,in_sample,18,90,no_cost,0.0,0.9861508108851402,0.9944992298921849,-0.00839459574840462
downtrend_highvol_forced_cover_signal,fixed_horizon,18,14204,14205,14223,2026-04-28 07:40:00+00:00,2026-04-28 07:45:00+00:00,2026-04-28 09:15:00+00:00,76858.0,76830.0,-0.00036430820474120384,-0.00036430820474120384,18,fixed_18b_exit,0,76832.34,5,0.741393311977183,269.65721000000013,136.57196999999996,0.4139679882739731,-14.683079999999842,-17.76565999999999,-0.014208451946377432,False,in_sample,18,90,no_cost,0.0,0.9857915480536226,0.9944992298921849,-0.008755845733039225
downtrend_highvol_forced_cover_signal,fixed_horizon,18,14302,14303,14321,2026-04-28 15:50:00+00:00,2026-04-28 15:55:00+00:00,2026-04-28 17:25:00+00:00,76085.41,76096.13,0.0001408942923486478,0.0001408942923486478,18,fixed_18b_exit,0,76068.12,3,0.6370788870731572,34.82343000000015,44.780240000000006,0.5060530972490974,0.8032500000001441,5.920179999999998,-0.014069559543811172,True,in_sample,18,90,no_cost,0.0,0.9859304404561888,0.9944992298921849,-0.008616185089379114
downtrend_highvol_forced_cover_signal,fixed_horizon,18,14647,14648,14666,2026-04-29 20:35:00+00:00,2026-04-29 20:40:00+00:00,2026-04-29 22:10:00+00:00,75752.26,75965.73,0.0028180017335457386,0.0028180017335457386,18,fixed_18b_exit,0,75716.54,3,0.6302424694674957,34.39092000000017,13.14135,0.531531747140883,5.0856300000001795,13.17282,-0.011291205853450115,True,in_sample,18,90,no_cost,0.0,0.9887087941465499,0.9944992298921849,-0.005822463780351783
downtrend_highvol_forced_cover_signal,fixed_horizon,18,15857,15858,15876,2026-05-04 01:25:00+00:00,2026-05-04 01:30:00+00:00,2026-05-04 03:00:00+00:00,78605.69,80100.75,0.019019742718370702,0.019019742718370702,18,fixed_18b_exit,0,78585.86,4,0.6687443949436301,33.08245000000012,9.808639999999997,0.4890322375585446,-8.695739999999908,-37.094640000000005,0.007513781034607758,True,in_sample,18,90,no_cost,0.0,1.0075137810346078,1.0075137810346078,0.0
downtrend_highvol_forced_cover_signal,fixed_horizon,18,16431,16432,16450,2026-05-06 01:15:00+00:00,2026-05-06 01:20:00+00:00,2026-05-06 02:50:00+00:00,81287.6,81287.89,3.5675798029100037e-06,3.5675798029100037e-06,18,fixed_18b_exit,0,81262.28,3,0.665186335393973,42.08854000000014,17.0036,0.6141378993355532,37.02499000000013,-36.199889999999996,0.007517375420424077,True,in_sample,18,90,no_cost,0.0,1.007517375420424,1.007517375420424,0.0
downtrend_highvol_forced_cover_signal,fixed_horizon,18,16919,16920,16938,2026-05-07 17:55:00+00:00,2026-05-07 18:00:00+00:00,2026-05-07 19:30:00+00:00,80094.52,80053.96,-0.0005064016864074761,-0.0005064016864074761,18,fixed_18b_exit,0,79948.66,3,0.6189537486851134,44.76762000000011,24.85457,0.5594457314625727,10.900540000000111,27.733760000000004,0.007007166922426311,False,in_sample,18,90,no_cost,0.0,1.0070071669224263,1.007517375420424,-0.0005064016864074761
downtrend_highvol_forced_cover_signal,fixed_horizon,24,2512,2513,2537,2026-03-18 17:20:00+00:00,2026-03-18 17:25:00+00:00,2026-03-18 19:25:00+00:00,71504.287998,71267.923564,-0.0033055980363948523,-0.004105598036394853,24,fixed_24b_exit,0,71450.7,3,0.6426335822303931,49.69903999999998,18.155320000000003,0.4830773908738798,-4.563630000000025,-19.36197,-0.004105598036394875,False,in_sample,24,120,base_cost,0.0012000000000000001,0.9958944019636051,0.9958944019636051,0.0
downtrend_highvol_forced_cover_signal,fixed_horizon,24,2757,2758,2782,2026-03-19 13:45:00+00:00,2026-03-19 13:50:00+00:00,2026-03-19 15:50:00+00:00,69884.67414,69413.974428,-0.0067353782183636746,-0.007535378218363675,24,fixed_24b_exit,0,69823.5,4,0.5487074146393739,44.83325999999991,6.243870000000015,0.46297919329456344,-71.3392700000001,48.284139999999965,-0.011610039020741758,False,in_sample,24,120,base_cost,0.0012000000000000001,0.9883899609792582,0.9958944019636051,-0.0075353782183636975
downtrend_highvol_forced_cover_signal,fixed_horizon,24,3095,3096,3120,2026-03-20 17:55:00+00:00,2026-03-20 18:00:00+00:00,2026-03-20 20:00:00+00:00,70013.989998,70114.504294,0.001435631593098341,0.000635631593098341,24,fixed_24b_exit,0,69963.88,4,0.6546879707265746,81.0036799999999,50.52185999999999,0.5747429630364504,29.186709999999927,17.136499999999998,-0.010981787135242005,True,in_sample,24,120,base_cost,0.0012000000000000001,0.989018212864758,0.9958944019636051,-0.006904536349726764
downtrend_highvol_forced_cover_signal,fixed_horizon,24,3497,3498,3522,2026-03-22 03:25:00+00:00,2026-03-22 03:30:00+00:00,2026-03-22 05:30:00+00:00,69454.328088,69158.985436,-0.004252328978343711,-0.005052328978343712,24,fixed_24b_exit,0,69411.1,3,0.5062472786972226,3.572099999999935,-59.89598000000001,0.4996778958227616,-0.04064000000003265,20.88539,-0.015978632512208324,False,in_sample,24,120,base_cost,0.0012000000000000001,0.9840213674877917,0.9958944019636051,-0.011921981338988696
downtrend_highvol_forced_cover_signal,fixed_horizon,24,3721,3722,3746,2026-03-22 22:05:00+00:00,2026-03-22 22:10:00+00:00,2026-03-23 00:10:00+00:00,68135.394354,67943.888504,-0.002810666200961931,-0.003610666200961931,24,fixed_24b_exit,0,68090.6,5,0.6396708687560277,74.19040000000001,51.98758000000002,0.5806586904348706,49.325629999999975,-1.878069999999994,-0.01953160520482089,False,in_sample,24,120,base_cost,0.0012000000000000001,0.9804683947951791,0.9958944019636051,-0.015489601244881523
downtrend_highvol_forced_cover_signal,fixed_horizon,24,4216,4217,4241,2026-03-24 15:20:00+00:00,2026-03-24 15:25:00+00:00,2026-03-24 17:25:00+00:00,70227.122616,69163.334566,-0.015147823381811532,-0.01594782338181153,24,fixed_24b_exit,0,70131.96,4,0.5854448515896512,77.6410399999999,150.12989,0.5264892429597657,12.344009999999916,-20.078460000000003,-0.03516794199646267,False,in_sample,24,120,base_cost,0.0012000000000000001,0.9648320580035373,0.9958944019636051,-0.031190399201785013
downtrend_highvol_forced_cover_signal,fixed_horizon,24,4254,4255,4279,2026-03-24 18:30:00+00:00,2026-03-24 18:35:00+00:00,2026-03-24 20:35:00+00:00,69521.761572,70112.634668,0.008499109956931372,0.007699109956931372,24,fixed_24b_exit,0,69496.1,3,0.5780427673387833,37.8243199999999,19.302,0.6221076760335441,115.3363999999999,-51.91516000000003,-0.027739593891920933,True,in_sample,24,120,base_cost,0.0012000000000000001,0.9722604061080791,0.9958944019636051,-0.02373142755790869
downtrend_highvol_forced_cover_signal,fixed_horizon,24,4840,4841,4865,2026-03-26 19:20:00+00:00,2026-03-26 19:25:00+00:00,2026-03-26 21:25:00+00:00,68563.07987399999,69078.67150200001,0.0075199601439657204,0.00671996014396572,24,fixed_24b_exit,0,68520.29,3,0.6980821535904654,42.74413999999995,8.794540000000005,0.6369251912996541,48.539459999999934,3.0944399999999987,-0.021206042713318607,True,in_sample,24,120,base_cost,0.0012000000000000001,0.9787939572866814,0.9958944019636051,-0.017170941661291406
downtrend_highvol_forced_cover_signal,fixed_horizon,24,5082,5083,5107,2026-03-27 15:30:00+00:00,2026-03-27 15:35:00+00:00,2026-03-27 17:35:00+00:00,66538.545048,65856.29610600001,-0.010253439438867029,-0.01105343943886703,24,fixed_24b_exit,0,66458.57,4,0.571288405575657,104.57404999999994,98.51559,0.4164344508385183,-41.90108000000004,19.687300000000015,-0.03202508244331592,False,in_sample,24,120,base_cost,0.0012000000000000001,0.9679749175566841,0.9958944019636051,-0.02803458313639695
downtrend_highvol_forced_cover_signal,fixed_horizon,24,5484,5485,5509,2026-03-29 01:00:00+00:00,2026-03-29 01:05:00+00:00,2026-03-29 03:05:00+00:00,66542.70588,66799.377452,0.0038572457883343514,0.0030572457883343515,24,fixed_24b_exit,0,66500.0,3,0.6370355727908412,20.575450000000004,10.801650000000006,0.5374120621016392,24.939559999999993,-27.27722999999999,-0.029065745203402327,True,in_sample,24,120,base_cost,0.0012000000000000001,0.9709342547965977,0.9958944019636051,-0.02506304595928399
downtrend_highvol_forced_cover_signal,fixed_horizon,24,6183,6184,6208,2026-03-31 11:15:00+00:00,2026-03-31 11:20:00+00:00,2026-03-31 13:20:00+00:00,66690.90551400001,66799.98733,0.0016356325522839388,0.0008356325522839387,24,fixed_24b_exit,0,66584.35,4,0.5857227811430628,101.98859999999999,104.94784999999999,0.4761122904119886,-5.9138000000000055,5.092670000000002,-0.028254400933966695,True,in_sample,24,120,base_cost,0.0012000000000000001,0.9717455990660333,0.9958944019636051,-0.024248356904062907
downtrend_highvol_forced_cover_signal,fixed_horizon,24,7459,7460,7484,2026-04-04 21:35:00+00:00,2026-04-04 21:40:00+00:00,2026-04-04 23:40:00+00:00,67316.530614,67311.78495,-7.049775080081311e-05,-0.0008704977508008131,24,fixed_24b_exit,0,67295.81,3,0.7743888640986148,32.83628000000006,9.335030000000003,0.7374827673843579,50.10429000000004,50.37028999999999,-0.029100303292304286,False,in_sample,24,120,base_cost,0.0012000000000000001,0.9708996967076957,0.9958944019636051,-0.02509774651471819
downtrend_highvol_forced_cover_signal,fixed_horizon,24,7595,7596,7620,2026-04-05 08:55:00+00:00,2026-04-05 09:00:00+00:00,2026-04-05 11:00:00+00:00,66946.56663599999,67041.968924,0.0014250512430118434,0.0006250512430118433,24,fixed_24b_exit,0,66915.59,3,0.6711510957964305,19.73367000000004,8.005320000000001,0.44827858315550684,-7.537509999999955,9.394450000000003,-0.028493441230037275,True,in_sample,24,120,base_cost,0.0012000000000000001,0.9715065587699627,0.9958944019636051,-0.02448838264936215
downtrend_highvol_forced_cover_signal,fixed_horizon,24,9793,9794,9818,2026-04-13 00:05:00+00:00,2026-04-13 00:10:00+00:00,2026-04-13 02:10:00+00:00,70906.20840599999,70987.179724,0.0011419496235982596,0.00034194962359825954,24,fixed_24b_exit,0,70834.26,3,0.6245568337799611,38.07747000000001,25.67533000000001,0.33850670775696107,-20.030419999999992,-20.53382,-0.028161234927942536,True,in_sample,24,120,base_cost,0.0012000000000000001,0.9718387650720575,0.9958944019636051,-0.02415480681899318
downtrend_highvol_forced_cover_signal,fixed_horizon,24,11808,11809,11833,2026-04-20 00:00:00+00:00,2026-04-20 00:05:00+00:00,2026-04-20 02:05:00+00:00,74084.783994,74535.030012,0.006077442542539835,0.0052774425425398345,24,fixed_24b_exit,0,74054.22,4,0.6015835325435833,35.751280000000165,30.366640000000015,0.4223265286846296,-13.61811999999986,6.869900000000003,-0.023032411684661747,True,in_sample,24,120,base_cost,0.0012000000000000001,0.9769675883153383,0.9958944019636051,-0.01900483988156665
downtrend_highvol_forced_cover_signal,fixed_horizon,24,12324,12325,12349,2026-04-21 19:00:00+00:00,2026-04-21 19:05:00+00:00,2026-04-21 21:05:00+00:00,75754.257822,75609.875,-0.001905936724233448,-0.002705936724233448,24,fixed_24b_exit,0,75668.24,3,0.6009116704453381,31.270460000000135,27.849079999999994,0.47206487064001595,-3.219169999999859,-2.565730000000001,-0.02567602416027004,False,in_sample,24,120,base_cost,0.0012000000000000001,0.97432397583973,0.9958944019636051,-0.02165935071162639
downtrend_highvol_forced_cover_signal,fixed_horizon,24,12811,12812,12836,2026-04-23 11:35:00+00:00,2026-04-23 11:40:00+00:00,2026-04-23 13:40:00+00:00,77536.594218,77525.78174199999,-0.00013944997338422027,-0.0009394499733842203,24,fixed_24b_exit,0,77501.61,3,0.6247528585209194,34.78587000000015,7.9355699999999985,0.6242922061421892,44.16951000000013,13.124650000000003,-0.02659135279344027,False,in_sample,24,120,base_cost,0.0012000000000000001,0.9734086472065597,0.9958944019636051,-0.022578452808561078
downtrend_highvol_forced_cover_signal,fixed_horizon,24,13470,13471,13495,2026-04-25 18:30:00+00:00,2026-04-25 18:35:00+00:00,2026-04-25 20:35:00+00:00,77374.941894,77384.300044,0.0001209454866255566,-0.0006790545133744434,24,fixed_24b_exit,0,77335.0,3,0.6129684574563794,8.304840000000183,10.851809999999999,0.496924522505906,-0.17019999999982094,-3.31295,-0.027252350328683672,False,in_sample,24,120,base_cost,0.0012000000000000001,0.9727476496713163,0.9958944019636051,-0.02324217532165096
downtrend_highvol_forced_cover_signal,fixed_horizon,24,14033,14034,14058,2026-04-27 17:25:00+00:00,2026-04-27 17:30:00+00:00,2026-04-27 19:30:00+00:00,76848.026532,76564.19409799999,-0.0036934251510261085,-0.004493425151026109,24,fixed_24b_exit,0,76817.7,4,0.532300930478618,18.555150000000154,23.646809999999995,0.25828549784104754,-149.68273999999985,-104.77668000000001,-0.03162331908331828,False,in_sample,24,120,base_cost,0.0012000000000000001,0.9683766809166817,0.9958944019636051,-0.02763116349752215
downtrend_highvol_forced_cover_signal,fixed_horizon,24,14204,14205,14229,2026-04-28 07:40:00+00:00,2026-04-28 07:45:00+00:00,2026-04-28 09:45:00+00:00,76873.3716,76565.603816,-0.004003568174444361,-0.004803568174444361,24,fixed_24b_exit,0,76832.34,5,0.741393311977183,269.65721000000013,136.57196999999996,0.30464475775507843,-26.69410999999984,-26.260019999999994,-0.03627498248864369,False,in_sample,24,120,base_cost,0.0012000000000000001,0.9637250175113563,0.9958944019636051,-0.03230200349436696
downtrend_highvol_forced_cover_signal,fixed_horizon,24,14302,14303,14327,2026-04-28 15:50:00+00:00,2026-04-28 15:55:00+00:00,2026-04-28 17:55:00+00:00,76100.627082,76172.06254,0.0009386973634661899,0.0001386973634661899,24,fixed_24b_exit,0,76068.12,3,0.6370788870731572,34.82343000000015,44.780240000000006,0.6003117490210085,12.40491000000014,11.93019,-0.03614131636960838,True,in_sample,24,120,base_cost,0.0012000000000000001,0.9638586836303916,0.9958944019636051,-0.03216778633361994
downtrend_highvol_forced_cover_signal,fixed_horizon,24,14647,14648,14672,2026-04-29 20:35:00+00:00,2026-04-29 20:40:00+00:00,2026-04-29 22:40:00+00:00,75767.410452,75947.667428,0.0023790832354524394,0.0015790832354524395,24,fixed_24b_exit,0,75716.54,3,0.6302424694674957,34.39092000000017,13.14135,0.7458865403645458,25.762300000000174,9.66592,-0.034619303280942315,True,in_sample,24,120,base_cost,0.0012000000000000001,0.9653806967190577,0.9958944019636051,-0.030639498710288482
downtrend_highvol_forced_cover_signal,fixed_horizon,24,15857,15858,15882,2026-05-04 01:25:00+00:00,2026-05-04 01:30:00+00:00,2026-05-04 03:30:00+00:00,78621.411138,80041.69845800001,0.01806489224044916,0.01726489224044916,24,fixed_24b_exit,0,78585.86,4,0.6687443949436301,33.08245000000012,9.808639999999997,0.49053236724918947,-4.800409999999864,-4.617159999999998,-0.017952109581077957,True,in_sample,24,120,base_cost,0.0012000000000000001,0.982047890418922,0.9958944019636051,-0.01390359411337383
downtrend_highvol_forced_cover_signal,fixed_horizon,24,16431,16432,16456,2026-05-06 01:15:00+00:00,2026-05-06 01:20:00+00:00,2026-05-06 03:20:00+00:00,81303.85752,81634.989736,0.004072773741621516,0.003272773741621516,24,fixed_24b_exit,0,81262.28,3,0.665186335393973,42.08854000000014,17.0036,0.7611914647681879,136.44651000000016,159.43714,-0.014738089032300006,True,in_sample,24,120,base_cost,0.0012000000000000001,0.9852619109677,0.9958944019636051,-0.010676323689480571
downtrend_highvol_forced_cover_signal,fixed_horizon,24,16919,16920,16944,2026-05-07 17:55:00+00:00,2026-05-07 18:00:00+00:00,2026-05-07 20:00:00+00:00,80110.538904,80244.027984,0.0016663110974695083,0.0008663110974695083,24,fixed_24b_exit,0,79948.66,3,0.6189537486851134,44.76762000000011,24.85457,0.5085116170548428,3.853780000000114,21.01916,-0.013884545704914597,True,in_sample,24,120,base_cost,0.0012000000000000001,0.9861154542950854,0.9958944019636051,-0.009819261609703367
downtrend_highvol_forced_cover_signal,fixed_horizon,24,2512,2513,2537,2026-03-18 17:20:00+00:00,2026-03-18 17:25:00+00:00,2026-03-18 19:25:00+00:00,71511.436997,71260.795346,-0.0035049169968506266,-0.004704916996850626,24,fixed_24b_exit,0,71450.7,3,0.6426335822303931,49.69903999999998,18.155320000000003,0.4830773908738798,-4.563630000000025,-19.36197,-0.0047049169968506055,False,in_sample,24,120,high_cost,0.0018,0.9952950830031494,0.9952950830031494,0.0
downtrend_highvol_forced_cover_signal,fixed_horizon,24,2757,2758,2782,2026-03-19 13:45:00+00:00,2026-03-19 13:50:00+00:00,2026-03-19 15:50:00+00:00,69891.66120999999,69407.031642,-0.006934011291330533,-0.008134011291330533,24,fixed_24b_exit,0,69823.5,4,0.5487074146393739,44.83325999999991,6.243870000000015,0.46297919329456344,-71.3392700000001,48.284139999999965,-0.01280065844020395,False,in_sample,24,120,high_cost,0.0018,0.987199341559796,0.9952950830031494,-0.008134011291330512
downtrend_highvol_forced_cover_signal,fixed_horizon,24,3095,3096,3120,2026-03-20 17:55:00+00:00,2026-03-20 18:00:00+00:00,2026-03-20 20:00:00+00:00,70020.989997,70107.491441,0.0012353644814748765,3.5364481474876646e-05,24,fixed_24b_exit,0,69963.88,4,0.6546879707265746,81.0036799999999,50.52185999999999,0.5747429630364504,29.186709999999927,17.136499999999998,-0.012765746647377396,True,in_sample,24,120,high_cost,0.0018,0.9872342533526226,0.9952950830031494,-0.00809893446494725
downtrend_highvol_forced_cover_signal,fixed_horizon,24,3497,3498,3522,2026-03-22 03:25:00+00:00,2026-03-22 03:30:00+00:00,2026-03-22 05:30:00+00:00,69461.272132,69152.06815400001,-0.0044514586115323995,-0.005651458611532399,24,fixed_24b_exit,0,69411.1,3,0.5062472786972226,3.572099999999935,-59.89598000000001,0.4996778958227616,-0.04064000000003265,20.88539,-0.018345060170086858,False,in_sample,24,120,high_cost,0.0018,0.9816549398299131,0.9952950830031494,-0.013704622283553514
downtrend_highvol_forced_cover_signal,fixed_horizon,24,3721,3722,3746,2026-03-22 22:05:00+00:00,2026-03-22 22:10:00+00:00,2026-03-23 00:10:00+00:00,68142.206531,67937.092756,-0.0030100841378931653,-0.004210084137893165,24,fixed_24b_exit,0,68090.6,5,0.6396708687560277,74.19040000000001,51.98758000000002,0.5806586904348706,49.325629999999975,-1.878069999999994,-0.022477910061149187,False,in_sample,24,120,high_cost,0.0018,0.9775220899388508,0.9952950830031494,-0.017857008808554897
downtrend_highvol_forced_cover_signal,fixed_horizon,24,4216,4217,4241,2026-03-24 15:20:00+00:00,2026-03-24 15:25:00+00:00,2026-03-24 17:25:00+00:00,70234.143924,69156.416849,-0.015344774133877137,-0.016544774133877137,24,fixed_24b_exit,0,70131.96,4,0.5854448515896512,77.6410399999999,150.12989,0.5264892429597657,12.344009999999916,-20.078460000000003,-0.03865079225006296,False,in_sample,24,120,high_cost,0.0018,0.961349207749937,0.9952950830031494,-0.03410634276498781
downtrend_highvol_forced_cover_signal,fixed_horizon,24,4254,4255,4279,2026-03-24 18:30:00+00:00,2026-03-24 18:35:00+00:00,2026-03-24 20:35:00+00:00,69528.712358,70105.622002,0.008297430290805874,0.007097430290805874,24,fixed_24b_exit,0,69496.1,3,0.5780427673387833,37.8243199999999,19.302,0.6221076760335441,115.3363999999999,-51.91516000000003,-0.03182768326293639,True,in_sample,24,120,high_cost,0.0018,0.9681723167370636,0.9952950830031494,-0.027250979864430813
downtrend_highvol_forced_cover_signal,fixed_horizon,24,4840,4841,4865,2026-03-26 19:20:00+00:00,2026-03-26 19:25:00+00:00,2026-03-26 21:25:00+00:00,68569.934811,69071.76225300001,0.007318476288233233,0.006118476288233234,24,fixed_24b_exit,0,68520.29,3,0.6980821535904654,42.74413999999995,8.794540000000005,0.6369251912996541,48.539459999999934,3.0944399999999987,-0.025903943900056903,True,in_sample,24,120,high_cost,0.0018,0.9740960560999431,0.9952950830031494,-0.021299238050329294
downtrend_highvol_forced_cover_signal,fixed_horizon,24,5082,5083,5107,2026-03-27 15:30:00+00:00,2026-03-27 15:35:00+00:00,2026-03-27 17:35:00+00:00,66545.197572,65849.709159,-0.010451368969901953,-0.011651368969901953,24,fixed_24b_exit,0,66458.57,4,0.571288405575657,104.57404999999994,98.51559,0.4164344508385183,-41.90108000000004,19.687300000000015,-0.03725349646180365,False,in_sample,24,120,high_cost,0.0018,0.9627465035381964,0.9952950830031494,-0.032702441738929
downtrend_highvol_forced_cover_signal,fixed_horizon,24,5484,5485,5509,2026-03-29 01:00:00+00:00,2026-03-29 01:05:00+00:00,2026-03-29 03:05:00+00:00,66549.35882,66792.69617800001,0.0036564944022705603,0.0024564944022705607,24,fixed_24b_exit,0,66500.0,3,0.6370355727908412,20.575450000000004,10.801650000000006,0.5374120621016392,24.939559999999993,-27.27722999999999,-0.034888515065056636,True,in_sample,24,120,high_cost,0.0018,0.9651114849349434,0.9952950830031494,-0.030326280701730823
downtrend_highvol_forced_cover_signal,fixed_horizon,24,6183,6184,6208,2026-03-31 11:15:00+00:00,2026-03-31 11:20:00+00:00,2026-03-31 13:20:00+00:00,66697.573271,66793.305995,0.0014353254444658958,0.00023532544446589593,24,fixed_24b_exit,0,66584.35,4,0.5857227811430628,101.98859999999999,104.94784999999999,0.4761122904119886,-5.9138000000000055,5.092670000000002,-0.03466139977590521,True,in_sample,24,120,high_cost,0.0018,0.9653386002240948,0.9952950830031494,-0.030098091802750138
downtrend_highvol_forced_cover_signal,fixed_horizon,24,7459,7460,7484,2026-04-04 21:35:00+00:00,2026-04-04 21:40:00+00:00,2026-04-04 23:40:00+00:00,67323.26092100001,67305.052425,-0.00027046366665706145,-0.0014704636666570613,24,fixed_24b_exit,0,67295.81,3,0.7743888640986148,32.83628000000006,9.335030000000003,0.7374827673843579,50.10429000000004,50.37028999999999,-0.03608089511355628,False,in_sample,24,120,high_cost,0.0018,0.9639191048864437,0.9952950830031494,-0.031524297318975436
downtrend_highvol_forced_cover_signal,fixed_horizon,24,7595,7596,7620,2026-04-05 08:55:00+00:00,2026-04-05 09:00:00+00:00,2026-04-05 11:00:00+00:00,66953.259954,67035.263386,0.0012247862472469784,2.4786247246978482e-05,24,fixed_24b_exit,0,66915.59,3,0.6711510957964305,19.73367000000004,8.005320000000001,0.44827858315550684,-7.537509999999955,9.394450000000003,-0.036057003176296565,True,in_sample,24,120,high_cost,0.0018,0.9639429968237034,0.9952950830031494,-0.03150029244075625
downtrend_highvol_forced_cover_signal,fixed_horizon,24,9793,9794,9818,2026-04-13 00:05:00+00:00,2026-04-13 00:10:00+00:00,2026-04-13 02:10:00+00:00,70913.297609,70980.079586,0.0009417412424990168,-0.0002582587575009831,24,fixed_24b_exit,0,70834.26,3,0.6245568337799611,38.07747000000001,25.67533000000001,0.33850670775696107,-20.030419999999992,-20.53382,-0.03630594989695801,False,in_sample,24,120,high_cost,0.0018,0.963694050103042,0.9952950830031494,-0.03175041597187056
downtrend_highvol_forced_cover_signal,fixed_horizon,24,11808,11809,11833,2026-04-20 00:00:00+00:00,2026-04-20 00:05:00+00:00,2026-04-20 02:05:00+00:00,74092.190991,74527.575018,0.005876247161497705,0.0046762471614977055,24,fixed_24b_exit,0,74054.22,4,0.6015835325435833,35.751280000000165,30.366640000000015,0.4223265286846296,-13.61811999999986,6.869900000000003,-0.031799478330611475,True,in_sample,24,120,high_cost,0.0018,0.9682005216693885,0.9952950830031494,-0.027222641602937747
downtrend_highvol_forced_cover_signal,fixed_horizon,24,12324,12325,12349,2026-04-21 19:00:00+00:00,2026-04-21 19:05:00+00:00,2026-04-21 21:05:00+00:00,75761.831733,75602.3125,-0.0021055355889780802,-0.00330553558897808,24,fixed_24b_exit,0,75668.24,3,0.6009116704453381,31.270460000000135,27.849079999999994,0.47206487064001595,-3.219169999999859,-2.565730000000001,-0.0349998996122568,False,in_sample,24,120,high_cost,0.0018,0.9650001003877432,0.9952950830031494,-0.030438191781271273
downtrend_highvol_forced_cover_signal,fixed_horizon,24,12811,12812,12836,2026-04-23 11:35:00+00:00,2026-04-23 11:40:00+00:00,2026-04-23 13:40:00+00:00,77544.34632699999,77518.027613,-0.00033940210017391337,-0.0015394021001739133,24,fixed_24b_exit,0,77501.61,3,0.6247528585209194,34.78587000000015,7.9355699999999985,0.6242922061421892,44.16951000000013,13.124650000000003,-0.036485422793461675,False,in_sample,24,120,high_cost,0.0018,0.9635145772065383,0.9952950830031494,-0.03193073726509155
downtrend_highvol_forced_cover_signal,fixed_horizon,24,13470,13471,13495,2026-04-25 18:30:00+00:00,2026-04-25 18:35:00+00:00,2026-04-25 20:35:00+00:00,77382.677841,77376.560066,-7.905871405178289e-05,-0.0012790587140517828,24,fixed_24b_exit,0,77335.0,3,0.6129684574563794,8.304840000000183,10.851809999999999,0.496924522505906,-0.17019999999982094,-3.31295,-0.03771781450955358,False,in_sample,24,120,high_cost,0.0018,0.9622821854904464,0.9952950830031494,-0.033168954691398356
downtrend_highvol_forced_cover_signal,fixed_horizon,24,14033,14034,14058,2026-04-27 17:25:00+00:00,2026-04-27 17:30:00+00:00,2026-04-27 19:30:00+00:00,76855.709798,76556.53614699999,-0.0038926665538100425,-0.005092666553810042,24,fixed_24b_exit,0,76817.7,4,0.532300930478618,18.555150000000154,23.646809999999995,0.25828549784104754,-149.68273999999985,-104.77668000000001,-0.04261839681092794,False,in_sample,24,120,high_cost,0.0018,0.9573816031890721,0.9952950830031494,-0.03809270281902655
downtrend_highvol_forced_cover_signal,fixed_horizon,24,14204,14205,14229,2026-04-28 07:40:00+00:00,2026-04-28 07:45:00+00:00,2026-04-28 09:45:00+00:00,76881.05739999999,76557.945724,-0.004202747554822084,-0.0054027475548220835,24,fixed_24b_exit,0,76832.34,5,0.741393311977183,269.65721000000013,136.57196999999996,0.30464475775507843,-26.69410999999984,-26.260019999999994,-0.047790887926589365,False,in_sample,24,120,high_cost,0.0018,0.9522091120734106,0.9952950830031494,-0.04328964511683664
downtrend_highvol_forced_cover_signal,fixed_horizon,24,14302,14303,14327,2026-04-28 15:50:00+00:00,2026-04-28 15:55:00+00:00,2026-04-28 17:55:00+00:00,76108.235623,76164.44381000001,0.0007385296287569787,-0.0004614703712430212,24,fixed_24b_exit,0,76068.12,3,0.6370788870731572,34.82343000000015,44.780240000000006,0.6003117490210085,12.40491000000014,11.93019,-0.048230304219038844,False,in_sample,24,120,high_cost,0.0018,0.9517696957809612,0.9952950830031494,-0.04373113859947653
downtrend_highvol_forced_cover_signal,fixed_horizon,24,14647,14648,14672,2026-04-29 20:35:00+00:00,2026-04-29 20:40:00+00:00,2026-04-29 22:40:00+00:00,75774.985678,75940.071142,0.0021786274523563076,0.0009786274523563077,24,fixed_24b_exit,0,75716.54,3,0.6302424694674957,34.39092000000017,13.14135,0.7458865403645458,25.762300000000174,9.66592,-0.047298876266426815,True,in_sample,24,120,high_cost,0.0018,0.9527011237335732,0.9952950830031494,-0.04279530763987649
downtrend_highvol_forced_cover_signal,fixed_horizon,24,15857,15858,15882,2026-05-04 01:25:00+00:00,2026-05-04 01:30:00+00:00,2026-05-04 03:30:00+00:00,78629.27170699999,80033.692687,0.017861299609048586,0.016661299609048587,24,fixed_24b_exit,0,78585.86,4,0.6687443949436301,33.08245000000012,9.808639999999997,0.49053236724918947,-4.800409999999864,-4.617159999999998,-0.031425637406024554,True,in_sample,24,120,high_cost,0.0018,0.9685743625939754,0.9952950830031494,-0.026847033473277437
downtrend_highvol_forced_cover_signal,fixed_horizon,24,16431,16432,16456,2026-05-06 01:15:00+00:00,2026-05-06 01:20:00+00:00,2026-05-06 03:20:00+00:00,81311.98628,81626.82460400001,0.0038719792542745157,0.002671979254274516,24,fixed_24b_exit,0,81262.28,3,0.665186335393973,42.08854000000014,17.0036,0.7611914647681879,136.44651000000016,159.43714,-0.02883762680295132,True,in_sample,24,120,high_cost,0.0018,0.9711623731970487,0.9952950830031494,-0.024246788935482266
downtrend_highvol_forced_cover_signal,fixed_horizon,24,16919,16920,16944,2026-05-07 17:55:00+00:00,2026-05-07 18:00:00+00:00,2026-05-07 20:00:00+00:00,80118.548356,80236.001976,0.0014659978545554786,0.0002659978545554787,24,fixed_24b_exit,0,79948.66,3,0.6189537486851134,44.76762000000011,24.85457,0.5085116170548428,3.853780000000114,21.01916,-0.028579299695255966,True,in_sample,24,120,high_cost,0.0018,0.971420700304744,0.9952950830031494,-0.023987240674763655
downtrend_highvol_forced_cover_signal,fixed_horizon,24,2512,2513,2537,2026-03-18 17:20:00+00:00,2026-03-18 17:25:00+00:00,2026-03-18 19:25:00+00:00,71497.138999,71275.051782,-0.0031062392161330665,-0.0035062392161330667,24,fixed_24b_exit,0,71450.7,3,0.6426335822303931,49.69903999999998,18.155320000000003,0.4830773908738798,-4.563630000000025,-19.36197,-0.0035062392161330225,False,in_sample,24,120,low_cost,0.0006000000000000001,0.996493760783867,0.996493760783867,0.0
downtrend_highvol_forced_cover_signal,fixed_horizon,24,2757,2758,2782,2026-03-19 13:45:00+00:00,2026-03-19 13:50:00+00:00,2026-03-19 15:50:00+00:00,69877.68707,69420.917214,-0.0065367054227543075,-0.006936705422754308,24,fixed_24b_exit,0,69823.5,4,0.5487074146393739,44.83325999999991,6.243870000000015,0.46297919329456344,-71.3392700000001,48.284139999999965,-0.010418622890303264,False,in_sample,24,120,low_cost,0.0006000000000000001,0.9895813771096967,0.996493760783867,-0.0069367054227542635
downtrend_highvol_forced_cover_signal,fixed_horizon,24,3095,3096,3120,2026-03-20 17:55:00+00:00,2026-03-20 18:00:00+00:00,2026-03-20 20:00:00+00:00,70006.989999,70121.517147,0.0016359387541393655,0.0012359387541393655,24,fixed_24b_exit,0,69963.88,4,0.6546879707265746,81.0036799999999,50.52185999999999,0.5747429630364504,29.186709999999927,17.136499999999998,-0.009195560915958745,True,in_sample,24,120,low_cost,0.0006000000000000001,0.9908044390840413,0.996493760783867,-0.005709340011672892
downtrend_highvol_forced_cover_signal,fixed_horizon,24,3497,3498,3522,2026-03-22 03:25:00+00:00,2026-03-22 03:30:00+00:00,2026-03-22 05:30:00+00:00,69447.384044,69165.90271800001,-0.004053159523210503,-0.0044531595232105035,24,fixed_24b_exit,0,69411.1,3,0.5062472786972226,3.572099999999935,-59.89598000000001,0.4996778958227616,-0.04064000000003265,20.88539,-0.013607771139505065,False,in_sample,24,120,low_cost,0.0006000000000000001,0.9863922288604949,0.996493760783867,-0.01013707493303917
downtrend_highvol_forced_cover_signal,fixed_horizon,24,3721,3722,3746,2026-03-22 22:05:00+00:00,2026-03-22 22:10:00+00:00,2026-03-23 00:10:00+00:00,68128.582177,67950.68425199999,-0.002611208384431518,-0.0030112083844315183,24,fixed_24b_exit,0,68090.6,5,0.6396708687560277,74.19040000000001,51.98758000000002,0.5806586904348706,49.325629999999975,-1.878069999999994,-0.016578003689387888,False,in_sample,24,120,low_cost,0.0006000000000000001,0.9834219963106121,0.996493760783867,-0.013117758472438679
downtrend_highvol_forced_cover_signal,fixed_horizon,24,4216,4217,4241,2026-03-24 15:20:00+00:00,2026-03-24 15:25:00+00:00,2026-03-24 17:25:00+00:00,70220.101308,69170.252283,-0.014950833243534412,-0.015350833243534411,24,fixed_24b_exit,0,70131.96,4,0.5854448515896512,77.6410399999999,150.12989,0.5264892429597657,12.344009999999916,-20.078460000000003,-0.031674350762775805,False,in_sample,24,120,low_cost,0.0006000000000000001,0.9683256492372242,0.996493760783867,-0.028267223193133684
downtrend_highvol_forced_cover_signal,fixed_horizon,24,4254,4255,4279,2026-03-24 18:30:00+00:00,2026-03-24 18:35:00+00:00,2026-03-24 20:35:00+00:00,69514.810786,70119.64733400001,0.008700829954957134,0.008300829954957135,24,fixed_24b_exit,0,69496.1,3,0.5780427673387833,37.8243199999999,19.302,0.6221076760335441,115.3363999999999,-51.91516000000003,-0.02363644420743405,True,in_sample,24,120,low_cost,0.0006000000000000001,0.976363555792566,0.996493760783867,-0.020201034651201488
downtrend_highvol_forced_cover_signal,fixed_horizon,24,4840,4841,4865,2026-03-26 19:20:00+00:00,2026-03-26 19:25:00+00:00,2026-03-26 21:25:00+00:00,68556.22493699999,69085.580751,0.007721484292439795,0.007321484292439795,24,fixed_24b_exit,0,68520.29,3,0.6980821535904654,42.74413999999995,8.794540000000005,0.6369251912996541,48.539459999999934,3.0944399999999987,-0.016488013769988097,True,in_sample,24,120,low_cost,0.0006000000000000001,0.9835119862300119,0.996493760783867,-0.013027451916651556
downtrend_highvol_forced_cover_signal,fixed_horizon,24,5082,5083,5107,2026-03-27 15:30:00+00:00,2026-03-27 15:35:00+00:00,2026-03-27 17:35:00+00:00,66531.89252400001,65862.883053,-0.010055470325884386,-0.010455470325884385,24,fixed_24b_exit,0,66458.57,4,0.571288405575657,104.57404999999994,98.51559,0.4164344508385183,-41.90108000000004,19.687300000000015,-0.026771094157167608,False,in_sample,24,120,low_cost,0.0006000000000000001,0.9732289058428324,0.996493760783867,-0.02334671410559952
downtrend_highvol_forced_cover_signal,fixed_horizon,24,5484,5485,5509,2026-03-29 01:00:00+00:00,2026-03-29 01:05:00+00:00,2026-03-29 03:05:00+00:00,66536.05294,66806.058726,0.004058037320661123,0.003658037320661123,24,fixed_24b_exit,0,66500.0,3,0.6370355727908412,20.575450000000004,10.801650000000006,0.5374120621016392,24.939559999999993,-27.27722999999999,-0.023210986498048314,True,in_sample,24,120,low_cost,0.0006000000000000001,0.9767890135019517,0.996493760783867,-0.019774079936451416
downtrend_highvol_forced_cover_signal,fixed_horizon,24,6183,6184,6208,2026-03-31 11:15:00+00:00,2026-03-31 11:20:00+00:00,2026-03-31 13:20:00+00:00,66684.23775700001,66806.668665,0.0018359797175180326,0.0014359797175180326,24,fixed_24b_exit,0,66584.35,4,0.5857227811430628,101.98859999999999,104.94784999999999,0.4761122904119886,-5.9138000000000055,5.092670000000002,-0.021808337286364998,True,in_sample,24,120,low_cost,0.0006000000000000001,0.978191662713635,0.996493760783867,-0.018366495396654692
downtrend_highvol_forced_cover_signal,fixed_horizon,24,7459,7460,7484,2026-04-04 21:35:00+00:00,2026-04-04 21:40:00+00:00,2026-04-04 23:40:00+00:00,67309.80030700001,67318.517475,0.00012950815423939943,-0.0002704918457606006,24,fixed_24b_exit,0,67295.81,3,0.7743888640986148,32.83628000000006,9.335030000000003,0.7374827673843579,50.10429000000004,50.37028999999999,-0.022072930154720005,False,in_sample,24,120,low_cost,0.0006000000000000001,0.97792706984528,0.996493760783867,-0.018632019255175214
downtrend_highvol_forced_cover_signal,fixed_horizon,24,7595,7596,7620,2026-04-05 08:55:00+00:00,2026-04-05 09:00:00+00:00,2026-04-05 11:00:00+00:00,66939.873318,67048.67446200001,0.0016253562877710515,0.0012253562877710515,24,fixed_24b_exit,0,66915.59,3,0.6711510957964305,19.73367000000004,8.005320000000001,0.44827858315550684,-7.537509999999955,9.394450000000003,-0.02087462107070348,True,in_sample,24,120,low_cost,0.0006000000000000001,0.9791253789292965,0.996493760783867,-0.017429493829352327
downtrend_highvol_forced_cover_signal,fixed_horizon,24,9793,9794,9818,2026-04-13 00:05:00+00:00,2026-04-13 00:10:00+00:00,2026-04-13 02:10:00+00:00,70899.119203,70994.27986200001,0.001342198042369791,0.000942198042369791,24,fixed_24b_exit,0,70834.26,3,0.6245568337799611,38.07747000000001,25.67533000000001,0.33850670775696107,-20.030419999999992,-20.53382,-0.019952091055441712,True,in_sample,24,120,low_cost,0.0006000000000000001,0.9800479089445583,0.996493760783867,-0.01650371782194804
downtrend_highvol_forced_cover_signal,fixed_horizon,24,11808,11809,11833,2026-04-20 00:00:00+00:00,2026-04-20 00:05:00+00:00,2026-04-20 02:05:00+00:00,74077.376997,74542.485006,0.0062786781586345874,0.005878678158634587,24,fixed_24b_exit,0,74054.22,4,0.6015835325435833,35.751280000000165,30.366640000000015,0.4223265286846296,-13.61811999999986,6.869900000000003,-0.014190704818713762,True,in_sample,24,120,low_cost,0.0006000000000000001,0.9858092951812862,0.996493760783867,-0.010722059708809462
downtrend_highvol_forced_cover_signal,fixed_horizon,24,12324,12325,12349,2026-04-21 19:00:00+00:00,2026-04-21 19:05:00+00:00,2026-04-21 21:05:00+00:00,75746.683911,75617.4375,-0.0017062979437074688,-0.002106297943707469,24,fixed_24b_exit,0,75668.24,3,0.6009116704453381,31.270460000000135,27.849079999999994,0.47206487064001595,-3.219169999999859,-2.565730000000001,-0.016267112910041792,False,in_sample,24,120,low_cost,0.0006000000000000001,0.9837328870899582,0.996493760783867,-0.012805773800199982
downtrend_highvol_forced_cover_signal,fixed_horizon,24,12811,12812,12836,2026-04-23 11:35:00+00:00,2026-04-23 11:40:00+00:00,2026-04-23 13:40:00+00:00,77528.84210899999,77533.535871,6.0542139832531205e-05,-0.0003394578601674688,24,fixed_24b_exit,0,77501.61,3,0.6247528585209194,34.78587000000015,7.9355699999999985,0.6242922061421892,44.16951000000013,13.124650000000003,-0.016601048770869653,False,in_sample,24,120,low_cost,0.0006000000000000001,0.9833989512291303,0.996493760783867,-0.013140884639795347
downtrend_highvol_forced_cover_signal,fixed_horizon,24,13470,13471,13495,2026-04-25 18:30:00+00:00,2026-04-25 18:35:00+00:00,2026-04-25 20:35:00+00:00,77367.205947,77392.040022,0.0003209896841436244,-7.901031585637563e-05,24,fixed_24b_exit,0,77335.0,3,0.6129684574563794,8.304840000000183,10.851809999999999,0.496924522505906,-0.17019999999982094,-3.31295,-0.0166787474326191,False,in_sample,24,120,low_cost,0.0006000000000000001,0.9833212525673809,0.996493760783867,-0.013218856690205727
downtrend_highvol_forced_cover_signal,fixed_horizon,24,14033,14034,14058,2026-04-27 17:25:00+00:00,2026-04-27 17:30:00+00:00,2026-04-27 19:30:00+00:00,76840.343266,76571.852049,-0.0034941439039458677,-0.003894143903945868,24,fixed_24b_exit,0,76817.7,4,0.532300930478618,18.555150000000154,23.646809999999995,0.25828549784104754,-149.68273999999985,-104.77668000000001,-0.020507941893924686,False,in_sample,24,120,low_cost,0.0006000000000000001,0.9794920581060753,0.996493760783867,-0.017061524463954147
downtrend_highvol_forced_cover_signal,fixed_horizon,24,14204,14205,14229,2026-04-28 07:40:00+00:00,2026-04-28 07:45:00+00:00,2026-04-28 09:45:00+00:00,76865.68579999999,76573.261908,-0.0038043489621736315,-0.004204348962173632,24,fixed_24b_exit,0,76832.34,5,0.741393311977183,269.65721000000013,136.57196999999996,0.30464475775507843,-26.69410999999984,-26.260019999999994,-0.02462606831188019,False,in_sample,24,120,low_cost,0.0006000000000000001,0.9753739316881198,0.996493760783867,-0.02119414082345461
downtrend_highvol_forced_cover_signal,fixed_horizon,24,14302,14303,14327,2026-04-28 15:50:00+00:00,2026-04-28 15:55:00+00:00,2026-04-28 17:55:00+00:00,76093.018541,76179.68127,0.001138905127719525,0.000738905127719525,24,fixed_24b_exit,0,76068.12,3,0.6370788870731572,34.82343000000015,44.780240000000006,0.6003117490210085,12.40491000000014,11.93019,-0.023905359512311875,True,in_sample,24,120,low_cost,0.0006000000000000001,0.9760946404876881,0.996493760783867,-0.020470896155067142
downtrend_highvol_forced_cover_signal,fixed_horizon,24,14647,14648,14672,2026-04-29 20:35:00+00:00,2026-04-29 20:40:00+00:00,2026-04-29 22:40:00+00:00,75759.835226,75955.263714,0.0025795791056966166,0.0021795791056966165,24,fixed_24b_exit,0,75716.54,3,0.6302424694674957,34.39092000000017,13.14135,0.7458865403645458,25.762300000000174,9.66592,-0.021777884028722383,True,in_sample,24,120,low_cost,0.0006000000000000001,0.9782221159712776,0.996493760783867,-0.01833593498690489
downtrend_highvol_forced_cover_signal,fixed_horizon,24,15857,15858,15882,2026-05-04 01:25:00+00:00,2026-05-04 01:30:00+00:00,2026-05-04 03:30:00+00:00,78613.550569,80049.70422900001,0.01826852558630443,0.01786852558630443,24,fixed_24b_exit,0,78585.86,4,0.6687443949436301,33.08245000000012,9.808639999999997,0.49053236724918947,-4.800409999999864,-4.617159999999998,-0.004298497120400757,True,in_sample,24,120,low_cost,0.0006000000000000001,0.9957015028795992,0.996493760783867,-0.0007950455240628429
downtrend_highvol_forced_cover_signal,fixed_horizon,24,16431,16432,16456,2026-05-06 01:15:00+00:00,2026-05-06 01:20:00+00:00,2026-05-06 03:20:00+00:00,81295.72876,81643.15486800001,0.004273608383851046,0.003873608383851046,24,fixed_24b_exit,0,81262.28,3,0.665186335393973,42.08854000000014,17.0036,0.7611914647681879,136.44651000000016,159.43714,-0.0004415394310331999,True,in_sample,24,120,low_cost,0.0006000000000000001,0.9995584605689668,0.9995584605689668,0.0
downtrend_highvol_forced_cover_signal,fixed_horizon,24,16919,16920,16944,2026-05-07 17:55:00+00:00,2026-05-07 18:00:00+00:00,2026-05-07 20:00:00+00:00,80102.529452,80252.053992,0.0018666643990261633,0.0014666643990261634,24,fixed_24b_exit,0,79948.66,3,0.6189537486851134,44.76762000000011,24.85457,0.5085116170548428,3.853780000000114,21.01916,0.0010244773778287364,True,in_sample,24,120,low_cost,0.0006000000000000001,1.0010244773778287,1.0010244773778287,0.0
downtrend_highvol_forced_cover_signal,fixed_horizon,24,2512,2513,2537,2026-03-18 17:20:00+00:00,2026-03-18 17:25:00+00:00,2026-03-18 19:25:00+00:00,71489.99,71282.18,-0.002906840524107057,-0.002906840524107057,24,fixed_24b_exit,0,71450.7,3,0.6426335822303931,49.69903999999998,18.155320000000003,0.4830773908738798,-4.563630000000025,-19.36197,-0.002906840524107057,False,in_sample,24,120,no_cost,0.0,0.9970931594758929,0.9970931594758929,0.0
downtrend_highvol_forced_cover_signal,fixed_horizon,24,2757,2758,2782,2026-03-19 13:45:00+00:00,2026-03-19 13:50:00+00:00,2026-03-19 15:50:00+00:00,69870.7,69427.86,-0.006337992892585853,-0.006337992892585853,24,fixed_24b_exit,0,69823.5,4,0.5487074146393739,44.83325999999991,6.243870000000015,0.46297919329456344,-71.3392700000001,48.284139999999965,-0.009226409882111208,False,in_sample,24,120,no_cost,0.0,0.9907735901178888,0.9970931594758929,-0.006337992892585853
downtrend_highvol_forced_cover_signal,fixed_horizon,24,3095,3096,3120,2026-03-20 17:55:00+00:00,2026-03-20 18:00:00+00:00,2026-03-20 20:00:00+00:00,69999.99,70128.53,0.0018362859766121176,0.0018362859766121176,24,fixed_24b_exit,0,69963.88,4,0.6546879707265746,81.0036799999999,50.52185999999999,0.5747429630364504,29.186709999999927,17.136499999999998,-0.0074070662325801395,True,in_sample,24,120,no_cost,0.0,0.9925929337674199,0.9970931594758929,-0.004513345283442272
downtrend_highvol_forced_cover_signal,fixed_horizon,24,3497,3498,3522,2026-03-22 03:25:00+00:00,2026-03-22 03:30:00+00:00,2026-03-22 05:30:00+00:00,69440.44,69172.82,-0.003853950234186221,-0.003853950234186221,24,fixed_24b_exit,0,69411.1,3,0.5062472786972226,3.572099999999935,-59.89598000000001,0.4996778958227616,-0.04064000000003265,20.88539,-0.011232470002124684,False,in_sample,24,120,no_cost,0.0,0.9887675299978753,0.9970931594758929,-0.008349901309516405
downtrend_highvol_forced_cover_signal,fixed_horizon,24,3721,3722,3746,2026-03-22 22:05:00+00:00,2026-03-22 22:10:00+00:00,2026-03-23 00:10:00+00:00,68121.77,67957.48,-0.0024117106763374974,-0.0024117106763374974,24,fixed_24b_exit,0,68090.6,5,0.6396708687560277,74.19040000000001,51.98758000000002,0.5806586904348706,49.325629999999975,-1.878069999999994,-0.013617091210636367,False,in_sample,24,120,no_cost,0.0,0.9863829087893636,0.9970931594758929,-0.0107414744397194
downtrend_highvol_forced_cover_signal,fixed_horizon,24,4216,4217,4241,2026-03-24 15:20:00+00:00,2026-03-24 15:25:00+00:00,2026-03-24 17:25:00+00:00,70213.08,69177.17,-0.014753803707229562,-0.014753803707229562,24,fixed_24b_exit,0,70131.96,4,0.5854448515896512,77.6410399999999,150.12989,0.5264892429597657,12.344009999999916,-20.078460000000003,-0.028169991027080732,False,in_sample,24,120,no_cost,0.0,0.9718300089729193,0.9970931594758929,-0.025336800541539084
downtrend_highvol_forced_cover_signal,fixed_horizon,24,4254,4255,4279,2026-03-24 18:30:00+00:00,2026-03-24 18:35:00+00:00,2026-03-24 20:35:00+00:00,69507.86,70126.66,0.008902590296982371,0.008902590296982371,24,fixed_24b_exit,0,69496.1,3,0.5780427673387833,37.8243199999999,19.302,0.6221076760335441,115.3363999999999,-51.91516000000003,-0.01951818661888216,True,in_sample,24,120,no_cost,0.0,0.9804818133811178,0.9970931594758929,-0.016659773399214428
downtrend_highvol_forced_cover_signal,fixed_horizon,24,4840,4841,4865,2026-03-26 19:20:00+00:00,2026-03-26 19:25:00+00:00,2026-03-26 21:25:00+00:00,68549.37,69092.49,0.007923048745743566,0.007923048745743566,24,fixed_24b_exit,0,68520.29,3,0.6980821535904654,42.74413999999995,8.794540000000005,0.6369251912996541,48.539459999999934,3.0944399999999987,-0.011749781417148553,True,in_sample,24,120,no_cost,0.0,0.9882502185828514,0.9970931594758929,-0.008868720850205847
downtrend_highvol_forced_cover_signal,fixed_horizon,24,5082,5083,5107,2026-03-27 15:30:00+00:00,2026-03-27 15:35:00+00:00,2026-03-27 17:35:00+00:00,66525.24,65869.47,-0.009857461619078745,-0.009857461619078745,24,fixed_24b_exit,0,66458.57,4,0.571288405575657,104.57404999999994,98.51559,0.4164344508385183,-41.90108000000004,19.687300000000015,-0.021491420016875207,False,in_sample,24,120,no_cost,0.0,0.9785085799831248,0.9970931594758929,-0.018638759393893367
downtrend_highvol_forced_cover_signal,fixed_horizon,24,5484,5485,5509,2026-03-29 01:00:00+00:00,2026-03-29 01:05:00+00:00,2026-03-29 03:05:00+00:00,66529.4,66812.74,0.004258869011294353,0.004258869011294353,24,fixed_24b_exit,0,66500.0,3,0.6370355727908412,20.575450000000004,10.801650000000006,0.5374120621016392,24.939559999999993,-27.27722999999999,-0.017324080148299448,True,in_sample,24,120,no_cost,0.0,0.9826759198517006,0.9970931594758929,-0.014459270417390702
downtrend_highvol_forced_cover_signal,fixed_horizon,24,6183,6184,6208,2026-03-31 11:15:00+00:00,2026-03-31 11:20:00+00:00,2026-03-31 13:20:00+00:00,66677.57,66813.35,0.002036366952185009,0.002036366952185009,24,fixed_24b_exit,0,66584.35,4,0.5857227811430628,101.98859999999999,104.94784999999999,0.4761122904119886,-5.9138000000000055,5.092670000000002,-0.015322991380405493,True,in_sample,24,120,no_cost,0.0,0.9846770086195945,0.9970931594758929,-0.012452347845636424
downtrend_highvol_forced_cover_signal,fixed_horizon,24,7459,7460,7484,2026-04-04 21:35:00+00:00,2026-04-04 21:40:00+00:00,2026-04-04 23:40:00+00:00,67303.07,67325.25,0.00032955406046109026,0.00032955406046109026,24,fixed_24b_exit,0,67295.81,3,0.7743888640986148,32.83628000000006,9.335030000000003,0.7374827673843579,50.10429000000004,50.37028999999999,-0.014998487073972222,True,in_sample,24,120,no_cost,0.0,0.9850015129260278,0.9970931594758929,-0.012126897506970158
downtrend_highvol_forced_cover_signal,fixed_horizon,24,7595,7596,7620,2026-04-05 08:55:00+00:00,2026-04-05 09:00:00+00:00,2026-04-05 11:00:00+00:00,66933.18,67055.38,0.0018257013935392141,0.0018257013935392141,24,fixed_24b_exit,0,66915.59,3,0.6711510957964305,19.73367000000004,8.005320000000001,0.44827858315550684,-7.537509999999955,9.394450000000003,-0.013200168439184923,True,in_sample,24,120,no_cost,0.0,0.9867998315608151,0.9970931594758929,-0.01032333620710868
downtrend_highvol_forced_cover_signal,fixed_horizon,24,9793,9794,9818,2026-04-13 00:05:00+00:00,2026-04-13 00:10:00+00:00,2026-04-13 02:10:00+00:00,70892.03,71001.38,0.001542486510825114,0.001542486510825114,24,fixed_24b_exit,0,70834.26,3,0.6245568337799611,38.07747000000001,25.67533000000001,0.33850670775696107,-20.030419999999992,-20.53382,-0.011678043010117878,True,in_sample,24,120,no_cost,0.0,0.9883219569898821,0.9970931594758929,-0.008796773303129779
downtrend_highvol_forced_cover_signal,fixed_horizon,24,11808,11809,11833,2026-04-20 00:00:00+00:00,2026-04-20 00:05:00+00:00,2026-04-20 02:05:00+00:00,74069.97,74549.94,0.00647995402185253,0.00647995402185253,24,fixed_24b_exit,0,74054.22,4,0.6015835325435833,35.751280000000165,30.366640000000015,0.4223265286846296,-13.61811999999986,6.869900000000003,-0.005273762170036167,True,in_sample,24,120,no_cost,0.0,0.9947262378299638,0.9970931594758929,-0.0023738219678222094
downtrend_highvol_forced_cover_signal,fixed_horizon,24,12324,12325,12349,2026-04-21 19:00:00+00:00,2026-04-21 19:05:00+00:00,2026-04-21 21:05:00+00:00,75739.11,75625.0,-0.0015066192354253882,-0.0015066192354253882,24,fixed_24b_exit,0,75668.24,3,0.6009116704453381,31.270460000000135,27.849079999999994,0.47206487064001595,-3.219169999999859,-2.565730000000001,-0.0067724358539331675,False,in_sample,24,120,no_cost,0.0,0.9932275641460668,0.9970931594758929,-0.0038768647574094484
downtrend_highvol_forced_cover_signal,fixed_horizon,24,12811,12812,12836,2026-04-23 11:35:00+00:00,2026-04-23 11:40:00+00:00,2026-04-23 13:40:00+00:00,77521.09,77541.29,0.00026057425147141267,0.00026057425147141267,24,fixed_24b_exit,0,77501.61,3,0.6247528585209194,34.78587000000015,7.9355699999999985,0.6242922061421892,44.16951000000013,13.124650000000003,-0.006513626324865074,True,in_sample,24,120,no_cost,0.0,0.9934863736751349,0.9970931594758929,-0.0036173007170702265
downtrend_highvol_forced_cover_signal,fixed_horizon,24,13470,13471,13495,2026-04-25 18:30:00+00:00,2026-04-25 18:35:00+00:00,2026-04-25 20:35:00+00:00,77359.47,77399.78,0.0005210738905010448,0.0005210738905010448,24,fixed_24b_exit,0,77335.0,3,0.6129684574563794,8.304840000000183,10.851809999999999,0.496924522505906,-0.17019999999982094,-3.31295,-0.005995946514974371,True,in_sample,24,120,no_cost,0.0,0.9940040534850256,0.9970931594758929,-0.0030981117075269404
downtrend_highvol_forced_cover_signal,fixed_horizon,24,14033,14034,14058,2026-04-27 17:25:00+00:00,2026-04-27 17:30:00+00:00,2026-04-27 19:30:00+00:00,76832.66,76579.51,-0.003294822800616437,-0.003294822800616437,24,fixed_24b_exit,0,76817.7,4,0.532300930478618,18.555150000000154,23.646809999999995,0.25828549784104754,-149.68273999999985,-104.77668000000001,-0.009271013734301947,False,in_sample,24,120,no_cost,0.0,0.990728986265698,0.9970931594758929,-0.006382726779050496
downtrend_highvol_forced_cover_signal,fixed_horizon,24,14204,14205,14229,2026-04-28 07:40:00+00:00,2026-04-28 07:45:00+00:00,2026-04-28 09:45:00+00:00,76858.0,76580.92,-0.0036050899060605657,-0.0036050899060605657,24,fixed_24b_exit,0,76832.34,5,0.741393311977183,269.65721000000013,136.57196999999996,0.30464475775507843,-26.69410999999984,-26.260019999999994,-0.012842680802330086,False,in_sample,24,120,no_cost,0.0,0.9871573191976699,0.9970931594758929,-0.009964806381226876
downtrend_highvol_forced_cover_signal,fixed_horizon,24,14302,14303,14327,2026-04-28 15:50:00+00:00,2026-04-28 15:55:00+00:00,2026-04-28 17:55:00+00:00,76085.41,76187.3,0.0013391529335256003,0.0013391529335256003,24,fixed_24b_exit,0,76068.12,3,0.6370788870731572,34.82343000000015,44.780240000000006,0.6003117490210085,12.40491000000014,11.93019,-0.011520726182475238,True,in_sample,24,120,no_cost,0.0,0.9884792738175248,0.9970931594758929,-0.008638997847398633
downtrend_highvol_forced_cover_signal,fixed_horizon,24,14647,14648,14672,2026-04-29 20:35:00+00:00,2026-04-29 20:40:00+00:00,2026-04-29 22:40:00+00:00,75752.26,75962.86,0.002780115075114775,0.002780115075114775,24,fixed_24b_exit,0,75716.54,3,0.6302424694674957,34.39092000000017,13.14135,0.7458865403645458,25.762300000000174,9.66592,-0.008772640051896596,True,in_sample,24,120,no_cost,0.0,0.9912273599481034,0.9970931594758929,-0.005882900180433248
downtrend_highvol_forced_cover_signal,fixed_horizon,24,15857,15858,15882,2026-05-04 01:25:00+00:00,2026-05-04 01:30:00+00:00,2026-05-04 03:30:00+00:00,78605.69,80057.71,0.018472199658828847,0.018472199658828847,24,fixed_24b_exit,0,78585.86,4,0.6687443949436301,33.08245000000012,9.808639999999997,0.49053236724918947,-4.800409999999864,-4.617159999999998,0.009537509648358533,True,in_sample,24,120,no_cost,0.0,1.0095375096483585,1.0095375096483585,0.0
downtrend_highvol_forced_cover_signal,fixed_horizon,24,16431,16432,16456,2026-05-06 01:15:00+00:00,2026-05-06 01:20:00+00:00,2026-05-06 03:20:00+00:00,81287.6,81651.32,0.004474483193008583,0.004474483193008583,24,fixed_24b_exit,0,81262.28,3,0.665186335393973,42.08854000000014,17.0036,0.7611914647681879,136.44651000000016,159.43714,0.014054668267991843,True,in_sample,24,120,no_cost,0.0,1.0140546682679918,1.0140546682679918,0.0
downtrend_highvol_forced_cover_signal,fixed_horizon,24,16919,16920,16944,2026-05-07 17:55:00+00:00,2026-05-07 18:00:00+00:00,2026-05-07 20:00:00+00:00,80094.52,80260.08,0.0020670577712431637,0.0020670577712431637,24,fixed_24b_exit,0,79948.66,3,0.6189537486851134,44.76762000000011,24.85457,0.5085116170548428,3.853780000000114,21.01916,0.016150777850500564,True,in_sample,24,120,no_cost,0.0,1.0161507778505006,1.0161507778505006,0.0
downtrend_highvol_forced_cover_signal,fixed_horizon,3,44,45,48,2026-05-08 03:40:00+00:00,2026-05-08 03:45:00+00:00,2026-05-08 04:00:00+00:00,79662.059226,79605.565702,-0.0007091647460395478,-0.0015091647460395478,3,fixed_3b_exit,0,79642.55,3,0.630470871078894,15.850760000000106,8.35204,0.4800779420691057,-2.3269899999998893,2.189230000000002,-0.0015091647460395707,False,out_of_sample,3,15,base_cost,0.0012000000000000001,0.9984908352539604,0.9984908352539604,0.0
downtrend_highvol_forced_cover_signal,fixed_horizon,3,1647,1648,1651,2026-05-13 17:15:00+00:00,2026-05-13 17:20:00+00:00,2026-05-13 17:35:00+00:00,79315.86,79340.73867800001,0.00031366586707881616,-0.0004863341329211839,3,fixed_3b_exit,0,79238.6,4,0.5148592605461577,6.5789700000001154,6.329630000000002,0.556234855092095,11.381640000000118,-2.5967100000000087,-0.0019947649206325524,False,out_of_sample,3,15,base_cost,0.0012000000000000001,0.9980052350793674,0.9984908352539604,-0.00048633413292120675
downtrend_highvol_forced_cover_signal,fixed_horizon,3,1652,1653,1656,2026-05-13 17:40:00+00:00,2026-05-13 17:45:00+00:00,2026-05-13 18:00:00+00:00,79446.496122,79510.02481399999,0.0007996412063591141,-3.5879364088597324e-07,3,fixed_3b_exit,0,79378.54,3,0.6538088297462851,31.68971000000012,20.30807,0.5654985014909389,15.233500000000113,28.097970000000007,-0.0019951229985645247,False,out_of_sample,3,15,base_cost,0.0012000000000000001,0.9980048770014355,0.9984908352539604,-0.00048669275206847384
downtrend_highvol_forced_cover_signal,fixed_horizon,3,1657,1658,1661,2026-05-13 18:05:00+00:00,2026-05-13 18:10:00+00:00,2026-05-13 18:25:00+00:00,79613.649546,79752.026404,0.0017381046942215317,0.0009381046942215316,3,fixed_3b_exit,0,79596.27,3,0.646049383550567,37.59475000000012,22.361250000000005,0.7352830367640506,168.8292300000001,60.50569999999999,-0.001058889938593377,True,out_of_sample,3,15,base_cost,0.0012000000000000001,0.9989411100614066,0.9989411100614066,0.0
downtrend_highvol_forced_cover_signal,fixed_horizon,3,3074,3075,3078,2026-05-18 16:10:00+00:00,2026-05-18 16:15:00+00:00,2026-05-18 16:30:00+00:00,76524.521844,76368.62322,-0.0020372374794815906,-0.0028372374794815905,3,fixed_3b_exit,0,76485.29,3,0.42926045439166666,-54.29888999999989,26.859699999999982,0.4127677407066026,-59.05046999999992,20.81410000000001,-0.003893123095854545,False,out_of_sample,3,15,base_cost,0.0012000000000000001,0.9961068769041455,0.9989411100614066,-0.0028372374794816135
downtrend_highvol_forced_cover_signal,fixed_horizon,3,4234,4235,4238,2026-05-22 16:50:00+00:00,2026-05-22 16:55:00+00:00,2026-05-22 17:10:00+00:00,77014.85989200001,76947.387444,-0.0008760964844267694,-0.0016760964844267693,3,fixed_3b_exit,0,76975.1,5,0.7377154300753284,95.95593000000008,40.94180000000001,0.3055110304225916,-21.956839999999943,-1.587220000000002,-0.005562694330346951,False,out_of_sample,3,15,base_cost,0.0012000000000000001,0.994437305669653,0.9989411100614066,-0.004508578480143521
downtrend_highvol_forced_cover_signal,fixed_horizon,3,4800,4801,4804,2026-05-24 16:00:00+00:00,2026-05-24 16:05:00+00:00,2026-05-24 16:20:00+00:00,76584.003738,76595.757784,0.00015347912653163043,-0.0006465208734683696,3,fixed_3b_exit,0,76539.38,4,0.5581474276006713,20.316410000000054,21.17819,0.6580879156628209,34.65799000000005,-30.33794000000001,-0.006205618805818047,False,out_of_sample,3,15,base_cost,0.0012000000000000001,0.993794381194182,0.9989411100614066,-0.005152184463514842
downtrend_highvol_forced_cover_signal,fixed_horizon,3,5655,5656,5659,2026-05-27 15:15:00+00:00,2026-05-27 15:20:00+00:00,2026-05-27 15:35:00+00:00,75236.124216,75378.9212,0.0018979843192086232,0.0010979843192086233,3,fixed_3b_exit,0,75172.87,3,0.6234161388794343,43.24502000000002,40.585409999999996,0.5177032563093329,4.748480000000022,-40.290479999999995,-0.005114448158749063,True,out_of_sample,3,15,base_cost,0.0012000000000000001,0.9948855518412509,0.9989411100614066,-0.0040598571620567014
downtrend_highvol_forced_cover_signal,fixed_horizon,3,5700,5701,5704,2026-05-27 19:00:00+00:00,2026-05-27 19:05:00+00:00,2026-05-27 19:20:00+00:00,75066.91037999999,75069.23315,3.094266153036429e-05,-0.0007690573384696357,3,fixed_3b_exit,0,75032.01,3,0.7019501613946647,57.100980000000014,1.5047599999999974,0.7108930825443437,82.90043000000003,88.61097000000001,-0.005879572193330018,False,out_of_sample,3,15,base_cost,0.0012000000000000001,0.99412042780667,0.9989411100614066,-0.004825792237582727
downtrend_highvol_forced_cover_signal,fixed_horizon,3,6228,6229,6232,2026-05-29 15:00:00+00:00,2026-05-29 15:05:00+00:00,2026-05-29 15:20:00+00:00,73328.602788,73587.2796,0.0035276386316516195,0.0027276386316516196,3,fixed_3b_exit,0,73198.17,5,0.6500951573594481,139.25829,35.74498,0.4658193223262539,-24.964209999999998,-213.28117000000003,-0.0031679709099303732,True,out_of_sample,3,15,base_cost,0.0012000000000000001,0.9968320290900696,0.9989411100614066,-0.002111316623266579
downtrend_highvol_forced_cover_signal,fixed_horizon,3,6809,6810,6813,2026-05-31 15:25:00+00:00,2026-05-31 15:30:00+00:00,2026-05-31 15:45:00+00:00,73763.409732,73632.280598,-0.0017776989224932427,-0.0025776989224932426,3,fixed_3b_exit,0,73742.0,3,0.7170075872737679,28.46537999999995,20.5799,0.39796695841250623,-16.525100000000048,-8.191920000000001,-0.005737503757222595,False,out_of_sample,3,15,base_cost,0.0012000000000000001,0.9942624962427774,0.9989411100614066,-0.00468357320717494
downtrend_highvol_forced_cover_signal,fixed_horizon,3,6834,6835,6838,2026-05-31 17:30:00+00:00,2026-05-31 17:35:00+00:00,2026-05-31 17:50:00+00:00,73674.98204999999,73684.920068,0.00013488999553845638,-0.0006651100044615437,3,fixed_3b_exit,0,73610.36,3,0.746590959278373,16.415209999999952,13.225670000000001,0.6738412897581517,9.554059999999952,-2.843070000000001,-0.006398797690534641,False,out_of_sample,3,15,base_cost,0.0012000000000000001,0.9936012023094654,0.9989411100614066,-0.005345568120239896
downtrend_highvol_forced_cover_signal,fixed_horizon,3,7019,7020,7023,2026-06-01 08:55:00+00:00,2026-06-01 09:00:00+00:00,2026-06-01 09:15:00+00:00,72917.22052799999,72979.181244,0.0008497405078162767,4.974050781627671e-05,3,fixed_3b_exit,0,72865.58,4,0.731768286165141,59.93055999999996,109.96245,0.38275748341495636,-29.199570000000026,-26.246399999999998,-0.006349375462164852,True,out_of_sample,3,15,base_cost,0.0012000000000000001,0.9936506245378351,0.9989411100614066,-0.00529609350369642
downtrend_highvol_forced_cover_signal,fixed_horizon,3,7113,7114,7117,2026-06-01 16:45:00+00:00,2026-06-01 16:50:00+00:00,2026-06-01 17:05:00+00:00,71394.045954,71549.707196,0.002180311255931544,0.0013803112559315441,3,fixed_3b_exit,0,71356.0,3,0.581933909873005,133.02346999999997,-207.13461000000007,0.605506315405847,91.3368699999999,28.94695,-0.004977828320651745,True,out_of_sample,3,15,base_cost,0.0012000000000000001,0.9950221716793483,0.9989411100614066,-0.0039230925052403665
downtrend_highvol_forced_cover_signal,fixed_horizon,3,7254,7255,7258,2026-06-02 04:30:00+00:00,2026-06-02 04:35:00+00:00,2026-06-02 04:50:00+00:00,71044.19599800001,70885.829998,-0.002229119462545115,-0.003029119462545115,3,fixed_3b_exit,0,71028.25,3,0.6132697817007466,27.615609999999887,16.302759999999992,0.44066212926835147,-10.893740000000118,-4.409010000000002,-0.007991869346549607,False,out_of_sample,3,15,base_cost,0.0012000000000000001,0.9920081306534504,0.9989411100614066,-0.0069403284519244934
downtrend_highvol_forced_cover_signal,fixed_horizon,3,7491,7492,7495,2026-06-03 00:15:00+00:00,2026-06-03 00:20:00+00:00,2026-06-03 00:35:00+00:00,67099.137144,67036.010116,-0.0009408023811768862,-0.0017408023811768861,3,fixed_3b_exit,0,66912.0,3,0.5548485860125347,50.51424999999977,109.22464,0.5783004318090291,41.691659999999764,42.689380000000014,-0.009718759462537974,False,out_of_sample,3,15,base_cost,0.0012000000000000001,0.990281240537462,0.9989411100614066,-0.008669049092806191
downtrend_highvol_forced_cover_signal,fixed_horizon,3,8153,8154,8157,2026-06-05 07:25:00+00:00,2026-06-05 07:30:00+00:00,2026-06-05 07:45:00+00:00,62265.390588,62837.439998,0.009187277307632469,0.008387277307632468,3,fixed_3b_exit,0,62203.29,3,0.583303095244338,86.53159999999994,52.9136,0.5596383660225059,101.23927999999995,-57.44409000000002,-0.001412996085603857,True,out_of_sample,3,15,base_cost,0.0012000000000000001,0.9985870039143961,0.9989411100614066,-0.00035448150390837707
downtrend_highvol_forced_cover_signal,fixed_horizon,3,44,45,48,2026-05-08 03:40:00+00:00,2026-05-08 03:45:00+00:00,2026-05-08 04:00:00+00:00,79670.023839,79597.60355300001,-0.0009090029412610612,-0.002109002941261061,3,fixed_3b_exit,0,79642.55,3,0.630470871078894,15.850760000000106,8.35204,0.4800779420691057,-2.3269899999998893,2.189230000000002,-0.00210900294126104,False,out_of_sample,3,15,high_cost,0.0018,0.997890997058739,0.997890997058739,0.0
downtrend_highvol_forced_cover_signal,fixed_horizon,3,1647,1648,1651,2026-05-13 17:15:00+00:00,2026-05-13 17:20:00+00:00,2026-05-13 17:35:00+00:00,79323.79,79332.803017,0.0001136231261769094,-0.0010863768738230905,3,fixed_3b_exit,0,79238.6,4,0.5148592605461577,6.5789700000001154,6.329630000000002,0.556234855092095,11.381640000000118,-2.5967100000000087,-0.003193088643061892,False,out_of_sample,3,15,high_cost,0.0018,0.9968069113569381,0.997890997058739,-0.0010863768738230695
downtrend_highvol_forced_cover_signal,fixed_horizon,3,1652,1653,1656,2026-05-13 17:40:00+00:00,2026-05-13 17:45:00+00:00,2026-05-13 18:00:00+00:00,79454.439183,79502.072221,0.0005995012801021105,-0.0006004987198978894,3,fixed_3b_exit,0,79378.54,3,0.6538088297462851,31.68971000000012,20.30807,0.5654985014909389,15.233500000000113,28.097970000000007,-0.003791669917317053,False,out_of_sample,3,15,high_cost,0.0018,0.996208330082683,0.997890997058739,-0.0016862232257988108
downtrend_highvol_forced_cover_signal,fixed_horizon,3,1657,1658,1661,2026-05-13 18:05:00+00:00,2026-05-13 18:10:00+00:00,2026-05-13 18:25:00+00:00,79621.609319,79744.049606,0.0015377770940230295,0.00033777709402302964,3,fixed_3b_exit,0,79596.27,3,0.646049383550567,37.59475000000012,22.361250000000005,0.7352830367640506,168.8292300000001,60.50569999999999,-0.0034551735625403257,True,out_of_sample,3,15,high_cost,0.0018,0.9965448264374597,0.997890997058739,-0.0013490156993570812
downtrend_highvol_forced_cover_signal,fixed_horizon,3,3074,3075,3078,2026-05-18 16:10:00+00:00,2026-05-18 16:15:00+00:00,2026-05-18 16:30:00+00:00,76532.172766,76360.98483,-0.0022368100866992924,-0.003436810086699292,3,fixed_3b_exit,0,76485.29,3,0.42926045439166666,-54.29888999999989,26.859699999999982,0.4127677407066026,-59.05046999999992,20.81410000000001,-0.0068801088738885685,False,out_of_sample,3,15,high_cost,0.0018,0.9931198911261114,0.997890997058739,-0.004781189475293601
downtrend_highvol_forced_cover_signal,fixed_horizon,3,4234,4235,4238,2026-05-22 16:50:00+00:00,2026-05-22 16:55:00+00:00,2026-05-22 17:10:00+00:00,77022.559838,76939.691166,-0.0010759012966369275,-0.002275901296636927,3,fixed_3b_exit,0,76975.1,5,0.7377154300753284,95.95593000000008,40.94180000000001,0.3055110304225916,-21.956839999999943,-1.587220000000002,-0.009140351721818374,False,out_of_sample,3,15,high_cost,0.0018,0.9908596482781816,0.997890997058739,-0.007046209256604263
downtrend_highvol_forced_cover_signal,fixed_horizon,3,4800,4801,4804,2026-05-24 16:00:00+00:00,2026-05-24 16:05:00+00:00,2026-05-24 16:20:00+00:00,76591.660607,76588.096676,-4.6531580223607705e-05,-0.0012465315802236076,3,fixed_3b_exit,0,76539.38,4,0.5581474276006713,20.316410000000054,21.17819,0.6580879156628209,34.65799000000005,-30.33794000000001,-0.010375489564966367,False,out_of_sample,3,15,high_cost,0.0018,0.9896245104350336,0.997890997058739,-0.008283957514468643
downtrend_highvol_forced_cover_signal,fixed_horizon,3,5655,5656,5659,2026-05-27 15:15:00+00:00,2026-05-27 15:20:00+00:00,2026-05-27 15:35:00+00:00,75243.646324,75371.3818,0.001697624746280546,0.0004976247462805462,3,fixed_3b_exit,0,75172.87,3,0.6234161388794343,43.24502000000002,40.585409999999996,0.5177032563093329,4.748480000000022,-40.290479999999995,-0.00988302791904816,True,out_of_sample,3,15,high_cost,0.0018,0.9901169720809518,0.997890997058739,-0.007790455070444402
downtrend_highvol_forced_cover_signal,fixed_horizon,3,5700,5701,5704,2026-05-27 19:00:00+00:00,2026-05-27 19:05:00+00:00,2026-05-27 19:20:00+00:00,75074.41557,75061.72472500001,-0.00016904354038105307,-0.001369043540381053,3,fixed_3b_exit,0,75032.01,3,0.7019501613946647,57.100980000000014,1.5047599999999974,0.7108930825443437,82.90043000000003,88.61097000000001,-0.01123854116389722,False,out_of_sample,3,15,high_cost,0.0018,0.9887614588361028,0.997890997058739,-0.009148833138634682
downtrend_highvol_forced_cover_signal,fixed_horizon,3,6228,6229,6232,2026-05-29 15:00:00+00:00,2026-05-29 15:05:00+00:00,2026-05-29 15:20:00+00:00,73335.934182,73579.9194,0.0033269531604314118,0.002126953160431412,3,fixed_3b_exit,0,73198.17,5,0.6500951573594481,139.25829,35.74498,0.4658193223262539,-24.964209999999998,-213.28117000000003,-0.00913549185411311,True,out_of_sample,3,15,high_cost,0.0018,0.9908645081458869,0.997890997058739,-0.007041339117761836
downtrend_highvol_forced_cover_signal,fixed_horizon,3,6809,6810,6813,2026-05-31 15:25:00+00:00,2026-05-31 15:30:00+00:00,2026-05-31 15:45:00+00:00,73770.784598,73624.915897,-0.001977323432235223,-0.0031773234322352226,3,fixed_3b_exit,0,73742.0,3,0.7170075872737679,28.46537999999995,20.5799,0.39796695841250623,-16.525100000000048,-8.191920000000001,-0.012283788874015267,False,out_of_sample,3,15,high_cost,0.0018,0.9877162111259847,0.997890997058739,-0.010196289938223857
downtrend_highvol_forced_cover_signal,fixed_horizon,3,6834,6835,6838,2026-05-31 17:30:00+00:00,2026-05-31 17:35:00+00:00,2026-05-31 17:50:00+00:00,73682.348075,73677.55010200001,-6.511699376232638e-05,-0.0012651169937623263,3,fixed_3b_exit,0,73610.36,3,0.746590959278373,16.415209999999952,13.225670000000001,0.6738412897581517,9.554059999999952,-2.843070000000001,-0.01353336543772532,False,out_of_sample,3,15,high_cost,0.0018,0.9864666345622747,0.997890997058739,-0.011448507432312072
downtrend_highvol_forced_cover_signal,fixed_horizon,3,7019,7020,7023,2026-06-01 08:55:00+00:00,2026-06-01 09:00:00+00:00,2026-06-01 09:15:00+00:00,72924.510792,72971.881866,0.0006495905626999754,-0.0005504094373000245,3,fixed_3b_exit,0,72865.58,4,0.731768286165141,59.93055999999996,109.96245,0.38275748341495636,-29.199570000000026,-26.246399999999998,-0.014076325982969928,False,out_of_sample,3,15,high_cost,0.0018,0.9859236740170301,0.997890997058739,-0.011992615503078285
downtrend_highvol_forced_cover_signal,fixed_horizon,3,7113,7114,7117,2026-06-01 16:45:00+00:00,2026-06-01 16:50:00+00:00,2026-06-01 17:05:00+00:00,71401.183931,71542.55079400001,0.0019798952232588096,0.0007798952232588097,3,fixed_3b_exit,0,71356.0,3,0.581933909873005,133.02346999999997,-207.13461000000007,0.605506315405847,91.3368699999999,28.94695,-0.013307408819106414,True,out_of_sample,3,15,high_cost,0.0018,0.9866925911808936,0.997890997058739,-0.011222073263364885
downtrend_highvol_forced_cover_signal,fixed_horizon,3,7254,7255,7258,2026-06-02 04:30:00+00:00,2026-06-02 04:35:00+00:00,2026-06-02 04:50:00+00:00,71051.298997,70878.739997,-0.002428653697201133,-0.0036286536972011327,3,fixed_3b_exit,0,71028.25,3,0.6132697817007466,27.615609999999887,16.302759999999992,0.44066212926835147,-10.893740000000118,-4.409010000000002,-0.016887774538095868,False,out_of_sample,3,15,high_cost,0.0018,0.9831122254619041,0.997890997058739,-0.014810005942928584
downtrend_highvol_forced_cover_signal,fixed_horizon,3,7491,7492,7495,2026-06-03 00:15:00+00:00,2026-06-03 00:20:00+00:00,2026-06-03 00:35:00+00:00,67105.845716,67029.305174,-0.0011405942535011038,-0.0023405942535011034,3,fixed_3b_exit,0,66912.0,3,0.5548485860125347,50.51424999999977,109.22464,0.5783004318090291,41.691659999999764,42.689380000000014,-0.019188841363558695,False,out_of_sample,3,15,high_cost,0.0018,0.9808111586364413,0.997890997058739,-0.017115935981625308
downtrend_highvol_forced_cover_signal,fixed_horizon,3,8153,8154,8157,2026-06-05 07:25:00+00:00,2026-06-05 07:30:00+00:00,2026-06-05 07:45:00+00:00,62271.615882,62831.154997000005,0.008985460021790459,0.007785460021790459,3,fixed_3b_exit,0,62203.29,3,0.583303095244338,86.53159999999994,52.9136,0.5596383660225059,101.23927999999995,-57.44409000000002,-0.01155277529906884,True,out_of_sample,3,15,high_cost,0.0018,0.9884472247009312,0.997890997058739,-0.00946373139515544
downtrend_highvol_forced_cover_signal,fixed_horizon,3,44,45,48,2026-05-08 03:40:00+00:00,2026-05-08 03:45:00+00:00,2026-05-08 04:00:00+00:00,79654.09461300001,79613.527851,-0.0005092865871754171,-0.000909286587175417,3,fixed_3b_exit,0,79642.55,3,0.630470871078894,15.850760000000106,8.35204,0.4800779420691057,-2.3269899999998893,2.189230000000002,-0.000909286587175373,False,out_of_sample,3,15,low_cost,0.0006000000000000001,0.9990907134128246,0.9990907134128246,0.0
downtrend_highvol_forced_cover_signal,fixed_horizon,3,1647,1648,1651,2026-05-13 17:15:00+00:00,2026-05-13 17:20:00+00:00,2026-05-13 17:35:00+00:00,79307.93,79348.674339,0.0005137486125286195,0.00011374861252861946,3,fixed_3b_exit,0,79238.6,4,0.5148592605461577,6.5789700000001154,6.329630000000002,0.556234855092095,11.381640000000118,-2.5967100000000087,-0.0007956414047344262,True,out_of_sample,3,15,low_cost,0.0006000000000000001,0.9992043585952656,0.9992043585952656,0.0
downtrend_highvol_forced_cover_signal,fixed_horizon,3,1652,1653,1656,2026-05-13 17:40:00+00:00,2026-05-13 17:45:00+00:00,2026-05-13 18:00:00+00:00,79438.553061,79517.977407,0.0009998211565989124,0.0005998211565989124,3,fixed_3b_exit,0,79378.54,3,0.6538088297462851,31.68971000000012,20.30807,0.5654985014909389,15.233500000000113,28.097970000000007,-0.00019629749068306168,True,out_of_sample,3,15,low_cost,0.0006000000000000001,0.9998037025093169,0.9998037025093169,0.0
downtrend_highvol_forced_cover_signal,fixed_horizon,3,1657,1658,1661,2026-05-13 18:05:00+00:00,2026-05-13 18:10:00+00:00,2026-05-13 18:25:00+00:00,79605.68977299999,79760.00320199999,0.0019384723559336958,0.0015384723559336959,3,fixed_3b_exit,0,79596.27,3,0.646049383550567,37.59475000000012,22.361250000000005,0.7352830367640506,168.8292300000001,60.50569999999999,0.0013418728669876145,True,out_of_sample,3,15,low_cost,0.0006000000000000001,1.0013418728669876,1.0013418728669876,0.0
downtrend_highvol_forced_cover_signal,fixed_horizon,3,3074,3075,3078,2026-05-18 16:10:00+00:00,2026-05-18 16:15:00+00:00,2026-05-18 16:30:00+00:00,76516.870922,76376.26161,-0.0018376249617334528,-0.002237624961733453,3,fixed_3b_exit,0,76485.29,3,0.42926045439166666,-54.29888999999989,26.859699999999982,0.4127677407066026,-59.05046999999992,20.81410000000001,-0.0008987547029684073,False,out_of_sample,3,15,low_cost,0.0006000000000000001,0.9991012452970316,1.0013418728669876,-0.0022376249617334087
downtrend_highvol_forced_cover_signal,fixed_horizon,3,4234,4235,4238,2026-05-22 16:50:00+00:00,2026-05-22 16:55:00+00:00,2026-05-22 17:10:00+00:00,77007.159946,76955.083722,-0.0006762517152498759,-0.001076251715249876,3,fixed_3b_exit,0,76975.1,5,0.7377154300753284,95.95593000000008,40.94180000000001,0.3055110304225916,-21.956839999999943,-1.587220000000002,-0.0019740391319276185,False,out_of_sample,3,15,low_cost,0.0006000000000000001,0.9980259608680724,1.0013418728669876,-0.0033114684292800955
downtrend_highvol_forced_cover_signal,fixed_horizon,3,4800,4801,4804,2026-05-24 16:00:00+00:00,2026-05-24 16:05:00+00:00,2026-05-24 16:20:00+00:00,76576.346869,76603.418892,0.00035352983142833416,-4.647016857166586e-05,3,fixed_3b_exit,0,76539.38,4,0.5581474276006713,20.316410000000054,21.17819,0.6580879156628209,34.65799000000005,-30.33794000000001,-0.0020204175665680113,False,out_of_sample,3,15,low_cost,0.0006000000000000001,0.997979582433432,1.0013418728669876,-0.0033577847133555716
downtrend_highvol_forced_cover_signal,fixed_horizon,3,5655,5656,5659,2026-05-27 15:15:00+00:00,2026-05-27 15:20:00+00:00,2026-05-27 15:35:00+00:00,75228.602108,75386.4606,0.002098383960044581,0.0016983839600445809,3,fixed_3b_exit,0,75172.87,3,0.6234161388794343,43.24502000000002,40.585409999999996,0.5177032563093329,4.748480000000022,-40.290479999999995,-0.00032546505131103576,True,out_of_sample,3,15,low_cost,0.0006000000000000001,0.999674534948689,1.0013418728669876,-0.0016651035610094622
downtrend_highvol_forced_cover_signal,fixed_horizon,3,5700,5701,5704,2026-05-27 19:00:00+00:00,2026-05-27 19:05:00+00:00,2026-05-27 19:20:00+00:00,75059.40518999999,75076.74157500001,0.0002309688566826118,-0.00016903114331738822,3,fixed_3b_exit,0,75032.01,3,0.7019501613946647,57.100980000000014,1.5047599999999974,0.7108930825443437,82.90043000000003,88.61097000000001,-0.000494441180898697,False,out_of_sample,3,15,low_cost,0.0006000000000000001,0.9995055588191013,1.0013418728669876,-0.0018338532499680982
downtrend_highvol_forced_cover_signal,fixed_horizon,3,6228,6229,6232,2026-05-29 15:00:00+00:00,2026-05-29 15:05:00+00:00,2026-05-29 15:20:00+00:00,73321.271394,73594.6398,0.00372836423595313,0.0033283642359531298,3,fixed_3b_exit,0,73198.17,5,0.6500951573594481,139.25829,35.74498,0.4658193223262539,-24.964209999999998,-213.28117000000003,0.002832277374711145,True,out_of_sample,3,15,low_cost,0.0006000000000000001,1.0028322773747111,1.0028322773747111,0.0
downtrend_highvol_forced_cover_signal,fixed_horizon,3,6809,6810,6813,2026-05-31 15:25:00+00:00,2026-05-31 15:30:00+00:00,2026-05-31 15:45:00+00:00,73756.034866,73639.645299,-0.0015780344918414624,-0.0019780344918414626,3,fixed_3b_exit,0,73742.0,3,0.7170075872737679,28.46537999999995,20.5799,0.39796695841250623,-16.525100000000048,-8.191920000000001,0.0008486405405321307,False,out_of_sample,3,15,low_cost,0.0006000000000000001,1.0008486405405321,1.0028322773747111,-0.0019780344918414183
downtrend_highvol_forced_cover_signal,fixed_horizon,3,6834,6835,6838,2026-05-31 17:30:00+00:00,2026-05-31 17:35:00+00:00,2026-05-31 17:50:00+00:00,73667.616025,73692.290034,0.00033493698223696633,-6.506301776303369e-05,3,fixed_3b_exit,0,73610.36,3,0.746590959278373,16.415209999999952,13.225670000000001,0.6738412897581517,9.554059999999952,-2.843070000000001,0.0007835223076546605,False,out_of_sample,3,15,low_cost,0.0006000000000000001,1.0007835223076547,1.0028322773747111,-0.0020429688127110435
downtrend_highvol_forced_cover_signal,fixed_horizon,3,7019,7020,7023,2026-06-01 08:55:00+00:00,2026-06-01 09:00:00+00:00,2026-06-01 09:15:00+00:00,72909.930264,72986.480622,0.0010499304789186592,0.0006499304789186592,3,fixed_3b_exit,0,72865.58,4,0.731768286165141,59.93055999999996,109.96245,0.38275748341495636,-29.199570000000026,-26.246399999999998,0.0014339620216019533,True,out_of_sample,3,15,low_cost,0.0006000000000000001,1.001433962021602,1.0028322773747111,-0.0013943661214912417
downtrend_highvol_forced_cover_signal,fixed_horizon,3,7113,7114,7117,2026-06-01 16:45:00+00:00,2026-06-01 16:50:00+00:00,2026-06-01 17:05:00+00:00,71386.90797700001,71556.86359800001,0.002380767367803127,0.001980767367803127,3,fixed_3b_exit,0,71356.0,3,0.581933909873005,133.02346999999997,-207.13461000000007,0.605506315405847,91.3368699999999,28.94695,0.0034175697345841805,True,out_of_sample,3,15,low_cost,0.0006000000000000001,1.0034175697345842,1.0034175697345842,0.0
downtrend_highvol_forced_cover_signal,fixed_horizon,3,7254,7255,7258,2026-06-02 04:30:00+00:00,2026-06-02 04:35:00+00:00,2026-06-02 04:50:00+00:00,71037.092999,70892.91999899999,-0.0020295453250324114,-0.0024295453250324115,3,fixed_3b_exit,0,71028.25,3,0.6132697817007466,27.615609999999887,16.302759999999992,0.44066212926835147,-10.893740000000118,-4.409010000000002,0.0009797212689801604,False,out_of_sample,3,15,low_cost,0.0006000000000000001,1.0009797212689802,1.0034175697345842,-0.0024295453250323673
downtrend_highvol_forced_cover_signal,fixed_horizon,3,7491,7492,7495,2026-06-03 00:15:00+00:00,2026-06-03 00:20:00+00:00,2026-06-03 00:35:00+00:00,67092.428572,67042.715058,-0.0007409705544739742,-0.0011409705544739742,3,fixed_3b_exit,0,66912.0,3,0.5548485860125347,50.51424999999977,109.22464,0.5783004318090291,41.691659999999764,42.689380000000014,-0.00016236711861328246,False,out_of_sample,3,15,low_cost,0.0006000000000000001,0.9998376328813867,1.0034175697345842,-0.003567743839829718
downtrend_highvol_forced_cover_signal,fixed_horizon,3,8153,8154,8157,2026-06-05 07:25:00+00:00,2026-06-05 07:30:00+00:00,2026-06-05 07:45:00+00:00,62259.165294,62843.724999000005,0.009389134952895617,0.008989134952895618,3,fixed_3b_exit,0,62203.29,3,0.583303095244338,86.53159999999994,52.9136,0.5596383660225059,101.23927999999995,-57.44409000000002,0.00882530829434125,True,out_of_sample,3,15,low_cost,0.0006000000000000001,1.0088253082943412,1.0088253082943412,0.0
downtrend_highvol_forced_cover_signal,fixed_horizon,3,44,45,48,2026-05-08 03:40:00+00:00,2026-05-08 03:45:00+00:00,2026-05-08 04:00:00+00:00,79646.13,79621.49,-0.0003093684526793705,-0.0003093684526793705,3,fixed_3b_exit,0,79642.55,3,0.630470871078894,15.850760000000106,8.35204,0.4800779420691057,-2.3269899999998893,2.189230000000002,-0.0003093684526793705,False,out_of_sample,3,15,no_cost,0.0,0.9996906315473206,0.9996906315473206,0.0
downtrend_highvol_forced_cover_signal,fixed_horizon,3,1647,1648,1651,2026-05-13 17:15:00+00:00,2026-05-13 17:20:00+00:00,2026-05-13 17:35:00+00:00,79300.0,79356.61,0.0007138713745271641,0.0007138713745271641,3,fixed_3b_exit,0,79238.6,4,0.5148592605461577,6.5789700000001154,6.329630000000002,0.556234855092095,11.381640000000118,-2.5967100000000087,0.00040428207256515414,True,out_of_sample,3,15,no_cost,0.0,1.0004042820725652,1.0004042820725652,0.0
downtrend_highvol_forced_cover_signal,fixed_horizon,3,1652,1653,1656,2026-05-13 17:40:00+00:00,2026-05-13 17:45:00+00:00,2026-05-13 18:00:00+00:00,79430.61,79525.93,0.0012000411428287894,0.0012000411428287894,3,fixed_3b_exit,0,79378.54,3,0.6538088297462851,31.68971000000012,20.30807,0.5654985014909389,15.233500000000113,28.097970000000007,0.0016048083705142435,True,out_of_sample,3,15,no_cost,0.0,1.0016048083705142,1.0016048083705142,0.0
downtrend_highvol_forced_cover_signal,fixed_horizon,3,1657,1658,1661,2026-05-13 18:05:00+00:00,2026-05-13 18:10:00+00:00,2026-05-13 18:25:00+00:00,79597.73,79767.98,0.0021388800911785744,0.0021388800911785744,3,fixed_3b_exit,0,79596.27,3,0.646049383550567,37.59475000000012,22.361250000000005,0.7352830367640506,168.8292300000001,60.50569999999999,0.0037471209543666895,True,out_of_sample,3,15,no_cost,0.0,1.0037471209543667,1.0037471209543667,0.0
downtrend_highvol_forced_cover_signal,fixed_horizon,3,3074,3075,3078,2026-05-18 16:10:00+00:00,2026-05-18 16:15:00+00:00,2026-05-18 16:30:00+00:00,76509.22,76383.9,-0.0016379725214817897,-0.0016379725214817897,3,fixed_3b_exit,0,76485.29,3,0.42926045439166666,-54.29888999999989,26.859699999999982,0.4127677407066026,-59.05046999999992,20.81410000000001,0.0021030107517270302,False,out_of_sample,3,15,no_cost,0.0,1.002103010751727,1.0037471209543667,-0.0016379725214817897
downtrend_highvol_forced_cover_signal,fixed_horizon,3,4234,4235,4238,2026-05-22 16:50:00+00:00,2026-05-22 16:55:00+00:00,2026-05-22 17:10:00+00:00,76999.46,76962.78,-0.0004763669771191692,-0.0004763669771191692,3,fixed_3b_exit,0,76975.1,5,0.7377154300753284,95.95593000000008,40.94180000000001,0.3055110304225916,-21.956839999999943,-1.587220000000002,0.0016256419697331381,False,out_of_sample,3,15,no_cost,0.0,1.0016256419697331,1.0037471209543667,-0.002113559222582273
downtrend_highvol_forced_cover_signal,fixed_horizon,3,4800,4801,4804,2026-05-24 16:00:00+00:00,2026-05-24 16:05:00+00:00,2026-05-24 16:20:00+00:00,76568.69,76611.08,0.000553620546466238,0.000553620546466238,3,fixed_3b_exit,0,76539.38,4,0.5581474276006713,20.316410000000054,21.17819,0.6580879156628209,34.65799000000005,-30.33794000000001,0.002180162504995087,True,out_of_sample,3,15,no_cost,0.0,1.002180162504995,1.0037471209543667,-0.001561108785927856
downtrend_highvol_forced_cover_signal,fixed_horizon,3,5655,5656,5659,2026-05-27 15:15:00+00:00,2026-05-27 15:20:00+00:00,2026-05-27 15:35:00+00:00,75221.08,75394.0,0.0022988236808085816,0.0022988236808085816,3,fixed_3b_exit,0,75172.87,3,0.6234161388794343,43.24502000000002,40.585409999999996,0.5177032563093329,4.748480000000022,-40.290479999999995,0.004483997994998212,True,out_of_sample,3,15,no_cost,0.0,1.0044839979949982,1.0044839979949982,0.0
downtrend_highvol_forced_cover_signal,fixed_horizon,3,5700,5701,5704,2026-05-27 19:00:00+00:00,2026-05-27 19:05:00+00:00,2026-05-27 19:20:00+00:00,75051.9,75084.25,0.0004310350570739807,0.0004310350570739807,3,fixed_3b_exit,0,75032.01,3,0.7019501613946647,57.100980000000014,1.5047599999999974,0.7108930825443437,82.90043000000003,88.61097000000001,0.004916965812403973,True,out_of_sample,3,15,no_cost,0.0,1.004916965812404,1.004916965812404,0.0
downtrend_highvol_forced_cover_signal,fixed_horizon,3,6228,6229,6232,2026-05-29 15:00:00+00:00,2026-05-29 15:05:00+00:00,2026-05-29 15:20:00+00:00,73313.94,73602.0,0.0039291299853752015,0.0039291299853752015,3,fixed_3b_exit,0,73198.17,5,0.6500951573594481,139.25829,35.74498,0.4658193223262539,-24.964209999999998,-213.28117000000003,0.00886541519558981,True,out_of_sample,3,15,no_cost,0.0,1.0088654151955898,1.0088654151955898,0.0
downtrend_highvol_forced_cover_signal,fixed_horizon,3,6809,6810,6813,2026-05-31 15:25:00+00:00,2026-05-31 15:30:00+00:00,2026-05-31 15:45:00+00:00,73748.66,73647.01,-0.0013783301283034621,-0.0013783301283034621,3,fixed_3b_exit,0,73742.0,3,0.7170075872737679,28.46537999999995,20.5799,0.39796695841250623,-16.525100000000048,-8.191920000000001,0.007474865598422253,False,out_of_sample,3,15,no_cost,0.0,1.0074748655984223,1.0088654151955898,-0.0013783301283035732
downtrend_highvol_forced_cover_signal,fixed_horizon,3,6834,6835,6838,2026-05-31 17:30:00+00:00,2026-05-31 17:35:00+00:00,2026-05-31 17:50:00+00:00,73660.25,73699.66,0.000535023978333049,0.000535023978333049,3,fixed_3b_exit,0,73610.36,3,0.746590959278373,16.415209999999952,13.225670000000001,0.6738412897581517,9.554059999999952,-2.843070000000001,0.008013888809085268,True,out_of_sample,3,15,no_cost,0.0,1.0080138888090853,1.0088654151955898,-0.0008440435896391874
downtrend_highvol_forced_cover_signal,fixed_horizon,3,7019,7020,7023,2026-06-01 08:55:00+00:00,2026-06-01 09:00:00+00:00,2026-06-01 09:15:00+00:00,72902.64,72993.78,0.001250160488015295,0.001250160488015295,3,fixed_3b_exit,0,72865.58,4,0.731768286165141,59.93055999999996,109.96245,0.38275748341495636,-29.199570000000026,-26.246399999999998,0.009274067944245123,True,out_of_sample,3,15,no_cost,0.0,1.0092740679442451,1.0092740679442451,0.0
downtrend_highvol_forced_cover_signal,fixed_horizon,3,7113,7114,7117,2026-06-01 16:45:00+00:00,2026-06-01 16:50:00+00:00,2026-06-01 17:05:00+00:00,71379.77,71564.02,0.00258126357089683,0.00258126357089683,3,fixed_3b_exit,0,71356.0,3,0.581933909873005,133.02346999999997,-207.13461000000007,0.605506315405847,91.3368699999999,28.94695,0.011879270328880365,True,out_of_sample,3,15,no_cost,0.0,1.0118792703288804,1.0118792703288804,0.0
downtrend_highvol_forced_cover_signal,fixed_horizon,3,7254,7255,7258,2026-06-02 04:30:00+00:00,2026-06-02 04:35:00+00:00,2026-06-02 04:50:00+00:00,71029.99,70900.01,-0.0018299312726921535,-0.0018299312726921535,3,fixed_3b_exit,0,71028.25,3,0.6132697817007466,27.615609999999887,16.302759999999992,0.44066212926835147,-10.893740000000118,-4.409010000000002,0.010027600807916537,False,out_of_sample,3,15,no_cost,0.0,1.0100276008079165,1.0118792703288804,-0.0018299312726922645
downtrend_highvol_forced_cover_signal,fixed_horizon,3,7491,7492,7495,2026-06-03 00:15:00+00:00,2026-06-03 00:20:00+00:00,2026-06-03 00:35:00+00:00,67085.72,67049.42,-0.0005410987614056229,-0.0005410987614056229,3,fixed_3b_exit,0,66912.0,3,0.5548485860125347,50.51424999999977,109.22464,0.5783004318090291,41.691659999999764,42.689380000000014,0.009481076124133958,False,out_of_sample,3,15,no_cost,0.0,1.009481076124134,1.0118792703288804,-0.0023700398605527306
downtrend_highvol_forced_cover_signal,fixed_horizon,3,8153,8154,8157,2026-06-05 07:25:00+00:00,2026-06-05 07:30:00+00:00,2026-06-05 07:45:00+00:00,62252.94,62850.01,0.009591032969687774,0.009591032969687774,3,fixed_3b_exit,0,62203.29,3,0.583303095244338,86.53159999999994,52.9136,0.5596383660225059,101.23927999999995,-57.44409000000002,0.01916304240751643,True,out_of_sample,3,15,no_cost,0.0,1.0191630424075164,1.0191630424075164,0.0
downtrend_highvol_forced_cover_signal,fixed_horizon,6,44,45,51,2026-05-08 03:40:00+00:00,2026-05-08 03:45:00+00:00,2026-05-08 04:15:00+00:00,79662.059226,79710.15478000001,0.0006037447998119561,-0.00019625520018804398,6,fixed_6b_exit,0,79642.55,3,0.630470871078894,15.850760000000106,8.35204,0.6133239405128202,17.556920000000115,5.44652,-0.00019625520018806686,False,out_of_sample,6,30,base_cost,0.0012000000000000001,0.9998037447998119,0.9998037447998119,0.0
downtrend_highvol_forced_cover_signal,fixed_horizon,6,1647,1648,1654,2026-05-13 17:15:00+00:00,2026-05-13 17:20:00+00:00,2026-05-13 17:50:00+00:00,79315.86,79450.166788,0.001693315662214312,0.0008933156622143119,6,fixed_6b_exit,0,79238.6,4,0.5148592605461577,6.5789700000001154,6.329630000000002,0.5044565417775426,1.2024100000001106,-0.3366399999999956,0.0006968851441822022,True,out_of_sample,6,30,base_cost,0.0012000000000000001,1.0006968851441822,1.0006968851441822,0.0
downtrend_highvol_forced_cover_signal,fixed_horizon,6,1657,1658,1664,2026-05-13 18:05:00+00:00,2026-05-13 18:10:00+00:00,2026-05-13 18:40:00+00:00,79613.649546,79631.360542,0.0002224618027308889,-0.0005775381972691111,6,fixed_6b_exit,0,79596.27,3,0.646049383550567,37.59475000000012,22.361250000000005,0.4750705903049292,-7.725999999999896,-52.70878999999999,0.00011894446912319445,False,out_of_sample,6,30,base_cost,0.0012000000000000001,1.0001189444691232,1.0006968851441822,-0.000577538197269134
downtrend_highvol_forced_cover_signal,fixed_horizon,6,3074,3075,3081,2026-05-18 16:10:00+00:00,2026-05-18 16:15:00+00:00,2026-05-18 16:45:00+00:00,76524.521844,76418.78318600002,-0.0013817617601785681,-0.002181761760178568,6,fixed_6b_exit,0,76485.29,3,0.42926045439166666,-54.29888999999989,26.859699999999982,0.4037640648923453,-50.00919999999991,-33.01601,-0.0020630767995497568,False,out_of_sample,6,30,base_cost,0.0012000000000000001,0.9979369232004502,1.0006968851441822,-0.0027580399066938766
downtrend_highvol_forced_cover_signal,fixed_horizon,6,4234,4235,4241,2026-05-22 16:50:00+00:00,2026-05-22 16:55:00+00:00,2026-05-22 17:25:00+00:00,77014.85989200001,77044.72797200001,0.00038782229873413065,-0.0004121777012658694,6,fixed_6b_exit,0,76975.1,5,0.7377154300753284,95.95593000000008,40.94180000000001,0.4570672019247445,-12.081479999999935,17.928110000000004,-0.0024744041465628586,False,out_of_sample,6,30,base_cost,0.0012000000000000001,0.9975255958534371,1.0006968851441822,-0.0031690808054110065
downtrend_highvol_forced_cover_signal,fixed_horizon,6,4800,4801,4807,2026-05-24 16:00:00+00:00,2026-05-24 16:05:00+00:00,2026-05-24 16:35:00+00:00,76584.003738,76499.886962,-0.001098359603759591,-0.001898359603759591,6,fixed_6b_exit,0,76539.38,4,0.5581474276006713,20.316410000000054,21.17819,0.38474529050023193,-14.652729999999941,-8.439409999999999,-0.004368066441447271,False,out_of_sample,6,30,base_cost,0.0012000000000000001,0.9956319335585527,1.0006968851441822,-0.0050614243541886594
downtrend_highvol_forced_cover_signal,fixed_horizon,6,5655,5656,5662,2026-05-27 15:15:00+00:00,2026-05-27 15:20:00+00:00,2026-05-27 15:50:00+00:00,75236.124216,75261.09477,0.00033189580484371817,-0.00046810419515628187,6,fixed_6b_exit,0,75172.87,3,0.6234161388794343,43.24502000000002,40.585409999999996,0.5754489452816739,36.38805000000001,26.26462999999999,-0.004834125926377664,False,out_of_sample,6,30,base_cost,0.0012000000000000001,0.9951658740736223,1.0006968851441822,-0.005527159275371285
downtrend_highvol_forced_cover_signal,fixed_horizon,6,5700,5701,5707,2026-05-27 19:00:00+00:00,2026-05-27 19:05:00+00:00,2026-05-27 19:35:00+00:00,75066.91037999999,75038.99919799999,-0.00037181738077007864,-0.0011718173807700786,6,fixed_6b_exit,0,75032.01,3,0.7019501613946647,57.100980000000014,1.5047599999999974,0.4000797880731504,-84.81212999999997,-220.23208,-0.0060002785943663595,False,out_of_sample,6,30,base_cost,0.0012000000000000001,0.9939997214056336,1.0006968851441822,-0.006692499834836219
downtrend_highvol_forced_cover_signal,fixed_horizon,6,6228,6229,6235,2026-05-29 15:00:00+00:00,2026-05-29 15:05:00+00:00,2026-05-29 15:35:00+00:00,73328.602788,74096.10781399999,0.010466652804212329,0.009666652804212328,6,fixed_6b_exit,0,73198.17,5,0.6500951573594481,139.25829,35.74498,0.6700885234598336,193.63664,51.635980000000046,0.003608371599945759,True,out_of_sample,6,30,base_cost,0.0012000000000000001,1.0036083715999458,1.0036083715999458,0.0
downtrend_highvol_forced_cover_signal,fixed_horizon,6,6809,6810,6816,2026-05-31 15:25:00+00:00,2026-05-31 15:30:00+00:00,2026-05-31 16:00:00+00:00,73763.409732,73674.252202,-0.0012086958876212917,-0.0020086958876212916,6,fixed_6b_exit,0,73742.0,3,0.7170075872737679,28.46537999999995,20.5799,0.21056103304236212,-42.246830000000045,5.352170000000001,0.0015924275911305408,False,out_of_sample,6,30,base_cost,0.0012000000000000001,1.0015924275911305,1.0036083715999458,-0.0020086958876214256
downtrend_highvol_forced_cover_signal,fixed_horizon,6,6834,6835,6841,2026-05-31 17:30:00+00:00,2026-05-31 17:35:00+00:00,2026-05-31 18:05:00+00:00,73674.98204999999,73618.143426,-0.0007714779483952716,-0.0015714779483952715,6,fixed_6b_exit,0,73610.36,3,0.746590959278373,16.415209999999952,13.225670000000001,0.505929621453754,0.9824299999999475,-15.763330000000007,1.8447177891456334e-05,False,out_of_sample,6,30,base_cost,0.0012000000000000001,1.0000184471778915,1.0036083715999458,-0.003577017214724143
downtrend_highvol_forced_cover_signal,fixed_horizon,6,7019,7020,7026,2026-06-01 08:55:00+00:00,2026-06-01 09:00:00+00:00,2026-06-01 09:30:00+00:00,72917.22052799999,72979.041272,0.0008478209063971232,4.7820906397123115e-05,6,fixed_6b_exit,0,72865.58,4,0.731768286165141,59.93055999999996,109.96245,0.5325592914498187,15.698449999999962,5.016929999999999,6.626896644945646e-05,True,out_of_sample,6,30,base_cost,0.0012000000000000001,1.0000662689664495,1.0036083715999458,-0.0035293673645323542
downtrend_highvol_forced_cover_signal,fixed_horizon,6,7113,7114,7120,2026-06-01 16:45:00+00:00,2026-06-01 16:50:00+00:00,2026-06-01 17:20:00+00:00,71394.045954,71531.370864,0.0019234784660961957,0.0011234784660961957,6,fixed_6b_exit,0,71356.0,3,0.581933909873005,133.02346999999997,-207.13461000000007,0.623378491383865,40.452369999999874,4.242449999999998,0.0011898218843025,True,out_of_sample,6,30,base_cost,0.0012000000000000001,1.0011898218843025,1.0036083715999458,-0.0024098540666690482
downtrend_highvol_forced_cover_signal,fixed_horizon,6,7254,7255,7261,2026-06-02 04:30:00+00:00,2026-06-02 04:35:00+00:00,2026-06-02 05:05:00+00:00,71044.19599800001,70667.87359799999,-0.0052970182111795605,-0.006097018211179561,6,fixed_6b_exit,0,71028.25,3,0.6132697817007466,27.615609999999887,16.302759999999992,0.40255366661089576,-31.719450000000116,-2.1985699999999895,-0.004914450692573791,False,out_of_sample,6,30,base_cost,0.0012000000000000001,0.9950855493074262,1.0036083715999458,-0.008492179353717932
downtrend_highvol_forced_cover_signal,fixed_horizon,6,7491,7492,7498,2026-06-03 00:15:00+00:00,2026-06-03 00:20:00+00:00,2026-06-03 00:50:00+00:00,67099.137144,67011.185082,-0.001310777839232835,-0.002110777839232835,6,fixed_6b_exit,0,66912.0,3,0.5548485860125347,50.51424999999977,109.22464,0.4939070214570995,-2.6798700000002356,-25.42908,-0.007014855218192784,False,out_of_sample,6,30,base_cost,0.0012000000000000001,0.9929851447818072,1.0036083715999458,-0.010585032088964219
downtrend_highvol_forced_cover_signal,fixed_horizon,6,8153,8154,8160,2026-06-05 07:25:00+00:00,2026-06-05 07:30:00+00:00,2026-06-05 08:00:00+00:00,62265.390588,62861.385208,0.009571844235967353,0.008771844235967352,6,fixed_6b_exit,0,62203.29,3,0.583303095244338,86.53159999999994,52.9136,0.570643506429061,99.14081999999996,-22.71456999999998,0.0016954558004627085,True,out_of_sample,6,30,base_cost,0.0012000000000000001,1.0016954558004627,1.0036083715999458,-0.001906038105713992
downtrend_highvol_forced_cover_signal,fixed_horizon,6,44,45,51,2026-05-08 03:40:00+00:00,2026-05-08 03:45:00+00:00,2026-05-08 04:15:00+00:00,79670.023839,79702.18217000001,0.0004036440489210147,-0.0007963559510789852,6,fixed_6b_exit,0,79642.55,3,0.630470871078894,15.850760000000106,8.35204,0.6133239405128202,17.556920000000115,5.44652,-0.0007963559510789642,False,out_of_sample,6,30,high_cost,0.0018,0.999203644048921,0.999203644048921,0.0
downtrend_highvol_forced_cover_signal,fixed_horizon,6,1647,1648,1654,2026-05-13 17:15:00+00:00,2026-05-13 17:20:00+00:00,2026-05-13 17:50:00+00:00,79323.79,79442.220182,0.0014929970189272446,0.0002929970189272447,6,fixed_6b_exit,0,79238.6,4,0.5148592605461577,6.5789700000001154,6.329630000000002,0.5044565417775426,1.2024100000001106,-0.3366399999999956,-0.0005035922620715283,True,out_of_sample,6,30,high_cost,0.0018,0.9994964077379285,0.9994964077379285,0.0
downtrend_highvol_forced_cover_signal,fixed_horizon,6,1657,1658,1664,2026-05-13 18:05:00+00:00,2026-05-13 18:10:00+00:00,2026-05-13 18:40:00+00:00,79621.609319,79623.395813,2.2437300819300177e-05,-0.0011775626991806997,6,fixed_6b_exit,0,79596.27,3,0.646049383550567,37.59475000000012,22.361250000000005,0.4750705903049292,-7.725999999999896,-52.70878999999999,-0.001680561949788828,False,out_of_sample,6,30,high_cost,0.0018,0.9983194380502112,0.9994964077379285,-0.0011775626991806787
downtrend_highvol_forced_cover_signal,fixed_horizon,6,3074,3075,3081,2026-05-18 16:10:00+00:00,2026-05-18 16:15:00+00:00,2026-05-18 16:45:00+00:00,76532.172766,76411.139779,-0.0015814654494399338,-0.0027814654494399335,6,fixed_6b_exit,0,76485.29,3,0.42926045439166666,-54.29888999999989,26.859699999999982,0.4037640648923453,-50.00919999999991,-33.01601,-0.004457352974229778,False,out_of_sample,6,30,high_cost,0.0018,0.9955426470257702,0.9994964077379285,-0.003955752798658341
downtrend_highvol_forced_cover_signal,fixed_horizon,6,4234,4235,4241,2026-05-22 16:50:00+00:00,2026-05-22 16:55:00+00:00,2026-05-22 17:25:00+00:00,77022.559838,77037.021958,0.0001877647280279504,-0.0010122352719720495,6,fixed_6b_exit,0,76975.1,5,0.7377154300753284,95.95593000000008,40.94180000000001,0.4570672019247445,-12.081479999999935,17.928110000000004,-0.005465076356301668,False,out_of_sample,6,30,high_cost,0.0018,0.9945349236436983,0.9994964077379285,-0.004963983918120363
downtrend_highvol_forced_cover_signal,fixed_horizon,6,4800,4801,4807,2026-05-24 16:00:00+00:00,2026-05-24 16:05:00+00:00,2026-05-24 16:35:00+00:00,76591.660607,76492.235443,-0.0012981199677881694,-0.002498119967788169,6,fixed_6b_exit,0,76539.38,4,0.5581474276006713,20.316410000000054,21.17819,0.38474529050023193,-14.652729999999941,-8.439409999999999,-0.007949543907718626,False,out_of_sample,6,30,high_cost,0.0018,0.9920504560922814,0.9994964077379285,-0.0074497032585628675
downtrend_highvol_forced_cover_signal,fixed_horizon,6,5655,5656,5662,2026-05-27 15:15:00+00:00,2026-05-27 15:20:00+00:00,2026-05-27 15:50:00+00:00,75243.646324,75253.567155,0.0001318494183186747,-0.0010681505816813252,6,fixed_6b_exit,0,75172.87,3,0.6234161388794343,43.24502000000002,40.585409999999996,0.5754489452816739,36.38805000000001,26.26462999999999,-0.009009203179450753,False,out_of_sample,6,30,high_cost,0.0018,0.9909907968205492,0.9994964077379285,-0.008509896435375142
downtrend_highvol_forced_cover_signal,fixed_horizon,6,5700,5701,5707,2026-05-27 19:00:00+00:00,2026-05-27 19:05:00+00:00,2026-05-27 19:35:00+00:00,75074.41557,75031.493797,-0.0005717230387224381,-0.001771723038722438,6,fixed_6b_exit,0,75032.01,3,0.7019501613946647,57.100980000000014,1.5047599999999974,0.4000797880731504,-84.81212999999997,-220.23208,-0.010764964405339583,False,out_of_sample,6,30,high_cost,0.0018,0.9892350355946604,0.9994964077379285,-0.010266542294525838
downtrend_highvol_forced_cover_signal,fixed_horizon,6,6228,6229,6235,2026-05-29 15:00:00+00:00,2026-05-29 15:05:00+00:00,2026-05-29 15:35:00+00:00,73335.934182,74088.696721,0.010264579668840756,0.009064579668840757,6,fixed_6b_exit,0,73198.17,5,0.6500951573594481,139.25829,35.74498,0.6700885234598336,193.63664,51.635980000000046,-0.001797964613983405,True,out_of_sample,6,30,high_cost,0.0018,0.9982020353860166,0.9994964077379285,-0.0012950245162374197
downtrend_highvol_forced_cover_signal,fixed_horizon,6,6809,6810,6816,2026-05-31 15:25:00+00:00,2026-05-31 15:30:00+00:00,2026-05-31 16:00:00+00:00,73770.784598,73666.88330300001,-0.0014084341865980843,-0.002608434186598084,6,fixed_6b_exit,0,73742.0,3,0.7170075872737679,28.46537999999995,20.5799,0.21056103304236212,-42.246830000000045,5.352170000000001,-0.004401708928216008,False,out_of_sample,6,30,high_cost,0.0018,0.995598291071784,0.9994964077379285,-0.003900080716614851
downtrend_highvol_forced_cover_signal,fixed_horizon,6,6834,6835,6841,2026-05-31 17:30:00+00:00,2026-05-31 17:35:00+00:00,2026-05-31 18:05:00+00:00,73682.348075,73610.780139,-0.00097130368222198,-0.0021713036822219797,6,fixed_6b_exit,0,73610.36,3,0.746590959278373,16.415209999999952,13.225670000000001,0.505929621453754,0.9824299999999475,-15.763330000000007,-0.006563455163634102,False,out_of_sample,6,30,high_cost,0.0018,0.9934365448363659,0.9994964077379285,-0.006062916139215835
downtrend_highvol_forced_cover_signal,fixed_horizon,6,7019,7020,7026,2026-06-01 08:55:00+00:00,2026-06-01 09:00:00+00:00,2026-06-01 09:30:00+00:00,72924.510792,72971.741908,0.0006476713451628591,-0.0005523286548371408,6,fixed_6b_exit,0,72865.58,4,0.731768286165141,59.93055999999996,109.96245,0.5325592914498187,15.698449999999962,5.016929999999999,-0.007112158634109633,False,out_of_sample,6,30,high_cost,0.0018,0.9928878413658904,0.9994964077379285,-0.0066118960717374
downtrend_highvol_forced_cover_signal,fixed_horizon,6,7113,7114,7120,2026-06-01 16:45:00+00:00,2026-06-01 16:50:00+00:00,2026-06-01 17:20:00+00:00,71401.183931,71524.216296,0.00172311379484813,0.0005231137948481302,6,fixed_6b_exit,0,71356.0,3,0.581933909873005,133.02346999999997,-207.13461000000007,0.623378491383865,40.452369999999874,4.242449999999998,-0.00659276530755426,True,out_of_sample,6,30,high_cost,0.0018,0.9934072346924457,0.9994964077379285,-0.006092241050934644
downtrend_highvol_forced_cover_signal,fixed_horizon,6,7254,7255,7261,2026-06-02 04:30:00+00:00,2026-06-02 04:35:00+00:00,2026-06-02 05:05:00+00:00,71051.298997,70660.805397,-0.005495938927400745,-0.006695938927400745,6,fixed_6b_exit,0,71028.25,3,0.6132697817007466,27.615609999999887,16.302759999999992,0.40255366661089576,-31.719450000000116,-2.1985699999999895,-0.013244559481092932,False,out_of_sample,6,30,high_cost,0.0018,0.9867554405189071,0.9994964077379285,-0.01274738670432729
downtrend_highvol_forced_cover_signal,fixed_horizon,6,7491,7492,7498,2026-06-03 00:15:00+00:00,2026-06-03 00:20:00+00:00,2026-06-03 00:50:00+00:00,67105.845716,67004.482623,-0.0015104957238595285,-0.002710495723859528,6,fixed_6b_exit,0,66912.0,3,0.5548485860125347,50.51424999999977,109.22464,0.4939070214570995,-2.6798700000002356,-25.42908,-0.015919155883114544,False,out_of_sample,6,30,high_cost,0.0018,0.9840808441168855,0.9994964077379285,-0.01542333069103441
downtrend_highvol_forced_cover_signal,fixed_horizon,6,8153,8154,8160,2026-06-05 07:25:00+00:00,2026-06-05 07:30:00+00:00,2026-06-05 08:00:00+00:00,62271.615882,62855.097812,0.009369950044425535,0.008169950044425535,6,fixed_6b_exit,0,62203.29,3,0.583303095244338,86.53159999999994,52.9136,0.570643506429061,99.14081999999996,-22.71456999999998,-0.007879264547003606,True,out_of_sample,6,30,high_cost,0.0018,0.9921207354529964,0.9994964077379285,-0.0073793884878733396
downtrend_highvol_forced_cover_signal,fixed_horizon,6,44,45,51,2026-05-08 03:40:00+00:00,2026-05-08 03:45:00+00:00,2026-05-08 04:15:00+00:00,79654.09461300001,79718.12739000001,0.0008038855668512923,0.0004038855668512923,6,fixed_6b_exit,0,79642.55,3,0.630470871078894,15.850760000000106,8.35204,0.6133239405128202,17.556920000000115,5.44652,0.00040388556685133636,True,out_of_sample,6,30,low_cost,0.0006000000000000001,1.0004038855668513,1.0004038855668513,0.0
downtrend_highvol_forced_cover_signal,fixed_horizon,6,1647,1648,1654,2026-05-13 17:15:00+00:00,2026-05-13 17:20:00+00:00,2026-05-13 17:50:00+00:00,79307.93,79458.113394,0.0018936743652242516,0.0014936743652242516,6,fixed_6b_exit,0,79238.6,4,0.5148592605461577,6.5789700000001154,6.329630000000002,0.5044565417775426,1.2024100000001106,-0.3366399999999956,0.0018981632055932174,True,out_of_sample,6,30,low_cost,0.0006000000000000001,1.0018981632055932,1.0018981632055932,0.0
downtrend_highvol_forced_cover_signal,fixed_horizon,6,1657,1658,1664,2026-05-13 18:05:00+00:00,2026-05-13 18:10:00+00:00,2026-05-13 18:40:00+00:00,79605.68977299999,79639.325271,0.0004225263055432915,2.2526305543291495e-05,6,fixed_6b_exit,0,79596.27,3,0.646049383550567,37.59475000000012,22.361250000000005,0.4750705903049292,-7.725999999999896,-52.70878999999999,0.0019207322697409879,True,out_of_sample,6,30,low_cost,0.0006000000000000001,1.001920732269741,1.001920732269741,0.0
downtrend_highvol_forced_cover_signal,fixed_horizon,6,3074,3075,3081,2026-05-18 16:10:00+00:00,2026-05-18 16:15:00+00:00,2026-05-18 16:45:00+00:00,76516.870922,76426.42659300001,-0.0011820181341731795,-0.0015820181341731794,6,fixed_6b_exit,0,76485.29,3,0.42926045439166666,-54.29888999999989,26.859699999999982,0.4037640648923453,-50.00919999999991,-33.01601,0.0003356755022863034,False,out_of_sample,6,30,low_cost,0.0006000000000000001,1.0003356755022863,1.001920732269741,-0.0015820181341730244
downtrend_highvol_forced_cover_signal,fixed_horizon,6,4234,4235,4241,2026-05-22 16:50:00+00:00,2026-05-22 16:55:00+00:00,2026-05-22 17:25:00+00:00,77007.159946,77052.433986,0.0005879198769536131,0.00018791987695361312,6,fixed_6b_exit,0,76975.1,5,0.7377154300753284,95.95593000000008,40.94180000000001,0.4570672019247445,-12.081479999999935,17.928110000000004,0.0005236584593391047,True,out_of_sample,6,30,low_cost,0.0006000000000000001,1.000523658459339,1.001920732269741,-0.001394395549872418
downtrend_highvol_forced_cover_signal,fixed_horizon,6,4800,4801,4807,2026-05-24 16:00:00+00:00,2026-05-24 16:05:00+00:00,2026-05-24 16:35:00+00:00,76576.346869,76507.538481,-0.0008985592916532781,-0.001298559291653278,6,fixed_6b_exit,0,76539.38,4,0.5581474276006713,20.316410000000054,21.17819,0.38474529050023193,-14.652729999999941,-8.439409999999999,-0.0007755808338721915,False,out_of_sample,6,30,low_cost,0.0006000000000000001,0.9992244191661278,1.001920732269741,-0.002691144136228174
downtrend_highvol_forced_cover_signal,fixed_horizon,6,5655,5656,5662,2026-05-27 15:15:00+00:00,2026-05-27 15:20:00+00:00,2026-05-27 15:50:00+00:00,75228.602108,75268.622385,0.0005319821966456306,0.0001319821966456306,6,fixed_6b_exit,0,75172.87,3,0.6234161388794343,43.24502000000002,40.585409999999996,0.5754489452816739,36.38805000000001,26.26462999999999,-0.0006437010000885923,True,out_of_sample,6,30,low_cost,0.0006000000000000001,0.9993562989999114,1.001920732269741,-0.002559517122697086
downtrend_highvol_forced_cover_signal,fixed_horizon,6,5700,5701,5707,2026-05-27 19:00:00+00:00,2026-05-27 19:05:00+00:00,2026-05-27 19:35:00+00:00,75059.40518999999,75046.50459899999,-0.00017187174568389363,-0.0005718717456838936,6,fixed_6b_exit,0,75032.01,3,0.7019501613946647,57.100980000000014,1.5047599999999974,0.4000797880731504,-84.81212999999997,-220.23208,-0.0012152046313578246,False,out_of_sample,6,30,low_cost,0.0006000000000000001,0.9987847953686422,1.001920732269741,-0.003129925152855817
downtrend_highvol_forced_cover_signal,fixed_horizon,6,6228,6229,6235,2026-05-29 15:00:00+00:00,2026-05-29 15:05:00+00:00,2026-05-29 15:35:00+00:00,73321.271394,74103.51890699999,0.010668766350170111,0.010268766350170112,6,fixed_6b_exit,0,73198.17,5,0.6500951573594481,139.25829,35.74498,0.6700885234598336,193.63664,51.635980000000046,0.00904108306638518,True,out_of_sample,6,30,low_cost,0.0006000000000000001,1.0090410830663852,1.0090410830663852,0.0
downtrend_highvol_forced_cover_signal,fixed_horizon,6,6809,6810,6816,2026-05-31 15:25:00+00:00,2026-05-31 15:30:00+00:00,2026-05-31 16:00:00+00:00,73756.034866,73681.62110100001,-0.0010089176449789017,-0.0014089176449789016,6,fixed_6b_exit,0,73742.0,3,0.7170075872737679,28.46537999999995,20.5799,0.21056103304236212,-42.246830000000045,5.352170000000001,0.007619427279944357,False,out_of_sample,6,30,low_cost,0.0006000000000000001,1.0076194272799444,1.0090410830663852,-0.0014089176449788576
downtrend_highvol_forced_cover_signal,fixed_horizon,6,6834,6835,6841,2026-05-31 17:30:00+00:00,2026-05-31 17:35:00+00:00,2026-05-31 18:05:00+00:00,73667.616025,73625.506713,-0.0005716122534182855,-0.0009716122534182854,6,fixed_6b_exit,0,73610.36,3,0.746590959278373,16.415209999999952,13.225670000000001,0.505929621453754,0.9824299999999475,-15.763330000000007,0.0066404118976168824,False,out_of_sample,6,30,low_cost,0.0006000000000000001,1.0066404118976169,1.0090410830663852,-0.002379160976749173
downtrend_highvol_forced_cover_signal,fixed_horizon,6,7019,7020,7026,2026-06-01 08:55:00+00:00,2026-06-01 09:00:00+00:00,2026-06-01 09:30:00+00:00,72909.930264,72986.340636,0.001048010493540863,0.000648010493540863,6,fixed_6b_exit,0,72865.58,4,0.731768286165141,59.93055999999996,109.96245,0.5325592914498187,15.698449999999962,5.016929999999999,0.007292725447748838,True,out_of_sample,6,30,low_cost,0.0006000000000000001,1.0072927254477488,1.0090410830663852,-0.0017326922044871296
downtrend_highvol_forced_cover_signal,fixed_horizon,6,7113,7114,7120,2026-06-01 16:45:00+00:00,2026-06-01 16:50:00+00:00,2026-06-01 17:20:00+00:00,71386.90797700001,71538.525432,0.0021238832062713264,0.0017238832062713265,6,fixed_6b_exit,0,71356.0,3,0.581933909873005,133.02346999999997,-207.13461000000007,0.623378491383865,40.452369999999874,4.242449999999998,0.009029180460947472,True,out_of_sample,6,30,low_cost,0.0006000000000000001,1.0090291804609475,1.0090410830663852,-1.1795957208682317e-05
downtrend_highvol_forced_cover_signal,fixed_horizon,6,7254,7255,7261,2026-06-02 04:30:00+00:00,2026-06-02 04:35:00+00:00,2026-06-02 05:05:00+00:00,71037.092999,70674.941799,-0.005098057714792881,-0.005498057714792881,6,fixed_6b_exit,0,71028.25,3,0.6132697817007466,27.615609999999887,16.302759999999992,0.40255366661089576,-31.719450000000116,-2.1985699999999895,0.0034814797908631068,False,out_of_sample,6,30,low_cost,0.0006000000000000001,1.003481479790863,1.0090410830663852,-0.005509788817148031
downtrend_highvol_forced_cover_signal,fixed_horizon,6,7491,7492,7498,2026-06-03 00:15:00+00:00,2026-06-03 00:20:00+00:00,2026-06-03 00:50:00+00:00,67092.428572,67017.887541,-0.0011110200150231675,-0.0015110200150231675,6,fixed_6b_exit,0,66912.0,3,0.5548485860125347,50.51424999999977,109.22464,0.4939070214570995,-2.6798700000002356,-25.42908,0.0019651991901941113,False,out_of_sample,6,30,low_cost,0.0006000000000000001,1.0019651991901941,1.0090410830663852,-0.007012483430989813
downtrend_highvol_forced_cover_signal,fixed_horizon,6,8153,8154,8160,2026-06-05 07:25:00+00:00,2026-06-05 07:30:00+00:00,2026-06-05 08:00:00+00:00,62259.165294,62867.672604,0.009773778802309785,0.009373778802309786,6,fixed_6b_exit,0,62203.29,3,0.583303095244338,86.53159999999994,52.9136,0.570643506429061,99.14081999999996,-22.71456999999998,0.011357399335015339,True,out_of_sample,6,30,low_cost,0.0006000000000000001,1.0113573993350153,1.0113573993350153,0.0
downtrend_highvol_forced_cover_signal,fixed_horizon,6,44,45,51,2026-05-08 03:40:00+00:00,2026-05-08 03:45:00+00:00,2026-05-08 04:15:00+00:00,79646.13,79726.1,0.001004066362044309,0.001004066362044309,6,fixed_6b_exit,0,79642.55,3,0.630470871078894,15.850760000000106,8.35204,0.6133239405128202,17.556920000000115,5.44652,0.001004066362044309,True,out_of_sample,6,30,no_cost,0.0,1.0010040663620443,1.0010040663620443,0.0
downtrend_highvol_forced_cover_signal,fixed_horizon,6,1647,1648,1654,2026-05-13 17:15:00+00:00,2026-05-13 17:20:00+00:00,2026-05-13 17:50:00+00:00,79300.0,79466.06,0.0020940731399747836,0.0020940731399747836,6,fixed_6b_exit,0,79238.6,4,0.5148592605461577,6.5789700000001154,6.329630000000002,0.5044565417775426,1.2024100000001106,-0.3366399999999956,0.0031002420904187034,True,out_of_sample,6,30,no_cost,0.0,1.0031002420904187,1.0031002420904187,0.0
downtrend_highvol_forced_cover_signal,fixed_horizon,6,1657,1658,1664,2026-05-13 18:05:00+00:00,2026-05-13 18:10:00+00:00,2026-05-13 18:40:00+00:00,79597.73,79647.29,0.0006226308212557985,0.0006226308212557985,6,fixed_6b_exit,0,79596.27,3,0.646049383550567,37.59475000000012,22.361250000000005,0.4750705903049292,-7.725999999999896,-52.70878999999999,0.003724803217953321,True,out_of_sample,6,30,no_cost,0.0,1.0037248032179533,1.0037248032179533,0.0
downtrend_highvol_forced_cover_signal,fixed_horizon,6,3074,3075,3081,2026-05-18 16:10:00+00:00,2026-05-18 16:15:00+00:00,2026-05-18 16:45:00+00:00,76509.22,76434.07,-0.000982234559442574,-0.000982234559442574,6,fixed_6b_exit,0,76485.29,3,0.42926045439166666,-54.29888999999989,26.859699999999982,0.4037640648923453,-50.00919999999991,-33.01601,0.002738910028063035,False,out_of_sample,6,30,no_cost,0.0,1.002738910028063,1.0037248032179533,-0.000982234559442463
downtrend_highvol_forced_cover_signal,fixed_horizon,6,4234,4235,4241,2026-05-22 16:50:00+00:00,2026-05-22 16:55:00+00:00,2026-05-22 17:25:00+00:00,76999.46,77060.14,0.0007880574746887969,0.0007880574746887969,6,fixed_6b_exit,0,76975.1,5,0.7377154300753284,95.95593000000008,40.94180000000001,0.4570672019247445,-12.081479999999935,17.928110000000004,0.0035291259212719694,True,out_of_sample,6,30,no_cost,0.0,1.003529125921272,1.0037248032179533,-0.00019495114204015618
downtrend_highvol_forced_cover_signal,fixed_horizon,6,4800,4801,4807,2026-05-24 16:00:00+00:00,2026-05-24 16:05:00+00:00,2026-05-24 16:35:00+00:00,76568.69,76515.19,-0.0006987190194843729,-0.0006987190194843729,6,fixed_6b_exit,0,76539.38,4,0.5581474276006713,20.316410000000054,21.17819,0.38474529050023193,-14.652729999999941,-8.439409999999999,0.002827941034384329,False,out_of_sample,6,30,no_cost,0.0,1.0028279410343843,1.0037248032179533,-0.0008935339454536617
downtrend_highvol_forced_cover_signal,fixed_horizon,6,5655,5656,5662,2026-05-27 15:15:00+00:00,2026-05-27 15:20:00+00:00,2026-05-27 15:50:00+00:00,75221.08,75276.15,0.000732108605725923,0.000732108605725923,6,fixed_6b_exit,0,75172.87,3,0.6234161388794343,43.24502000000002,40.585409999999996,0.5754489452816739,36.38805000000001,26.26462999999999,0.0035621200000779396,True,out_of_sample,6,30,no_cost,0.0,1.003562120000078,1.0037248032179533,-0.00016207950361868395
downtrend_highvol_forced_cover_signal,fixed_horizon,6,5700,5701,5707,2026-05-27 19:00:00+00:00,2026-05-27 19:05:00+00:00,2026-05-27 19:35:00+00:00,75051.9,75054.01,2.8113878529412162e-05,2.8113878529412162e-05,6,fixed_6b_exit,0,75032.01,3,0.7019501613946647,57.100980000000014,1.5047599999999974,0.4000797880731504,-84.81212999999997,-220.23208,0.003590334023616304,True,out_of_sample,6,30,no_cost,0.0,1.0035903340236163,1.0037248032179533,-0.0001339701817728578
downtrend_highvol_forced_cover_signal,fixed_horizon,6,6228,6229,6235,2026-05-29 15:00:00+00:00,2026-05-29 15:05:00+00:00,2026-05-29 15:35:00+00:00,73313.94,74110.93,0.010870920318836852,0.010870920318836852,6,fixed_6b_exit,0,73198.17,5,0.6500951573594481,139.25829,35.74498,0.6700885234598336,193.63664,51.635980000000046,0.014500284577541933,True,out_of_sample,6,30,no_cost,0.0,1.014500284577542,1.014500284577542,0.0
downtrend_highvol_forced_cover_signal,fixed_horizon,6,6809,6810,6816,2026-05-31 15:25:00+00:00,2026-05-31 15:30:00+00:00,2026-05-31 16:00:00+00:00,73748.66,73688.99,-0.0008090994466882773,-0.0008090994466882773,6,fixed_6b_exit,0,73742.0,3,0.7170075872737679,28.46537999999995,20.5799,0.21056103304236212,-42.246830000000045,5.352170000000001,0.013679452958625049,False,out_of_sample,6,30,no_cost,0.0,1.013679452958625,1.014500284577542,-0.0008090994466883883
downtrend_highvol_forced_cover_signal,fixed_horizon,6,6834,6835,6841,2026-05-31 17:30:00+00:00,2026-05-31 17:35:00+00:00,2026-05-31 18:05:00+00:00,73660.25,73632.87,-0.00037170658530216727,-0.00037170658530216727,6,fixed_6b_exit,0,73610.36,3,0.746590959278373,16.415209999999952,13.225670000000001,0.505929621453754,0.9824299999999475,-15.763330000000007,0.013302661630574919,False,out_of_sample,6,30,no_cost,0.0,1.013302661630575,1.014500284577542,-0.001180505284397948
downtrend_highvol_forced_cover_signal,fixed_horizon,6,7019,7020,7026,2026-06-01 08:55:00+00:00,2026-06-01 09:00:00+00:00,2026-06-01 09:30:00+00:00,72902.64,72993.64,0.0012482401186020287,0.0012482401186020287,6,fixed_6b_exit,0,72865.58,4,0.731768286165141,59.93055999999996,109.96245,0.5325592914498187,15.698449999999962,5.016929999999999,0.01456750666510831,True,out_of_sample,6,30,no_cost,0.0,1.0145675066651083,1.0145675066651083,0.0
downtrend_highvol_forced_cover_signal,fixed_horizon,6,7113,7114,7120,2026-06-01 16:45:00+00:00,2026-06-01 16:50:00+00:00,2026-06-01 17:20:00+00:00,71379.77,71545.68,0.0023243280273947953,0.0023243280273947953,6,fixed_6b_exit,0,71356.0,3,0.581933909873005,133.02346999999997,-207.13461000000007,0.623378491383865,40.452369999999874,4.242449999999998,0.016925694356534127,True,out_of_sample,6,30,no_cost,0.0,1.0169256943565341,1.0169256943565341,0.0
downtrend_highvol_forced_cover_signal,fixed_horizon,6,7254,7255,7261,2026-06-02 04:30:00+00:00,2026-06-02 04:35:00+00:00,2026-06-02 05:05:00+00:00,71029.99,70682.01,-0.00489905742630703,-0.00489905742630703,6,fixed_6b_exit,0,71028.25,3,0.6132697817007466,27.615609999999887,16.302759999999992,0.40255366661089576,-31.719450000000116,-2.1985699999999895,0.011943716981594354,False,out_of_sample,6,30,no_cost,0.0,1.0119437169815944,1.0169256943565341,-0.00489905742630703
downtrend_highvol_forced_cover_signal,fixed_horizon,6,7491,7492,7498,2026-06-03 00:15:00+00:00,2026-06-03 00:20:00+00:00,2026-06-03 00:50:00+00:00,67085.72,67024.59,-0.0009112222392485547,-0.0009112222392485547,6,fixed_6b_exit,0,66912.0,3,0.5548485860125347,50.51424999999977,109.22464,0.4939070214570995,-2.6798700000002356,-25.42908,0.0110216113618129,False,out_of_sample,6,30,no_cost,0.0,1.011021611361813,1.0169256943565341,-0.005805815535477321
downtrend_highvol_forced_cover_signal,fixed_horizon,6,8153,8154,8160,2026-06-05 07:25:00+00:00,2026-06-05 07:30:00+00:00,2026-06-05 08:00:00+00:00,62252.94,62873.96,0.009975753755565586,0.009975753755565586,6,fixed_6b_exit,0,62203.29,3,0.583303095244338,86.53159999999994,52.9136,0.570643506429061,99.14081999999996,-22.71456999999998,0.02110731399831356,True,out_of_sample,6,30,no_cost,0.0,1.0211073139983136,1.0211073139983136,0.0
downtrend_highvol_forced_cover_signal,fixed_horizon,9,44,45,54,2026-05-08 03:40:00+00:00,2026-05-08 03:45:00+00:00,2026-05-08 04:30:00+00:00,79662.059226,79641.238566,-0.0002613623122762476,-0.0010613623122762476,9,fixed_9b_exit,0,79642.55,3,0.630470871078894,15.850760000000106,8.35204,0.5546565348799768,11.696270000000112,-26.63769,-0.0010613623122762705,False,out_of_sample,9,45,base_cost,0.0012000000000000001,0.9989386376877237,0.9989386376877237,0.0
downtrend_highvol_forced_cover_signal,fixed_horizon,9,1647,1648,1657,2026-05-13 17:15:00+00:00,2026-05-13 17:20:00+00:00,2026-05-13 18:05:00+00:00,79315.86,79581.820452,0.0033531812174765196,0.0025531812174765197,9,fixed_9b_exit,0,79238.6,4,0.5148592605461577,6.5789700000001154,6.329630000000002,0.646049383550567,37.59475000000012,22.361250000000005,0.0014891090548796448,True,out_of_sample,9,45,base_cost,0.0012000000000000001,1.0014891090548796,1.0014891090548796,0.0
downtrend_highvol_forced_cover_signal,fixed_horizon,9,3074,3075,3084,2026-05-18 16:10:00+00:00,2026-05-18 16:15:00+00:00,2026-05-18 17:00:00+00:00,76524.521844,76530.6908,8.061410710369366e-05,-0.0007193858928963064,9,fixed_9b_exit,0,76485.29,3,0.42926045439166666,-54.29888999999989,26.859699999999982,0.37843352646377,-49.47665999999991,40.35258999999999,0.0007686519179361806,False,out_of_sample,9,45,base_cost,0.0012000000000000001,1.0007686519179362,1.0014891090548796,-0.0007193858928964403
downtrend_highvol_forced_cover_signal,fixed_horizon,9,4234,4235,4244,2026-05-22 16:50:00+00:00,2026-05-22 16:55:00+00:00,2026-05-22 17:40:00+00:00,77014.85989200001,76954.615998,-0.0007822372732287919,-0.0015822372732287918,9,fixed_9b_exit,0,76975.1,5,0.7377154300753284,95.95593000000008,40.94180000000001,0.681970411113592,24.648540000000065,-16.545290000000005,-0.0008148015450073487,False,out_of_sample,9,45,base_cost,0.0012000000000000001,0.9991851984549927,1.0014891090548796,-0.0023004849269516736
downtrend_highvol_forced_cover_signal,fixed_horizon,9,4800,4801,4810,2026-05-24 16:00:00+00:00,2026-05-24 16:05:00+00:00,2026-05-24 16:50:00+00:00,76584.003738,76619.92295000001,0.0004690171608536797,-0.0003309828391463203,9,fixed_9b_exit,0,76539.38,4,0.5581474276006713,20.316410000000054,21.17819,0.6356270785794208,8.507770000000058,10.297429999999999,-0.0011455146988249565,False,out_of_sample,9,45,base_cost,0.0012000000000000001,0.998854485301175,1.0014891090548796,-0.002630706345065459
downtrend_highvol_forced_cover_signal,fixed_horizon,9,5655,5656,5665,2026-05-27 15:15:00+00:00,2026-05-27 15:20:00+00:00,2026-05-27 16:05:00+00:00,75236.124216,75258.205348,0.0002934910886240871,-0.0005065089113759129,9,fixed_9b_exit,0,75172.87,3,0.6234161388794343,43.24502000000002,40.585409999999996,0.3617448341317436,-39.11802999999999,-42.11094999999999,-0.0016514433967977915,False,out_of_sample,9,45,base_cost,0.0012000000000000001,0.9983485566032022,1.0014891090548796,-0.003135882780234356
downtrend_highvol_forced_cover_signal,fixed_horizon,9,5700,5701,5710,2026-05-27 19:00:00+00:00,2026-05-27 19:05:00+00:00,2026-05-27 19:50:00+00:00,75066.91037999999,75042.518494,-0.0003249352594439925,-0.0011249352594439924,9,fixed_9b_exit,0,75032.01,3,0.7019501613946647,57.100980000000014,1.5047599999999974,0.5263071613221777,7.436330000000005,145.91028999999997,-0.0027745208893357187,False,out_of_sample,9,45,base_cost,0.0012000000000000001,0.9972254791106643,1.0014891090548796,-0.004257290374569345
downtrend_highvol_forced_cover_signal,fixed_horizon,9,6228,6229,6238,2026-05-29 15:00:00+00:00,2026-05-29 15:05:00+00:00,2026-05-29 15:50:00+00:00,73328.602788,73753.2464,0.00579096826960801,0.00499096826960801,9,fixed_9b_exit,0,73198.17,5,0.6500951573594481,139.25829,35.74498,0.4698777537509141,-21.35564,-26.479670000000006,0.0022025998345502895,True,out_of_sample,9,45,base_cost,0.0012000000000000001,1.0022025998345503,1.0022025998345503,0.0
downtrend_highvol_forced_cover_signal,fixed_horizon,9,6809,6810,6819,2026-05-31 15:25:00+00:00,2026-05-31 15:30:00+00:00,2026-05-31 16:15:00+00:00,73763.409732,73588.199416,-0.0023753012047108557,-0.0031753012047108556,9,fixed_9b_exit,0,73742.0,3,0.7170075872737679,28.46537999999995,20.5799,0.3812314380960581,-19.30511000000005,-3.411200000000001,-0.0009796952880687382,False,out_of_sample,9,45,base_cost,0.0012000000000000001,0.9990203047119313,1.0022025998345503,-0.0031753012047108786
downtrend_highvol_forced_cover_signal,fixed_horizon,9,6834,6835,6844,2026-05-31 17:30:00+00:00,2026-05-31 17:35:00+00:00,2026-05-31 18:20:00+00:00,73674.98204999999,73625.272,-0.0006747208973361118,-0.0014747208973361118,9,fixed_9b_exit,0,73610.36,3,0.746590959278373,16.415209999999952,13.225670000000001,0.7251908082321165,26.22568999999995,12.964610000000004,-0.002452971408290483,False,out_of_sample,9,45,base_cost,0.0012000000000000001,0.9975470285917095,1.0022025998345503,-0.0046453394190050235
downtrend_highvol_forced_cover_signal,fixed_horizon,9,7019,7020,7029,2026-06-01 08:55:00+00:00,2026-06-01 09:00:00+00:00,2026-06-01 09:45:00+00:00,72917.22052799999,72965.394002,0.0006606597680380855,-0.00013934023196191458,9,fixed_9b_exit,0,72865.58,4,0.731768286165141,59.93055999999996,109.96245,0.4553426740233672,-11.915900000000043,12.446100000000001,-0.0025919698426474236,False,out_of_sample,9,45,base_cost,0.0012000000000000001,0.9974080301573526,1.0022025998345503,-0.004784032368294833
downtrend_highvol_forced_cover_signal,fixed_horizon,9,7113,7114,7123,2026-06-01 16:45:00+00:00,2026-06-01 16:50:00+00:00,2026-06-01 17:35:00+00:00,71394.045954,71567.67360200001,0.0024319625772697417,0.0016319625772697418,9,fixed_9b_exit,0,71356.0,3,0.581933909873005,133.02346999999997,-207.13461000000007,0.7036730661225183,116.4894699999999,15.742610000000013,-0.0009642372631621932,True,out_of_sample,9,45,base_cost,0.0012000000000000001,0.9990357627368378,1.0022025998345503,-0.0031598771528185132
downtrend_highvol_forced_cover_signal,fixed_horizon,9,7254,7255,7264,2026-06-02 04:30:00+00:00,2026-06-02 04:35:00+00:00,2026-06-02 05:20:00+00:00,71044.19599800001,70701.10695,-0.004829234016662909,-0.005629234016662909,9,fixed_9b_exit,0,71028.25,3,0.6132697817007466,27.615609999999887,16.302759999999992,0.49903757259181275,-0.17968000000010775,-9.531450000000007,-0.006588043362623197,False,out_of_sample,9,45,base_cost,0.0012000000000000001,0.9934119566373768,1.0022025998345503,-0.008771323481524318
downtrend_highvol_forced_cover_signal,fixed_horizon,9,7491,7492,7501,2026-06-03 00:15:00+00:00,2026-06-03 00:20:00+00:00,2026-06-03 01:05:00+00:00,67099.137144,66823.98253000001,-0.004100717620399208,-0.004900717620399208,9,fixed_9b_exit,0,66912.0,3,0.5548485860125347,50.51424999999977,109.22464,0.475829344866981,-9.112730000000234,-2.2161299999999997,-0.011456474842831299,False,out_of_sample,9,45,base_cost,0.0012000000000000001,0.9885435251571687,1.0022025998345503,-0.013629055322383454
downtrend_highvol_forced_cover_signal,fixed_horizon,9,8153,8154,8163,2026-06-05 07:25:00+00:00,2026-06-05 07:30:00+00:00,2026-06-05 08:15:00+00:00,62265.390588,62635.730348000005,0.005947762577295679,0.0051477625772956784,9,fixed_9b_exit,0,62203.29,3,0.583303095244338,86.53159999999994,52.9136,0.5544621070332679,46.641769999999944,28.125339999999994,-0.0063676874779992065,True,out_of_sample,9,45,base_cost,0.0012000000000000001,0.9936323125220008,1.0022025998345503,-0.008551451886040118
downtrend_highvol_forced_cover_signal,fixed_horizon,9,44,45,54,2026-05-08 03:40:00+00:00,2026-05-08 03:45:00+00:00,2026-05-08 04:30:00+00:00,79670.023839,79633.272849,-0.00046129005903483566,-0.0016612900590348356,9,fixed_9b_exit,0,79642.55,3,0.630470871078894,15.850760000000106,8.35204,0.5546565348799768,11.696270000000112,-26.63769,-0.0016612900590348145,False,out_of_sample,9,45,high_cost,0.0018,0.9983387099409652,0.9983387099409652,0.0
downtrend_highvol_forced_cover_signal,fixed_horizon,9,1647,1648,1657,2026-05-13 17:15:00+00:00,2026-05-13 17:20:00+00:00,2026-05-13 18:05:00+00:00,79323.79,79573.86067800001,0.0031525306342525816,0.0019525306342525817,9,fixed_9b_exit,0,79238.6,4,0.5148592605461577,6.5789700000001154,6.329630000000002,0.646049383550567,37.59475000000012,22.361250000000005,0.0002879968554849732,True,out_of_sample,9,45,high_cost,0.0018,1.000287996855485,1.000287996855485,0.0
downtrend_highvol_forced_cover_signal,fixed_horizon,9,3074,3075,3084,2026-05-18 16:10:00+00:00,2026-05-18 16:15:00+00:00,2026-05-18 17:00:00+00:00,76532.172766,76523.0362,-0.0001193820281039093,-0.0013193820281039092,9,fixed_9b_exit,0,76485.29,3,0.42926045439166666,-54.29888999999989,26.859699999999982,0.37843352646377,-49.47665999999991,40.35258999999999,-0.0010317651504941905,False,out_of_sample,9,45,high_cost,0.0018,0.9989682348495058,1.000287996855485,-0.0013193820281038882
downtrend_highvol_forced_cover_signal,fixed_horizon,9,4234,4235,4244,2026-05-22 16:50:00+00:00,2026-05-22 16:55:00+00:00,2026-05-22 17:40:00+00:00,77022.559838,76946.918997,-0.000982060855405198,-0.0021820608554051976,9,fixed_9b_exit,0,76975.1,5,0.7377154300753284,95.95593000000008,40.94180000000001,0.681970411113592,24.648540000000065,-16.545290000000005,-0.0032115746315525273,False,out_of_sample,9,45,high_cost,0.0018,0.9967884253684475,1.000287996855485,-0.0034985639116322798
downtrend_highvol_forced_cover_signal,fixed_horizon,9,4800,4801,4810,2026-05-24 16:00:00+00:00,2026-05-24 16:05:00+00:00,2026-05-24 16:50:00+00:00,76591.660607,76612.259425,0.00026894335279781245,-0.0009310566472021874,9,fixed_9b_exit,0,76539.38,4,0.5581474276006713,20.316410000000054,21.17819,0.6356270785794208,8.507770000000058,10.297429999999999,-0.004139641120845972,False,out_of_sample,9,45,high_cost,0.0018,0.995860358879154,1.000287996855485,-0.004426363197648775
downtrend_highvol_forced_cover_signal,fixed_horizon,9,5655,5656,5665,2026-05-27 15:15:00+00:00,2026-05-27 15:20:00+00:00,2026-05-27 16:05:00+00:00,75243.646324,75250.678022,9.34523822744282e-05,-0.0011065476177255717,9,fixed_9b_exit,0,75172.87,3,0.6234161388794343,43.24502000000002,40.585409999999996,0.3617448341317436,-39.11802999999999,-42.11094999999999,-0.005241608028551004,False,out_of_sample,9,45,high_cost,0.0018,0.994758391971449,1.000287996855485,-0.00552801283372284
downtrend_highvol_forced_cover_signal,fixed_horizon,9,5700,5701,5710,2026-05-27 19:00:00+00:00,2026-05-27 19:05:00+00:00,2026-05-27 19:50:00+00:00,75074.41557,75035.012741,-0.0005248502928838494,-0.0017248502928838493,9,fixed_9b_exit,0,75032.01,3,0.7019501613946647,57.100980000000014,1.5047599999999974,0.5263071613221777,7.436330000000005,145.91028999999997,-0.006957417332291604,False,out_of_sample,9,45,high_cost,0.0018,0.9930425826677084,1.000287996855485,-0.007243328132051308
downtrend_highvol_forced_cover_signal,fixed_horizon,9,6228,6229,6238,2026-05-29 15:00:00+00:00,2026-05-29 15:05:00+00:00,2026-05-29 15:50:00+00:00,73335.934182,73745.8696,0.005589830177695099,0.004389830177695099,9,fixed_9b_exit,0,73198.17,5,0.6500951573594481,139.25829,35.74498,0.4698777537509141,-21.35564,-26.479670000000006,-0.0025981290351606567,True,out_of_sample,9,45,high_cost,0.0018,0.9974018709648393,1.000287996855485,-0.002885294934777294
downtrend_highvol_forced_cover_signal,fixed_horizon,9,6809,6810,6819,2026-05-31 15:25:00+00:00,2026-05-31 15:30:00+00:00,2026-05-31 16:15:00+00:00,73770.784598,73580.839124,-0.0025748062059399723,-0.003774806205939972,9,fixed_9b_exit,0,73742.0,3,0.7170075872737679,28.46537999999995,20.5799,0.3812314380960581,-19.30511000000005,-3.411200000000001,-0.006363127807494817,False,out_of_sample,9,45,high_cost,0.0018,0.9936368721925052,1.000287996855485,-0.006649209711491411
downtrend_highvol_forced_cover_signal,fixed_horizon,9,6834,6835,6844,2026-05-31 17:30:00+00:00,2026-05-31 17:35:00+00:00,2026-05-31 18:20:00+00:00,73682.348075,73617.908,-0.0008745659806391748,-0.0020745659806391745,9,fixed_9b_exit,0,73610.36,3,0.746590959278373,16.415209999999952,13.225670000000001,0.7251908082321165,26.22568999999995,12.964610000000004,-0.008424493059654092,False,out_of_sample,9,45,high_cost,0.0018,0.9915755069403459,1.000287996855485,-0.008709981467864947
downtrend_highvol_forced_cover_signal,fixed_horizon,9,7019,7020,7029,2026-06-01 08:55:00+00:00,2026-06-01 09:00:00+00:00,2026-06-01 09:45:00+00:00,72924.510792,72958.09600300001,0.00046054763529101983,-0.0007394523647089801,9,fixed_9b_exit,0,72865.58,4,0.731768286165141,59.93055999999996,109.96245,0.4553426740233672,-11.915900000000043,12.446100000000001,-0.009157715913048592,False,out_of_sample,9,45,high_cost,0.0018,0.9908422840869514,1.000287996855485,-0.009442993216180917
downtrend_highvol_forced_cover_signal,fixed_horizon,9,7113,7114,7123,2026-06-01 16:45:00+00:00,2026-06-01 16:50:00+00:00,2026-06-01 17:35:00+00:00,71401.183931,71560.51540300001,0.002231496219362139,0.0010314962193621391,9,fixed_9b_exit,0,71356.0,3,0.581933909873005,133.02346999999997,-207.13461000000007,0.7036730661225183,116.4894699999999,15.742610000000013,-0.008135665843028828,True,out_of_sample,9,45,high_cost,0.0018,0.9918643341569712,1.000287996855485,-0.008421237408620774
downtrend_highvol_forced_cover_signal,fixed_horizon,9,7254,7255,7264,2026-06-02 04:30:00+00:00,2026-06-02 04:35:00+00:00,2026-06-02 05:20:00+00:00,71051.298997,70694.03542500001,-0.005028248280373848,-0.006228248280373848,9,fixed_9b_exit,0,71028.25,3,0.6132697817007466,27.615609999999887,16.302759999999992,0.49903757259181275,-0.17968000000010775,-9.531450000000007,-0.014313243176606094,False,out_of_sample,9,45,high_cost,0.0018,0.9856867568233939,1.000287996855485,-0.014597036131585805
downtrend_highvol_forced_cover_signal,fixed_horizon,9,7491,7492,7501,2026-06-03 00:15:00+00:00,2026-06-03 00:20:00+00:00,2026-06-03 01:05:00+00:00,67105.845716,66817.29879500001,-0.004299877572829569,-0.005499877572829569,9,fixed_9b_exit,0,66912.0,3,0.5548485860125347,50.51424999999977,109.22464,0.475829344866981,-9.112730000000234,-2.2161299999999997,-0.019734399664294133,False,out_of_sample,9,45,high_cost,0.0018,0.9802656003357059,1.000287996855485,-0.02001663179276536
downtrend_highvol_forced_cover_signal,fixed_horizon,9,8153,8154,8163,2026-06-05 07:25:00+00:00,2026-06-05 07:30:00+00:00,2026-06-05 08:15:00+00:00,62271.615882,62629.465522000006,0.0057465931296547534,0.004546593129654754,9,fixed_9b_exit,0,62203.29,3,0.583303095244338,86.53159999999994,52.9136,0.5544621070332679,46.641769999999944,28.125339999999994,-0.01527753082057104,True,out_of_sample,9,45,high_cost,0.0018,0.984722469179429,1.000287996855485,-0.015561046143698576
downtrend_highvol_forced_cover_signal,fixed_horizon,9,44,45,54,2026-05-08 03:40:00+00:00,2026-05-08 03:45:00+00:00,2026-05-08 04:30:00+00:00,79654.09461300001,79649.204283,-6.139458396670072e-05,-0.00046139458396670074,9,fixed_9b_exit,0,79642.55,3,0.630470871078894,15.850760000000106,8.35204,0.5546565348799768,11.696270000000112,-26.63769,-0.00046139458396665667,False,out_of_sample,9,45,low_cost,0.0006000000000000001,0.9995386054160333,0.9995386054160333,0.0
downtrend_highvol_forced_cover_signal,fixed_horizon,9,1647,1648,1657,2026-05-13 17:15:00+00:00,2026-05-13 17:20:00+00:00,2026-05-13 18:05:00+00:00,79307.93,79589.780226,0.003553871926804897,0.0031538719268048966,9,fixed_9b_exit,0,79238.6,4,0.5148592605461577,6.5789700000001154,6.329630000000002,0.646049383550567,37.59475000000012,22.361250000000005,0.0026910221634126597,True,out_of_sample,9,45,low_cost,0.0006000000000000001,1.0026910221634127,1.0026910221634127,0.0
downtrend_highvol_forced_cover_signal,fixed_horizon,9,3074,3075,3084,2026-05-18 16:10:00+00:00,2026-05-18 16:15:00+00:00,2026-05-18 17:00:00+00:00,76516.870922,76538.3454,0.0002806502375389819,-0.00011934976246101814,9,fixed_9b_exit,0,76485.29,3,0.42926045439166666,-54.29888999999989,26.859699999999982,0.37843352646377,-49.47665999999991,40.35258999999999,0.0025713512280955975,False,out_of_sample,9,45,low_cost,0.0006000000000000001,1.0025713512280956,1.0026910221634127,-0.00011934976246108508
downtrend_highvol_forced_cover_signal,fixed_horizon,9,4234,4235,4244,2026-05-22 16:50:00+00:00,2026-05-22 16:55:00+00:00,2026-05-22 17:40:00+00:00,77007.159946,76962.312999,-0.0005823737303316534,-0.0009823737303316534,9,fixed_9b_exit,0,76975.1,5,0.7377154300753284,95.95593000000008,40.94180000000001,0.681970411113592,24.648540000000065,-16.545290000000005,0.0015864514698660237,False,out_of_sample,9,45,low_cost,0.0006000000000000001,1.001586451469866,1.0026910221634127,-0.0011016062467213983
downtrend_highvol_forced_cover_signal,fixed_horizon,9,4800,4801,4810,2026-05-24 16:00:00+00:00,2026-05-24 16:05:00+00:00,2026-05-24 16:50:00+00:00,76576.346869,76627.586475,0.0006691309796700295,0.00026913097967002953,9,fixed_9b_exit,0,76539.38,4,0.5581474276006713,20.316410000000054,21.17819,0.6356270785794208,8.507770000000058,10.297429999999999,0.0018560094127744176,True,out_of_sample,9,45,low_cost,0.0006000000000000001,1.0018560094127744,1.0026910221634127,-0.0008327717434196691
downtrend_highvol_forced_cover_signal,fixed_horizon,9,5655,5656,5665,2026-05-27 15:15:00+00:00,2026-05-27 15:20:00+00:00,2026-05-27 16:05:00+00:00,75228.602108,75265.732674,0.0004935697987140664,9.356979871406635e-05,9,fixed_9b_exit,0,75172.87,3,0.6234161388794343,43.24502000000002,40.585409999999996,0.3617448341317436,-39.11802999999999,-42.11094999999999,0.001949752877915767,True,out_of_sample,9,45,low_cost,0.0006000000000000001,1.0019497528779158,1.0026910221634127,-0.0007392798669898504
downtrend_highvol_forced_cover_signal,fixed_horizon,9,5700,5701,5710,2026-05-27 19:00:00+00:00,2026-05-27 19:05:00+00:00,2026-05-27 19:50:00+00:00,75059.40518999999,75050.024247,-0.00012498024699569843,-0.0005249802469956984,9,fixed_9b_exit,0,75032.01,3,0.7019501613946647,57.100980000000014,1.5047599999999974,0.5263071613221777,7.436330000000005,145.91028999999997,0.0014237490491726401,False,out_of_sample,9,45,low_cost,0.0006000000000000001,1.0014237490491726,1.0026910221634127,-0.0012638720066583398
downtrend_highvol_forced_cover_signal,fixed_horizon,9,6228,6229,6238,2026-05-29 15:00:00+00:00,2026-05-29 15:05:00+00:00,2026-05-29 15:50:00+00:00,73321.271394,73760.6232,0.005992146585117153,0.005592146585117153,9,fixed_9b_exit,0,73198.17,5,0.6500951573594481,139.25829,35.74498,0.4698777537509141,-21.35564,-26.479670000000006,0.0070238574476733096,True,out_of_sample,9,45,low_cost,0.0006000000000000001,1.0070238574476733,1.0070238574476733,0.0
downtrend_highvol_forced_cover_signal,fixed_horizon,9,6809,6810,6819,2026-05-31 15:25:00+00:00,2026-05-31 15:30:00+00:00,2026-05-31 16:15:00+00:00,73756.034866,73595.559708,-0.002175756306471044,-0.002575756306471044,9,fixed_9b_exit,0,73742.0,3,0.7170075872737679,28.46537999999995,20.5799,0.3812314380960581,-19.30511000000005,-3.411200000000001,0.004430009396085621,False,out_of_sample,9,45,low_cost,0.0006000000000000001,1.0044300093960856,1.0070238574476733,-0.002575756306471111
downtrend_highvol_forced_cover_signal,fixed_horizon,9,6834,6835,6844,2026-05-31 17:30:00+00:00,2026-05-31 17:35:00+00:00,2026-05-31 18:20:00+00:00,73667.616025,73632.636,-0.00047483584901308884,-0.0008748358490130888,9,fixed_9b_exit,0,73610.36,3,0.746590959278373,16.415209999999952,13.225670000000001,0.7251908082321165,26.22568999999995,12.964610000000004,0.003551298016041482,False,out_of_sample,9,45,low_cost,0.0006000000000000001,1.0035512980160415,1.0070238574476733,-0.0034483387915288377
downtrend_highvol_forced_cover_signal,fixed_horizon,9,7019,7020,7029,2026-06-01 08:55:00+00:00,2026-06-01 09:00:00+00:00,2026-06-01 09:45:00+00:00,72909.930264,72972.692001,0.0008608119192097252,0.0004608119192097252,9,fixed_9b_exit,0,72865.58,4,0.731768286165141,59.93055999999996,109.96245,0.4553426740233672,-11.915900000000043,12.446100000000001,0.004013746415705732,True,out_of_sample,9,45,low_cost,0.0006000000000000001,1.0040137464157057,1.0070238574476733,-0.0029891159079357132
downtrend_highvol_forced_cover_signal,fixed_horizon,9,7113,7114,7123,2026-06-01 16:45:00+00:00,2026-06-01 16:50:00+00:00,2026-06-01 17:35:00+00:00,71386.90797700001,71574.83180100001,0.0026324690244399207,0.0022324690244399205,9,fixed_9b_exit,0,71356.0,3,0.581933909873005,133.02346999999997,-207.13461000000007,0.7036730661225183,116.4894699999999,15.742610000000013,0.006255176004690721,True,out_of_sample,9,45,low_cost,0.0006000000000000001,1.0062551760046907,1.0070238574476733,-0.000763319992170608
downtrend_highvol_forced_cover_signal,fixed_horizon,9,7254,7255,7264,2026-06-02 04:30:00+00:00,2026-06-02 04:35:00+00:00,2026-06-02 05:20:00+00:00,71037.092999,70708.17847500001,-0.0046301799540786615,-0.005030179954078662,9,fixed_9b_exit,0,71028.25,3,0.6132697817007466,27.615609999999887,16.302759999999992,0.49903757259181275,-0.17968000000010775,-9.531450000000007,0.0011935313896640487,False,out_of_sample,9,45,low_cost,0.0006000000000000001,1.001193531389664,1.0070238574476733,-0.00578966030932615
downtrend_highvol_forced_cover_signal,fixed_horizon,9,7491,7492,7501,2026-06-03 00:15:00+00:00,2026-06-03 00:20:00+00:00,2026-06-03 01:05:00+00:00,67092.428572,66830.666265,-0.0039015178399613992,-0.004301517839961399,9,fixed_9b_exit,0,66912.0,3,0.5548485860125347,50.51424999999977,109.22464,0.475829344866981,-9.112730000000234,-2.2161299999999997,-0.003113120446862516,False,out_of_sample,9,45,low_cost,0.0006000000000000001,0.9968868795531375,1.0070238574476733,-0.010066273822179617
downtrend_highvol_forced_cover_signal,fixed_horizon,9,8153,8154,8163,2026-06-05 07:25:00+00:00,2026-06-05 07:30:00+00:00,2026-06-05 08:15:00+00:00,62259.165294,62641.995174,0.006148972254803153,0.005748972254803153,9,fixed_9b_exit,0,62203.29,3,0.583303095244338,86.53159999999994,52.9136,0.5544621070332679,46.641769999999944,28.125339999999994,0.0026179545648659097,True,out_of_sample,9,45,low_cost,0.0006000000000000001,1.002617954564866,1.0070238574476733,-0.004375172296289254
downtrend_highvol_forced_cover_signal,fixed_horizon,9,44,45,54,2026-05-08 03:40:00+00:00,2026-05-08 03:45:00+00:00,2026-05-08 04:30:00+00:00,79646.13,79657.17,0.0001386131378886546,0.0001386131378886546,9,fixed_9b_exit,0,79642.55,3,0.630470871078894,15.850760000000106,8.35204,0.5546565348799768,11.696270000000112,-26.63769,0.0001386131378886546,True,out_of_sample,9,45,no_cost,0.0,1.0001386131378887,1.0001386131378887,0.0
downtrend_highvol_forced_cover_signal,fixed_horizon,9,1647,1648,1657,2026-05-13 17:15:00+00:00,2026-05-13 17:20:00+00:00,2026-05-13 18:05:00+00:00,79300.0,79597.74,0.0037546027742749732,0.0037546027742749732,9,fixed_9b_exit,0,79238.6,4,0.5148592605461577,6.5789700000001154,6.329630000000002,0.646049383550567,37.59475000000012,22.361250000000005,0.0038937363494357946,True,out_of_sample,9,45,no_cost,0.0,1.0038937363494358,1.0038937363494358,0.0
downtrend_highvol_forced_cover_signal,fixed_horizon,9,3074,3075,3084,2026-05-18 16:10:00+00:00,2026-05-18 16:15:00+00:00,2026-05-18 17:00:00+00:00,76509.22,76546.0,0.00048072637520024664,0.00048072637520024664,9,fixed_9b_exit,0,76485.29,3,0.42926045439166666,-54.29888999999989,26.859699999999982,0.37843352646377,-49.47665999999991,40.35258999999999,0.004376334546397187,True,out_of_sample,9,45,no_cost,0.0,1.0043763345463972,1.0043763345463972,0.0
downtrend_highvol_forced_cover_signal,fixed_horizon,9,4234,4235,4244,2026-05-22 16:50:00+00:00,2026-05-22 16:55:00+00:00,2026-05-22 17:40:00+00:00,76999.46,76970.01,-0.00038247021472637144,-0.00038247021472637144,9,fixed_9b_exit,0,76975.1,5,0.7377154300753284,95.95593000000008,40.94180000000001,0.681970411113592,24.648540000000065,-16.545290000000005,0.003992190514057192,False,out_of_sample,9,45,no_cost,0.0,1.0039921905140572,1.0043763345463972,-0.00038247021472637144
downtrend_highvol_forced_cover_signal,fixed_horizon,9,4800,4801,4810,2026-05-24 16:00:00+00:00,2026-05-24 16:05:00+00:00,2026-05-24 16:50:00+00:00,76568.69,76635.25,0.0008692848212499271,0.0008692848212499271,9,fixed_9b_exit,0,76539.38,4,0.5581474276006713,20.316410000000054,21.17819,0.6356270785794208,8.507770000000058,10.297429999999999,0.004864945685924438,True,out_of_sample,9,45,no_cost,0.0,1.0048649456859244,1.0048649456859244,0.0
downtrend_highvol_forced_cover_signal,fixed_horizon,9,5655,5656,5665,2026-05-27 15:15:00+00:00,2026-05-27 15:20:00+00:00,2026-05-27 16:05:00+00:00,75221.08,75273.26,0.000693688524546543,0.000693688524546543,9,fixed_9b_exit,0,75172.87,3,0.6234161388794343,43.24502000000002,40.585409999999996,0.3617448341317436,-39.11802999999999,-42.11094999999999,0.005562008967465948,True,out_of_sample,9,45,no_cost,0.0,1.005562008967466,1.005562008967466,0.0
downtrend_highvol_forced_cover_signal,fixed_horizon,9,5700,5701,5710,2026-05-27 19:00:00+00:00,2026-05-27 19:05:00+00:00,2026-05-27 19:50:00+00:00,75051.9,75057.53,7.501475645521616e-05,7.501475645521616e-05,9,fixed_9b_exit,0,75032.01,3,0.7019501613946647,57.100980000000014,1.5047599999999974,0.5263071613221777,7.436330000000005,145.91028999999997,0.005637440956669293,True,out_of_sample,9,45,no_cost,0.0,1.0056374409566693,1.0056374409566693,0.0
downtrend_highvol_forced_cover_signal,fixed_horizon,9,6228,6229,6238,2026-05-29 15:00:00+00:00,2026-05-29 15:05:00+00:00,2026-05-29 15:50:00+00:00,73313.94,73768.0,0.006193365136289097,0.006193365136289097,9,fixed_9b_exit,0,73198.17,5,0.6500951573594481,139.25829,35.74498,0.4698777537509141,-21.35564,-26.479670000000006,0.011865720823237336,True,out_of_sample,9,45,no_cost,0.0,1.0118657208232373,1.0118657208232373,0.0
downtrend_highvol_forced_cover_signal,fixed_horizon,9,6809,6810,6819,2026-05-31 15:25:00+00:00,2026-05-31 15:30:00+00:00,2026-05-31 16:15:00+00:00,73748.66,73602.92,-0.0019761714992516666,-0.0019761714992516666,9,fixed_9b_exit,0,73742.0,3,0.7170075872737679,28.46537999999995,20.5799,0.3812314380960581,-19.30511000000005,-3.411200000000001,0.009866100624676744,False,out_of_sample,9,45,no_cost,0.0,1.0098661006246767,1.0118657208232373,-0.0019761714992516666
downtrend_highvol_forced_cover_signal,fixed_horizon,9,6834,6835,6844,2026-05-31 17:30:00+00:00,2026-05-31 17:35:00+00:00,2026-05-31 18:20:00+00:00,73660.25,73640.0,-0.00027491082368036324,-0.00027491082368036324,9,fixed_9b_exit,0,73610.36,3,0.746590959278373,16.415209999999952,13.225670000000001,0.7251908082321165,26.22568999999995,12.964610000000004,0.009588477503147175,False,out_of_sample,9,45,no_cost,0.0,1.0095884775031472,1.0118657208232373,-0.0022505390519973467
downtrend_highvol_forced_cover_signal,fixed_horizon,9,7019,7020,7029,2026-06-01 08:55:00+00:00,2026-06-01 09:00:00+00:00,2026-06-01 09:45:00+00:00,72902.64,72979.99,0.001061004100811891,0.001061004100811891,9,fixed_9b_exit,0,72865.58,4,0.731768286165141,59.93055999999996,109.96245,0.4553426740233672,-11.915900000000043,12.446100000000001,0.010659655017910552,True,out_of_sample,9,45,no_cost,0.0,1.0106596550179106,1.0118657208232373,-0.0011919227823485867
downtrend_highvol_forced_cover_signal,fixed_horizon,9,7113,7114,7123,2026-06-01 16:45:00+00:00,2026-06-01 16:50:00+00:00,2026-06-01 17:35:00+00:00,71379.77,71581.99,0.002833015572899722,0.002833015572899722,9,fixed_9b_exit,0,71356.0,3,0.581933909873005,133.02346999999997,-207.13461000000007,0.7036730661225183,116.4894699999999,15.742610000000013,0.01352286955947779,True,out_of_sample,9,45,no_cost,0.0,1.0135228695594778,1.0135228695594778,0.0
downtrend_highvol_forced_cover_signal,fixed_horizon,9,7254,7255,7264,2026-06-02 04:30:00+00:00,2026-06-02 04:35:00+00:00,2026-06-02 05:20:00+00:00,71029.99,70715.25,-0.004431086080682323,-0.004431086080682323,9,fixed_9b_exit,0,71028.25,3,0.6132697817007466,27.615609999999887,16.302759999999992,0.49903757259181275,-0.17968000000010775,-9.531450000000007,0.009031862479719655,False,out_of_sample,9,45,no_cost,0.0,1.0090318624797197,1.0135228695594778,-0.004431086080682212
downtrend_highvol_forced_cover_signal,fixed_horizon,9,7491,7492,7501,2026-06-03 00:15:00+00:00,2026-06-03 00:20:00+00:00,2026-06-03 01:05:00+00:00,67085.72,66837.35,-0.0037022782195673676,-0.0037022782195673676,9,fixed_9b_exit,0,66912.0,3,0.5548485860125347,50.51424999999977,109.22464,0.475829344866981,-9.112730000000234,-2.2161299999999997,0.005296145792411444,False,out_of_sample,9,45,no_cost,0.0,1.0052961457924114,1.0135228695594778,-0.008116959186764139
downtrend_highvol_forced_cover_signal,fixed_horizon,9,8153,8154,8163,2026-06-05 07:25:00+00:00,2026-06-05 07:30:00+00:00,2026-06-05 08:15:00+00:00,62252.94,62648.26,0.0063502221742459675,0.0063502221742459675,9,fixed_9b_exit,0,62203.29,3,0.583303095244338,86.53159999999994,52.9136,0.5544621070332679,46.641769999999944,28.125339999999994,0.011679999669106378,True,out_of_sample,9,45,no_cost,0.0,1.0116799996691064,1.0135228695594778,-0.0018182815067334657
downtrend_highvol_forced_cover_signal,fixed_horizon,12,44,45,57,2026-05-08 03:40:00+00:00,2026-05-08 03:45:00+00:00,2026-05-08 04:45:00+00:00,79662.059226,79609.08499799999,-0.0006649869274621967,-0.0014649869274621966,12,fixed_12b_exit,0,79642.55,3,0.630470871078894,15.850760000000106,8.35204,0.3903582232700427,-15.629579999999894,27.83122,-0.0014649869274622196,False,out_of_sample,12,60,base_cost,0.0012000000000000001,0.9985350130725378,0.9985350130725378,0.0
downtrend_highvol_forced_cover_signal,fixed_horizon,12,1647,1648,1660,2026-05-13 17:15:00+00:00,2026-05-13 17:20:00+00:00,2026-05-13 18:20:00+00:00,79315.86,79758.19516999999,0.005576881723276861,0.0047768817232768605,12,fixed_12b_exit,0,79238.6,4,0.5148592605461577,6.5789700000001154,6.329630000000002,0.709091505011758,108.32353000000012,35.79173,0.0033048967265361107,True,out_of_sample,12,60,base_cost,0.0012000000000000001,1.003304896726536,1.003304896726536,0.0
downtrend_highvol_forced_cover_signal,fixed_horizon,12,3074,3075,3087,2026-05-18 16:10:00+00:00,2026-05-18 16:15:00+00:00,2026-05-18 17:15:00+00:00,76524.521844,76646.677598,0.0015962955541102275,0.0007962955541102275,12,fixed_12b_exit,0,76485.29,3,0.42926045439166666,-54.29888999999989,26.859699999999982,0.5725404177456719,24.42426000000009,21.625570000000003,0.004103823955216468,True,out_of_sample,12,60,base_cost,0.0012000000000000001,1.0041038239552165,1.0041038239552165,0.0
downtrend_highvol_forced_cover_signal,fixed_horizon,12,4234,4235,4247,2026-05-22 16:50:00+00:00,2026-05-22 16:55:00+00:00,2026-05-22 17:55:00+00:00,77014.85989200001,76734.65000000001,-0.003638387350089922,-0.0044383873500899226,12,fixed_12b_exit,0,76975.1,5,0.7377154300753284,95.95593000000008,40.94180000000001,0.27353840342246255,-26.042059999999932,-6.065389999999997,-0.0003527777552032596,False,out_of_sample,12,60,base_cost,0.0012000000000000001,0.9996472222447967,1.0041038239552165,-0.004438387350089945
downtrend_highvol_forced_cover_signal,fixed_horizon,12,4800,4801,4813,2026-05-24 16:00:00+00:00,2026-05-24 16:05:00+00:00,2026-05-24 17:05:00+00:00,76584.003738,76690.67879600001,0.0013929156585354985,0.0005929156585354984,12,fixed_12b_exit,0,76539.38,4,0.5581474276006713,20.316410000000054,21.17819,0.5283926094988005,4.659330000000056,-2.0711899999999996,0.00023992873587719288,True,out_of_sample,12,60,base_cost,0.0012000000000000001,1.0002399287358772,1.0041038239552165,-0.0038481032809128957
downtrend_highvol_forced_cover_signal,fixed_horizon,12,5655,5656,5668,2026-05-27 15:15:00+00:00,2026-05-27 15:20:00+00:00,2026-05-27 16:20:00+00:00,75236.124216,75048.347328,-0.0024958341482462787,-0.0032958341482462786,12,fixed_12b_exit,0,75172.87,3,0.6234161388794343,43.24502000000002,40.585409999999996,0.34939092698160834,-44.34447999999998,12.910879999999999,-0.0030566961776899992,False,out_of_sample,12,60,base_cost,0.0012000000000000001,0.99694330382231,1.0041038239552165,-0.007131254718960034
downtrend_highvol_forced_cover_signal,fixed_horizon,12,5700,5701,5713,2026-05-27 19:00:00+00:00,2026-05-27 19:05:00+00:00,2026-05-27 20:05:00+00:00,75066.91037999999,75256.93560200001,0.0025314112574779113,0.0017314112574779114,12,fixed_12b_exit,0,75032.01,3,0.7019501613946647,57.100980000000014,1.5047599999999974,0.5943145070984391,25.916010000000014,1.0446699999999964,-0.001330577318384707,True,out_of_sample,12,60,base_cost,0.0012000000000000001,0.9986694226816153,1.0041038239552165,-0.005412190596182365
downtrend_highvol_forced_cover_signal,fixed_horizon,12,6228,6229,6241,2026-05-29 15:00:00+00:00,2026-05-29 15:05:00+00:00,2026-05-29 16:05:00+00:00,73328.602788,73885.229998,0.007590860712418879,0.006790860712418878,12,fixed_12b_exit,0,73198.17,5,0.6500951573594481,139.25829,35.74498,0.6609104841500645,53.645750000000014,9.069339999999997,0.005451247628798006,True,out_of_sample,12,60,base_cost,0.0012000000000000001,1.005451247628798,1.005451247628798,0.0
downtrend_highvol_forced_cover_signal,fixed_horizon,12,6809,6810,6822,2026-05-31 15:25:00+00:00,2026-05-31 15:30:00+00:00,2026-05-31 16:30:00+00:00,73763.409732,73423.96226999999,-0.004601840712533556,-0.005401840712533556,12,fixed_12b_exit,0,73742.0,3,0.7170075872737679,28.46537999999995,20.5799,0.2856764294546417,-52.37705000000004,-41.572019999999995,1.9960144889141773e-05,False,out_of_sample,12,60,base_cost,0.0012000000000000001,1.0000199601448891,1.005451247628798,-0.005401840712533468
downtrend_highvol_forced_cover_signal,fixed_horizon,12,6834,6835,6847,2026-05-31 17:30:00+00:00,2026-05-31 17:35:00+00:00,2026-05-31 18:35:00+00:00,73674.98204999999,73652.47655800001,-0.0003054699352992296,-0.0011054699352992295,12,fixed_12b_exit,0,73610.36,3,0.746590959278373,16.415209999999952,13.225670000000001,0.5368934540426954,3.8831599999999584,7.391179999999999,-0.0010855318557502214,False,out_of_sample,12,60,base_cost,0.0012000000000000001,0.9989144681442498,1.005451247628798,-0.006501339075329793
downtrend_highvol_forced_cover_signal,fixed_horizon,12,7019,7020,7032,2026-06-01 08:55:00+00:00,2026-06-01 09:00:00+00:00,2026-06-01 10:00:00+00:00,72917.22052799999,72768.59337,-0.002038299827170631,-0.002838299827170631,12,fixed_12b_exit,0,72865.58,4,0.731768286165141,59.93055999999996,109.96245,0.20961463316456017,-917.8228700000003,-9.91773999999998,-0.003920750618042312,False,out_of_sample,12,60,base_cost,0.0012000000000000001,0.9960792493819577,1.005451247628798,-0.009321186152926542
downtrend_highvol_forced_cover_signal,fixed_horizon,12,7113,7114,7126,2026-06-01 16:45:00+00:00,2026-06-01 16:50:00+00:00,2026-06-01 17:50:00+00:00,71394.045954,71701.636804,0.004308354371710177,0.003508354371710177,12,fixed_12b_exit,0,71356.0,3,0.581933909873005,133.02346999999997,-207.13461000000007,0.7195248059933704,151.48843999999985,2.553280000000001,-0.00042615162890324854,True,out_of_sample,12,60,base_cost,0.0012000000000000001,0.9995738483710968,1.005451247628798,-0.005845533805405534
downtrend_highvol_forced_cover_signal,fixed_horizon,12,7254,7255,7267,2026-06-02 04:30:00+00:00,2026-06-02 04:35:00+00:00,2026-06-02 05:35:00+00:00,71044.19599800001,70595.907994,-0.006309987715430454,-0.007109987715430454,12,fixed_12b_exit,0,71028.25,3,0.6132697817007466,27.615609999999887,16.302759999999992,0.5203479013922099,8.763119999999898,30.34964000000001,-0.0075331094114873265,False,out_of_sample,12,60,base_cost,0.0012000000000000001,0.9924668905885127,1.005451247628798,-0.01291395984728938
downtrend_highvol_forced_cover_signal,fixed_horizon,12,7491,7492,7504,2026-06-03 00:15:00+00:00,2026-06-03 00:20:00+00:00,2026-06-03 01:20:00+00:00,67099.137144,66930.821158,-0.002508467219761279,-0.003308467219761279,12,fixed_12b_exit,0,66912.0,3,0.5548485860125347,50.51424999999977,109.22464,0.46785877535847115,-13.404940000000234,4.671459999999993,-0.010816653585697833,False,out_of_sample,12,60,base_cost,0.0012000000000000001,0.9891833464143022,1.005451247628798,-0.01617970165421867
downtrend_highvol_forced_cover_signal,fixed_horizon,12,8153,8154,8166,2026-06-05 07:25:00+00:00,2026-06-05 07:30:00+00:00,2026-06-05 08:30:00+00:00,62265.390588,62689.899512,0.006817734860267821,0.006017734860267821,12,fixed_12b_exit,0,62203.29,3,0.583303095244338,86.53159999999994,52.9136,0.5133321614536657,7.529879999999938,-55.10884,-0.004864010478784042,True,out_of_sample,12,60,base_cost,0.0012000000000000001,0.995135989521216,1.005451247628798,-0.01025933194862405
downtrend_highvol_forced_cover_signal,fixed_horizon,12,44,45,57,2026-05-08 03:40:00+00:00,2026-05-08 03:45:00+00:00,2026-05-08 04:45:00+00:00,79670.023839,79601.122497,-0.0008648339573643637,-0.0020648339573643634,12,fixed_12b_exit,0,79642.55,3,0.630470871078894,15.850760000000106,8.35204,0.3903582232700427,-15.629579999999894,27.83122,-0.0020648339573643426,False,out_of_sample,12,60,high_cost,0.0018,0.9979351660426357,0.9979351660426357,0.0
downtrend_highvol_forced_cover_signal,fixed_horizon,12,1647,1648,1660,2026-05-13 17:15:00+00:00,2026-05-13 17:20:00+00:00,2026-05-13 18:20:00+00:00,79323.79,79750.21775499999,0.005375786444394404,0.004175786444394404,12,fixed_12b_exit,0,79238.6,4,0.5148592605461577,6.5789700000001154,6.329630000000002,0.709091505011758,108.32353000000012,35.79173,0.0021023301813809514,True,out_of_sample,12,60,high_cost,0.0018,1.002102330181381,1.002102330181381,0.0
downtrend_highvol_forced_cover_signal,fixed_horizon,12,3074,3075,3087,2026-05-18 16:10:00+00:00,2026-05-18 16:15:00+00:00,2026-05-18 17:15:00+00:00,76532.172766,76639.011397,0.0013959963129055453,0.00019599631290554537,12,fixed_12b_exit,0,76485.29,3,0.42926045439166666,-54.29888999999989,26.859699999999982,0.5725404177456719,24.42426000000009,21.625570000000003,0.002298738543250467,True,out_of_sample,12,60,high_cost,0.0018,1.0022987385432505,1.0022987385432505,0.0
downtrend_highvol_forced_cover_signal,fixed_horizon,12,4234,4235,4247,2026-05-22 16:50:00+00:00,2026-05-22 16:55:00+00:00,2026-05-22 17:55:00+00:00,77022.559838,76726.975,-0.003837639759334044,-0.0050376397593340436,12,fixed_12b_exit,0,76975.1,5,0.7377154300753284,95.95593000000008,40.94180000000001,0.27353840342246255,-26.042059999999932,-6.065389999999997,-0.0027504814327653504,False,out_of_sample,12,60,high_cost,0.0018,0.9972495185672346,1.0022987385432505,-0.005037639759334023
downtrend_highvol_forced_cover_signal,fixed_horizon,12,4800,4801,4813,2026-05-24 16:00:00+00:00,2026-05-24 16:05:00+00:00,2026-05-24 17:05:00+00:00,76591.660607,76683.00819400001,0.0011926570892453192,-7.342910754680682e-06,12,fixed_12b_exit,0,76539.38,4,0.5581474276006713,20.316410000000054,21.17819,0.5283926094988005,4.659330000000056,-2.0711899999999996,-0.002757804146980347,False,out_of_sample,12,60,high_cost,0.0018,0.9972421958530197,1.0022987385432505,-0.005044945679149593
downtrend_highvol_forced_cover_signal,fixed_horizon,12,5655,5656,5668,2026-05-27 15:15:00+00:00,2026-05-27 15:20:00+00:00,2026-05-27 16:20:00+00:00,75243.646324,75040.840992,-0.002695315045295965,-0.003895315045295965,12,fixed_12b_exit,0,75172.87,3,0.6234161388794343,43.24502000000002,40.585409999999996,0.34939092698160834,-44.34447999999998,12.910879999999999,-0.006642376676290529,False,out_of_sample,12,60,high_cost,0.0018,0.9933576233237095,1.0022987385432505,-0.008920609071638719
downtrend_highvol_forced_cover_signal,fixed_horizon,12,5700,5701,5713,2026-05-27 19:00:00+00:00,2026-05-27 19:05:00+00:00,2026-05-27 20:05:00+00:00,75074.41557,75249.40840300001,0.0023309250118217495,0.0011309250118217496,12,fixed_12b_exit,0,75032.01,3,0.7019501613946647,57.100980000000014,1.5047599999999974,0.5943145070984391,25.916010000000014,1.0446699999999964,-0.005518963694389978,True,out_of_sample,12,60,high_cost,0.0018,0.99448103630561,1.0022987385432505,-0.007799772599736854
downtrend_highvol_forced_cover_signal,fixed_horizon,12,6228,6229,6241,2026-05-29 15:00:00+00:00,2026-05-29 15:05:00+00:00,2026-05-29 16:05:00+00:00,73335.934182,73877.839997,0.007389362677989952,0.006189362677989953,12,fixed_12b_exit,0,73198.17,5,0.6500951573594481,139.25829,35.74498,0.6609104841500645,53.645750000000014,9.069339999999997,0.0006362401156887465,True,out_of_sample,12,60,high_cost,0.0018,1.0006362401156887,1.0022987385432505,-0.0016586855431725
downtrend_highvol_forced_cover_signal,fixed_horizon,12,6809,6810,6822,2026-05-31 15:25:00+00:00,2026-05-31 15:30:00+00:00,2026-05-31 16:30:00+00:00,73770.784598,73416.618405,-0.0048009004503606345,-0.006000900450360634,12,fixed_12b_exit,0,73742.0,3,0.7170075872737679,28.46537999999995,20.5799,0.2856764294546417,-52.37705000000004,-41.572019999999995,-0.0053684783482685905,False,out_of_sample,12,60,high_cost,0.0018,0.9946315216517314,1.0022987385432505,-0.007649632386710015
downtrend_highvol_forced_cover_signal,fixed_horizon,12,6834,6835,6847,2026-05-31 17:30:00+00:00,2026-05-31 17:35:00+00:00,2026-05-31 18:35:00+00:00,73682.348075,73645.10983700001,-0.0005053888614147128,-0.0017053888614147127,12,fixed_12b_exit,0,73610.36,3,0.746590959278373,16.415209999999952,13.225670000000001,0.5368934540426954,3.8831599999999584,7.391179999999999,-0.007064711866505369,False,out_of_sample,12,60,high_cost,0.0018,0.9929352881334946,1.0022987385432505,-0.009341975650258516
downtrend_highvol_forced_cover_signal,fixed_horizon,12,7019,7020,7032,2026-06-01 08:55:00+00:00,2026-06-01 09:00:00+00:00,2026-06-01 10:00:00+00:00,72924.510792,72761.315055,-0.0022378722219402736,-0.0034378722219402733,12,fixed_12b_exit,0,72865.58,4,0.731768286165141,59.93055999999996,109.96245,0.20961463316456017,-917.8228700000003,-9.91773999999998,-0.010478296511763796,False,out_of_sample,12,60,high_cost,0.0018,0.9895217034882362,1.0022987385432505,-0.012747731353612735
downtrend_highvol_forced_cover_signal,fixed_horizon,12,7113,7114,7126,2026-06-01 16:45:00+00:00,2026-06-01 16:50:00+00:00,2026-06-01 17:50:00+00:00,71401.183931,71694.465206,0.004107512772945077,0.002907512772945077,12,fixed_12b_exit,0,71356.0,3,0.581933909873005,133.02346999999997,-207.13461000000007,0.7195248059933704,151.48843999999985,2.553280000000001,-0.007601249519765485,True,out_of_sample,12,60,high_cost,0.0018,0.9923987504802345,1.0022987385432505,-0.009877282772404405
downtrend_highvol_forced_cover_signal,fixed_horizon,12,7254,7255,7267,2026-06-02 04:30:00+00:00,2026-06-02 04:35:00+00:00,2026-06-02 05:35:00+00:00,71051.298997,70588.846991,-0.006508705857996122,-0.007708705857996122,12,fixed_12b_exit,0,71028.25,3,0.6132697817007466,27.615609999999887,16.302759999999992,0.5203479013922099,8.763119999999898,30.34964000000001,-0.015251359581060497,False,out_of_sample,12,60,high_cost,0.0018,0.9847486404189395,1.0022987385432505,-0.017509847562831804
downtrend_highvol_forced_cover_signal,fixed_horizon,12,7491,7492,7504,2026-06-03 00:15:00+00:00,2026-06-03 00:20:00+00:00,2026-06-03 01:20:00+00:00,67105.845716,66924.12673700001,-0.002707945590448846,-0.0039079455904488455,12,fixed_12b_exit,0,66912.0,3,0.5548485860125347,50.51424999999977,109.22464,0.46785877535847115,-13.404940000000234,4.671459999999993,-0.019099703688086223,False,out_of_sample,12,60,high_cost,0.0018,0.9809002963119138,1.0022987385432505,-0.021349365621708083
downtrend_highvol_forced_cover_signal,fixed_horizon,12,8153,8154,8166,2026-06-05 07:25:00+00:00,2026-06-05 07:30:00+00:00,2026-06-05 08:30:00+00:00,62271.615882,62683.629268000004,0.0066163914355577,0.005416391435557701,12,fixed_12b_exit,0,62203.29,3,0.583303095244338,86.53159999999994,52.9136,0.5133321614536657,7.529879999999938,-55.10884,-0.013786763724006446,True,out_of_sample,12,60,high_cost,0.0018,0.9862132362759936,1.0022987385432505,-0.016048610707258493
downtrend_highvol_forced_cover_signal,fixed_horizon,12,44,45,57,2026-05-08 03:40:00+00:00,2026-05-08 03:45:00+00:00,2026-05-08 04:45:00+00:00,79654.09461300001,79617.047499,-0.0004650999321504923,-0.0008650999321504922,12,fixed_12b_exit,0,79642.55,3,0.630470871078894,15.850760000000106,8.35204,0.3903582232700427,-15.629579999999894,27.83122,-0.0008650999321504482,False,out_of_sample,12,60,low_cost,0.0006000000000000001,0.9991349000678496,0.9991349000678496,0.0
downtrend_highvol_forced_cover_signal,fixed_horizon,12,1647,1648,1660,2026-05-13 17:15:00+00:00,2026-05-13 17:20:00+00:00,2026-05-13 18:20:00+00:00,79307.93,79766.172585,0.005778017217193732,0.0053780172171937314,12,fixed_12b_exit,0,79238.6,4,0.5148592605461577,6.5789700000001154,6.329630000000002,0.709091505011758,108.32353000000012,35.79173,0.00450826476271371,True,out_of_sample,12,60,low_cost,0.0006000000000000001,1.0045082647627137,1.0045082647627137,0.0
downtrend_highvol_forced_cover_signal,fixed_horizon,12,3074,3075,3087,2026-05-18 16:10:00+00:00,2026-05-18 16:15:00+00:00,2026-05-18 17:15:00+00:00,76516.870922,76654.343799,0.0017966348511575525,0.0013966348511575525,12,fixed_12b_exit,0,76485.29,3,0.42926045439166666,-54.29888999999989,26.859699999999982,0.5725404177456719,24.42426000000009,21.625570000000003,0.005911196013557163,True,out_of_sample,12,60,low_cost,0.0006000000000000001,1.0059111960135572,1.0059111960135572,0.0
downtrend_highvol_forced_cover_signal,fixed_horizon,12,4234,4235,4247,2026-05-22 16:50:00+00:00,2026-05-22 16:55:00+00:00,2026-05-22 17:55:00+00:00,77007.159946,76742.325,-0.0034390950943485876,-0.003839095094348588,12,fixed_12b_exit,0,76975.1,5,0.7377154300753284,95.95593000000008,40.94180000000001,0.27353840342246255,-26.042059999999932,-6.065389999999997,0.0020494072755912196,False,out_of_sample,12,60,low_cost,0.0006000000000000001,1.0020494072755912,1.0059111960135572,-0.0038390950943485436
downtrend_highvol_forced_cover_signal,fixed_horizon,12,4800,4801,4813,2026-05-24 16:00:00+00:00,2026-05-24 16:05:00+00:00,2026-05-24 17:05:00+00:00,76576.346869,76698.349398,0.0015932142755348266,0.0011932142755348267,12,fixed_12b_exit,0,76539.38,4,0.5581474276006713,20.316410000000054,21.17819,0.5283926094988005,4.659330000000056,-2.0711899999999996,0.0032450669331436366,True,out_of_sample,12,60,low_cost,0.0006000000000000001,1.0032450669331436,1.0059111960135572,-0.00265046168188543
downtrend_highvol_forced_cover_signal,fixed_horizon,12,5655,5656,5668,2026-05-27 15:15:00+00:00,2026-05-27 15:20:00+00:00,2026-05-27 16:20:00+00:00,75228.602108,75055.853664,-0.0022963133590068185,-0.0026963133590068187,12,fixed_12b_exit,0,75172.87,3,0.6234161388794343,43.24502000000002,40.585409999999996,0.34939092698160834,-44.34447999999998,12.910879999999999,0.0005400038568141863,False,out_of_sample,12,60,low_cost,0.0006000000000000001,1.0005400038568142,1.0059111960135572,-0.005339628565651844
downtrend_highvol_forced_cover_signal,fixed_horizon,12,5700,5701,5713,2026-05-27 19:00:00+00:00,2026-05-27 19:05:00+00:00,2026-05-27 20:05:00+00:00,75059.40518999999,75264.462801,0.0027319375963736903,0.00233193759637369,12,fixed_12b_exit,0,75032.01,3,0.7019501613946647,57.100980000000014,1.5047599999999974,0.5943145070984391,25.916010000000014,1.0446699999999964,0.0028732007084837363,True,out_of_sample,12,60,low_cost,0.0006000000000000001,1.0028732007084837,1.0059111960135572,-0.0030201426498810413
downtrend_highvol_forced_cover_signal,fixed_horizon,12,6228,6229,6241,2026-05-29 15:00:00+00:00,2026-05-29 15:05:00+00:00,2026-05-29 16:05:00+00:00,73321.271394,73892.619999,0.007792399042425346,0.007392399042425346,12,fixed_12b_exit,0,73198.17,5,0.6500951573594481,139.25829,35.74498,0.6609104841500645,53.645750000000014,9.069339999999997,0.010286839597075215,True,out_of_sample,12,60,low_cost,0.0006000000000000001,1.0102868395970752,1.0102868395970752,0.0
downtrend_highvol_forced_cover_signal,fixed_horizon,12,6809,6810,6822,2026-05-31 15:25:00+00:00,2026-05-31 15:30:00+00:00,2026-05-31 16:30:00+00:00,73756.034866,73431.30613499999,-0.004402741166739443,-0.0048027411667394436,12,fixed_12b_exit,0,73742.0,3,0.7170075872737679,28.46537999999995,20.5799,0.2856764294546417,-52.37705000000004,-41.572019999999995,0.005434693402327273,False,out_of_sample,12,60,low_cost,0.0006000000000000001,1.0054346934023273,1.0102868395970752,-0.004802741166739399
downtrend_highvol_forced_cover_signal,fixed_horizon,12,6834,6835,6847,2026-05-31 17:30:00+00:00,2026-05-31 17:35:00+00:00,2026-05-31 18:35:00+00:00,73667.616025,73659.84327900001,-0.00010551102939659884,-0.0005055110293965988,12,fixed_12b_exit,0,73610.36,3,0.746590959278373,16.415209999999952,13.225670000000001,0.5368934540426954,3.8831599999999584,7.391179999999999,0.004926435075474522,False,out_of_sample,12,60,low_cost,0.0006000000000000001,1.0049264350754745,1.0102868395970752,-0.005305824357504818
downtrend_highvol_forced_cover_signal,fixed_horizon,12,7019,7020,7032,2026-06-01 08:55:00+00:00,2026-06-01 09:00:00+00:00,2026-06-01 10:00:00+00:00,72909.930264,72775.87168499999,-0.001838687521913518,-0.002238687521913518,12,fixed_12b_exit,0,72865.58,4,0.731768286165141,59.93055999999996,109.96245,0.20961463316456017,-917.8228700000003,-9.91773999999998,0.002676718804830003,False,out_of_sample,12,60,low_cost,0.0006000000000000001,1.00267671880483,1.0102868395970752,-0.007532633796635713
downtrend_highvol_forced_cover_signal,fixed_horizon,12,7113,7114,7126,2026-06-01 16:45:00+00:00,2026-06-01 16:50:00+00:00,2026-06-01 17:50:00+00:00,71386.90797700001,71708.808402,0.004509236134778272,0.0041092361347782715,12,fixed_12b_exit,0,71356.0,3,0.581933909873005,133.02346999999997,-207.13461000000007,0.7195248059933704,151.48843999999985,2.553280000000001,0.006796954209243866,True,out_of_sample,12,60,low_cost,0.0006000000000000001,1.0067969542092439,1.0102868395970752,-0.003454351032844527
downtrend_highvol_forced_cover_signal,fixed_horizon,12,7254,7255,7267,2026-06-02 04:30:00+00:00,2026-06-02 04:35:00+00:00,2026-06-02 05:35:00+00:00,71037.092999,70602.968997,-0.006111229833209886,-0.006511229833209886,12,fixed_12b_exit,0,71028.25,3,0.6132697817007466,27.615609999999887,16.302759999999992,0.5203479013922099,8.763119999999898,30.34964000000001,0.00024146784501177798,False,out_of_sample,12,60,low_cost,0.0006000000000000001,1.0002414678450118,1.0102868395970752,-0.0099430887925549
downtrend_highvol_forced_cover_signal,fixed_horizon,12,7491,7492,7504,2026-06-03 00:15:00+00:00,2026-06-03 00:20:00+00:00,2026-06-03 01:20:00+00:00,67092.428572,66937.51557900001,-0.0023089489573886457,-0.002708948957388646,12,fixed_12b_exit,0,66912.0,3,0.5548485860125347,50.51424999999977,109.22464,0.46785877535847115,-13.404940000000234,4.671459999999993,-0.002468135236443847,False,out_of_sample,12,60,low_cost,0.0006000000000000001,0.9975318647635562,1.0102868395970752,-0.01262510242992576
downtrend_highvol_forced_cover_signal,fixed_horizon,12,8153,8154,8166,2026-06-05 07:25:00+00:00,2026-06-05 07:30:00+00:00,2026-06-05 08:30:00+00:00,62259.165294,62696.169756,0.00701911854963666,0.00661911854963666,12,fixed_12b_exit,0,62203.29,3,0.583303095244338,86.53159999999994,52.9136,0.5133321614536657,7.529879999999938,-55.10884,0.0041346464334663935,True,out_of_sample,12,60,low_cost,0.0006000000000000001,1.0041346464334664,1.0102868395970752,-0.006089550929973986
downtrend_highvol_forced_cover_signal,fixed_horizon,12,44,45,57,2026-05-08 03:40:00+00:00,2026-05-08 03:45:00+00:00,2026-05-08 04:45:00+00:00,79646.13,79625.01,-0.00026517295943961905,-0.00026517295943961905,12,fixed_12b_exit,0,79642.55,3,0.630470871078894,15.850760000000106,8.35204,0.3903582232700427,-15.629579999999894,27.83122,-0.00026517295943961905,False,out_of_sample,12,60,no_cost,0.0,0.9997348270405604,0.9997348270405604,0.0
downtrend_highvol_forced_cover_signal,fixed_horizon,12,1647,1648,1660,2026-05-13 17:15:00+00:00,2026-05-13 17:20:00+00:00,2026-05-13 18:20:00+00:00,79300.0,79774.15,0.005979192938209366,0.005979192938209366,12,fixed_12b_exit,0,79238.6,4,0.5148592605461577,6.5789700000001154,6.329630000000002,0.709091505011758,108.32353000000012,35.79173,0.005712434458483351,True,out_of_sample,12,60,no_cost,0.0,1.0057124344584834,1.0057124344584834,0.0
downtrend_highvol_forced_cover_signal,fixed_horizon,12,3074,3075,3087,2026-05-18 16:10:00+00:00,2026-05-18 16:15:00+00:00,2026-05-18 17:15:00+00:00,76509.22,76662.01,0.0019970142160643523,0.0019970142160643523,12,fixed_12b_exit,0,76485.29,3,0.42926045439166666,-54.29888999999989,26.859699999999982,0.5725404177456719,24.42426000000009,21.625570000000003,0.007720856487369643,True,out_of_sample,12,60,no_cost,0.0,1.0077208564873696,1.0077208564873696,0.0
downtrend_highvol_forced_cover_signal,fixed_horizon,12,4234,4235,4247,2026-05-22 16:50:00+00:00,2026-05-22 16:55:00+00:00,2026-05-22 17:55:00+00:00,76999.46,76750.0,-0.003239762980156047,-0.003239762980156047,12,fixed_12b_exit,0,76975.1,5,0.7377154300753284,95.95593000000008,40.94180000000001,0.27353840342246255,-26.042059999999932,-6.065389999999997,0.004456079762190646,False,out_of_sample,12,60,no_cost,0.0,1.0044560797621906,1.0077208564873696,-0.003239762980156158
downtrend_highvol_forced_cover_signal,fixed_horizon,12,4800,4801,4813,2026-05-24 16:00:00+00:00,2026-05-24 16:05:00+00:00,2026-05-24 17:05:00+00:00,76568.69,76706.02,0.0017935529522576932,0.0017935529522576932,12,fixed_12b_exit,0,76539.38,4,0.5581474276006713,20.316410000000054,21.17819,0.5283926094988005,4.659330000000056,-2.0711899999999996,0.006257624929461247,True,out_of_sample,12,60,no_cost,0.0,1.0062576249294612,1.0077208564873696,-0.0014520207143561281
downtrend_highvol_forced_cover_signal,fixed_horizon,12,5655,5656,5668,2026-05-27 15:15:00+00:00,2026-05-27 15:20:00+00:00,2026-05-27 16:20:00+00:00,75221.08,75063.36,-0.0020967526656091584,-0.0020967526656091584,12,fixed_12b_exit,0,75172.87,3,0.6234161388794343,43.24502000000002,40.585409999999996,0.34939092698160834,-44.34447999999998,12.910879999999999,0.0041477515721008995,False,out_of_sample,12,60,no_cost,0.0,1.004147751572101,1.0077208564873696,-0.0035457288516619334
downtrend_highvol_forced_cover_signal,fixed_horizon,12,5700,5701,5713,2026-05-27 19:00:00+00:00,2026-05-27 19:05:00+00:00,2026-05-27 20:05:00+00:00,75051.9,75271.99,0.0029325040405374647,0.0029325040405374647,12,fixed_12b_exit,0,75032.01,3,0.7019501613946647,57.100980000000014,1.5047599999999974,0.5943145070984391,25.916010000000014,1.0446699999999964,0.007092418910882747,True,out_of_sample,12,60,no_cost,0.0,1.0070924189108827,1.0077208564873696,-0.0006236226753085772
downtrend_highvol_forced_cover_signal,fixed_horizon,12,6228,6229,6241,2026-05-29 15:00:00+00:00,2026-05-29 15:05:00+00:00,2026-05-29 16:05:00+00:00,73313.94,73900.01,0.007993977680097242,0.007993977680097242,12,fixed_12b_exit,0,73198.17,5,0.6500951573594481,139.25829,35.74498,0.6609104841500645,53.645750000000014,9.069339999999997,0.015143093229451399,True,out_of_sample,12,60,no_cost,0.0,1.0151430932294514,1.0151430932294514,0.0
downtrend_highvol_forced_cover_signal,fixed_horizon,12,6809,6810,6822,2026-05-31 15:25:00+00:00,2026-05-31 15:30:00+00:00,2026-05-31 16:30:00+00:00,73748.66,73438.65,-0.004203601801036294,-0.004203601801036294,12,fixed_12b_exit,0,73742.0,3,0.7170075872737679,28.46537999999995,20.5799,0.2856764294546417,-52.37705000000004,-41.572019999999995,0.01087583589444252,False,out_of_sample,12,60,no_cost,0.0,1.0108758358944425,1.0151430932294514,-0.004203601801036294
downtrend_highvol_forced_cover_signal,fixed_horizon,12,6834,6835,6847,2026-05-31 17:30:00+00:00,2026-05-31 17:35:00+00:00,2026-05-31 18:35:00+00:00,73660.25,73667.21,9.448786828736289e-05,9.448786828736289e-05,12,fixed_12b_exit,0,73610.36,3,0.746590959278373,16.415209999999952,13.225670000000001,0.5368934540426954,3.8831599999999584,7.391179999999999,0.010971351397279339,True,out_of_sample,12,60,no_cost,0.0,1.0109713513972793,1.0151430932294514,-0.004109511122122322
downtrend_highvol_forced_cover_signal,fixed_horizon,12,7019,7020,7032,2026-06-01 08:55:00+00:00,2026-06-01 09:00:00+00:00,2026-06-01 10:00:00+00:00,72902.64,72783.15,-0.0016390352941951791,-0.0016390352941951791,12,fixed_12b_exit,0,72865.58,4,0.731768286165141,59.93055999999996,109.96245,0.20961463316456017,-917.8228700000003,-9.91773999999998,0.00931433367091894,False,out_of_sample,12,60,no_cost,0.0,1.009314333670919,1.0151430932294514,-0.005741810782546541
downtrend_highvol_forced_cover_signal,fixed_horizon,12,7113,7114,7126,2026-06-01 16:45:00+00:00,2026-06-01 16:50:00+00:00,2026-06-01 17:50:00+00:00,71379.77,71715.98,0.004710158074199278,0.004710158074199278,12,fixed_12b_exit,0,71356.0,3,0.581933909873005,133.02346999999997,-207.13461000000007,0.7195248059933704,151.48843999999985,2.553280000000001,0.01406836372906417,True,out_of_sample,12,60,no_cost,0.0,1.0140683637290642,1.0151430932294514,-0.0010586975447650637
downtrend_highvol_forced_cover_signal,fixed_horizon,12,7254,7255,7267,2026-06-02 04:30:00+00:00,2026-06-02 04:35:00+00:00,2026-06-02 05:35:00+00:00,71029.99,70610.03,-0.005912432199413287,-0.005912432199413287,12,fixed_12b_exit,0,71028.25,3,0.6132697817007466,27.615609999999887,16.302759999999992,0.5203479013922099,8.763119999999898,30.34964000000001,0.008072753282946099,False,out_of_sample,12,60,no_cost,0.0,1.008072753282946,1.0151430932294514,-0.006964870266725209
downtrend_highvol_forced_cover_signal,fixed_horizon,12,7491,7492,7504,2026-06-03 00:15:00+00:00,2026-06-03 00:20:00+00:00,2026-06-03 01:20:00+00:00,67085.72,66944.21,-0.002109390791363519,-0.002109390791363519,12,fixed_12b_exit,0,66912.0,3,0.5548485860125347,50.51424999999977,109.22464,0.46785877535847115,-13.404940000000234,4.671459999999993,0.00594633390014665,False,out_of_sample,12,60,no_cost,0.0,1.0059463339001466,1.0151430932294514,-0.009059569424885061
downtrend_highvol_forced_cover_signal,fixed_horizon,12,8153,8154,8166,2026-06-05 07:25:00+00:00,2026-06-05 07:30:00+00:00,2026-06-05 08:30:00+00:00,62252.94,62702.44,0.007220542515743,0.007220542515743,12,fixed_12b_exit,0,62203.29,3,0.583303095244338,86.53159999999994,52.9136,0.5133321614536657,7.529879999999938,-55.10884,0.01320981217262851,True,out_of_sample,12,60,no_cost,0.0,1.0132098121726285,1.0151430932294514,-0.0019044419153486647
downtrend_highvol_forced_cover_signal,fixed_horizon,18,44,45,63,2026-05-08 03:40:00+00:00,2026-05-08 03:45:00+00:00,2026-05-08 05:15:00+00:00,79662.059226,79589.438928,-0.0009116045794644867,-0.0017116045794644866,18,fixed_18b_exit,0,79642.55,3,0.630470871078894,15.850760000000106,8.35204,0.327640807548329,-22.02957999999989,-23.068949999999997,-0.0017116045794645096,False,out_of_sample,18,90,base_cost,0.0012000000000000001,0.9982883954205355,0.9982883954205355,0.0
downtrend_highvol_forced_cover_signal,fixed_horizon,18,1647,1648,1666,2026-05-13 17:15:00+00:00,2026-05-13 17:20:00+00:00,2026-05-13 18:50:00+00:00,79315.86,79623.282158,0.003875922898648465,0.003075922898648465,18,fixed_18b_exit,0,79238.6,4,0.5148592605461577,6.5789700000001154,6.329630000000002,0.4336746015202764,-16.959609999999888,13.799510000000001,0.0013590535554646177,True,out_of_sample,18,90,base_cost,0.0012000000000000001,1.0013590535554646,1.0013590535554646,0.0
downtrend_highvol_forced_cover_signal,fixed_horizon,18,3074,3075,3093,2026-05-18 16:10:00+00:00,2026-05-18 16:15:00+00:00,2026-05-18 17:45:00+00:00,76524.521844,76661.34466399999,0.0017879604694415185,0.0009879604694415186,18,fixed_18b_exit,0,76485.29,3,0.42926045439166666,-54.29888999999989,26.859699999999982,0.4452837268171876,-8.860459999999918,9.559099999999997,0.0023483567160949015,True,out_of_sample,18,90,base_cost,0.0012000000000000001,1.002348356716095,1.002348356716095,0.0
downtrend_highvol_forced_cover_signal,fixed_horizon,18,4234,4235,4253,2026-05-22 16:50:00+00:00,2026-05-22 16:55:00+00:00,2026-05-22 18:25:00+00:00,77014.85989200001,76791.218684,-0.0029038708674354874,-0.0037038708674354873,18,fixed_18b_exit,0,76975.1,5,0.7377154300753284,95.95593000000008,40.94180000000001,0.455707779319786,-4.440039999999936,-16.111690000000003,-0.0013642121613677283,False,out_of_sample,18,90,base_cost,0.0012000000000000001,0.9986357878386323,1.002348356716095,-0.0037038708674355103
downtrend_highvol_forced_cover_signal,fixed_horizon,18,4800,4801,4819,2026-05-24 16:00:00+00:00,2026-05-24 16:05:00+00:00,2026-05-24 17:35:00+00:00,76584.003738,76708.19529199999,0.0016216383048457406,0.0008216383048457405,18,fixed_18b_exit,0,76539.38,4,0.5581474276006713,20.316410000000054,21.17819,0.6548655006888399,12.92483000000006,9.619560000000003,-0.0005436947454896535,True,out_of_sample,18,90,base_cost,0.0012000000000000001,0.9994563052545103,1.002348356716095,-0.002885275804770604
downtrend_highvol_forced_cover_signal,fixed_horizon,18,5655,5656,5674,2026-05-27 15:15:00+00:00,2026-05-27 15:20:00+00:00,2026-05-27 16:50:00+00:00,75236.124216,75264.20414799999,0.00037322406347484183,-0.0004267759365251582,18,fixed_18b_exit,0,75172.87,3,0.6234161388794343,43.24502000000002,40.585409999999996,0.6301706377915129,38.263370000000016,-35.77922999999999,-0.0009702386461806212,False,out_of_sample,18,90,base_cost,0.0012000000000000001,0.9990297613538194,1.002348356716095,-0.003310820375012069
downtrend_highvol_forced_cover_signal,fixed_horizon,18,5700,5701,5719,2026-05-27 19:00:00+00:00,2026-05-27 19:05:00+00:00,2026-05-27 20:35:00+00:00,75066.91037999999,75227.561478,0.002140105369819789,0.0013401053698197892,18,fixed_18b_exit,0,75032.01,3,0.7019501613946647,57.100980000000014,1.5047599999999974,0.5589542463151288,10.371040000000011,-10.863399999999995,0.0003685665016195383,True,out_of_sample,18,90,base_cost,0.0012000000000000001,1.0003685665016195,1.002348356716095,-0.0019751518533552836
downtrend_highvol_forced_cover_signal,fixed_horizon,18,6228,6229,6247,2026-05-29 15:00:00+00:00,2026-05-29 15:05:00+00:00,2026-05-29 16:35:00+00:00,73328.602788,73970.75289,0.008757157201760846,0.007957157201760845,18,fixed_18b_exit,0,73198.17,5,0.6500951573594481,139.25829,35.74498,0.6714743555548908,125.36627999999999,6.921469999999985,0.00832865644497316,True,out_of_sample,18,90,base_cost,0.0012000000000000001,1.0083286564449732,1.0083286564449732,0.0
downtrend_highvol_forced_cover_signal,fixed_horizon,18,6809,6810,6828,2026-05-31 15:25:00+00:00,2026-05-31 15:30:00+00:00,2026-05-31 17:00:00+00:00,73763.409732,73481.560748,-0.0038209863809715028,-0.004620986380971503,18,fixed_18b_exit,0,73742.0,3,0.7170075872737679,28.46537999999995,20.5799,0.6778979876327627,13.509469999999949,7.0199,0.003669183455997649,False,out_of_sample,18,90,base_cost,0.0012000000000000001,1.0036691834559976,1.0083286564449732,-0.004620986380971526
downtrend_highvol_forced_cover_signal,fixed_horizon,18,6834,6835,6853,2026-05-31 17:30:00+00:00,2026-05-31 17:35:00+00:00,2026-05-31 19:05:00+00:00,73674.98204999999,73578.65132599999,-0.001307509297180709,-0.002107509297180709,18,fixed_18b_exit,0,73610.36,3,0.746590959278373,16.415209999999952,13.225670000000001,0.42083790798377957,-6.629070000000049,5.31219,0.0015539413205702957,False,out_of_sample,18,90,base_cost,0.0012000000000000001,1.0015539413205703,1.0083286564449732,-0.0067187569063922314
downtrend_highvol_forced_cover_signal,fixed_horizon,18,7019,7020,7038,2026-06-01 08:55:00+00:00,2026-06-01 09:00:00+00:00,2026-06-01 10:30:00+00:00,72917.22052799999,72621.46280200001,-0.004056075147384597,-0.004856075147384597,18,fixed_18b_exit,0,72865.58,4,0.731768286165141,59.93055999999996,109.96245,0.4256983147544606,-17.91534000000012,2.0342799999999954,-0.0033096798826416363,False,out_of_sample,18,90,base_cost,0.0012000000000000001,0.9966903201173584,1.0083286564449732,-0.011542205265342442
downtrend_highvol_forced_cover_signal,fixed_horizon,18,7113,7114,7132,2026-06-01 16:45:00+00:00,2026-06-01 16:50:00+00:00,2026-06-01 18:20:00+00:00,71394.045954,71405.646014,0.0001624793754855247,-0.0006375206245144753,18,fixed_18b_exit,0,71356.0,3,0.581933909873005,133.02346999999997,-207.13461000000007,0.4316749491624982,-23.125350000000115,12.90810999999999,-0.003945090517970429,False,out_of_sample,18,90,base_cost,0.0012000000000000001,0.9960549094820296,1.0083286564449732,-0.012172367495947856
downtrend_highvol_forced_cover_signal,fixed_horizon,18,7254,7255,7273,2026-06-02 04:30:00+00:00,2026-06-02 04:35:00+00:00,2026-06-02 06:05:00+00:00,71044.19599800001,70395.927998,-0.009124855181952607,-0.009924855181952607,18,fixed_18b_exit,0,71028.25,3,0.6132697817007466,27.615609999999887,16.302759999999992,0.46149419138647974,-18.657700000000105,47.12613,-0.01383079124785247,False,out_of_sample,18,90,base_cost,0.0012000000000000001,0.9861692087521475,1.0083286564449732,-0.021976413693281627
downtrend_highvol_forced_cover_signal,fixed_horizon,18,7491,7492,7510,2026-06-03 00:15:00+00:00,2026-06-03 00:20:00+00:00,2026-06-03 01:50:00+00:00,67099.137144,66981.35105,-0.0017554040038878505,-0.0025554040038878504,18,fixed_18b_exit,0,66912.0,3,0.5548485860125347,50.51424999999977,109.22464,0.6819934321189264,157.55019999999976,42.26507000000001,-0.0163508519924086,False,out_of_sample,18,90,base_cost,0.0012000000000000001,0.9836491480075914,1.0083286564449732,-0.024475659081626633
downtrend_highvol_forced_cover_signal,fixed_horizon,18,8153,8154,8172,2026-06-05 07:25:00+00:00,2026-06-05 07:30:00+00:00,2026-06-05 09:00:00+00:00,62265.390588,62536.850128000005,0.004359717933774876,0.003559717933774876,18,fixed_18b_exit,0,62203.29,3,0.583303095244338,86.53159999999994,52.9136,0.40483823182801093,-48.514520000000076,-2.8717400000000026,-0.012849338479703487,True,out_of_sample,18,90,base_cost,0.0012000000000000001,0.9871506615202965,1.0083286564449732,-0.021003067590425473
downtrend_highvol_forced_cover_signal,fixed_horizon,18,44,45,63,2026-05-08 03:40:00+00:00,2026-05-08 03:45:00+00:00,2026-05-08 05:15:00+00:00,79670.023839,79581.478392,-0.0011114022907653398,-0.0023114022907653395,18,fixed_18b_exit,0,79642.55,3,0.630470871078894,15.850760000000106,8.35204,0.327640807548329,-22.02957999999989,-23.068949999999997,-0.0023114022907653187,False,out_of_sample,18,90,high_cost,0.0018,0.9976885977092347,0.9976885977092347,0.0
downtrend_highvol_forced_cover_signal,fixed_horizon,18,1647,1648,1666,2026-05-13 17:15:00+00:00,2026-05-13 17:20:00+00:00,2026-05-13 18:50:00+00:00,79323.79,79615.31823700001,0.0036751677775359592,0.0024751677775359596,18,fixed_18b_exit,0,79238.6,4,0.5148592605461577,6.5789700000001154,6.329630000000002,0.4336746015202764,-16.959609999999888,13.799510000000001,0.00015804437829958218,True,out_of_sample,18,90,high_cost,0.0018,1.0001580443782996,1.0001580443782996,0.0
downtrend_highvol_forced_cover_signal,fixed_horizon,18,3074,3075,3093,2026-05-18 16:10:00+00:00,2026-05-18 16:15:00+00:00,2026-05-18 17:45:00+00:00,76532.172766,76653.676996,0.0015876228990845398,0.0003876228990845399,18,fixed_18b_exit,0,76485.29,3,0.42926045439166666,-54.29888999999989,26.859699999999982,0.4452837268171876,-8.860459999999918,9.559099999999997,0.0005457285390040312,True,out_of_sample,18,90,high_cost,0.0018,1.000545728539004,1.000545728539004,0.0
downtrend_highvol_forced_cover_signal,fixed_horizon,18,4234,4235,4253,2026-05-22 16:50:00+00:00,2026-05-22 16:55:00+00:00,2026-05-22 18:25:00+00:00,77022.559838,76783.53802600001,-0.0031032701652959904,-0.00430327016529599,18,fixed_18b_exit,0,76975.1,5,0.7377154300753284,95.95593000000008,40.94180000000001,0.455707779319786,-4.440039999999936,-16.111690000000003,-0.003759890043632197,False,out_of_sample,18,90,high_cost,0.0018,0.9962401099563678,1.000545728539004,-0.004303270165295969
downtrend_highvol_forced_cover_signal,fixed_horizon,18,4800,4801,4819,2026-05-24 16:00:00+00:00,2026-05-24 16:05:00+00:00,2026-05-24 17:35:00+00:00,76591.660607,76700.522938,0.001421333995597518,0.00022133399559751805,18,fixed_18b_exit,0,76539.38,4,0.5581474276006713,20.316410000000054,21.17819,0.6548655006888399,12.92483000000006,9.619560000000003,-0.0035393882395211573,True,out_of_sample,18,90,high_cost,0.0018,0.9964606117604788,1.000545728539004,-0.004082888629678427
downtrend_highvol_forced_cover_signal,fixed_horizon,18,5655,5656,5674,2026-05-27 15:15:00+00:00,2026-05-27 15:20:00+00:00,2026-05-27 16:50:00+00:00,75243.646324,75256.676222,0.00017316941212408565,-0.0010268305878759142,18,fixed_18b_exit,0,75172.87,3,0.6234161388794343,43.24502000000002,40.585409999999996,0.6301706377915129,38.263370000000016,-35.77922999999999,-0.004562584475290343,False,out_of_sample,18,90,high_cost,0.0018,0.9954374155247097,1.000545728539004,-0.005105526782622438
downtrend_highvol_forced_cover_signal,fixed_horizon,18,5700,5701,5719,2026-05-27 19:00:00+00:00,2026-05-27 19:05:00+00:00,2026-05-27 20:35:00+00:00,75074.41557,75220.037217,0.0019396973775203108,0.0007396973775203109,18,fixed_18b_exit,0,75032.01,3,0.7019501613946647,57.100980000000014,1.5047599999999974,0.5589542463151288,10.371040000000011,-10.863399999999995,-0.003826262029541172,True,out_of_sample,18,90,high_cost,0.0018,0.9961737379704588,1.000545728539004,-0.004369605949874122
downtrend_highvol_forced_cover_signal,fixed_horizon,18,6228,6229,6247,2026-05-29 15:00:00+00:00,2026-05-29 15:05:00+00:00,2026-05-29 16:35:00+00:00,73335.934182,73963.35433500001,0.00855542593134384,0.007355425931343841,18,fixed_18b_exit,0,73198.17,5,0.6500951573594481,139.25829,35.74498,0.6714743555548908,125.36627999999999,6.921469999999985,0.0035010201148504283,True,out_of_sample,18,90,high_cost,0.0018,1.0035010201148504,1.0035010201148504,0.0
downtrend_highvol_forced_cover_signal,fixed_horizon,18,6809,6810,6828,2026-05-31 15:25:00+00:00,2026-05-31 15:30:00+00:00,2026-05-31 17:00:00+00:00,73770.784598,73474.211122,-0.0040202022740590815,-0.005220202274059081,18,fixed_18b_exit,0,73742.0,3,0.7170075872737679,28.46537999999995,20.5799,0.6778979876327627,13.509469999999949,7.0199,-0.0017374581923736976,False,out_of_sample,18,90,high_cost,0.0018,0.9982625418076263,1.0035010201148504,-0.00522020227405906
downtrend_highvol_forced_cover_signal,fixed_horizon,18,6834,6835,6853,2026-05-31 17:30:00+00:00,2026-05-31 17:35:00+00:00,2026-05-31 19:05:00+00:00,73682.348075,73571.291989,-0.001507227835450542,-0.0027072278354505416,18,fixed_18b_exit,0,73610.36,3,0.746590959278373,16.415209999999952,13.225670000000001,0.42083790798377957,-6.629070000000049,5.31219,-0.004439982332642867,False,out_of_sample,18,90,high_cost,0.0018,0.9955600176673571,1.0035010201148504,-0.007913297832606525
downtrend_highvol_forced_cover_signal,fixed_horizon,18,7019,7020,7038,2026-06-01 08:55:00+00:00,2026-06-01 09:00:00+00:00,2026-06-01 10:30:00+00:00,72924.510792,72614.19920300001,-0.004255244027417393,-0.005455244027417393,18,fixed_18b_exit,0,72865.58,4,0.731768286165141,59.93055999999996,109.96245,0.4256983147544606,-17.91534000000012,2.0342799999999954,-0.009871005172958247,False,out_of_sample,18,90,high_cost,0.0018,0.9901289948270418,1.0035010201148504,-0.01332537288928537
downtrend_highvol_forced_cover_signal,fixed_horizon,18,7113,7114,7132,2026-06-01 16:45:00+00:00,2026-06-01 16:50:00+00:00,2026-06-01 18:20:00+00:00,71401.183931,71398.504021,-3.753313113963319e-05,-0.001237533131139633,18,fixed_18b_exit,0,71356.0,3,0.581933909873005,133.02346999999997,-207.13461000000007,0.4316749491624982,-23.125350000000115,12.90810999999999,-0.011096322608158626,False,out_of_sample,18,90,high_cost,0.0018,0.9889036773918414,1.0035010201148504,-0.01454641542998969
downtrend_highvol_forced_cover_signal,fixed_horizon,18,7254,7255,7273,2026-06-02 04:30:00+00:00,2026-06-02 04:35:00+00:00,2026-06-02 06:05:00+00:00,71051.298997,70388.886997,-0.009323010407283006,-0.010523010407283005,18,fixed_18b_exit,0,71028.25,3,0.6132697817007466,27.615609999999887,16.302759999999992,0.46149419138647974,-18.657700000000105,47.12613,-0.021502566297153414,False,out_of_sample,18,90,high_cost,0.0018,0.9784974337028466,1.0035010201148504,-0.02491635375631429
downtrend_highvol_forced_cover_signal,fixed_horizon,18,7491,7492,7510,2026-06-03 00:15:00+00:00,2026-06-03 00:20:00+00:00,2026-06-03 01:50:00+00:00,67105.845716,66974.651575,-0.001955032972168036,-0.0031550329721680356,18,fixed_18b_exit,0,66912.0,3,0.5548485860125347,50.51424999999977,109.22464,0.6819934321189264,157.55019999999976,42.26507000000001,-0.02458975796366769,False,out_of_sample,18,90,high_cost,0.0018,0.9754102420363323,1.0035010201148504,-0.027992774810834953
downtrend_highvol_forced_cover_signal,fixed_horizon,18,8153,8154,8172,2026-06-05 07:25:00+00:00,2026-06-05 07:30:00+00:00,2026-06-05 09:00:00+00:00,62271.615882,62530.595192,0.0041588660633240515,0.002958866063324052,18,fixed_18b_exit,0,62203.29,3,0.583303095244338,86.53159999999994,52.9136,0.40483823182801093,-48.514520000000076,-2.8717400000000026,-0.02170364970068772,True,out_of_sample,18,90,high_cost,0.0018,0.9782963502993123,1.0035010201148504,-0.02511673561891692
downtrend_highvol_forced_cover_signal,fixed_horizon,18,44,45,63,2026-05-08 03:40:00+00:00,2026-05-08 03:45:00+00:00,2026-05-08 05:15:00+00:00,79654.09461300001,79597.399464,-0.0007117669126170956,-0.0011117669126170955,18,fixed_18b_exit,0,79642.55,3,0.630470871078894,15.850760000000106,8.35204,0.327640807548329,-22.02957999999989,-23.068949999999997,-0.0011117669126170515,False,out_of_sample,18,90,low_cost,0.0006000000000000001,0.998888233087383,0.998888233087383,0.0
downtrend_highvol_forced_cover_signal,fixed_horizon,18,1647,1648,1666,2026-05-13 17:15:00+00:00,2026-05-13 17:20:00+00:00,2026-05-13 18:50:00+00:00,79307.93,79631.246079,0.004076718166771132,0.0036767181667711315,18,fixed_18b_exit,0,79238.6,4,0.5148592605461577,6.5789700000001154,6.329630000000002,0.4336746015202764,-16.959609999999888,13.799510000000001,0.0025608636005491903,True,out_of_sample,18,90,low_cost,0.0006000000000000001,1.0025608636005492,1.0025608636005492,0.0
downtrend_highvol_forced_cover_signal,fixed_horizon,18,3074,3075,3093,2026-05-18 16:10:00+00:00,2026-05-18 16:15:00+00:00,2026-05-18 17:45:00+00:00,76516.870922,76669.012332,0.001988338103306564,0.001588338103306564,18,fixed_18b_exit,0,76485.29,3,0.42926045439166666,-54.29888999999989,26.859699999999982,0.4452837268171876,-8.860459999999918,9.559099999999997,0.004153269221089939,True,out_of_sample,18,90,low_cost,0.0006000000000000001,1.00415326922109,1.00415326922109,0.0
downtrend_highvol_forced_cover_signal,fixed_horizon,18,4234,4235,4253,2026-05-22 16:50:00+00:00,2026-05-22 16:55:00+00:00,2026-05-22 18:25:00+00:00,77007.159946,76798.899342,-0.0027044316937027135,-0.0031044316937027137,18,fixed_18b_exit,0,76975.1,5,0.7377154300753284,95.95593000000008,40.94180000000001,0.455707779319786,-4.440039999999936,-16.111690000000003,0.0010359439867848597,False,out_of_sample,18,90,low_cost,0.0006000000000000001,1.0010359439867849,1.00415326922109,-0.0031044316937026695
downtrend_highvol_forced_cover_signal,fixed_horizon,18,4800,4801,4819,2026-05-24 16:00:00+00:00,2026-05-24 16:05:00+00:00,2026-05-24 17:35:00+00:00,76576.346869,76715.867646,0.0018219826709502396,0.0014219826709502396,18,fixed_18b_exit,0,76539.38,4,0.5581474276006713,20.316410000000054,21.17819,0.6548655006888399,12.92483000000006,9.619560000000003,0.002459399752132496,True,out_of_sample,18,90,low_cost,0.0006000000000000001,1.0024593997521325,1.00415326922109,-0.0016868634708239183
downtrend_highvol_forced_cover_signal,fixed_horizon,18,5655,5656,5674,2026-05-27 15:15:00+00:00,2026-05-27 15:20:00+00:00,2026-05-27 16:50:00+00:00,75228.602108,75271.732074,0.000573318721755145,0.00017331872175514496,18,fixed_18b_exit,0,75172.87,3,0.6234161388794343,43.24502000000002,40.585409999999996,0.6301706377915129,38.263370000000016,-35.77922999999999,0.0026331447339089653,True,out_of_sample,18,90,low_cost,0.0006000000000000001,1.002633144733909,1.00415326922109,-0.001513837114089256
downtrend_highvol_forced_cover_signal,fixed_horizon,18,5700,5701,5719,2026-05-27 19:00:00+00:00,2026-05-27 19:05:00+00:00,2026-05-27 20:35:00+00:00,75059.40518999999,75235.085739,0.002340553439709625,0.001940553439709625,18,fixed_18b_exit,0,75032.01,3,0.7019501613946647,57.100980000000014,1.5047599999999974,0.5589542463151288,10.371040000000011,-10.863399999999995,0.004578807931689299,True,out_of_sample,18,90,low_cost,0.0006000000000000001,1.0045788079316893,1.0045788079316893,0.0
downtrend_highvol_forced_cover_signal,fixed_horizon,18,6228,6229,6247,2026-05-29 15:00:00+00:00,2026-05-29 15:05:00+00:00,2026-05-29 16:35:00+00:00,73321.271394,73978.15144500001,0.008958928814398082,0.008558928814398082,18,fixed_18b_exit,0,73198.17,5,0.6500951573594481,139.25829,35.74498,0.6714743555548908,125.36627999999999,6.921469999999985,0.013176926437229453,True,out_of_sample,18,90,low_cost,0.0006000000000000001,1.0131769264372295,1.0131769264372295,0.0
downtrend_highvol_forced_cover_signal,fixed_horizon,18,6809,6810,6828,2026-05-31 15:25:00+00:00,2026-05-31 15:30:00+00:00,2026-05-31 17:00:00+00:00,73756.034866,73488.910374,-0.003621730648689536,-0.004021730648689536,18,fixed_18b_exit,0,73742.0,3,0.7170075872737679,28.46537999999995,20.5799,0.6778979876327627,13.509469999999949,7.0199,0.009102201739631832,False,out_of_sample,18,90,low_cost,0.0006000000000000001,1.0091022017396318,1.0131769264372295,-0.004021730648689492
downtrend_highvol_forced_cover_signal,fixed_horizon,18,6834,6835,6853,2026-05-31 17:30:00+00:00,2026-05-31 17:35:00+00:00,2026-05-31 19:05:00+00:00,73667.616025,73586.010663,-0.0011077508191972285,-0.0015077508191972285,18,fixed_18b_exit,0,73610.36,3,0.746590959278373,16.415209999999952,13.225670000000001,0.42083790798377957,-6.629070000000049,5.31219,0.00758072706830526,False,out_of_sample,18,90,low_cost,0.0006000000000000001,1.0075807270683053,1.0131769264372295,-0.005523417700206479
downtrend_highvol_forced_cover_signal,fixed_horizon,18,7019,7020,7038,2026-06-01 08:55:00+00:00,2026-06-01 09:00:00+00:00,2026-06-01 10:30:00+00:00,72909.930264,72628.726401,-0.0038568664375590034,-0.0042568664375590036,18,fixed_18b_exit,0,72865.58,4,0.731768286165141,59.93055999999996,109.96245,0.4256983147544606,-17.91534000000012,2.0342799999999954,0.003291590488117002,False,out_of_sample,18,90,low_cost,0.0006000000000000001,1.003291590488117,1.0131769264372295,-0.009756771686336707
downtrend_highvol_forced_cover_signal,fixed_horizon,18,7113,7114,7132,2026-06-01 16:45:00+00:00,2026-06-01 16:50:00+00:00,2026-06-01 18:20:00+00:00,71386.90797700001,71412.788007,0.00036253188061219355,-3.746811938780647e-05,18,fixed_18b_exit,0,71356.0,3,0.581933909873005,133.02346999999997,-207.13461000000007,0.4316749491624982,-23.125350000000115,12.90810999999999,0.0032539990390239026,False,out_of_sample,18,90,low_cost,0.0006000000000000001,1.003253999039024,1.0131769264372295,-0.009793874237838063
downtrend_highvol_forced_cover_signal,fixed_horizon,18,7254,7255,7273,2026-06-02 04:30:00+00:00,2026-06-02 04:35:00+00:00,2026-06-02 06:05:00+00:00,71037.092999,70402.96899899999,-0.008926660329539926,-0.009326660329539925,18,fixed_18b_exit,0,71028.25,3,0.6132697817007466,27.615609999999887,16.302759999999992,0.46149419138647974,-18.657700000000105,47.12613,-0.006103010234265627,False,out_of_sample,18,90,low_cost,0.0006000000000000001,0.9938969897657344,1.0131769264372295,-0.01902919042905149
downtrend_highvol_forced_cover_signal,fixed_horizon,18,7491,7492,7510,2026-06-03 00:15:00+00:00,2026-06-03 00:20:00+00:00,2026-06-03 01:50:00+00:00,67092.428572,66988.050525,-0.0015557351138063558,-0.001955735113806356,18,fixed_18b_exit,0,66912.0,3,0.5548485860125347,50.51424999999977,109.22464,0.6819934321189264,157.55019999999976,42.26507000000001,-0.008046809476656813,False,out_of_sample,18,90,low_cost,0.0006000000000000001,0.9919531905233432,1.0131769264372295,-0.02094770948694824
downtrend_highvol_forced_cover_signal,fixed_horizon,18,8153,8154,8172,2026-06-05 07:25:00+00:00,2026-06-05 07:30:00+00:00,2026-06-05 09:00:00+00:00,62259.165294,62543.105064,0.004560609970583274,0.0041606099705832735,18,fixed_18b_exit,0,62203.29,3,0.583303095244338,86.53159999999994,52.9136,0.40483823182801093,-48.514520000000076,-2.8717400000000026,-0.003919679141813459,True,out_of_sample,18,90,low_cost,0.0006000000000000001,0.9960803208581865,1.0131769264372295,-0.01687425476531723
downtrend_highvol_forced_cover_signal,fixed_horizon,18,44,45,63,2026-05-08 03:40:00+00:00,2026-05-08 03:45:00+00:00,2026-05-08 05:15:00+00:00,79646.13,79605.36,-0.0005118892782361995,-0.0005118892782361995,18,fixed_18b_exit,0,79642.55,3,0.630470871078894,15.850760000000106,8.35204,0.327640807548329,-22.02957999999989,-23.068949999999997,-0.0005118892782361995,False,out_of_sample,18,90,no_cost,0.0,0.9994881107217638,0.9994881107217638,0.0
downtrend_highvol_forced_cover_signal,fixed_horizon,18,1647,1648,1666,2026-05-13 17:15:00+00:00,2026-05-13 17:20:00+00:00,2026-05-13 18:50:00+00:00,79300.0,79639.21,0.004277553593947214,0.004277553593947214,18,fixed_18b_exit,0,79238.6,4,0.5148592605461577,6.5789700000001154,6.329630000000002,0.4336746015202764,-16.959609999999888,13.799510000000001,0.0037634746818890896,True,out_of_sample,18,90,no_cost,0.0,1.003763474681889,1.003763474681889,0.0
downtrend_highvol_forced_cover_signal,fixed_horizon,18,3074,3075,3093,2026-05-18 16:10:00+00:00,2026-05-18 16:15:00+00:00,2026-05-18 17:45:00+00:00,76509.22,76676.68,0.002188755812698062,0.002188755812698062,18,fixed_18b_exit,0,76485.29,3,0.42926045439166666,-54.29888999999989,26.859699999999982,0.4452837268171876,-8.860459999999918,9.559099999999997,0.005960467821673143,True,out_of_sample,18,90,no_cost,0.0,1.0059604678216731,1.0059604678216731,0.0
downtrend_highvol_forced_cover_signal,fixed_horizon,18,4234,4235,4253,2026-05-22 16:50:00+00:00,2026-05-22 16:55:00+00:00,2026-05-22 18:25:00+00:00,76999.46,76806.58,-0.002504952632135349,-0.002504952632135349,18,fixed_18b_exit,0,76975.1,5,0.7377154300753284,95.95593000000008,40.94180000000001,0.455707779319786,-4.440039999999936,-16.111690000000003,0.0034405844999791935,False,out_of_sample,18,90,no_cost,0.0,1.0034405844999792,1.0059604678216731,-0.0025049526321352378
downtrend_highvol_forced_cover_signal,fixed_horizon,18,4800,4801,4819,2026-05-24 16:00:00+00:00,2026-05-24 16:05:00+00:00,2026-05-24 17:35:00+00:00,76568.69,76723.54,0.002022367105927847,0.002022367105927847,18,fixed_18b_exit,0,76539.38,4,0.5581474276006713,20.316410000000054,21.17819,0.6548655006888399,12.92483000000006,9.619560000000003,0.005469909730825062,True,out_of_sample,18,90,no_cost,0.0,1.005469909730825,1.0059604678216731,-0.0004876514600125059
downtrend_highvol_forced_cover_signal,fixed_horizon,18,5655,5656,5674,2026-05-27 15:15:00+00:00,2026-05-27 15:20:00+00:00,2026-05-27 16:50:00+00:00,75221.08,75279.26,0.0007734533989673942,0.0007734533989673942,18,fixed_18b_exit,0,75172.87,3,0.6234161388794343,43.24502000000002,40.585409999999996,0.6301706377915129,38.263370000000016,-35.77922999999999,0.006247593850065902,True,out_of_sample,18,90,no_cost,0.0,1.006247593850066,1.006247593850066,0.0
downtrend_highvol_forced_cover_signal,fixed_horizon,18,5700,5701,5719,2026-05-27 19:00:00+00:00,2026-05-27 19:05:00+00:00,2026-05-27 20:35:00+00:00,75051.9,75242.61,0.002541041599213534,0.002541041599213534,18,fixed_18b_exit,0,75032.01,3,0.7019501613946647,57.100980000000014,1.5047599999999974,0.5589542463151288,10.371040000000011,-10.863399999999995,0.00880451084514755,True,out_of_sample,18,90,no_cost,0.0,1.0088045108451476,1.0088045108451476,0.0
downtrend_highvol_forced_cover_signal,fixed_horizon,18,6228,6229,6247,2026-05-29 15:00:00+00:00,2026-05-29 15:05:00+00:00,2026-05-29 16:35:00+00:00,73313.94,73985.55,0.009160740781357646,0.009160740781357646,18,fixed_18b_exit,0,73198.17,5,0.6500951573594481,139.25829,35.74498,0.6714743555548908,125.36627999999999,6.921469999999985,0.018045907468064337,True,out_of_sample,18,90,no_cost,0.0,1.0180459074680643,1.0180459074680643,0.0
downtrend_highvol_forced_cover_signal,fixed_horizon,18,6809,6810,6828,2026-05-31 15:25:00+00:00,2026-05-31 15:30:00+00:00,2026-05-31 17:00:00+00:00,73748.66,73496.26,-0.0034224350652609647,-0.0034224350652609647,18,fixed_18b_exit,0,73742.0,3,0.7170075872737679,28.46537999999995,20.5799,0.6778979876327627,13.509469999999949,7.0199,0.014561711456300142,False,out_of_sample,18,90,no_cost,0.0,1.0145617114563001,1.0180459074680643,-0.0034224350652610758
downtrend_highvol_forced_cover_signal,fixed_horizon,18,6834,6835,6853,2026-05-31 17:30:00+00:00,2026-05-31 17:35:00+00:00,2026-05-31 19:05:00+00:00,73660.25,73593.37,-0.0009079523895181296,-0.0009079523895181296,18,fixed_18b_exit,0,73610.36,3,0.746590959278373,16.415209999999952,13.225670000000001,0.42083790798377957,-6.629070000000049,5.31219,0.013640537726069768,False,out_of_sample,18,90,no_cost,0.0,1.0136405377260698,1.0180459074680643,-0.004327280046683701
downtrend_highvol_forced_cover_signal,fixed_horizon,18,7019,7020,7038,2026-06-01 08:55:00+00:00,2026-06-01 09:00:00+00:00,2026-06-01 10:30:00+00:00,72902.64,72635.99,-0.0036576178859913933,-0.0036576178859913933,18,fixed_18b_exit,0,72865.58,4,0.731768286165141,59.93055999999996,109.96245,0.4256983147544606,-17.91534000000012,2.0342799999999954,0.00993302796531692,False,out_of_sample,18,90,no_cost,0.0,1.009933027965317,1.0180459074680643,-0.007969070395778655
downtrend_highvol_forced_cover_signal,fixed_horizon,18,7113,7114,7132,2026-06-01 16:45:00+00:00,2026-06-01 16:50:00+00:00,2026-06-01 18:20:00+00:00,71379.77,71419.93,0.0005626243962397748,0.0005626243962397748,18,fixed_18b_exit,0,71356.0,3,0.581933909873005,133.02346999999997,-207.13461000000007,0.4316749491624982,-23.125350000000115,12.90810999999999,0.010501240925418598,True,out_of_sample,18,90,no_cost,0.0,1.0105012409254186,1.0180459074680643,-0.007410929592958859
downtrend_highvol_forced_cover_signal,fixed_horizon,18,7254,7255,7273,2026-06-02 04:30:00+00:00,2026-06-02 04:35:00+00:00,2026-06-02 06:05:00+00:00,71029.99,70410.01,-0.008728425838156695,-0.008728425838156695,18,fixed_18b_exit,0,71028.25,3,0.6132697817007466,27.615609999999887,16.302759999999992,0.46149419138647974,-18.657700000000105,47.12613,0.0016811557846356795,False,out_of_sample,18,90,no_cost,0.0,1.0016811557846357,1.0180459074680643,-0.016074669681771736
downtrend_highvol_forced_cover_signal,fixed_horizon,18,7491,7492,7510,2026-06-03 00:15:00+00:00,2026-06-03 00:20:00+00:00,2026-06-03 01:50:00+00:00,67085.72,66994.75,-0.001356026289946688,-0.001356026289946688,18,fixed_18b_exit,0,66912.0,3,0.5548485860125347,50.51424999999977,109.22464,0.6819934321189264,157.55019999999976,42.26507000000001,0.00032284980324748247,False,out_of_sample,18,90,no_cost,0.0,1.0003228498032475,1.0180459074680643,-0.01740889829702774
downtrend_highvol_forced_cover_signal,fixed_horizon,18,8153,8154,8172,2026-06-05 07:25:00+00:00,2026-06-05 07:30:00+00:00,2026-06-05 09:00:00+00:00,62252.94,62549.36,0.004761542185798717,0.004761542185798717,18,fixed_18b_exit,0,62203.29,3,0.583303095244338,86.53159999999994,52.9136,0.40483823182801093,-48.514520000000076,-2.8717400000000026,0.005085929252004018,True,out_of_sample,18,90,no_cost,0.0,1.005085929252004,1.0180459074680643,-0.01273024931487865
downtrend_highvol_forced_cover_signal,fixed_horizon,24,44,45,69,2026-05-08 03:40:00+00:00,2026-05-08 03:45:00+00:00,2026-05-08 05:45:00+00:00,79662.059226,79671.27255800001,0.00011565520763001658,-0.0006843447923699835,24,fixed_24b_exit,0,79642.55,3,0.630470871078894,15.850760000000106,8.35204,0.4137478733601779,-19.829789999999882,-34.72717,-0.0006843447923700063,False,out_of_sample,24,120,base_cost,0.0012000000000000001,0.99931565520763,0.99931565520763,0.0
downtrend_highvol_forced_cover_signal,fixed_horizon,24,1647,1648,1672,2026-05-13 17:15:00+00:00,2026-05-13 17:20:00+00:00,2026-05-13 19:20:00+00:00,79315.86,79406.52551800001,0.0011430944328159054,0.00034309443281590535,24,fixed_24b_exit,0,79238.6,4,0.5148592605461577,6.5789700000001154,6.329630000000002,0.359884740708006,-32.13990999999988,-3.705340000000003,-0.00034148515444243355,True,out_of_sample,24,120,base_cost,0.0012000000000000001,0.9996585148455576,0.9996585148455576,0.0
downtrend_highvol_forced_cover_signal,fixed_horizon,24,3074,3075,3099,2026-05-18 16:10:00+00:00,2026-05-18 16:15:00+00:00,2026-05-18 18:15:00+00:00,76524.521844,76328.101326,-0.002566765701593199,-0.0033667657015931988,24,fixed_24b_exit,0,76485.29,3,0.42926045439166666,-54.29888999999989,26.859699999999982,0.5864216890574523,34.8357100000001,52.29809,-0.0037071011555300792,False,out_of_sample,24,120,base_cost,0.0012000000000000001,0.9962928988444699,0.9996585148455576,-0.0033667657015932217
downtrend_highvol_forced_cover_signal,fixed_horizon,24,4234,4235,4259,2026-05-22 16:50:00+00:00,2026-05-22 16:55:00+00:00,2026-05-22 18:55:00+00:00,77014.85989200001,76522.16250600001,-0.006397432738187492,-0.007197432738187492,24,fixed_24b_exit,0,76975.1,5,0.7377154300753284,95.95593000000008,40.94180000000001,0.26000660861021363,-246.7984999999999,13.181549999999987,-0.010877852282497047,False,out_of_sample,24,120,base_cost,0.0012000000000000001,0.989122147717503,0.9996585148455576,-0.010539966370098353
downtrend_highvol_forced_cover_signal,fixed_horizon,24,4800,4801,4825,2026-05-24 16:00:00+00:00,2026-05-24 16:05:00+00:00,2026-05-24 18:05:00+00:00,76584.003738,76665.48383600001,0.0010639310302809069,0.0002639310302809068,24,fixed_24b_exit,0,76539.38,4,0.5581474276006713,20.316410000000054,21.17819,0.44486676419517757,-3.225999999999946,-10.685580000000002,-0.010616792254976248,True,out_of_sample,24,120,base_cost,0.0012000000000000001,0.9893832077450238,0.9996585148455576,-0.010278817164000587
downtrend_highvol_forced_cover_signal,fixed_horizon,24,5655,5656,5680,2026-05-27 15:15:00+00:00,2026-05-27 15:20:00+00:00,2026-05-27 17:20:00+00:00,75236.124216,75028.221354,-0.00276333827887143,-0.00356333827887143,24,fixed_24b_exit,0,75172.87,3,0.6234161388794343,43.24502000000002,40.585409999999996,0.40453638883648413,-44.935179999999974,47.16359,-0.01414229931160671,False,out_of_sample,24,120,base_cost,0.0012000000000000001,0.9858577006883933,0.9996585148455576,-0.01380552854021
downtrend_highvol_forced_cover_signal,fixed_horizon,24,5700,5701,5725,2026-05-27 19:00:00+00:00,2026-05-27 19:05:00+00:00,2026-05-27 21:05:00+00:00,75066.91037999999,75150.06698,0.0011077663857359532,0.00030776638573595317,24,fixed_24b_exit,0,75032.01,3,0.7019501613946647,57.100980000000014,1.5047599999999974,0.4165477051514339,-7.991329999999987,2.198080000000001,-0.013838885450215832,True,out_of_sample,24,120,base_cost,0.0012000000000000001,0.9861611145497842,0.9996585148455576,-0.013502011032096028
downtrend_highvol_forced_cover_signal,fixed_horizon,24,6228,6229,6253,2026-05-29 15:00:00+00:00,2026-05-29 15:05:00+00:00,2026-05-29 17:05:00+00:00,73328.602788,74115.174,0.010726663022259553,0.009926663022259552,24,fixed_24b_exit,0,73198.17,5,0.6500951573594481,139.25829,35.74498,0.7394252838192691,159.18971,93.58624,-0.004049596380424125,True,out_of_sample,24,120,base_cost,0.0012000000000000001,0.9959504036195759,0.9996585148455576,-0.0037093779234748103
downtrend_highvol_forced_cover_signal,fixed_horizon,24,6809,6810,6834,2026-05-31 15:25:00+00:00,2026-05-31 15:30:00+00:00,2026-05-31 17:30:00+00:00,73763.409732,73645.51795000001,-0.0015982420339342163,-0.002398242033934216,24,fixed_24b_exit,0,73742.0,3,0.7170075872737679,28.46537999999995,20.5799,0.746590959278373,16.415209999999952,13.225670000000001,-0.006438126502098407,False,out_of_sample,24,120,base_cost,0.0012000000000000001,0.9935618734979016,0.9996585148455576,-0.006098723971353248
downtrend_highvol_forced_cover_signal,fixed_horizon,24,6835,6836,6860,2026-05-31 17:35:00+00:00,2026-05-31 17:40:00+00:00,2026-05-31 19:40:00+00:00,73732.67358599999,73505.705918,-0.0030782508888037574,-0.0038782508888037573,24,fixed_24b_exit,0,73680.0,3,0.6798366612580621,16.90437999999995,0.4891699999999979,0.3618497209865296,-16.922840000000043,-12.084979999999995,-0.010291408721073148,False,out_of_sample,24,120,base_cost,0.0012000000000000001,0.9897085912789269,0.9996585148455576,-0.009953322478494453
downtrend_highvol_forced_cover_signal,fixed_horizon,24,7019,7020,7044,2026-06-01 08:55:00+00:00,2026-06-01 09:00:00+00:00,2026-06-01 11:00:00+00:00,72917.22052799999,72689.4592,-0.0031235602008792274,-0.003923560200879228,24,fixed_24b_exit,0,72865.58,4,0.731768286165141,59.93055999999996,109.96245,0.5758740002296054,15.042059999999882,-6.723140000000004,-0.014174589960283424,False,out_of_sample,24,120,base_cost,0.0012000000000000001,0.9858254100397166,0.9996585148455576,-0.013837830219430636
downtrend_highvol_forced_cover_signal,fixed_horizon,24,7113,7114,7138,2026-06-01 16:45:00+00:00,2026-06-01 16:50:00+00:00,2026-06-01 18:50:00+00:00,71394.045954,71530.90095800001,0.0019168966007079291,0.0011168966007079292,24,fixed_24b_exit,0,71356.0,3,0.581933909873005,133.02346999999997,-207.13461000000007,0.591597114315357,33.451899999999895,51.79078,-0.01307352491091851,True,out_of_sample,24,120,base_cost,0.0012000000000000001,0.9869264750890815,0.9996585148455576,-0.012736389044255891
downtrend_highvol_forced_cover_signal,fixed_horizon,24,7254,7255,7279,2026-06-02 04:30:00+00:00,2026-06-02 04:35:00+00:00,2026-06-02 06:35:00+00:00,71044.19599800001,70308.87541200001,-0.010350185200501127,-0.011150185200501128,24,fixed_24b_exit,0,71028.25,3,0.6132697817007466,27.615609999999887,16.302759999999992,0.6536323616349129,77.19375999999988,22.193079999999995,-0.024077937887439504,False,out_of_sample,24,120,base_cost,0.0012000000000000001,0.9759220621125605,0.9996585148455576,-0.02374456114812795
downtrend_highvol_forced_cover_signal,fixed_horizon,24,7491,7492,7516,2026-06-03 00:15:00+00:00,2026-06-03 00:20:00+00:00,2026-06-03 02:20:00+00:00,67099.137144,66666.664,-0.006445286219878943,-0.007245286219878943,24,fixed_24b_exit,0,66912.0,3,0.5548485860125347,50.51424999999977,109.22464,0.5665258824583301,32.304269999999775,-105.88644,-0.031148772555739557,False,out_of_sample,24,120,base_cost,0.0012000000000000001,0.9688512274442604,0.9996585148455576,-0.03081781122632332
downtrend_highvol_forced_cover_signal,fixed_horizon,24,8153,8154,8178,2026-06-05 07:25:00+00:00,2026-06-05 07:30:00+00:00,2026-06-05 09:30:00+00:00,62265.390588,63002.916895999995,0.011844883667077255,0.011044883667077255,24,fixed_24b_exit,0,62203.29,3,0.583303095244338,86.53159999999994,52.9136,0.49475012644701155,-2.1361200000000444,-35.314040000000006,-0.020447923457912576,True,out_of_sample,24,120,base_cost,0.0012000000000000001,0.9795520765420874,0.9996585148455576,-0.020113306699114597
downtrend_highvol_forced_cover_signal,fixed_horizon,24,44,45,69,2026-05-08 03:40:00+00:00,2026-05-08 03:45:00+00:00,2026-05-08 05:45:00+00:00,79670.023839,79663.30383700001,-8.434793509748406e-05,-0.001284347935097484,24,fixed_24b_exit,0,79642.55,3,0.630470871078894,15.850760000000106,8.35204,0.4137478733601779,-19.829789999999882,-34.72717,-0.001284347935097463,False,out_of_sample,24,120,high_cost,0.0018,0.9987156520649025,0.9987156520649025,0.0
downtrend_highvol_forced_cover_signal,fixed_horizon,24,1647,1648,1672,2026-05-13 17:15:00+00:00,2026-05-13 17:20:00+00:00,2026-05-13 19:20:00+00:00,79323.79,79398.58327700001,0.0009428858227780168,-0.0002571141772219831,24,fixed_24b_exit,0,79238.6,4,0.5148592605461577,6.5789700000001154,6.329630000000002,0.359884740708006,-32.13990999999988,-3.705340000000003,-0.0015411318882567748,False,out_of_sample,24,120,high_cost,0.0018,0.9984588681117432,0.9987156520649025,-0.00025711417722196206
downtrend_highvol_forced_cover_signal,fixed_horizon,24,3074,3075,3099,2026-05-18 16:10:00+00:00,2026-05-18 16:15:00+00:00,2026-05-18 18:15:00+00:00,76532.172766,76320.466989,-0.0027662324137498473,-0.003966232413749847,24,fixed_24b_exit,0,76485.29,3,0.42926045439166666,-54.29888999999989,26.859699999999982,0.5864216890574523,34.8357100000001,52.29809,-0.0055012518147575795,False,out_of_sample,24,120,high_cost,0.0018,0.9944987481852424,0.9987156520649025,-0.004222326816388011
downtrend_highvol_forced_cover_signal,fixed_horizon,24,4234,4235,4259,2026-05-22 16:50:00+00:00,2026-05-22 16:55:00+00:00,2026-05-22 18:55:00+00:00,77022.559838,76514.508759,-0.006596133393496295,-0.007796133393496295,24,fixed_24b_exit,0,76975.1,5,0.7377154300753284,95.95593000000008,40.94180000000001,0.26000660861021363,-246.7984999999999,13.181549999999987,-0.013254496715274788,False,out_of_sample,24,120,high_cost,0.0018,0.9867455032847252,0.9987156520649025,-0.011985542386792836
downtrend_highvol_forced_cover_signal,fixed_horizon,24,4800,4801,4825,2026-05-24 16:00:00+00:00,2026-05-24 16:05:00+00:00,2026-05-24 18:05:00+00:00,76591.660607,76657.81575400001,0.0008637382513412284,-0.0003362617486587715,24,fixed_24b_exit,0,76539.38,4,0.5581474276006713,20.316410000000054,21.17819,0.44486676419517757,-3.225999999999946,-10.685580000000002,-0.013586301483690444,False,out_of_sample,24,120,high_cost,0.0018,0.9864136985163096,0.9987156520649025,-0.012317773856009961
downtrend_highvol_forced_cover_signal,fixed_horizon,24,5655,5656,5680,2026-05-27 15:15:00+00:00,2026-05-27 15:20:00+00:00,2026-05-27 17:20:00+00:00,75243.646324,75020.717031,-0.0029627656804412927,-0.004162765680441292,24,fixed_24b_exit,0,75172.87,3,0.6234161388794343,43.24502000000002,40.585409999999996,0.40453638883648413,-44.935179999999974,47.16359,-0.017692510574591314,False,out_of_sample,24,120,high_cost,0.0018,0.9823074894254087,0.9987156520649025,-0.016429263530184035
downtrend_highvol_forced_cover_signal,fixed_horizon,24,5700,5701,5725,2026-05-27 19:00:00+00:00,2026-05-27 19:05:00+00:00,2026-05-27 21:05:00+00:00,75074.41557,75142.55047,0.0009075648406009496,-0.00029243515939905034,24,fixed_24b_exit,0,75032.01,3,0.7019501613946647,57.100980000000014,1.5047599999999974,0.4165477051514339,-7.991329999999987,2.198080000000001,-0.017979771821840296,False,out_of_sample,24,120,high_cost,0.0018,0.9820202281781597,0.9987156520649025,-0.01671689419528377
downtrend_highvol_forced_cover_signal,fixed_horizon,24,6228,6229,6253,2026-05-29 15:00:00+00:00,2026-05-29 15:05:00+00:00,2026-05-29 17:05:00+00:00,73335.934182,74107.761,0.01052453789004093,0.00932453789004093,24,fixed_24b_exit,0,73198.17,5,0.6500951573594481,139.25829,35.74498,0.7394252838192691,159.18971,93.58624,-0.008822886995406454,True,out_of_sample,24,120,high_cost,0.0018,0.9911771130045935,0.9987156520649025,-0.007548233618570599
downtrend_highvol_forced_cover_signal,fixed_horizon,24,6809,6810,6834,2026-05-31 15:25:00+00:00,2026-05-31 15:30:00+00:00,2026-05-31 17:30:00+00:00,73770.784598,73638.151925,-0.0017979024314673797,-0.0029979024314673794,24,fixed_24b_exit,0,73742.0,3,0.7170075872737679,28.46537999999995,20.5799,0.746590959278373,16.415209999999952,13.225670000000001,-0.011794339272497734,False,out_of_sample,24,120,high_cost,0.0018,0.9882056607275023,0.9987156520649025,-0.010523507182119585
downtrend_highvol_forced_cover_signal,fixed_horizon,24,6835,6836,6860,2026-05-31 17:35:00+00:00,2026-05-31 17:40:00+00:00,2026-05-31 19:40:00+00:00,73740.04537899999,73498.353877,-0.003277615314145388,-0.0044776153141453875,24,fixed_24b_exit,0,73680.0,3,0.6798366612580621,16.90437999999995,0.4891699999999979,0.3618497209865296,-16.922840000000043,-12.084979999999995,-0.01621914407249636,False,out_of_sample,24,120,high_cost,0.0018,0.9837808559275036,0.9987156520649025,-0.014954002279347844
downtrend_highvol_forced_cover_signal,fixed_horizon,24,7019,7020,7044,2026-06-01 08:55:00+00:00,2026-06-01 09:00:00+00:00,2026-06-01 11:00:00+00:00,72924.510792,72682.1888,-0.003322915565263984,-0.004522915565263984,24,fixed_24b_exit,0,72865.58,4,0.731768286165141,59.93055999999996,109.96245,0.5758740002296054,15.042059999999882,-6.723140000000004,-0.020668701818579605,False,out_of_sample,24,120,high_cost,0.0018,0.9793312981814204,0.9987156520649025,-0.019409282154939533
downtrend_highvol_forced_cover_signal,fixed_horizon,24,7113,7114,7138,2026-06-01 16:45:00+00:00,2026-06-01 16:50:00+00:00,2026-06-01 18:50:00+00:00,71401.183931,71523.74643700001,0.0017165332457014237,0.0005165332457014238,24,fixed_24b_exit,0,71356.0,3,0.581933909873005,133.02346999999997,-207.13461000000007,0.591597114315357,33.451899999999895,51.79078,-0.02016284464451301,True,out_of_sample,24,120,high_cost,0.0018,0.979837155355487,0.9987156520649025,-0.01890277444874644
downtrend_highvol_forced_cover_signal,fixed_horizon,24,7254,7255,7279,2026-06-02 04:30:00+00:00,2026-06-02 04:35:00+00:00,2026-06-02 06:35:00+00:00,71051.298997,70301.843118,-0.010548095384317224,-0.011748095384317224,24,fixed_24b_exit,0,71028.25,3,0.6132697817007466,27.615609999999887,16.302759999999992,0.6536323616349129,77.19375999999988,22.193079999999995,-0.031674065006727314,False,out_of_sample,24,120,high_cost,0.0018,0.9683259349932727,0.9987156520649025,-0.03042879823581146
downtrend_highvol_forced_cover_signal,fixed_horizon,24,7491,7492,7516,2026-06-03 00:15:00+00:00,2026-06-03 00:20:00+00:00,2026-06-03 02:20:00+00:00,67105.845716,66659.996,-0.006643977305447968,-0.007843977305447968,24,fixed_24b_exit,0,66912.0,3,0.5548485860125347,50.51424999999977,109.22464,0.5665258824583301,32.304269999999775,-105.88644,-0.03926959166509125,False,out_of_sample,24,120,high_cost,0.0018,0.9607304083349087,0.9987156520649025,-0.0380340927384657
downtrend_highvol_forced_cover_signal,fixed_horizon,24,8153,8154,8178,2026-06-05 07:25:00+00:00,2026-06-05 07:30:00+00:00,2026-06-05 09:30:00+00:00,62271.615882,62996.615344,0.011642534913078428,0.010442534913078429,24,fixed_24b_exit,0,62203.29,3,0.583303095244338,86.53159999999994,52.9136,0.49475012644701155,-2.1361200000000444,-35.314040000000006,-0.029237130833997926,True,out_of_sample,24,120,high_cost,0.0018,0.9707628691660021,0.9987156520649025,-0.027988730166696008
downtrend_highvol_forced_cover_signal,fixed_horizon,24,44,45,69,2026-05-08 03:40:00+00:00,2026-05-08 03:45:00+00:00,2026-05-08 05:45:00+00:00,79654.09461300001,79679.24127900001,0.0003156983469860819,-8.430165301391812e-05,24,fixed_24b_exit,0,79642.55,3,0.630470871078894,15.850760000000106,8.35204,0.4137478733601779,-19.829789999999882,-34.72717,-8.430165301387404e-05,False,out_of_sample,24,120,low_cost,0.0006000000000000001,0.9999156983469861,0.9999156983469861,0.0
downtrend_highvol_forced_cover_signal,fixed_horizon,24,1647,1648,1672,2026-05-13 17:15:00+00:00,2026-05-13 17:20:00+00:00,2026-05-13 19:20:00+00:00,79307.93,79414.467759,0.001343343080572268,0.000943343080572268,24,fixed_24b_exit,0,79238.6,4,0.5148592605461577,6.5789700000001154,6.329630000000002,0.359884740708006,-32.13990999999988,-3.705340000000003,0.0008589619021774908,True,out_of_sample,24,120,low_cost,0.0006000000000000001,1.0008589619021775,1.0008589619021775,0.0
downtrend_highvol_forced_cover_signal,fixed_horizon,24,3074,3075,3099,2026-05-18 16:10:00+00:00,2026-05-18 16:15:00+00:00,2026-05-18 18:15:00+00:00,76516.870922,76335.735663,-0.0023672591000832854,-0.0027672591000832856,24,fixed_24b_exit,0,76485.29,3,0.42926045439166666,-54.29888999999989,26.859699999999982,0.5864216890574523,34.8357100000001,52.29809,-0.0019106741680461337,False,out_of_sample,24,120,low_cost,0.0006000000000000001,0.9980893258319539,1.0008589619021775,-0.0027672591000832414
downtrend_highvol_forced_cover_signal,fixed_horizon,24,4234,4235,4259,2026-05-22 16:50:00+00:00,2026-05-22 16:55:00+00:00,2026-05-22 18:55:00+00:00,77007.159946,76529.816253,-0.006198692346721213,-0.006598692346721213,24,fixed_24b_exit,0,76975.1,5,0.7377154300753284,95.95593000000008,40.94180000000001,0.26000660861021363,-246.7984999999999,13.181549999999987,-0.008496758563757534,False,out_of_sample,24,120,low_cost,0.0006000000000000001,0.9915032414362425,1.0008589619021775,-0.009347691155359272
downtrend_highvol_forced_cover_signal,fixed_horizon,24,4800,4801,4825,2026-05-24 16:00:00+00:00,2026-05-24 16:05:00+00:00,2026-05-24 18:05:00+00:00,76576.346869,76673.151918,0.0012641638437729252,0.0008641638437729253,24,fixed_24b_exit,0,76539.38,4,0.5581474276006713,20.316410000000054,21.17819,0.44486676419517757,-3.225999999999946,-10.685580000000002,-0.0076399373115246805,True,out_of_sample,24,120,low_cost,0.0006000000000000001,0.9923600626884753,1.0008589619021775,-0.0084916052483055
downtrend_highvol_forced_cover_signal,fixed_horizon,24,5655,5656,5680,2026-05-27 15:15:00+00:00,2026-05-27 15:20:00+00:00,2026-05-27 17:20:00+00:00,75228.602108,75035.725677,-0.0025638709958096806,-0.0029638709958096808,24,fixed_24b_exit,0,75172.87,3,0.6234161388794343,43.24502000000002,40.585409999999996,0.40453638883648413,-44.935179999999974,47.16359,-0.010581164518726927,False,out_of_sample,24,120,low_cost,0.0006000000000000001,0.9894188354812731,1.0008589619021775,-0.011430308221611951
downtrend_highvol_forced_cover_signal,fixed_horizon,24,5700,5701,5725,2026-05-27 19:00:00+00:00,2026-05-27 19:05:00+00:00,2026-05-27 21:05:00+00:00,75059.40518999999,75157.58349,0.001308007967176117,0.0009080079671761169,24,fixed_24b_exit,0,75032.01,3,0.7019501613946647,57.100980000000014,1.5047599999999974,0.4165477051514339,-7.991329999999987,2.198080000000001,-0.009682764333235783,True,out_of_sample,24,120,low_cost,0.0006000000000000001,0.9903172356667642,1.0008589619021775,-0.010532679065368256
downtrend_highvol_forced_cover_signal,fixed_horizon,24,6228,6229,6253,2026-05-29 15:00:00+00:00,2026-05-29 15:05:00+00:00,2026-05-29 17:05:00+00:00,73321.271394,74122.587,0.010928828575462735,0.010528828575462735,24,fixed_24b_exit,0,73198.17,5,0.6500951573594481,139.25829,35.74498,0.7394252838192691,159.18971,93.58624,0.0007441160764256605,True,out_of_sample,24,120,low_cost,0.0006000000000000001,1.0007441160764257,1.0008589619021775,-0.00011474726222515663
downtrend_highvol_forced_cover_signal,fixed_horizon,24,6809,6810,6834,2026-05-31 15:25:00+00:00,2026-05-31 15:30:00+00:00,2026-05-31 17:30:00+00:00,73756.034866,73652.883975,-0.001398541708314438,-0.001798541708314438,24,fixed_24b_exit,0,73742.0,3,0.7170075872737679,28.46537999999995,20.5799,0.746590959278373,16.415209999999952,13.225670000000001,-0.0010557639556879606,False,out_of_sample,24,120,low_cost,0.0006000000000000001,0.998944236044312,1.0008589619021775,-0.0019130825928025397
downtrend_highvol_forced_cover_signal,fixed_horizon,24,6835,6836,6860,2026-05-31 17:35:00+00:00,2026-05-31 17:40:00+00:00,2026-05-31 19:40:00+00:00,73725.30179299999,73513.057959,-0.002878846594564166,-0.0032788465945641663,24,fixed_24b_exit,0,73680.0,3,0.6798366612580621,16.90437999999995,0.4891699999999979,0.3618497209865296,-16.922840000000043,-12.084979999999995,-0.004331148862201317,False,out_of_sample,24,120,low_cost,0.0006000000000000001,0.9956688511377987,1.0008589619021775,-0.005185656483022161
downtrend_highvol_forced_cover_signal,fixed_horizon,24,7019,7020,7044,2026-06-01 08:55:00+00:00,2026-06-01 09:00:00+00:00,2026-06-01 11:00:00+00:00,72909.930264,72696.7296,-0.0029241649694082827,-0.003324164969408283,24,fixed_24b_exit,0,72865.58,4,0.731768286165141,59.93055999999996,109.96245,0.5758740002296054,15.042059999999882,-6.723140000000004,-0.007640916378284568,False,out_of_sample,24,120,low_cost,0.0006000000000000001,0.9923590836217154,1.0008589619021775,-0.008492583474806192
downtrend_highvol_forced_cover_signal,fixed_horizon,24,7113,7114,7138,2026-06-01 16:45:00+00:00,2026-06-01 16:50:00+00:00,2026-06-01 18:50:00+00:00,71386.90797700001,71538.055479,0.002117300024378377,0.0017173000243783769,24,fixed_24b_exit,0,71356.0,3,0.581933909873005,133.02346999999997,-207.13461000000007,0.591597114315357,33.451899999999895,51.79078,-0.005936738099788896,True,out_of_sample,24,120,low_cost,0.0006000000000000001,0.9940632619002111,1.0008589619021775,-0.006789867764236068
downtrend_highvol_forced_cover_signal,fixed_horizon,24,7254,7255,7279,2026-06-02 04:30:00+00:00,2026-06-02 04:35:00+00:00,2026-06-02 06:35:00+00:00,71037.092999,70315.907706,-0.010152235438606105,-0.010552235438606105,24,fixed_24b_exit,0,71028.25,3,0.6132697817007466,27.615609999999887,16.302759999999992,0.6536323616349129,77.19375999999988,22.193079999999995,-0.01642632768022867,False,out_of_sample,24,120,low_cost,0.0006000000000000001,0.9835736723197713,1.0008589619021775,-0.017270454919597
downtrend_highvol_forced_cover_signal,fixed_horizon,24,7491,7492,7516,2026-06-03 00:15:00+00:00,2026-06-03 00:20:00+00:00,2026-06-03 02:20:00+00:00,67092.428572,66673.332,-0.006246555400066578,-0.006646555400066578,24,fixed_24b_exit,0,66912.0,3,0.5548485860125347,50.51424999999977,109.22464,0.5665258824583301,32.304269999999775,-105.88644,-0.022963704583348954,False,out_of_sample,24,120,low_cost,0.0006000000000000001,0.977036295416651,1.0008589619021775,-0.02380222128425602
downtrend_highvol_forced_cover_signal,fixed_horizon,24,8153,8154,8178,2026-06-05 07:25:00+00:00,2026-06-05 07:30:00+00:00,2026-06-05 09:30:00+00:00,62259.165294,63009.218448,0.012047272886780647,0.011647272886780647,24,fixed_24b_exit,0,62203.29,3,0.583303095244338,86.53159999999994,52.9136,0.49475012644701155,-2.1361200000000444,-35.314040000000006,-0.01158389623034195,True,out_of_sample,24,120,low_cost,0.0006000000000000001,0.988416103769658,1.0008589619021775,-0.012432179364084694
downtrend_highvol_forced_cover_signal,fixed_horizon,24,44,45,69,2026-05-08 03:40:00+00:00,2026-05-08 03:45:00+00:00,2026-05-08 05:45:00+00:00,79646.13,79687.21,0.0005157814949703354,0.0005157814949703354,24,fixed_24b_exit,0,79642.55,3,0.630470871078894,15.850760000000106,8.35204,0.4137478733601779,-19.829789999999882,-34.72717,0.0005157814949703354,True,out_of_sample,24,120,no_cost,0.0,1.0005157814949703,1.0005157814949703,0.0
downtrend_highvol_forced_cover_signal,fixed_horizon,24,1647,1648,1672,2026-05-13 17:15:00+00:00,2026-05-13 17:20:00+00:00,2026-05-13 19:20:00+00:00,79300.0,79422.41,0.0015436317780579412,0.0015436317780579412,24,fixed_24b_exit,0,79238.6,4,0.5148592605461577,6.5789700000001154,6.329630000000002,0.359884740708006,-32.13990999999988,-3.705340000000003,0.002060209449734396,True,out_of_sample,24,120,no_cost,0.0,1.0020602094497344,1.0020602094497344,0.0
downtrend_highvol_forced_cover_signal,fixed_horizon,24,3074,3075,3099,2026-05-18 16:10:00+00:00,2026-05-18 16:15:00+00:00,2026-05-18 18:15:00+00:00,76509.22,76343.37,-0.002167712597253013,-0.002167712597253013,24,fixed_24b_exit,0,76485.29,3,0.42926045439166666,-54.29888999999989,26.859699999999982,0.5864216890574523,34.8357100000001,52.29809,-0.0001119690894957337,False,out_of_sample,24,120,no_cost,0.0,0.9998880309105043,1.0020602094497344,-0.002167712597253013
downtrend_highvol_forced_cover_signal,fixed_horizon,24,4234,4235,4259,2026-05-22 16:50:00+00:00,2026-05-22 16:55:00+00:00,2026-05-22 18:55:00+00:00,76999.46,76537.47,-0.00599991220717655,-0.00599991220717655,24,fixed_24b_exit,0,76975.1,5,0.7377154300753284,95.95593000000008,40.94180000000001,0.26000660861021363,-246.7984999999999,13.181549999999987,-0.006111209491965419,False,out_of_sample,24,120,no_cost,0.0,0.9938887905080346,1.0020602094497344,-0.008154618719155682
downtrend_highvol_forced_cover_signal,fixed_horizon,24,4800,4801,4825,2026-05-24 16:00:00+00:00,2026-05-24 16:05:00+00:00,2026-05-24 18:05:00+00:00,76568.69,76680.82,0.0014644367038276762,0.0014644367038276762,24,fixed_24b_exit,0,76539.38,4,0.5581474276006713,20.316410000000054,21.17819,0.44486676419517757,-3.225999999999946,-10.685580000000002,-0.004655722267622564,True,out_of_sample,24,120,no_cost,0.0,0.9953442777323774,1.0020602094497344,-0.006702123938286064
downtrend_highvol_forced_cover_signal,fixed_horizon,24,5655,5656,5680,2026-05-27 15:15:00+00:00,2026-05-27 15:20:00+00:00,2026-05-27 17:20:00+00:00,75221.08,75043.23,-0.002364363819291171,-0.002364363819291171,24,fixed_24b_exit,0,75172.87,3,0.6234161388794343,43.24502000000002,40.585409999999996,0.40453638883648413,-44.935179999999974,47.16359,-0.007009078265631463,False,out_of_sample,24,120,no_cost,0.0,0.9929909217343685,1.0020602094497344,-0.009050641498225098
downtrend_highvol_forced_cover_signal,fixed_horizon,24,5700,5701,5725,2026-05-27 19:00:00+00:00,2026-05-27 19:05:00+00:00,2026-05-27 21:05:00+00:00,75051.9,75165.1,0.0015082895969324994,0.0015082895969324994,24,fixed_24b_exit,0,75032.01,3,0.7019501613946647,57.100980000000014,1.5047599999999974,0.4165477051514339,-7.991329999999987,2.198080000000001,-0.005511360388531061,True,out_of_sample,24,120,no_cost,0.0,0.9944886396114689,1.0020602094497344,-0.007556002889709812
downtrend_highvol_forced_cover_signal,fixed_horizon,24,6228,6229,6253,2026-05-29 15:00:00+00:00,2026-05-29 15:05:00+00:00,2026-05-29 17:05:00+00:00,73313.94,74130.0,0.011131034561776332,0.011131034561776332,24,fixed_24b_exit,0,73198.17,5,0.6500951573594481,139.25829,35.74498,0.7394252838192691,159.18971,93.58624,0.005558327030278143,True,out_of_sample,24,120,no_cost,0.0,1.0055583270302781,1.0055583270302781,0.0
downtrend_highvol_forced_cover_signal,fixed_horizon,24,6809,6810,6834,2026-05-31 15:25:00+00:00,2026-05-31 15:30:00+00:00,2026-05-31 17:30:00+00:00,73748.66,73660.25,-0.0011988014426296267,-0.0011988014426296267,24,fixed_24b_exit,0,73742.0,3,0.7170075872737679,28.46537999999995,20.5799,0.746590959278373,16.415209999999952,13.225670000000001,0.004352862257186008,False,out_of_sample,24,120,no_cost,0.0,1.004352862257186,1.0055583270302781,-0.0011988014426296267
downtrend_highvol_forced_cover_signal,fixed_horizon,24,6835,6836,6860,2026-05-31 17:35:00+00:00,2026-05-31 17:40:00+00:00,2026-05-31 19:40:00+00:00,73717.93,73520.41,-0.0026794024194655153,-0.0026794024194655153,24,fixed_24b_exit,0,73680.0,3,0.6798366612580621,16.90437999999995,0.4891699999999979,0.3618497209865296,-16.922840000000043,-12.084979999999995,0.001661796768057,False,out_of_sample,24,120,no_cost,0.0,1.001661796768057,1.0055583270302781,-0.003874991790609239
downtrend_highvol_forced_cover_signal,fixed_horizon,24,7019,7020,7044,2026-06-01 08:55:00+00:00,2026-06-01 09:00:00+00:00,2026-06-01 11:00:00+00:00,72902.64,72704.0,-0.0027247298588912727,-0.0027247298588912727,24,fixed_24b_exit,0,72865.58,4,0.731768286165141,59.93055999999996,109.96245,0.5758740002296054,15.042059999999882,-6.723140000000004,-0.00106746103810762,False,out_of_sample,24,120,no_cost,0.0,0.9989325389618924,1.0055583270302781,-0.0065891633436657715
downtrend_highvol_forced_cover_signal,fixed_horizon,24,7113,7114,7138,2026-06-01 16:45:00+00:00,2026-06-01 16:50:00+00:00,2026-06-01 18:50:00+00:00,71379.77,71545.21,0.0023177435287338177,0.0023177435287338177,24,fixed_24b_exit,0,71356.0,3,0.581933909873005,133.02346999999997,-207.13461000000007,0.591597114315357,33.451899999999895,51.79078,0.0012478083897129455,True,out_of_sample,24,120,no_cost,0.0,1.001247808389713,1.0055583270302781,-0.00428669180563146
downtrend_highvol_forced_cover_signal,fixed_horizon,24,7254,7255,7279,2026-06-02 04:30:00+00:00,2026-06-02 04:35:00+00:00,2026-06-02 06:35:00+00:00,71029.99,70322.94,-0.009954246086758656,-0.009954246086758656,24,fixed_24b_exit,0,71028.25,3,0.6132697817007466,27.615609999999887,16.302759999999992,0.6536323616349129,77.19375999999988,22.193079999999995,-0.008718858688826048,False,out_of_sample,24,120,no_cost,0.0,0.991281141311174,1.0055583270302781,-0.0141982671072588
downtrend_highvol_forced_cover_signal,fixed_horizon,24,7491,7492,7516,2026-06-03 00:15:00+00:00,2026-06-03 00:20:00+00:00,2026-06-03 02:20:00+00:00,67085.72,66680.0,-0.006047784834089853,-0.006047784834089853,24,fixed_24b_exit,0,66912.0,3,0.5548485860125347,50.51424999999977,109.22464,0.5665258824583301,32.304269999999775,-105.88644,-0.014713913741567053,False,out_of_sample,24,120,no_cost,0.0,0.985286086258433,1.0055583270302781,-0.02016018387686702
downtrend_highvol_forced_cover_signal,fixed_horizon,24,8153,8154,8178,2026-06-05 07:25:00+00:00,2026-06-05 07:30:00+00:00,2026-06-05 09:30:00+00:00,62252.94,63015.52,0.01224970258432756,0.01224970258432756,24,fixed_24b_exit,0,62203.29,3,0.583303095244338,86.53159999999994,52.9136,0.49475012644701155,-2.1361200000000444,-35.314040000000006,-0.002644452224425109,True,out_of_sample,24,120,no_cost,0.0,0.9973555477755749,1.0055583270302781,-0.008157437549076385
