signal_name,signal_idx,entry_idx,exit_idx,signal_time,entry_time,exit_time,entry_price,exit_price,gross_return,net_return,holding_bars,exit_reason,win,sample_split,holding_bars_config,holding_minutes,cost_label,round_trip_cost,equity_curve,running_max,drawdown
dhv_buy60_cvdpos_signal,2512,2513,2516,2026-03-18 17:20:00+00:00,2026-03-18 17:25:00+00:00,2026-03-18 17:40:00+00:00,71479.91,71590.62,0.0015488267962284752,0.0003488267962284751,3,fixed_3b_exit,True,in_sample,3,15,base_cost,0.0012000000000000001,1.0003488267962284,1.0003488267962284,0.0
dhv_buy60_cvdpos_signal,3095,3096,3099,2026-03-20 17:55:00+00:00,2026-03-20 18:00:00+00:00,2026-03-20 18:15:00+00:00,69951.44,69959.09,0.00010936157997587515,-0.001090638420024125,3,fixed_3b_exit,False,in_sample,3,15,base_cost,0.0012000000000000001,0.9992578079322983,1.0003488267962284,-0.0010906384200241037
dhv_buy60_cvdpos_signal,3721,3722,3725,2026-03-22 22:05:00+00:00,2026-03-22 22:10:00+00:00,2026-03-22 22:25:00+00:00,67912.81,68256.0,0.005053391252695993,0.0038533912526959933,3,fixed_3b_exit,True,in_sample,3,15,base_cost,0.0012000000000000001,1.0031083392285727,1.0031083392285727,0.0
dhv_buy60_cvdpos_signal,4840,4841,4844,2026-03-26 19:20:00+00:00,2026-03-26 19:25:00+00:00,2026-03-26 19:40:00+00:00,68435.96,68633.12,0.0028809415400907756,0.0016809415400907755,3,fixed_3b_exit,True,in_sample,3,15,base_cost,0.0012000000000000001,1.0047945057051935,1.0047945057051935,0.0
dhv_buy60_cvdpos_signal,5484,5485,5488,2026-03-29 01:00:00+00:00,2026-03-29 01:05:00+00:00,2026-03-29 01:20:00+00:00,66500.53,66542.94,0.0006377392781682367,-0.0005622607218317634,3,fixed_3b_exit,False,in_sample,3,15,base_cost,0.0012000000000000001,1.004229549221123,1.0047945057051935,-0.0005622607218317421
dhv_buy60_cvdpos_signal,7459,7460,7463,2026-04-04 21:35:00+00:00,2026-04-04 21:40:00+00:00,2026-04-04 21:55:00+00:00,67311.17,67359.2,0.0007135517032315075,-0.0004864482967684926,3,fixed_3b_exit,False,in_sample,3,15,base_cost,0.0012000000000000001,1.00374104346734,1.0047945057051935,-0.001048435507829737
dhv_buy60_cvdpos_signal,7595,7596,7599,2026-04-05 08:55:00+00:00,2026-04-05 09:00:00+00:00,2026-04-05 09:15:00+00:00,66971.11,66956.52,-0.00021785513186201033,-0.0014178551318620104,3,fixed_3b_exit,False,in_sample,3,15,base_cost,0.0012000000000000001,1.0023178840777993,1.0047945057051935,-0.002464804110026475
dhv_buy60_cvdpos_signal,9793,9794,9797,2026-04-13 00:05:00+00:00,2026-04-13 00:10:00+00:00,2026-04-13 00:25:00+00:00,70916.18,70982.39,0.0009336374294273142,-0.0002663625705726859,3,fixed_3b_exit,False,in_sample,3,15,base_cost,0.0012000000000000001,1.0020509041096655,1.0047945057051935,-0.002730510149040355
dhv_buy60_cvdpos_signal,11808,11809,11812,2026-04-20 00:00:00+00:00,2026-04-20 00:05:00+00:00,2026-04-20 00:20:00+00:00,74071.14,74248.0,0.0023877045769782335,0.0011877045769782333,3,fixed_3b_exit,True,in_sample,3,15,base_cost,0.0012000000000000001,1.0032410445548416,1.0047945057051935,-0.0015460486114636796
dhv_buy60_cvdpos_signal,11818,11819,11822,2026-04-20 00:50:00+00:00,2026-04-20 00:55:00+00:00,2026-04-20 01:10:00+00:00,74280.01,74360.0,0.0010768711528177377,-0.0001231288471822624,3,fixed_3b_exit,False,in_sample,3,15,base_cost,0.0012000000000000001,1.0031175166415798,1.0047945057051935,-0.001668987095462593
dhv_buy60_cvdpos_signal,12324,12325,12328,2026-04-21 19:00:00+00:00,2026-04-21 19:05:00+00:00,2026-04-21 19:20:00+00:00,75692.04,75832.43,0.001854752494449885,0.0006547524944498849,3,fixed_3b_exit,True,in_sample,3,15,base_cost,0.0012000000000000001,1.0037743103378272,1.0047945057051935,-0.0010153273744767377
dhv_buy60_cvdpos_signal,12811,12812,12815,2026-04-23 11:35:00+00:00,2026-04-23 11:40:00+00:00,2026-04-23 11:55:00+00:00,77588.2,77704.62,0.0015004858986289449,0.00030048589862894477,3,fixed_3b_exit,True,in_sample,3,15,base_cost,0.0012000000000000001,1.0040759303634896,1.0047945057051935,-0.000715146567406344
dhv_buy60_cvdpos_signal,13470,13471,13474,2026-04-25 18:30:00+00:00,2026-04-25 18:35:00+00:00,2026-04-25 18:50:00+00:00,77350.19,77308.73,-0.000536003854677114,-0.001736003854677114,3,fixed_3b_exit,False,in_sample,3,15,base_cost,0.0012000000000000001,1.00233285067799,1.0047945057051935,-0.0024499089248858352
dhv_buy60_cvdpos_signal,14204,14205,14208,2026-04-28 07:40:00+00:00,2026-04-28 07:45:00+00:00,2026-04-28 08:00:00+00:00,76777.4,76804.07,0.000347367845225488,-0.0008526321547745121,3,fixed_3b_exit,False,in_sample,3,15,base_cost,0.0012000000000000001,1.0014782294597153,1.0047945057051935,-0.0033004522085345878
dhv_buy60_cvdpos_signal,14302,14303,14306,2026-04-28 15:50:00+00:00,2026-04-28 15:55:00+00:00,2026-04-28 16:10:00+00:00,76066.38,76020.45,-0.0006038147207741984,-0.0018038147207741985,3,fixed_3b_exit,False,in_sample,3,15,base_cost,0.0012000000000000001,0.999671748286881,1.0047945057051935,-0.005098313525029874
dhv_buy60_cvdpos_signal,14647,14648,14651,2026-04-29 20:35:00+00:00,2026-04-29 20:40:00+00:00,2026-04-29 20:55:00+00:00,75773.61,75676.79,-0.0012777535609034274,-0.0024777535609034275,3,fixed_3b_exit,False,in_sample,3,15,base_cost,0.0012000000000000001,0.9971948080528287,1.0047945057051935,-0.007563434721441942
dhv_buy60_cvdpos_signal,15857,15858,15861,2026-05-04 01:25:00+00:00,2026-05-04 01:30:00+00:00,2026-05-04 01:45:00+00:00,78949.6,78980.23,0.0003879690334085417,-0.0008120309665914584,3,fixed_3b_exit,False,in_sample,3,15,base_cost,0.0012000000000000001,0.9963850549889656,1.0047945057051935,-0.008369323944825813
dhv_buy60_cvdpos_signal,16431,16432,16435,2026-05-06 01:15:00+00:00,2026-05-06 01:20:00+00:00,2026-05-06 01:35:00+00:00,81294.65,81320.02,0.0003120746568194832,-0.0008879253431805169,3,fixed_3b_exit,False,in_sample,3,15,base_cost,0.0012000000000000001,0.9955003394470746,1.0047945057051935,-0.00924981795317037
dhv_buy60_cvdpos_signal,16919,16920,16923,2026-05-07 17:55:00+00:00,2026-05-07 18:00:00+00:00,2026-05-07 18:15:00+00:00,80140.0,80170.0,0.000374344896431289,-0.0008256551035687111,3,fixed_3b_exit,False,in_sample,3,15,base_cost,0.0012000000000000001,0.9946783995112057,1.0047945057051935,-0.01006783589733895
dhv_buy60_cvdpos_signal,2512,2513,2516,2026-03-18 17:20:00+00:00,2026-03-18 17:25:00+00:00,2026-03-18 17:40:00+00:00,71479.91,71590.62,0.0015488267962284752,0.0015488267962284752,3,fixed_3b_exit,True,in_sample,3,15,no_cost,0.0,1.0015488267962285,1.0015488267962285,0.0
dhv_buy60_cvdpos_signal,3095,3096,3099,2026-03-20 17:55:00+00:00,2026-03-20 18:00:00+00:00,2026-03-20 18:15:00+00:00,69951.44,69959.09,0.00010936157997587515,0.00010936157997587515,3,fixed_3b_exit,True,in_sample,3,15,no_cost,0.0,1.00165835775835,1.00165835775835,0.0
dhv_buy60_cvdpos_signal,3721,3722,3725,2026-03-22 22:05:00+00:00,2026-03-22 22:10:00+00:00,2026-03-22 22:25:00+00:00,67912.81,68256.0,0.005053391252695993,0.005053391252695993,3,fixed_3b_exit,True,in_sample,3,15,no_cost,0.0,1.006720129341636,1.006720129341636,0.0
dhv_buy60_cvdpos_signal,4840,4841,4844,2026-03-26 19:20:00+00:00,2026-03-26 19:25:00+00:00,2026-03-26 19:40:00+00:00,68435.96,68633.12,0.0028809415400907756,0.0028809415400907756,3,fixed_3b_exit,True,in_sample,3,15,no_cost,0.0,1.0096204311815018,1.0096204311815018,0.0
dhv_buy60_cvdpos_signal,5484,5485,5488,2026-03-29 01:00:00+00:00,2026-03-29 01:05:00+00:00,2026-03-29 01:20:00+00:00,66500.53,66542.94,0.0006377392781682367,0.0006377392781682367,3,fixed_3b_exit,True,in_sample,3,15,no_cost,0.0,1.0102643057865075,1.0102643057865075,0.0
dhv_buy60_cvdpos_signal,7459,7460,7463,2026-04-04 21:35:00+00:00,2026-04-04 21:40:00+00:00,2026-04-04 21:55:00+00:00,67311.17,67359.2,0.0007135517032315075,0.0007135517032315075,3,fixed_3b_exit,True,in_sample,3,15,no_cost,0.0,1.0109851816026154,1.0109851816026154,0.0
dhv_buy60_cvdpos_signal,7595,7596,7599,2026-04-05 08:55:00+00:00,2026-04-05 09:00:00+00:00,2026-04-05 09:15:00+00:00,66971.11,66956.52,-0.00021785513186201033,-0.00021785513186201033,3,fixed_3b_exit,False,in_sample,3,15,no_cost,0.0,1.0107649332925668,1.0109851816026154,-0.00021785513186201033
dhv_buy60_cvdpos_signal,9793,9794,9797,2026-04-13 00:05:00+00:00,2026-04-13 00:10:00+00:00,2026-04-13 00:25:00+00:00,70916.18,70982.39,0.0009336374294273142,0.0009336374294273142,3,fixed_3b_exit,True,in_sample,3,15,no_cost,0.0,1.0117086212666413,1.0117086212666413,0.0
dhv_buy60_cvdpos_signal,11808,11809,11812,2026-04-20 00:00:00+00:00,2026-04-20 00:05:00+00:00,2026-04-20 00:20:00+00:00,74071.14,74248.0,0.0023877045769782335,0.0023877045769782335,3,fixed_3b_exit,True,in_sample,3,15,no_cost,0.0,1.014124282572208,1.014124282572208,0.0
dhv_buy60_cvdpos_signal,11818,11819,11822,2026-04-20 00:50:00+00:00,2026-04-20 00:55:00+00:00,2026-04-20 01:10:00+00:00,74280.01,74360.0,0.0010768711528177377,0.0010768711528177377,3,fixed_3b_exit,True,in_sample,3,15,no_cost,0.0,1.015216363757482,1.015216363757482,0.0
dhv_buy60_cvdpos_signal,12324,12325,12328,2026-04-21 19:00:00+00:00,2026-04-21 19:05:00+00:00,2026-04-21 19:20:00+00:00,75692.04,75832.43,0.001854752494449885,0.001854752494449885,3,fixed_3b_exit,True,in_sample,3,15,no_cost,0.0,1.0170993388405676,1.0170993388405676,0.0
dhv_buy60_cvdpos_signal,12811,12812,12815,2026-04-23 11:35:00+00:00,2026-04-23 11:40:00+00:00,2026-04-23 11:55:00+00:00,77588.2,77704.62,0.0015004858986289449,0.0015004858986289449,3,fixed_3b_exit,True,in_sample,3,15,no_cost,0.0,1.0186254820560028,1.0186254820560028,0.0
dhv_buy60_cvdpos_signal,13470,13471,13474,2026-04-25 18:30:00+00:00,2026-04-25 18:35:00+00:00,2026-04-25 18:50:00+00:00,77350.19,77308.73,-0.000536003854677114,-0.000536003854677114,3,fixed_3b_exit,False,in_sample,3,15,no_cost,0.0,1.0180794948711485,1.0186254820560028,-0.000536003854677114
dhv_buy60_cvdpos_signal,14204,14205,14208,2026-04-28 07:40:00+00:00,2026-04-28 07:45:00+00:00,2026-04-28 08:00:00+00:00,76777.4,76804.07,0.000347367845225488,0.000347367845225488,3,fixed_3b_exit,True,in_sample,3,15,no_cost,0.0,1.01843314295155,1.0186254820560028,-0.00018882219995564054
dhv_buy60_cvdpos_signal,14302,14303,14306,2026-04-28 15:50:00+00:00,2026-04-28 15:55:00+00:00,2026-04-28 16:10:00+00:00,76066.38,76020.45,-0.0006038147207741984,-0.0006038147207741984,3,fixed_3b_exit,False,in_sample,3,15,no_cost,0.0,1.0178181980277117,1.0186254820560028,-0.0007925229071058526
dhv_buy60_cvdpos_signal,14647,14648,14651,2026-04-29 20:35:00+00:00,2026-04-29 20:40:00+00:00,2026-04-29 20:55:00+00:00,75773.61,75676.79,-0.0012777535609034274,-0.0012777535609034274,3,fixed_3b_exit,False,in_sample,3,15,no_cost,0.0,1.0165176772008295,1.0186254820560028,-0.0020692638190424884
dhv_buy60_cvdpos_signal,15857,15858,15861,2026-05-04 01:25:00+00:00,2026-05-04 01:30:00+00:00,2026-05-04 01:45:00+00:00,78949.6,78980.23,0.0003879690334085417,0.0003879690334085417,3,fixed_3b_exit,True,in_sample,3,15,no_cost,0.0,1.0169120545814958,1.0186254820560028,-0.001682097595917753
dhv_buy60_cvdpos_signal,16431,16432,16435,2026-05-06 01:15:00+00:00,2026-05-06 01:20:00+00:00,2026-05-06 01:35:00+00:00,81294.65,81320.02,0.0003120746568194832,0.0003120746568194832,3,fixed_3b_exit,True,in_sample,3,15,no_cost,0.0,1.017229407061945,1.0186254820560028,-0.001370547879128159
dhv_buy60_cvdpos_signal,16919,16920,16923,2026-05-07 17:55:00+00:00,2026-05-07 18:00:00+00:00,2026-05-07 18:15:00+00:00,80140.0,80170.0,0.000374344896431289,0.000374344896431289,3,fixed_3b_exit,True,in_sample,3,15,no_cost,0.0,1.0176102016989785,1.0186254820560028,-0.0009967160403007158
dhv_buy60_cvdpos_signal,2512,2513,2519,2026-03-18 17:20:00+00:00,2026-03-18 17:25:00+00:00,2026-03-18 17:55:00+00:00,71479.91,71595.21,0.001613040643168251,0.0004130406431682508,6,fixed_6b_exit,True,in_sample,6,30,base_cost,0.0012000000000000001,1.0004130406431682,1.0004130406431682,0.0
dhv_buy60_cvdpos_signal,3095,3096,3102,2026-03-20 17:55:00+00:00,2026-03-20 18:00:00+00:00,2026-03-20 18:30:00+00:00,69951.44,69691.88,-0.003710574078246265,-0.0049105740782462645,6,fixed_6b_exit,False,in_sample,6,30,base_cost,0.0012000000000000001,0.9955004382982463,1.0004130406431682,-0.004910574078246244
dhv_buy60_cvdpos_signal,3721,3722,3728,2026-03-22 22:05:00+00:00,2026-03-22 22:10:00+00:00,2026-03-22 22:40:00+00:00,67912.81,68135.8,0.0032834747965810873,0.002083474796581087,6,fixed_6b_exit,True,in_sample,6,30,base_cost,0.0012000000000000001,0.9975745383714261,1.0004130406431682,-0.0028373303389940263
dhv_buy60_cvdpos_signal,4840,4841,4847,2026-03-26 19:20:00+00:00,2026-03-26 19:25:00+00:00,2026-03-26 19:55:00+00:00,68435.96,68534.36,0.0014378405738737499,0.00023784057387374975,6,fixed_6b_exit,True,in_sample,6,30,base_cost,0.0012000000000000001,0.9978118020721141,1.0004130406431682,-0.002600164597396426
dhv_buy60_cvdpos_signal,5484,5485,5491,2026-03-29 01:00:00+00:00,2026-03-29 01:05:00+00:00,2026-03-29 01:35:00+00:00,66500.53,66390.47,-0.0016550244035649087,-0.0028550244035649088,6,fixed_6b_exit,False,in_sample,6,30,base_cost,0.0012000000000000001,0.9949630250270332,1.0004130406431682,-0.0054477654675824105
dhv_buy60_cvdpos_signal,7459,7460,7466,2026-04-04 21:35:00+00:00,2026-04-04 21:40:00+00:00,2026-04-04 22:10:00+00:00,67311.17,67389.64,0.0011657797658248814,-3.42202341751187e-05,6,fixed_6b_exit,False,in_sample,6,30,base_cost,0.0012000000000000001,0.9949289771593212,1.0004130406431682,-0.005481799277947563
dhv_buy60_cvdpos_signal,7595,7596,7602,2026-04-05 08:55:00+00:00,2026-04-05 09:00:00+00:00,2026-04-05 09:30:00+00:00,66971.11,66996.93,0.0003855393766056814,-0.0008144606233943187,6,fixed_6b_exit,False,in_sample,6,30,base_cost,0.0012000000000000001,0.9941186466843509,1.0004130406431682,-0.006291795191684546
dhv_buy60_cvdpos_signal,9793,9794,9800,2026-04-13 00:05:00+00:00,2026-04-13 00:10:00+00:00,2026-04-13 00:40:00+00:00,70916.18,71063.99,0.0020842916242811427,0.0008842916242811426,6,fixed_6b_exit,True,in_sample,6,30,base_cost,0.0012000000000000001,0.9949977374771555,1.0004130406431682,-0.0054130673491932235
dhv_buy60_cvdpos_signal,11808,11809,11815,2026-04-20 00:00:00+00:00,2026-04-20 00:05:00+00:00,2026-04-20 00:35:00+00:00,74071.14,74155.88,0.0011440353152389893,-5.596468476101084e-05,6,fixed_6b_exit,False,in_sample,6,30,base_cost,0.0012000000000000001,0.9949420527424396,1.0004130406431682,-0.005468729093346503
dhv_buy60_cvdpos_signal,11818,11819,11825,2026-04-20 00:50:00+00:00,2026-04-20 00:55:00+00:00,2026-04-20 01:25:00+00:00,74280.01,74298.03,0.00024259555161609825,-0.0009574044483839019,6,fixed_6b_exit,False,in_sample,6,30,base_cost,0.0012000000000000001,0.9939894907952598,1.0004130406431682,-0.006420897756169497
dhv_buy60_cvdpos_signal,12324,12325,12331,2026-04-21 19:00:00+00:00,2026-04-21 19:05:00+00:00,2026-04-21 19:35:00+00:00,75692.04,75255.19,-0.005771412687516353,-0.006971412687516353,6,fixed_6b_exit,False,in_sample,6,30,base_cost,0.0012000000000000001,0.9870599798478719,1.0004130406431682,-0.013347547715603092
dhv_buy60_cvdpos_signal,12811,12812,12818,2026-04-23 11:35:00+00:00,2026-04-23 11:40:00+00:00,2026-04-23 12:10:00+00:00,77588.2,77714.64,0.0016296292477464558,0.0004296292477464557,6,fixed_6b_exit,True,in_sample,6,30,base_cost,0.0012000000000000001,0.9874840496844944,1.0004130406431682,-0.012923652964741073
dhv_buy60_cvdpos_signal,13470,13471,13477,2026-04-25 18:30:00+00:00,2026-04-25 18:35:00+00:00,2026-04-25 19:05:00+00:00,77350.19,77300.0,-0.0006488671844244731,-0.0018488671844244732,6,fixed_6b_exit,False,in_sample,6,30,base_cost,0.0012000000000000001,0.9856583228298902,1.0004130406431682,-0.01474862603129612
dhv_buy60_cvdpos_signal,14204,14205,14211,2026-04-28 07:40:00+00:00,2026-04-28 07:45:00+00:00,2026-04-28 08:15:00+00:00,76777.4,76886.68,0.001423335512794166,0.00022333551279416592,6,fixed_6b_exit,True,in_sample,6,30,base_cost,0.0012000000000000001,0.9858784553368591,1.0004130406431682,-0.014528584410459788
dhv_buy60_cvdpos_signal,14302,14303,14309,2026-04-28 15:50:00+00:00,2026-04-28 15:55:00+00:00,2026-04-28 16:25:00+00:00,76066.38,75954.58,-0.001469768904475366,-0.002669768904475366,6,fixed_6b_exit,False,in_sample,6,30,base_cost,0.0012000000000000001,0.9832463876932086,1.0004130406431682,-0.0171595653520501
dhv_buy60_cvdpos_signal,14647,14648,14654,2026-04-29 20:35:00+00:00,2026-04-29 20:40:00+00:00,2026-04-29 21:10:00+00:00,75773.61,75794.67,0.0002779331748876679,-0.0009220668251123322,6,fixed_6b_exit,False,in_sample,6,30,base_cost,0.0012000000000000001,0.9823397688182052,1.0004130406431682,-0.018065809911217867
dhv_buy60_cvdpos_signal,15857,15858,15864,2026-05-04 01:25:00+00:00,2026-05-04 01:30:00+00:00,2026-05-04 02:00:00+00:00,78949.6,79730.01,0.009884913919766314,0.008684913919766314,6,fixed_6b_exit,True,in_sample,6,30,base_cost,0.0012000000000000001,0.9908713051503544,1.0004130406431682,-0.009537795995421483
dhv_buy60_cvdpos_signal,16431,16432,16438,2026-05-06 01:15:00+00:00,2026-05-06 01:20:00+00:00,2026-05-06 01:50:00+00:00,81294.65,81446.69,0.0018702337730711616,0.0006702337730711615,6,fixed_6b_exit,True,in_sample,6,30,base_cost,0.0012000000000000001,0.9915354205638331,1.0004130406431682,-0.008873954775347137
dhv_buy60_cvdpos_signal,16919,16920,16926,2026-05-07 17:55:00+00:00,2026-05-07 18:00:00+00:00,2026-05-07 18:30:00+00:00,80140.0,80183.58,0.0005437983528824297,-0.0006562016471175704,6,fixed_6b_exit,False,in_sample,6,30,base_cost,0.0012000000000000001,0.9908847733876838,1.0004130406431682,-0.00952433331872471
dhv_buy60_cvdpos_signal,2512,2513,2519,2026-03-18 17:20:00+00:00,2026-03-18 17:25:00+00:00,2026-03-18 17:55:00+00:00,71479.91,71595.21,0.001613040643168251,0.001613040643168251,6,fixed_6b_exit,True,in_sample,6,30,no_cost,0.0,1.0016130406431683,1.0016130406431683,0.0
dhv_buy60_cvdpos_signal,3095,3096,3102,2026-03-20 17:55:00+00:00,2026-03-20 18:00:00+00:00,2026-03-20 18:30:00+00:00,69951.44,69691.88,-0.003710574078246265,-0.003710574078246265,6,fixed_6b_exit,False,in_sample,6,30,no_cost,0.0,0.9978964812581242,1.0016130406431683,-0.003710574078246265
dhv_buy60_cvdpos_signal,3721,3722,3728,2026-03-22 22:05:00+00:00,2026-03-22 22:10:00+00:00,2026-03-22 22:40:00+00:00,67912.81,68135.8,0.0032834747965810873,0.0032834747965810873,6,fixed_6b_exit,True,in_sample,6,30,no_cost,0.0,1.0011730492039324,1.0016130406431683,-0.00043928285813188417
dhv_buy60_cvdpos_signal,4840,4841,4847,2026-03-26 19:20:00+00:00,2026-03-26 19:25:00+00:00,2026-03-26 19:55:00+00:00,68435.96,68534.36,0.0014378405738737499,0.0014378405738737499,6,fixed_6b_exit,True,in_sample,6,30,no_cost,0.0,1.0026125764355467,1.0026125764355467,0.0
dhv_buy60_cvdpos_signal,5484,5485,5491,2026-03-29 01:00:00+00:00,2026-03-29 01:05:00+00:00,2026-03-29 01:35:00+00:00,66500.53,66390.47,-0.0016550244035649087,-0.0016550244035649087,6,fixed_6b_exit,False,in_sample,6,30,no_cost,0.0,1.0009532281542248,1.0026125764355467,-0.0016550244035647976
dhv_buy60_cvdpos_signal,7459,7460,7466,2026-04-04 21:35:00+00:00,2026-04-04 21:40:00+00:00,2026-04-04 22:10:00+00:00,67311.17,67389.64,0.0011657797658248814,0.0011657797658248814,6,fixed_6b_exit,True,in_sample,6,30,no_cost,0.0,1.002120119174144,1.0026125764355467,-0.0004911740317017355
dhv_buy60_cvdpos_signal,7595,7596,7602,2026-04-05 08:55:00+00:00,2026-04-05 09:00:00+00:00,2026-04-05 09:30:00+00:00,66971.11,66996.93,0.0003855393766056814,0.0003855393766056814,6,fixed_6b_exit,True,in_sample,6,30,no_cost,0.0,1.0025064759401745,1.0026125764355467,-0.00010582402202596874
dhv_buy60_cvdpos_signal,9793,9794,9800,2026-04-13 00:05:00+00:00,2026-04-13 00:10:00+00:00,2026-04-13 00:40:00+00:00,70916.18,71063.99,0.0020842916242811427,0.0020842916242811427,6,fixed_6b_exit,True,in_sample,6,30,no_cost,0.0,1.0045959917912641,1.0045959917912641,0.0
dhv_buy60_cvdpos_signal,11808,11809,11815,2026-04-20 00:00:00+00:00,2026-04-20 00:05:00+00:00,2026-04-20 00:35:00+00:00,74071.14,74155.88,0.0011440353152389893,0.0011440353152389893,6,fixed_6b_exit,True,in_sample,6,30,no_cost,0.0,1.005745285083421,1.005745285083421,0.0
dhv_buy60_cvdpos_signal,11818,11819,11825,2026-04-20 00:50:00+00:00,2026-04-20 00:55:00+00:00,2026-04-20 01:25:00+00:00,74280.01,74298.03,0.00024259555161609825,0.00024259555161609825,6,fixed_6b_exit,True,in_sample,6,30,no_cost,0.0,1.0059892744156411,1.0059892744156411,0.0
dhv_buy60_cvdpos_signal,12324,12325,12331,2026-04-21 19:00:00+00:00,2026-04-21 19:05:00+00:00,2026-04-21 19:35:00+00:00,75692.04,75255.19,-0.005771412687516353,-0.005771412687516353,6,fixed_6b_exit,False,in_sample,6,30,no_cost,0.0,1.0001832951537732,1.0059892744156411,-0.005771412687516464
dhv_buy60_cvdpos_signal,12811,12812,12818,2026-04-23 11:35:00+00:00,2026-04-23 11:40:00+00:00,2026-04-23 12:10:00+00:00,77588.2,77714.64,0.0016296292477464558,0.0016296292477464558,6,fixed_6b_exit,True,in_sample,6,30,no_cost,0.0,1.0018132231046633,1.0059892744156411,-0.004151188702686381
dhv_buy60_cvdpos_signal,13470,13471,13477,2026-04-25 18:30:00+00:00,2026-04-25 18:35:00+00:00,2026-04-25 19:05:00+00:00,77350.19,77300.0,-0.0006488671844244731,-0.0006488671844244731,6,fixed_6b_exit,False,in_sample,6,30,no_cost,0.0,1.0011631793792681,1.0059892744156411,-0.004797362316985354
dhv_buy60_cvdpos_signal,14204,14205,14211,2026-04-28 07:40:00+00:00,2026-04-28 07:45:00+00:00,2026-04-28 08:15:00+00:00,76777.4,76886.68,0.001423335512794166,0.001423335512794166,6,fixed_6b_exit,True,in_sample,6,30,no_cost,0.0,1.0025881704865807,1.0059892744156411,-0.0033808550603445786
dhv_buy60_cvdpos_signal,14302,14303,14309,2026-04-28 15:50:00+00:00,2026-04-28 15:55:00+00:00,2026-04-28 16:25:00+00:00,76066.38,75954.58,-0.001469768904475366,-0.001469768904475366,6,fixed_6b_exit,False,in_sample,6,30,no_cost,0.0,1.0011145975696047,1.0059892744156411,-0.004845654889181539
dhv_buy60_cvdpos_signal,14647,14648,14654,2026-04-29 20:35:00+00:00,2026-04-29 20:40:00+00:00,2026-04-29 21:10:00+00:00,75773.61,75794.67,0.0002779331748876679,0.0002779331748876679,6,fixed_6b_exit,True,in_sample,6,30,no_cost,0.0,1.0013928405281336,1.0059892744156411,-0.004569068482541683
dhv_buy60_cvdpos_signal,15857,15858,15864,2026-05-04 01:25:00+00:00,2026-05-04 01:30:00+00:00,2026-05-04 02:00:00+00:00,78949.6,79730.01,0.009884913919766314,0.009884913919766314,6,fixed_6b_exit,True,in_sample,6,30,no_cost,0.0,1.0112915225566246,1.0112915225566246,0.0
dhv_buy60_cvdpos_signal,16431,16432,16438,2026-05-06 01:15:00+00:00,2026-05-06 01:20:00+00:00,2026-05-06 01:50:00+00:00,81294.65,81446.69,0.0018702337730711616,0.0018702337730711616,6,fixed_6b_exit,True,in_sample,6,30,no_cost,0.0,1.0131828741165305,1.0131828741165305,0.0
dhv_buy60_cvdpos_signal,16919,16920,16926,2026-05-07 17:55:00+00:00,2026-05-07 18:00:00+00:00,2026-05-07 18:30:00+00:00,80140.0,80183.58,0.0005437983528824297,0.0005437983528824297,6,fixed_6b_exit,True,in_sample,6,30,no_cost,0.0,1.0137338412946437,1.0137338412946437,0.0
dhv_buy60_cvdpos_signal,2512,2513,2525,2026-03-18 17:20:00+00:00,2026-03-18 17:25:00+00:00,2026-03-18 18:25:00+00:00,71479.91,71684.6,0.0028636018148315845,0.0016636018148315844,12,fixed_12b_exit,True,in_sample,12,60,base_cost,0.0012000000000000001,1.0016636018148315,1.0016636018148315,0.0
dhv_buy60_cvdpos_signal,3095,3096,3108,2026-03-20 17:55:00+00:00,2026-03-20 18:00:00+00:00,2026-03-20 19:00:00+00:00,69951.44,69865.47,-0.0012289954288289273,-0.0024289954288289274,12,fixed_12b_exit,False,in_sample,12,60,base_cost,0.0012000000000000001,0.9992305655047989,1.0016636018148315,-0.002428995428828906
dhv_buy60_cvdpos_signal,3721,3722,3734,2026-03-22 22:05:00+00:00,2026-03-22 22:10:00+00:00,2026-03-22 23:10:00+00:00,67912.81,68327.15,0.006101058106710688,0.004901058106710689,12,fixed_12b_exit,True,in_sample,12,60,base_cost,0.0012000000000000001,1.0041278525683393,1.0041278525683393,0.0
dhv_buy60_cvdpos_signal,4840,4841,4853,2026-03-26 19:20:00+00:00,2026-03-26 19:25:00+00:00,2026-03-26 20:25:00+00:00,68435.96,69168.99,0.010711181665311598,0.009511181665311598,12,fixed_12b_exit,True,in_sample,12,60,base_cost,0.0012000000000000001,1.013678294989316,1.013678294989316,0.0
dhv_buy60_cvdpos_signal,5484,5485,5497,2026-03-29 01:00:00+00:00,2026-03-29 01:05:00+00:00,2026-03-29 02:05:00+00:00,66500.53,66596.97,0.001450214005813244,0.0002502140058132439,12,fixed_12b_exit,True,in_sample,12,60,base_cost,0.0012000000000000001,1.013931931496111,1.013931931496111,0.0
dhv_buy60_cvdpos_signal,7459,7460,7472,2026-04-04 21:35:00+00:00,2026-04-04 21:40:00+00:00,2026-04-04 22:40:00+00:00,67311.17,67465.19,0.0022881789159214794,0.0010881789159214793,12,fixed_12b_exit,True,in_sample,12,60,base_cost,0.0012000000000000001,1.0150352708461445,1.0150352708461445,0.0
dhv_buy60_cvdpos_signal,7595,7596,7608,2026-04-05 08:55:00+00:00,2026-04-05 09:00:00+00:00,2026-04-05 10:00:00+00:00,66971.11,67032.87,0.0009221886870323104,-0.00027781131296768973,12,fixed_12b_exit,False,in_sample,12,60,base_cost,0.0012000000000000001,1.0147532825648422,1.0150352708461445,-0.0002778113129677795
dhv_buy60_cvdpos_signal,9793,9794,9806,2026-04-13 00:05:00+00:00,2026-04-13 00:10:00+00:00,2026-04-13 01:10:00+00:00,70916.18,71132.95,0.003056707228167088,0.001856707228167088,12,fixed_12b_exit,True,in_sample,12,60,base_cost,0.0012000000000000001,1.0166373823193866,1.0166373823193866,0.0
dhv_buy60_cvdpos_signal,11808,11809,11821,2026-04-20 00:00:00+00:00,2026-04-20 00:05:00+00:00,2026-04-20 01:05:00+00:00,74071.14,74280.04,0.002820261710566374,0.001620261710566374,12,fixed_12b_exit,True,in_sample,12,60,base_cost,0.0012000000000000001,1.018284600943489,1.018284600943489,0.0
dhv_buy60_cvdpos_signal,12324,12325,12337,2026-04-21 19:00:00+00:00,2026-04-21 19:05:00+00:00,2026-04-21 20:05:00+00:00,75692.04,75358.75,-0.0044032371171393025,-0.005603237117139302,12,fixed_12b_exit,False,in_sample,12,60,base_cost,0.0012000000000000001,1.012578910871671,1.018284600943489,-0.005603237117139392
dhv_buy60_cvdpos_signal,12811,12812,12824,2026-04-23 11:35:00+00:00,2026-04-23 11:40:00+00:00,2026-04-23 12:40:00+00:00,77588.2,77764.49,0.0022721238538851996,0.0010721238538851994,12,fixed_12b_exit,True,in_sample,12,60,base_cost,0.0012000000000000001,1.0136645208759574,1.018284600943489,-0.004537120627426616
dhv_buy60_cvdpos_signal,13470,13471,13483,2026-04-25 18:30:00+00:00,2026-04-25 18:35:00+00:00,2026-04-25 19:35:00+00:00,77350.19,77223.17,-0.0016421420555011723,-0.0028421420555011724,12,fixed_12b_exit,False,in_sample,12,60,base_cost,0.0012000000000000001,1.0107835423110063,1.018284600943489,-0.007366367541581709
dhv_buy60_cvdpos_signal,14204,14205,14217,2026-04-28 07:40:00+00:00,2026-04-28 07:45:00+00:00,2026-04-28 08:45:00+00:00,76777.4,76813.5,0.00047019044666796184,-0.0007298095533320383,12,fixed_12b_exit,False,in_sample,12,60,base_cost,0.0012000000000000001,1.010045862825477,1.018284600943489,-0.008090801049508545
dhv_buy60_cvdpos_signal,14302,14303,14315,2026-04-28 15:50:00+00:00,2026-04-28 15:55:00+00:00,2026-04-28 16:55:00+00:00,76066.38,76125.04,0.0007711685504159238,-0.0004288314495840763,12,fixed_12b_exit,False,in_sample,12,60,base_cost,0.0012000000000000001,1.0096127233939751,1.018284600943489,-0.008516162909150249
dhv_buy60_cvdpos_signal,14647,14648,14660,2026-04-29 20:35:00+00:00,2026-04-29 20:40:00+00:00,2026-04-29 21:40:00+00:00,75773.61,75942.49,0.002228744281815409,0.001028744281815409,12,fixed_12b_exit,True,in_sample,12,60,base_cost,0.0012000000000000001,1.0106513567100146,1.018284600943489,-0.007496179581230833
dhv_buy60_cvdpos_signal,15857,15858,15870,2026-05-04 01:25:00+00:00,2026-05-04 01:30:00+00:00,2026-05-04 02:30:00+00:00,78949.6,79751.86,0.01016167276338309,0.00896167276338309,12,fixed_12b_exit,True,in_sample,12,60,base_cost,0.0012000000000000001,1.0197084834467187,1.0197084834467187,0.0
dhv_buy60_cvdpos_signal,16431,16432,16444,2026-05-06 01:15:00+00:00,2026-05-06 01:20:00+00:00,2026-05-06 02:20:00+00:00,81294.65,81289.76,-6.015155978900122e-05,-0.0012601515597890013,12,fixed_12b_exit,False,in_sample,12,60,base_cost,0.0012000000000000001,1.0184234962107732,1.0197084834467187,-0.001260151559789091
dhv_buy60_cvdpos_signal,16919,16920,16932,2026-05-07 17:55:00+00:00,2026-05-07 18:00:00+00:00,2026-05-07 19:00:00+00:00,80140.0,80080.83,-0.0007383329173945574,-0.0019383329173945575,12,fixed_12b_exit,False,in_sample,12,60,base_cost,0.0012000000000000001,1.0164494524242198,1.0197084834467187,-0.0031960418839344085
dhv_buy60_cvdpos_signal,2512,2513,2525,2026-03-18 17:20:00+00:00,2026-03-18 17:25:00+00:00,2026-03-18 18:25:00+00:00,71479.91,71684.6,0.0028636018148315845,0.0028636018148315845,12,fixed_12b_exit,True,in_sample,12,60,no_cost,0.0,1.0028636018148316,1.0028636018148316,0.0
dhv_buy60_cvdpos_signal,3095,3096,3108,2026-03-20 17:55:00+00:00,2026-03-20 18:00:00+00:00,2026-03-20 19:00:00+00:00,69951.44,69865.47,-0.0012289954288289273,-0.0012289954288289273,12,fixed_12b_exit,False,in_sample,12,60,no_cost,0.0,1.0016310870324623,1.0028636018148316,-0.0012289954288289273
dhv_buy60_cvdpos_signal,3721,3722,3734,2026-03-22 22:05:00+00:00,2026-03-22 22:10:00+00:00,2026-03-22 23:10:00+00:00,67912.81,68327.15,0.006101058106710688,0.006101058106710688,12,fixed_12b_exit,True,in_sample,12,60,no_cost,0.0,1.0077420964959352,1.0077420964959352,0.0
dhv_buy60_cvdpos_signal,4840,4841,4853,2026-03-26 19:20:00+00:00,2026-03-26 19:25:00+00:00,2026-03-26 20:25:00+00:00,68435.96,69168.99,0.010711181665311598,0.010711181665311598,12,fixed_12b_exit,True,in_sample,12,60,no_cost,0.0,1.0185362051632851,1.0185362051632851,0.0
dhv_buy60_cvdpos_signal,5484,5485,5497,2026-03-29 01:00:00+00:00,2026-03-29 01:05:00+00:00,2026-03-29 02:05:00+00:00,66500.53,66596.97,0.001450214005813244,0.001450214005813244,12,fixed_12b_exit,True,in_sample,12,60,no_cost,0.0,1.0200133006334409,1.0200133006334409,0.0
dhv_buy60_cvdpos_signal,7459,7460,7472,2026-04-04 21:35:00+00:00,2026-04-04 21:40:00+00:00,2026-04-04 22:40:00+00:00,67311.17,67465.19,0.0022881789159214794,0.0022881789159214794,12,fixed_12b_exit,True,in_sample,12,60,no_cost,0.0,1.0223472735619097,1.0223472735619097,0.0
dhv_buy60_cvdpos_signal,7595,7596,7608,2026-04-05 08:55:00+00:00,2026-04-05 09:00:00+00:00,2026-04-05 10:00:00+00:00,66971.11,67032.87,0.0009221886870323104,0.0009221886870323104,12,fixed_12b_exit,True,in_sample,12,60,no_cost,0.0,1.0232900706518069,1.0232900706518069,0.0
dhv_buy60_cvdpos_signal,9793,9794,9806,2026-04-13 00:05:00+00:00,2026-04-13 00:10:00+00:00,2026-04-13 01:10:00+00:00,70916.18,71132.95,0.003056707228167088,0.003056707228167088,12,fixed_12b_exit,True,in_sample,12,60,no_cost,0.0,1.0264179688072799,1.0264179688072799,0.0
dhv_buy60_cvdpos_signal,11808,11809,11821,2026-04-20 00:00:00+00:00,2026-04-20 00:05:00+00:00,2026-04-20 01:05:00+00:00,74071.14,74280.04,0.002820261710566374,0.002820261710566374,12,fixed_12b_exit,True,in_sample,12,60,no_cost,0.0,1.0293127361037444,1.0293127361037444,0.0
dhv_buy60_cvdpos_signal,12324,12325,12337,2026-04-21 19:00:00+00:00,2026-04-21 19:05:00+00:00,2026-04-21 20:05:00+00:00,75692.04,75358.75,-0.0044032371171393025,-0.0044032371171393025,12,fixed_12b_exit,False,in_sample,12,60,no_cost,0.0,1.0247804280589883,1.0293127361037444,-0.0044032371171391915
dhv_buy60_cvdpos_signal,12811,12812,12824,2026-04-23 11:35:00+00:00,2026-04-23 11:40:00+00:00,2026-04-23 12:40:00+00:00,77588.2,77764.49,0.0022721238538851996,0.0022721238538851996,12,fixed_12b_exit,True,in_sample,12,60,no_cost,0.0,1.0271088561145758,1.0293127361037444,-0.002141117963342154
dhv_buy60_cvdpos_signal,13470,13471,13483,2026-04-25 18:30:00+00:00,2026-04-25 18:35:00+00:00,2026-04-25 19:35:00+00:00,77350.19,77223.17,-0.0016421420555011723,-0.0016421420555011723,12,fixed_12b_exit,False,in_sample,12,60,no_cost,0.0,1.0254221974663724,1.0293127361037444,-0.0037797439989898374
dhv_buy60_cvdpos_signal,14204,14205,14217,2026-04-28 07:40:00+00:00,2026-04-28 07:45:00+00:00,2026-04-28 08:45:00+00:00,76777.4,76813.5,0.00047019044666796184,0.00047019044666796184,12,fixed_12b_exit,True,in_sample,12,60,no_cost,0.0,1.0259043411874225,1.0293127361037444,-0.0033113307518409796
dhv_buy60_cvdpos_signal,14302,14303,14315,2026-04-28 15:50:00+00:00,2026-04-28 15:55:00+00:00,2026-04-28 16:55:00+00:00,76066.38,76125.04,0.0007711685504159238,0.0007711685504159238,12,fixed_12b_exit,True,in_sample,12,60,no_cost,0.0,1.0266954863510813,1.0293127361037444,-0.002542715795560979
dhv_buy60_cvdpos_signal,14647,14648,14660,2026-04-29 20:35:00+00:00,2026-04-29 20:40:00+00:00,2026-04-29 21:40:00+00:00,75773.61,75942.49,0.002228744281815409,0.002228744281815409,12,fixed_12b_exit,True,in_sample,12,60,no_cost,0.0,1.028983728045452,1.0293127361037444,-0.0003196385770353194
dhv_buy60_cvdpos_signal,15857,15858,15870,2026-05-04 01:25:00+00:00,2026-05-04 01:30:00+00:00,2026-05-04 02:30:00+00:00,78949.6,79751.86,0.01016167276338309,0.01016167276338309,12,fixed_12b_exit,True,in_sample,12,60,no_cost,0.0,1.0394399239686958,1.0394399239686958,0.0
dhv_buy60_cvdpos_signal,16431,16432,16444,2026-05-06 01:15:00+00:00,2026-05-06 01:20:00+00:00,2026-05-06 02:20:00+00:00,81294.65,81289.76,-6.015155978900122e-05,-6.015155978900122e-05,12,fixed_12b_exit,False,in_sample,12,60,no_cost,0.0,1.0393774000359621,1.0394399239686958,-6.015155978900122e-05
dhv_buy60_cvdpos_signal,16919,16920,16932,2026-05-07 17:55:00+00:00,2026-05-07 18:00:00+00:00,2026-05-07 19:00:00+00:00,80140.0,80080.83,-0.0007383329173945574,-0.0007383329173945574,12,fixed_12b_exit,False,in_sample,12,60,no_cost,0.0,1.0386099934879196,1.0394399239686958,-0.0007984400653069379
dhv_buy60_signal,2512,2513,2516,2026-03-18 17:20:00+00:00,2026-03-18 17:25:00+00:00,2026-03-18 17:40:00+00:00,71479.91,71590.62,0.0015488267962284752,0.0003488267962284751,3,fixed_3b_exit,True,in_sample,3,15,base_cost,0.0012000000000000001,1.0003488267962284,1.0003488267962284,0.0
dhv_buy60_signal,3095,3096,3099,2026-03-20 17:55:00+00:00,2026-03-20 18:00:00+00:00,2026-03-20 18:15:00+00:00,69951.44,69959.09,0.00010936157997587515,-0.001090638420024125,3,fixed_3b_exit,False,in_sample,3,15,base_cost,0.0012000000000000001,0.9992578079322983,1.0003488267962284,-0.0010906384200241037
dhv_buy60_signal,3721,3722,3725,2026-03-22 22:05:00+00:00,2026-03-22 22:10:00+00:00,2026-03-22 22:25:00+00:00,67912.81,68256.0,0.005053391252695993,0.0038533912526959933,3,fixed_3b_exit,True,in_sample,3,15,base_cost,0.0012000000000000001,1.0031083392285727,1.0031083392285727,0.0
dhv_buy60_signal,4840,4841,4844,2026-03-26 19:20:00+00:00,2026-03-26 19:25:00+00:00,2026-03-26 19:40:00+00:00,68435.96,68633.12,0.0028809415400907756,0.0016809415400907755,3,fixed_3b_exit,True,in_sample,3,15,base_cost,0.0012000000000000001,1.0047945057051935,1.0047945057051935,0.0
dhv_buy60_signal,5484,5485,5488,2026-03-29 01:00:00+00:00,2026-03-29 01:05:00+00:00,2026-03-29 01:20:00+00:00,66500.53,66542.94,0.0006377392781682367,-0.0005622607218317634,3,fixed_3b_exit,False,in_sample,3,15,base_cost,0.0012000000000000001,1.004229549221123,1.0047945057051935,-0.0005622607218317421
dhv_buy60_signal,7459,7460,7463,2026-04-04 21:35:00+00:00,2026-04-04 21:40:00+00:00,2026-04-04 21:55:00+00:00,67311.17,67359.2,0.0007135517032315075,-0.0004864482967684926,3,fixed_3b_exit,False,in_sample,3,15,base_cost,0.0012000000000000001,1.00374104346734,1.0047945057051935,-0.001048435507829737
dhv_buy60_signal,7595,7596,7599,2026-04-05 08:55:00+00:00,2026-04-05 09:00:00+00:00,2026-04-05 09:15:00+00:00,66971.11,66956.52,-0.00021785513186201033,-0.0014178551318620104,3,fixed_3b_exit,False,in_sample,3,15,base_cost,0.0012000000000000001,1.0023178840777993,1.0047945057051935,-0.002464804110026475
dhv_buy60_signal,9793,9794,9797,2026-04-13 00:05:00+00:00,2026-04-13 00:10:00+00:00,2026-04-13 00:25:00+00:00,70916.18,70982.39,0.0009336374294273142,-0.0002663625705726859,3,fixed_3b_exit,False,in_sample,3,15,base_cost,0.0012000000000000001,1.0020509041096655,1.0047945057051935,-0.002730510149040355
dhv_buy60_signal,11808,11809,11812,2026-04-20 00:00:00+00:00,2026-04-20 00:05:00+00:00,2026-04-20 00:20:00+00:00,74071.14,74248.0,0.0023877045769782335,0.0011877045769782333,3,fixed_3b_exit,True,in_sample,3,15,base_cost,0.0012000000000000001,1.0032410445548416,1.0047945057051935,-0.0015460486114636796
dhv_buy60_signal,11818,11819,11822,2026-04-20 00:50:00+00:00,2026-04-20 00:55:00+00:00,2026-04-20 01:10:00+00:00,74280.01,74360.0,0.0010768711528177377,-0.0001231288471822624,3,fixed_3b_exit,False,in_sample,3,15,base_cost,0.0012000000000000001,1.0031175166415798,1.0047945057051935,-0.001668987095462593
dhv_buy60_signal,12324,12325,12328,2026-04-21 19:00:00+00:00,2026-04-21 19:05:00+00:00,2026-04-21 19:20:00+00:00,75692.04,75832.43,0.001854752494449885,0.0006547524944498849,3,fixed_3b_exit,True,in_sample,3,15,base_cost,0.0012000000000000001,1.0037743103378272,1.0047945057051935,-0.0010153273744767377
dhv_buy60_signal,12811,12812,12815,2026-04-23 11:35:00+00:00,2026-04-23 11:40:00+00:00,2026-04-23 11:55:00+00:00,77588.2,77704.62,0.0015004858986289449,0.00030048589862894477,3,fixed_3b_exit,True,in_sample,3,15,base_cost,0.0012000000000000001,1.0040759303634896,1.0047945057051935,-0.000715146567406344
dhv_buy60_signal,13470,13471,13474,2026-04-25 18:30:00+00:00,2026-04-25 18:35:00+00:00,2026-04-25 18:50:00+00:00,77350.19,77308.73,-0.000536003854677114,-0.001736003854677114,3,fixed_3b_exit,False,in_sample,3,15,base_cost,0.0012000000000000001,1.00233285067799,1.0047945057051935,-0.0024499089248858352
dhv_buy60_signal,14204,14205,14208,2026-04-28 07:40:00+00:00,2026-04-28 07:45:00+00:00,2026-04-28 08:00:00+00:00,76777.4,76804.07,0.000347367845225488,-0.0008526321547745121,3,fixed_3b_exit,False,in_sample,3,15,base_cost,0.0012000000000000001,1.0014782294597153,1.0047945057051935,-0.0033004522085345878
dhv_buy60_signal,14302,14303,14306,2026-04-28 15:50:00+00:00,2026-04-28 15:55:00+00:00,2026-04-28 16:10:00+00:00,76066.38,76020.45,-0.0006038147207741984,-0.0018038147207741985,3,fixed_3b_exit,False,in_sample,3,15,base_cost,0.0012000000000000001,0.999671748286881,1.0047945057051935,-0.005098313525029874
dhv_buy60_signal,14647,14648,14651,2026-04-29 20:35:00+00:00,2026-04-29 20:40:00+00:00,2026-04-29 20:55:00+00:00,75773.61,75676.79,-0.0012777535609034274,-0.0024777535609034275,3,fixed_3b_exit,False,in_sample,3,15,base_cost,0.0012000000000000001,0.9971948080528287,1.0047945057051935,-0.007563434721441942
dhv_buy60_signal,15857,15858,15861,2026-05-04 01:25:00+00:00,2026-05-04 01:30:00+00:00,2026-05-04 01:45:00+00:00,78949.6,78980.23,0.0003879690334085417,-0.0008120309665914584,3,fixed_3b_exit,False,in_sample,3,15,base_cost,0.0012000000000000001,0.9963850549889656,1.0047945057051935,-0.008369323944825813
dhv_buy60_signal,16431,16432,16435,2026-05-06 01:15:00+00:00,2026-05-06 01:20:00+00:00,2026-05-06 01:35:00+00:00,81294.65,81320.02,0.0003120746568194832,-0.0008879253431805169,3,fixed_3b_exit,False,in_sample,3,15,base_cost,0.0012000000000000001,0.9955003394470746,1.0047945057051935,-0.00924981795317037
dhv_buy60_signal,16919,16920,16923,2026-05-07 17:55:00+00:00,2026-05-07 18:00:00+00:00,2026-05-07 18:15:00+00:00,80140.0,80170.0,0.000374344896431289,-0.0008256551035687111,3,fixed_3b_exit,False,in_sample,3,15,base_cost,0.0012000000000000001,0.9946783995112057,1.0047945057051935,-0.01006783589733895
dhv_buy60_signal,2512,2513,2516,2026-03-18 17:20:00+00:00,2026-03-18 17:25:00+00:00,2026-03-18 17:40:00+00:00,71479.91,71590.62,0.0015488267962284752,0.0015488267962284752,3,fixed_3b_exit,True,in_sample,3,15,no_cost,0.0,1.0015488267962285,1.0015488267962285,0.0
dhv_buy60_signal,3095,3096,3099,2026-03-20 17:55:00+00:00,2026-03-20 18:00:00+00:00,2026-03-20 18:15:00+00:00,69951.44,69959.09,0.00010936157997587515,0.00010936157997587515,3,fixed_3b_exit,True,in_sample,3,15,no_cost,0.0,1.00165835775835,1.00165835775835,0.0
dhv_buy60_signal,3721,3722,3725,2026-03-22 22:05:00+00:00,2026-03-22 22:10:00+00:00,2026-03-22 22:25:00+00:00,67912.81,68256.0,0.005053391252695993,0.005053391252695993,3,fixed_3b_exit,True,in_sample,3,15,no_cost,0.0,1.006720129341636,1.006720129341636,0.0
dhv_buy60_signal,4840,4841,4844,2026-03-26 19:20:00+00:00,2026-03-26 19:25:00+00:00,2026-03-26 19:40:00+00:00,68435.96,68633.12,0.0028809415400907756,0.0028809415400907756,3,fixed_3b_exit,True,in_sample,3,15,no_cost,0.0,1.0096204311815018,1.0096204311815018,0.0
dhv_buy60_signal,5484,5485,5488,2026-03-29 01:00:00+00:00,2026-03-29 01:05:00+00:00,2026-03-29 01:20:00+00:00,66500.53,66542.94,0.0006377392781682367,0.0006377392781682367,3,fixed_3b_exit,True,in_sample,3,15,no_cost,0.0,1.0102643057865075,1.0102643057865075,0.0
dhv_buy60_signal,7459,7460,7463,2026-04-04 21:35:00+00:00,2026-04-04 21:40:00+00:00,2026-04-04 21:55:00+00:00,67311.17,67359.2,0.0007135517032315075,0.0007135517032315075,3,fixed_3b_exit,True,in_sample,3,15,no_cost,0.0,1.0109851816026154,1.0109851816026154,0.0
dhv_buy60_signal,7595,7596,7599,2026-04-05 08:55:00+00:00,2026-04-05 09:00:00+00:00,2026-04-05 09:15:00+00:00,66971.11,66956.52,-0.00021785513186201033,-0.00021785513186201033,3,fixed_3b_exit,False,in_sample,3,15,no_cost,0.0,1.0107649332925668,1.0109851816026154,-0.00021785513186201033
dhv_buy60_signal,9793,9794,9797,2026-04-13 00:05:00+00:00,2026-04-13 00:10:00+00:00,2026-04-13 00:25:00+00:00,70916.18,70982.39,0.0009336374294273142,0.0009336374294273142,3,fixed_3b_exit,True,in_sample,3,15,no_cost,0.0,1.0117086212666413,1.0117086212666413,0.0
dhv_buy60_signal,11808,11809,11812,2026-04-20 00:00:00+00:00,2026-04-20 00:05:00+00:00,2026-04-20 00:20:00+00:00,74071.14,74248.0,0.0023877045769782335,0.0023877045769782335,3,fixed_3b_exit,True,in_sample,3,15,no_cost,0.0,1.014124282572208,1.014124282572208,0.0
dhv_buy60_signal,11818,11819,11822,2026-04-20 00:50:00+00:00,2026-04-20 00:55:00+00:00,2026-04-20 01:10:00+00:00,74280.01,74360.0,0.0010768711528177377,0.0010768711528177377,3,fixed_3b_exit,True,in_sample,3,15,no_cost,0.0,1.015216363757482,1.015216363757482,0.0
dhv_buy60_signal,12324,12325,12328,2026-04-21 19:00:00+00:00,2026-04-21 19:05:00+00:00,2026-04-21 19:20:00+00:00,75692.04,75832.43,0.001854752494449885,0.001854752494449885,3,fixed_3b_exit,True,in_sample,3,15,no_cost,0.0,1.0170993388405676,1.0170993388405676,0.0
dhv_buy60_signal,12811,12812,12815,2026-04-23 11:35:00+00:00,2026-04-23 11:40:00+00:00,2026-04-23 11:55:00+00:00,77588.2,77704.62,0.0015004858986289449,0.0015004858986289449,3,fixed_3b_exit,True,in_sample,3,15,no_cost,0.0,1.0186254820560028,1.0186254820560028,0.0
dhv_buy60_signal,13470,13471,13474,2026-04-25 18:30:00+00:00,2026-04-25 18:35:00+00:00,2026-04-25 18:50:00+00:00,77350.19,77308.73,-0.000536003854677114,-0.000536003854677114,3,fixed_3b_exit,False,in_sample,3,15,no_cost,0.0,1.0180794948711485,1.0186254820560028,-0.000536003854677114
dhv_buy60_signal,14204,14205,14208,2026-04-28 07:40:00+00:00,2026-04-28 07:45:00+00:00,2026-04-28 08:00:00+00:00,76777.4,76804.07,0.000347367845225488,0.000347367845225488,3,fixed_3b_exit,True,in_sample,3,15,no_cost,0.0,1.01843314295155,1.0186254820560028,-0.00018882219995564054
dhv_buy60_signal,14302,14303,14306,2026-04-28 15:50:00+00:00,2026-04-28 15:55:00+00:00,2026-04-28 16:10:00+00:00,76066.38,76020.45,-0.0006038147207741984,-0.0006038147207741984,3,fixed_3b_exit,False,in_sample,3,15,no_cost,0.0,1.0178181980277117,1.0186254820560028,-0.0007925229071058526
dhv_buy60_signal,14647,14648,14651,2026-04-29 20:35:00+00:00,2026-04-29 20:40:00+00:00,2026-04-29 20:55:00+00:00,75773.61,75676.79,-0.0012777535609034274,-0.0012777535609034274,3,fixed_3b_exit,False,in_sample,3,15,no_cost,0.0,1.0165176772008295,1.0186254820560028,-0.0020692638190424884
dhv_buy60_signal,15857,15858,15861,2026-05-04 01:25:00+00:00,2026-05-04 01:30:00+00:00,2026-05-04 01:45:00+00:00,78949.6,78980.23,0.0003879690334085417,0.0003879690334085417,3,fixed_3b_exit,True,in_sample,3,15,no_cost,0.0,1.0169120545814958,1.0186254820560028,-0.001682097595917753
dhv_buy60_signal,16431,16432,16435,2026-05-06 01:15:00+00:00,2026-05-06 01:20:00+00:00,2026-05-06 01:35:00+00:00,81294.65,81320.02,0.0003120746568194832,0.0003120746568194832,3,fixed_3b_exit,True,in_sample,3,15,no_cost,0.0,1.017229407061945,1.0186254820560028,-0.001370547879128159
dhv_buy60_signal,16919,16920,16923,2026-05-07 17:55:00+00:00,2026-05-07 18:00:00+00:00,2026-05-07 18:15:00+00:00,80140.0,80170.0,0.000374344896431289,0.000374344896431289,3,fixed_3b_exit,True,in_sample,3,15,no_cost,0.0,1.0176102016989785,1.0186254820560028,-0.0009967160403007158
dhv_buy60_signal,2512,2513,2519,2026-03-18 17:20:00+00:00,2026-03-18 17:25:00+00:00,2026-03-18 17:55:00+00:00,71479.91,71595.21,0.001613040643168251,0.0004130406431682508,6,fixed_6b_exit,True,in_sample,6,30,base_cost,0.0012000000000000001,1.0004130406431682,1.0004130406431682,0.0
dhv_buy60_signal,3095,3096,3102,2026-03-20 17:55:00+00:00,2026-03-20 18:00:00+00:00,2026-03-20 18:30:00+00:00,69951.44,69691.88,-0.003710574078246265,-0.0049105740782462645,6,fixed_6b_exit,False,in_sample,6,30,base_cost,0.0012000000000000001,0.9955004382982463,1.0004130406431682,-0.004910574078246244
dhv_buy60_signal,3721,3722,3728,2026-03-22 22:05:00+00:00,2026-03-22 22:10:00+00:00,2026-03-22 22:40:00+00:00,67912.81,68135.8,0.0032834747965810873,0.002083474796581087,6,fixed_6b_exit,True,in_sample,6,30,base_cost,0.0012000000000000001,0.9975745383714261,1.0004130406431682,-0.0028373303389940263
dhv_buy60_signal,4840,4841,4847,2026-03-26 19:20:00+00:00,2026-03-26 19:25:00+00:00,2026-03-26 19:55:00+00:00,68435.96,68534.36,0.0014378405738737499,0.00023784057387374975,6,fixed_6b_exit,True,in_sample,6,30,base_cost,0.0012000000000000001,0.9978118020721141,1.0004130406431682,-0.002600164597396426
dhv_buy60_signal,5484,5485,5491,2026-03-29 01:00:00+00:00,2026-03-29 01:05:00+00:00,2026-03-29 01:35:00+00:00,66500.53,66390.47,-0.0016550244035649087,-0.0028550244035649088,6,fixed_6b_exit,False,in_sample,6,30,base_cost,0.0012000000000000001,0.9949630250270332,1.0004130406431682,-0.0054477654675824105
dhv_buy60_signal,7459,7460,7466,2026-04-04 21:35:00+00:00,2026-04-04 21:40:00+00:00,2026-04-04 22:10:00+00:00,67311.17,67389.64,0.0011657797658248814,-3.42202341751187e-05,6,fixed_6b_exit,False,in_sample,6,30,base_cost,0.0012000000000000001,0.9949289771593212,1.0004130406431682,-0.005481799277947563
dhv_buy60_signal,7595,7596,7602,2026-04-05 08:55:00+00:00,2026-04-05 09:00:00+00:00,2026-04-05 09:30:00+00:00,66971.11,66996.93,0.0003855393766056814,-0.0008144606233943187,6,fixed_6b_exit,False,in_sample,6,30,base_cost,0.0012000000000000001,0.9941186466843509,1.0004130406431682,-0.006291795191684546
dhv_buy60_signal,9793,9794,9800,2026-04-13 00:05:00+00:00,2026-04-13 00:10:00+00:00,2026-04-13 00:40:00+00:00,70916.18,71063.99,0.0020842916242811427,0.0008842916242811426,6,fixed_6b_exit,True,in_sample,6,30,base_cost,0.0012000000000000001,0.9949977374771555,1.0004130406431682,-0.0054130673491932235
dhv_buy60_signal,11808,11809,11815,2026-04-20 00:00:00+00:00,2026-04-20 00:05:00+00:00,2026-04-20 00:35:00+00:00,74071.14,74155.88,0.0011440353152389893,-5.596468476101084e-05,6,fixed_6b_exit,False,in_sample,6,30,base_cost,0.0012000000000000001,0.9949420527424396,1.0004130406431682,-0.005468729093346503
dhv_buy60_signal,11818,11819,11825,2026-04-20 00:50:00+00:00,2026-04-20 00:55:00+00:00,2026-04-20 01:25:00+00:00,74280.01,74298.03,0.00024259555161609825,-0.0009574044483839019,6,fixed_6b_exit,False,in_sample,6,30,base_cost,0.0012000000000000001,0.9939894907952598,1.0004130406431682,-0.006420897756169497
dhv_buy60_signal,12324,12325,12331,2026-04-21 19:00:00+00:00,2026-04-21 19:05:00+00:00,2026-04-21 19:35:00+00:00,75692.04,75255.19,-0.005771412687516353,-0.006971412687516353,6,fixed_6b_exit,False,in_sample,6,30,base_cost,0.0012000000000000001,0.9870599798478719,1.0004130406431682,-0.013347547715603092
dhv_buy60_signal,12811,12812,12818,2026-04-23 11:35:00+00:00,2026-04-23 11:40:00+00:00,2026-04-23 12:10:00+00:00,77588.2,77714.64,0.0016296292477464558,0.0004296292477464557,6,fixed_6b_exit,True,in_sample,6,30,base_cost,0.0012000000000000001,0.9874840496844944,1.0004130406431682,-0.012923652964741073
dhv_buy60_signal,13470,13471,13477,2026-04-25 18:30:00+00:00,2026-04-25 18:35:00+00:00,2026-04-25 19:05:00+00:00,77350.19,77300.0,-0.0006488671844244731,-0.0018488671844244732,6,fixed_6b_exit,False,in_sample,6,30,base_cost,0.0012000000000000001,0.9856583228298902,1.0004130406431682,-0.01474862603129612
dhv_buy60_signal,14204,14205,14211,2026-04-28 07:40:00+00:00,2026-04-28 07:45:00+00:00,2026-04-28 08:15:00+00:00,76777.4,76886.68,0.001423335512794166,0.00022333551279416592,6,fixed_6b_exit,True,in_sample,6,30,base_cost,0.0012000000000000001,0.9858784553368591,1.0004130406431682,-0.014528584410459788
dhv_buy60_signal,14302,14303,14309,2026-04-28 15:50:00+00:00,2026-04-28 15:55:00+00:00,2026-04-28 16:25:00+00:00,76066.38,75954.58,-0.001469768904475366,-0.002669768904475366,6,fixed_6b_exit,False,in_sample,6,30,base_cost,0.0012000000000000001,0.9832463876932086,1.0004130406431682,-0.0171595653520501
dhv_buy60_signal,14647,14648,14654,2026-04-29 20:35:00+00:00,2026-04-29 20:40:00+00:00,2026-04-29 21:10:00+00:00,75773.61,75794.67,0.0002779331748876679,-0.0009220668251123322,6,fixed_6b_exit,False,in_sample,6,30,base_cost,0.0012000000000000001,0.9823397688182052,1.0004130406431682,-0.018065809911217867
dhv_buy60_signal,15857,15858,15864,2026-05-04 01:25:00+00:00,2026-05-04 01:30:00+00:00,2026-05-04 02:00:00+00:00,78949.6,79730.01,0.009884913919766314,0.008684913919766314,6,fixed_6b_exit,True,in_sample,6,30,base_cost,0.0012000000000000001,0.9908713051503544,1.0004130406431682,-0.009537795995421483
dhv_buy60_signal,16431,16432,16438,2026-05-06 01:15:00+00:00,2026-05-06 01:20:00+00:00,2026-05-06 01:50:00+00:00,81294.65,81446.69,0.0018702337730711616,0.0006702337730711615,6,fixed_6b_exit,True,in_sample,6,30,base_cost,0.0012000000000000001,0.9915354205638331,1.0004130406431682,-0.008873954775347137
dhv_buy60_signal,16919,16920,16926,2026-05-07 17:55:00+00:00,2026-05-07 18:00:00+00:00,2026-05-07 18:30:00+00:00,80140.0,80183.58,0.0005437983528824297,-0.0006562016471175704,6,fixed_6b_exit,False,in_sample,6,30,base_cost,0.0012000000000000001,0.9908847733876838,1.0004130406431682,-0.00952433331872471
dhv_buy60_signal,2512,2513,2519,2026-03-18 17:20:00+00:00,2026-03-18 17:25:00+00:00,2026-03-18 17:55:00+00:00,71479.91,71595.21,0.001613040643168251,0.001613040643168251,6,fixed_6b_exit,True,in_sample,6,30,no_cost,0.0,1.0016130406431683,1.0016130406431683,0.0
dhv_buy60_signal,3095,3096,3102,2026-03-20 17:55:00+00:00,2026-03-20 18:00:00+00:00,2026-03-20 18:30:00+00:00,69951.44,69691.88,-0.003710574078246265,-0.003710574078246265,6,fixed_6b_exit,False,in_sample,6,30,no_cost,0.0,0.9978964812581242,1.0016130406431683,-0.003710574078246265
dhv_buy60_signal,3721,3722,3728,2026-03-22 22:05:00+00:00,2026-03-22 22:10:00+00:00,2026-03-22 22:40:00+00:00,67912.81,68135.8,0.0032834747965810873,0.0032834747965810873,6,fixed_6b_exit,True,in_sample,6,30,no_cost,0.0,1.0011730492039324,1.0016130406431683,-0.00043928285813188417
dhv_buy60_signal,4840,4841,4847,2026-03-26 19:20:00+00:00,2026-03-26 19:25:00+00:00,2026-03-26 19:55:00+00:00,68435.96,68534.36,0.0014378405738737499,0.0014378405738737499,6,fixed_6b_exit,True,in_sample,6,30,no_cost,0.0,1.0026125764355467,1.0026125764355467,0.0
dhv_buy60_signal,5484,5485,5491,2026-03-29 01:00:00+00:00,2026-03-29 01:05:00+00:00,2026-03-29 01:35:00+00:00,66500.53,66390.47,-0.0016550244035649087,-0.0016550244035649087,6,fixed_6b_exit,False,in_sample,6,30,no_cost,0.0,1.0009532281542248,1.0026125764355467,-0.0016550244035647976
dhv_buy60_signal,7459,7460,7466,2026-04-04 21:35:00+00:00,2026-04-04 21:40:00+00:00,2026-04-04 22:10:00+00:00,67311.17,67389.64,0.0011657797658248814,0.0011657797658248814,6,fixed_6b_exit,True,in_sample,6,30,no_cost,0.0,1.002120119174144,1.0026125764355467,-0.0004911740317017355
dhv_buy60_signal,7595,7596,7602,2026-04-05 08:55:00+00:00,2026-04-05 09:00:00+00:00,2026-04-05 09:30:00+00:00,66971.11,66996.93,0.0003855393766056814,0.0003855393766056814,6,fixed_6b_exit,True,in_sample,6,30,no_cost,0.0,1.0025064759401745,1.0026125764355467,-0.00010582402202596874
dhv_buy60_signal,9793,9794,9800,2026-04-13 00:05:00+00:00,2026-04-13 00:10:00+00:00,2026-04-13 00:40:00+00:00,70916.18,71063.99,0.0020842916242811427,0.0020842916242811427,6,fixed_6b_exit,True,in_sample,6,30,no_cost,0.0,1.0045959917912641,1.0045959917912641,0.0
dhv_buy60_signal,11808,11809,11815,2026-04-20 00:00:00+00:00,2026-04-20 00:05:00+00:00,2026-04-20 00:35:00+00:00,74071.14,74155.88,0.0011440353152389893,0.0011440353152389893,6,fixed_6b_exit,True,in_sample,6,30,no_cost,0.0,1.005745285083421,1.005745285083421,0.0
dhv_buy60_signal,11818,11819,11825,2026-04-20 00:50:00+00:00,2026-04-20 00:55:00+00:00,2026-04-20 01:25:00+00:00,74280.01,74298.03,0.00024259555161609825,0.00024259555161609825,6,fixed_6b_exit,True,in_sample,6,30,no_cost,0.0,1.0059892744156411,1.0059892744156411,0.0
dhv_buy60_signal,12324,12325,12331,2026-04-21 19:00:00+00:00,2026-04-21 19:05:00+00:00,2026-04-21 19:35:00+00:00,75692.04,75255.19,-0.005771412687516353,-0.005771412687516353,6,fixed_6b_exit,False,in_sample,6,30,no_cost,0.0,1.0001832951537732,1.0059892744156411,-0.005771412687516464
dhv_buy60_signal,12811,12812,12818,2026-04-23 11:35:00+00:00,2026-04-23 11:40:00+00:00,2026-04-23 12:10:00+00:00,77588.2,77714.64,0.0016296292477464558,0.0016296292477464558,6,fixed_6b_exit,True,in_sample,6,30,no_cost,0.0,1.0018132231046633,1.0059892744156411,-0.004151188702686381
dhv_buy60_signal,13470,13471,13477,2026-04-25 18:30:00+00:00,2026-04-25 18:35:00+00:00,2026-04-25 19:05:00+00:00,77350.19,77300.0,-0.0006488671844244731,-0.0006488671844244731,6,fixed_6b_exit,False,in_sample,6,30,no_cost,0.0,1.0011631793792681,1.0059892744156411,-0.004797362316985354
dhv_buy60_signal,14204,14205,14211,2026-04-28 07:40:00+00:00,2026-04-28 07:45:00+00:00,2026-04-28 08:15:00+00:00,76777.4,76886.68,0.001423335512794166,0.001423335512794166,6,fixed_6b_exit,True,in_sample,6,30,no_cost,0.0,1.0025881704865807,1.0059892744156411,-0.0033808550603445786
dhv_buy60_signal,14302,14303,14309,2026-04-28 15:50:00+00:00,2026-04-28 15:55:00+00:00,2026-04-28 16:25:00+00:00,76066.38,75954.58,-0.001469768904475366,-0.001469768904475366,6,fixed_6b_exit,False,in_sample,6,30,no_cost,0.0,1.0011145975696047,1.0059892744156411,-0.004845654889181539
dhv_buy60_signal,14647,14648,14654,2026-04-29 20:35:00+00:00,2026-04-29 20:40:00+00:00,2026-04-29 21:10:00+00:00,75773.61,75794.67,0.0002779331748876679,0.0002779331748876679,6,fixed_6b_exit,True,in_sample,6,30,no_cost,0.0,1.0013928405281336,1.0059892744156411,-0.004569068482541683
dhv_buy60_signal,15857,15858,15864,2026-05-04 01:25:00+00:00,2026-05-04 01:30:00+00:00,2026-05-04 02:00:00+00:00,78949.6,79730.01,0.009884913919766314,0.009884913919766314,6,fixed_6b_exit,True,in_sample,6,30,no_cost,0.0,1.0112915225566246,1.0112915225566246,0.0
dhv_buy60_signal,16431,16432,16438,2026-05-06 01:15:00+00:00,2026-05-06 01:20:00+00:00,2026-05-06 01:50:00+00:00,81294.65,81446.69,0.0018702337730711616,0.0018702337730711616,6,fixed_6b_exit,True,in_sample,6,30,no_cost,0.0,1.0131828741165305,1.0131828741165305,0.0
dhv_buy60_signal,16919,16920,16926,2026-05-07 17:55:00+00:00,2026-05-07 18:00:00+00:00,2026-05-07 18:30:00+00:00,80140.0,80183.58,0.0005437983528824297,0.0005437983528824297,6,fixed_6b_exit,True,in_sample,6,30,no_cost,0.0,1.0137338412946437,1.0137338412946437,0.0
dhv_buy60_signal,2512,2513,2525,2026-03-18 17:20:00+00:00,2026-03-18 17:25:00+00:00,2026-03-18 18:25:00+00:00,71479.91,71684.6,0.0028636018148315845,0.0016636018148315844,12,fixed_12b_exit,True,in_sample,12,60,base_cost,0.0012000000000000001,1.0016636018148315,1.0016636018148315,0.0
dhv_buy60_signal,3095,3096,3108,2026-03-20 17:55:00+00:00,2026-03-20 18:00:00+00:00,2026-03-20 19:00:00+00:00,69951.44,69865.47,-0.0012289954288289273,-0.0024289954288289274,12,fixed_12b_exit,False,in_sample,12,60,base_cost,0.0012000000000000001,0.9992305655047989,1.0016636018148315,-0.002428995428828906
dhv_buy60_signal,3721,3722,3734,2026-03-22 22:05:00+00:00,2026-03-22 22:10:00+00:00,2026-03-22 23:10:00+00:00,67912.81,68327.15,0.006101058106710688,0.004901058106710689,12,fixed_12b_exit,True,in_sample,12,60,base_cost,0.0012000000000000001,1.0041278525683393,1.0041278525683393,0.0
dhv_buy60_signal,4840,4841,4853,2026-03-26 19:20:00+00:00,2026-03-26 19:25:00+00:00,2026-03-26 20:25:00+00:00,68435.96,69168.99,0.010711181665311598,0.009511181665311598,12,fixed_12b_exit,True,in_sample,12,60,base_cost,0.0012000000000000001,1.013678294989316,1.013678294989316,0.0
dhv_buy60_signal,5484,5485,5497,2026-03-29 01:00:00+00:00,2026-03-29 01:05:00+00:00,2026-03-29 02:05:00+00:00,66500.53,66596.97,0.001450214005813244,0.0002502140058132439,12,fixed_12b_exit,True,in_sample,12,60,base_cost,0.0012000000000000001,1.013931931496111,1.013931931496111,0.0
dhv_buy60_signal,7459,7460,7472,2026-04-04 21:35:00+00:00,2026-04-04 21:40:00+00:00,2026-04-04 22:40:00+00:00,67311.17,67465.19,0.0022881789159214794,0.0010881789159214793,12,fixed_12b_exit,True,in_sample,12,60,base_cost,0.0012000000000000001,1.0150352708461445,1.0150352708461445,0.0
dhv_buy60_signal,7595,7596,7608,2026-04-05 08:55:00+00:00,2026-04-05 09:00:00+00:00,2026-04-05 10:00:00+00:00,66971.11,67032.87,0.0009221886870323104,-0.00027781131296768973,12,fixed_12b_exit,False,in_sample,12,60,base_cost,0.0012000000000000001,1.0147532825648422,1.0150352708461445,-0.0002778113129677795
dhv_buy60_signal,9793,9794,9806,2026-04-13 00:05:00+00:00,2026-04-13 00:10:00+00:00,2026-04-13 01:10:00+00:00,70916.18,71132.95,0.003056707228167088,0.001856707228167088,12,fixed_12b_exit,True,in_sample,12,60,base_cost,0.0012000000000000001,1.0166373823193866,1.0166373823193866,0.0
dhv_buy60_signal,11808,11809,11821,2026-04-20 00:00:00+00:00,2026-04-20 00:05:00+00:00,2026-04-20 01:05:00+00:00,74071.14,74280.04,0.002820261710566374,0.001620261710566374,12,fixed_12b_exit,True,in_sample,12,60,base_cost,0.0012000000000000001,1.018284600943489,1.018284600943489,0.0
dhv_buy60_signal,12324,12325,12337,2026-04-21 19:00:00+00:00,2026-04-21 19:05:00+00:00,2026-04-21 20:05:00+00:00,75692.04,75358.75,-0.0044032371171393025,-0.005603237117139302,12,fixed_12b_exit,False,in_sample,12,60,base_cost,0.0012000000000000001,1.012578910871671,1.018284600943489,-0.005603237117139392
dhv_buy60_signal,12811,12812,12824,2026-04-23 11:35:00+00:00,2026-04-23 11:40:00+00:00,2026-04-23 12:40:00+00:00,77588.2,77764.49,0.0022721238538851996,0.0010721238538851994,12,fixed_12b_exit,True,in_sample,12,60,base_cost,0.0012000000000000001,1.0136645208759574,1.018284600943489,-0.004537120627426616
dhv_buy60_signal,13470,13471,13483,2026-04-25 18:30:00+00:00,2026-04-25 18:35:00+00:00,2026-04-25 19:35:00+00:00,77350.19,77223.17,-0.0016421420555011723,-0.0028421420555011724,12,fixed_12b_exit,False,in_sample,12,60,base_cost,0.0012000000000000001,1.0107835423110063,1.018284600943489,-0.007366367541581709
dhv_buy60_signal,14204,14205,14217,2026-04-28 07:40:00+00:00,2026-04-28 07:45:00+00:00,2026-04-28 08:45:00+00:00,76777.4,76813.5,0.00047019044666796184,-0.0007298095533320383,12,fixed_12b_exit,False,in_sample,12,60,base_cost,0.0012000000000000001,1.010045862825477,1.018284600943489,-0.008090801049508545
dhv_buy60_signal,14302,14303,14315,2026-04-28 15:50:00+00:00,2026-04-28 15:55:00+00:00,2026-04-28 16:55:00+00:00,76066.38,76125.04,0.0007711685504159238,-0.0004288314495840763,12,fixed_12b_exit,False,in_sample,12,60,base_cost,0.0012000000000000001,1.0096127233939751,1.018284600943489,-0.008516162909150249
dhv_buy60_signal,14647,14648,14660,2026-04-29 20:35:00+00:00,2026-04-29 20:40:00+00:00,2026-04-29 21:40:00+00:00,75773.61,75942.49,0.002228744281815409,0.001028744281815409,12,fixed_12b_exit,True,in_sample,12,60,base_cost,0.0012000000000000001,1.0106513567100146,1.018284600943489,-0.007496179581230833
dhv_buy60_signal,15857,15858,15870,2026-05-04 01:25:00+00:00,2026-05-04 01:30:00+00:00,2026-05-04 02:30:00+00:00,78949.6,79751.86,0.01016167276338309,0.00896167276338309,12,fixed_12b_exit,True,in_sample,12,60,base_cost,0.0012000000000000001,1.0197084834467187,1.0197084834467187,0.0
dhv_buy60_signal,16431,16432,16444,2026-05-06 01:15:00+00:00,2026-05-06 01:20:00+00:00,2026-05-06 02:20:00+00:00,81294.65,81289.76,-6.015155978900122e-05,-0.0012601515597890013,12,fixed_12b_exit,False,in_sample,12,60,base_cost,0.0012000000000000001,1.0184234962107732,1.0197084834467187,-0.001260151559789091
dhv_buy60_signal,16919,16920,16932,2026-05-07 17:55:00+00:00,2026-05-07 18:00:00+00:00,2026-05-07 19:00:00+00:00,80140.0,80080.83,-0.0007383329173945574,-0.0019383329173945575,12,fixed_12b_exit,False,in_sample,12,60,base_cost,0.0012000000000000001,1.0164494524242198,1.0197084834467187,-0.0031960418839344085
dhv_buy60_signal,2512,2513,2525,2026-03-18 17:20:00+00:00,2026-03-18 17:25:00+00:00,2026-03-18 18:25:00+00:00,71479.91,71684.6,0.0028636018148315845,0.0028636018148315845,12,fixed_12b_exit,True,in_sample,12,60,no_cost,0.0,1.0028636018148316,1.0028636018148316,0.0
dhv_buy60_signal,3095,3096,3108,2026-03-20 17:55:00+00:00,2026-03-20 18:00:00+00:00,2026-03-20 19:00:00+00:00,69951.44,69865.47,-0.0012289954288289273,-0.0012289954288289273,12,fixed_12b_exit,False,in_sample,12,60,no_cost,0.0,1.0016310870324623,1.0028636018148316,-0.0012289954288289273
dhv_buy60_signal,3721,3722,3734,2026-03-22 22:05:00+00:00,2026-03-22 22:10:00+00:00,2026-03-22 23:10:00+00:00,67912.81,68327.15,0.006101058106710688,0.006101058106710688,12,fixed_12b_exit,True,in_sample,12,60,no_cost,0.0,1.0077420964959352,1.0077420964959352,0.0
dhv_buy60_signal,4840,4841,4853,2026-03-26 19:20:00+00:00,2026-03-26 19:25:00+00:00,2026-03-26 20:25:00+00:00,68435.96,69168.99,0.010711181665311598,0.010711181665311598,12,fixed_12b_exit,True,in_sample,12,60,no_cost,0.0,1.0185362051632851,1.0185362051632851,0.0
dhv_buy60_signal,5484,5485,5497,2026-03-29 01:00:00+00:00,2026-03-29 01:05:00+00:00,2026-03-29 02:05:00+00:00,66500.53,66596.97,0.001450214005813244,0.001450214005813244,12,fixed_12b_exit,True,in_sample,12,60,no_cost,0.0,1.0200133006334409,1.0200133006334409,0.0
dhv_buy60_signal,7459,7460,7472,2026-04-04 21:35:00+00:00,2026-04-04 21:40:00+00:00,2026-04-04 22:40:00+00:00,67311.17,67465.19,0.0022881789159214794,0.0022881789159214794,12,fixed_12b_exit,True,in_sample,12,60,no_cost,0.0,1.0223472735619097,1.0223472735619097,0.0
dhv_buy60_signal,7595,7596,7608,2026-04-05 08:55:00+00:00,2026-04-05 09:00:00+00:00,2026-04-05 10:00:00+00:00,66971.11,67032.87,0.0009221886870323104,0.0009221886870323104,12,fixed_12b_exit,True,in_sample,12,60,no_cost,0.0,1.0232900706518069,1.0232900706518069,0.0
dhv_buy60_signal,9793,9794,9806,2026-04-13 00:05:00+00:00,2026-04-13 00:10:00+00:00,2026-04-13 01:10:00+00:00,70916.18,71132.95,0.003056707228167088,0.003056707228167088,12,fixed_12b_exit,True,in_sample,12,60,no_cost,0.0,1.0264179688072799,1.0264179688072799,0.0
dhv_buy60_signal,11808,11809,11821,2026-04-20 00:00:00+00:00,2026-04-20 00:05:00+00:00,2026-04-20 01:05:00+00:00,74071.14,74280.04,0.002820261710566374,0.002820261710566374,12,fixed_12b_exit,True,in_sample,12,60,no_cost,0.0,1.0293127361037444,1.0293127361037444,0.0
dhv_buy60_signal,12324,12325,12337,2026-04-21 19:00:00+00:00,2026-04-21 19:05:00+00:00,2026-04-21 20:05:00+00:00,75692.04,75358.75,-0.0044032371171393025,-0.0044032371171393025,12,fixed_12b_exit,False,in_sample,12,60,no_cost,0.0,1.0247804280589883,1.0293127361037444,-0.0044032371171391915
dhv_buy60_signal,12811,12812,12824,2026-04-23 11:35:00+00:00,2026-04-23 11:40:00+00:00,2026-04-23 12:40:00+00:00,77588.2,77764.49,0.0022721238538851996,0.0022721238538851996,12,fixed_12b_exit,True,in_sample,12,60,no_cost,0.0,1.0271088561145758,1.0293127361037444,-0.002141117963342154
dhv_buy60_signal,13470,13471,13483,2026-04-25 18:30:00+00:00,2026-04-25 18:35:00+00:00,2026-04-25 19:35:00+00:00,77350.19,77223.17,-0.0016421420555011723,-0.0016421420555011723,12,fixed_12b_exit,False,in_sample,12,60,no_cost,0.0,1.0254221974663724,1.0293127361037444,-0.0037797439989898374
dhv_buy60_signal,14204,14205,14217,2026-04-28 07:40:00+00:00,2026-04-28 07:45:00+00:00,2026-04-28 08:45:00+00:00,76777.4,76813.5,0.00047019044666796184,0.00047019044666796184,12,fixed_12b_exit,True,in_sample,12,60,no_cost,0.0,1.0259043411874225,1.0293127361037444,-0.0033113307518409796
dhv_buy60_signal,14302,14303,14315,2026-04-28 15:50:00+00:00,2026-04-28 15:55:00+00:00,2026-04-28 16:55:00+00:00,76066.38,76125.04,0.0007711685504159238,0.0007711685504159238,12,fixed_12b_exit,True,in_sample,12,60,no_cost,0.0,1.0266954863510813,1.0293127361037444,-0.002542715795560979
dhv_buy60_signal,14647,14648,14660,2026-04-29 20:35:00+00:00,2026-04-29 20:40:00+00:00,2026-04-29 21:40:00+00:00,75773.61,75942.49,0.002228744281815409,0.002228744281815409,12,fixed_12b_exit,True,in_sample,12,60,no_cost,0.0,1.028983728045452,1.0293127361037444,-0.0003196385770353194
dhv_buy60_signal,15857,15858,15870,2026-05-04 01:25:00+00:00,2026-05-04 01:30:00+00:00,2026-05-04 02:30:00+00:00,78949.6,79751.86,0.01016167276338309,0.01016167276338309,12,fixed_12b_exit,True,in_sample,12,60,no_cost,0.0,1.0394399239686958,1.0394399239686958,0.0
dhv_buy60_signal,16431,16432,16444,2026-05-06 01:15:00+00:00,2026-05-06 01:20:00+00:00,2026-05-06 02:20:00+00:00,81294.65,81289.76,-6.015155978900122e-05,-6.015155978900122e-05,12,fixed_12b_exit,False,in_sample,12,60,no_cost,0.0,1.0393774000359621,1.0394399239686958,-6.015155978900122e-05
dhv_buy60_signal,16919,16920,16932,2026-05-07 17:55:00+00:00,2026-05-07 18:00:00+00:00,2026-05-07 19:00:00+00:00,80140.0,80080.83,-0.0007383329173945574,-0.0007383329173945574,12,fixed_12b_exit,False,in_sample,12,60,no_cost,0.0,1.0386099934879196,1.0394399239686958,-0.0007984400653069379
dhv_cvd_positive_signal,2512,2513,2516,2026-03-18 17:20:00+00:00,2026-03-18 17:25:00+00:00,2026-03-18 17:40:00+00:00,71479.91,71590.62,0.0015488267962284752,0.0003488267962284751,3,fixed_3b_exit,True,in_sample,3,15,base_cost,0.0012000000000000001,1.0003488267962284,1.0003488267962284,0.0
dhv_cvd_positive_signal,2757,2758,2761,2026-03-19 13:45:00+00:00,2026-03-19 13:50:00+00:00,2026-03-19 14:05:00+00:00,70068.47,69637.8,-0.006146416498033935,-0.007346416498033935,3,fixed_3b_exit,False,in_sample,3,15,base_cost,0.0012000000000000001,0.9929998476712637,1.0003488267962284,-0.007346416498033914
dhv_cvd_positive_signal,3095,3096,3099,2026-03-20 17:55:00+00:00,2026-03-20 18:00:00+00:00,2026-03-20 18:15:00+00:00,69951.44,69959.09,0.00010936157997587515,-0.001090638420024125,3,fixed_3b_exit,False,in_sample,3,15,base_cost,0.0012000000000000001,0.9919168438863153,1.0003488267962284,-0.008429042633975814
dhv_cvd_positive_signal,3721,3722,3725,2026-03-22 22:05:00+00:00,2026-03-22 22:10:00+00:00,2026-03-22 22:25:00+00:00,67912.81,68256.0,0.005053391252695993,0.0038533912526959933,3,fixed_3b_exit,True,in_sample,3,15,base_cost,0.0012000000000000001,0.9957390875759485,1.0003488267962284,-0.004608131780434288
dhv_cvd_positive_signal,4216,4217,4220,2026-03-24 15:20:00+00:00,2026-03-24 15:25:00+00:00,2026-03-24 15:40:00+00:00,70029.61,70058.12,0.0004071135052730046,-0.0007928864947269955,3,fixed_3b_exit,False,in_sample,3,15,base_cost,0.0012000000000000001,0.9949495795011378,1.0003488267962284,-0.005397364549706629
dhv_cvd_positive_signal,4254,4255,4258,2026-03-24 18:30:00+00:00,2026-03-24 18:35:00+00:00,2026-03-24 18:50:00+00:00,69741.8,69527.86,-0.0030676007788729143,-0.004267600778872914,3,fixed_3b_exit,False,in_sample,3,15,base_cost,0.0012000000000000001,0.9907035319007195,1.0003488267962284,-0.009641931531423342
dhv_cvd_positive_signal,4840,4841,4844,2026-03-26 19:20:00+00:00,2026-03-26 19:25:00+00:00,2026-03-26 19:40:00+00:00,68435.96,68633.12,0.0028809415400907756,0.0016809415400907755,3,fixed_3b_exit,True,in_sample,3,15,base_cost,0.0012000000000000001,0.9923688466214059,1.0003488267962284,-0.0079771975145706
dhv_cvd_positive_signal,5082,5083,5086,2026-03-27 15:30:00+00:00,2026-03-27 15:35:00+00:00,2026-03-27 15:50:00+00:00,66473.52,66212.42,-0.003927879853511729,-0.005127879853511728,3,fixed_3b_exit,False,in_sample,3,15,base_cost,0.0012000000000000001,0.9872800984055633,1.0003488267962284,-0.013064171257659907
dhv_cvd_positive_signal,5484,5485,5488,2026-03-29 01:00:00+00:00,2026-03-29 01:05:00+00:00,2026-03-29 01:20:00+00:00,66500.53,66542.94,0.0006377392781682367,-0.0005622607218317634,3,fixed_3b_exit,False,in_sample,3,15,base_cost,0.0012000000000000001,0.9867249895847837,1.0003488267962284,-0.01361908650913013
dhv_cvd_positive_signal,6183,6184,6187,2026-03-31 11:15:00+00:00,2026-03-31 11:20:00+00:00,2026-03-31 11:35:00+00:00,66650.94,66817.79,0.0025033405380328055,0.0013033405380328054,3,fixed_3b_exit,True,in_sample,3,15,base_cost,0.0012000000000000001,0.9880110282635994,1.0003488267962284,-0.01233349627863578
dhv_cvd_positive_signal,7459,7460,7463,2026-04-04 21:35:00+00:00,2026-04-04 21:40:00+00:00,2026-04-04 21:55:00+00:00,67311.17,67359.2,0.0007135517032315075,-0.0004864482967684926,3,fixed_3b_exit,False,in_sample,3,15,base_cost,0.0012000000000000001,0.9875304119817121,1.0003488267962284,-0.012813944967146385
dhv_cvd_positive_signal,7595,7596,7599,2026-04-05 08:55:00+00:00,2026-04-05 09:00:00+00:00,2026-04-05 09:15:00+00:00,66971.11,66956.52,-0.00021785513186201033,-0.0014178551318620104,3,fixed_3b_exit,False,in_sample,3,15,base_cost,0.0012000000000000001,0.9861302369192141,1.0003488267962284,-0.014213631781377245
dhv_cvd_positive_signal,9793,9794,9797,2026-04-13 00:05:00+00:00,2026-04-13 00:10:00+00:00,2026-04-13 00:25:00+00:00,70916.18,70982.39,0.0009336374294273142,-0.0002663625705726859,3,fixed_3b_exit,False,in_sample,3,15,base_cost,0.0012000000000000001,0.9858675687343889,1.0003488267962284,-0.014476208372451449
dhv_cvd_positive_signal,11808,11809,11812,2026-04-20 00:00:00+00:00,2026-04-20 00:05:00+00:00,2026-04-20 00:20:00+00:00,74071.14,74248.0,0.0023877045769782335,0.0011877045769782333,3,fixed_3b_exit,True,in_sample,3,15,base_cost,0.0012000000000000001,0.987038488158069,1.0003488267962284,-0.01330569725441444
dhv_cvd_positive_signal,11818,11819,11822,2026-04-20 00:50:00+00:00,2026-04-20 00:55:00+00:00,2026-04-20 01:10:00+00:00,74280.01,74360.0,0.0010768711528177377,-0.0001231288471822624,3,fixed_3b_exit,False,in_sample,3,15,base_cost,0.0012000000000000001,0.9869169552468976,1.0003488267962284,-0.013427187786432926
dhv_cvd_positive_signal,12324,12325,12328,2026-04-21 19:00:00+00:00,2026-04-21 19:05:00+00:00,2026-04-21 19:20:00+00:00,75692.04,75832.43,0.001854752494449885,0.0006547524944498849,3,fixed_3b_exit,True,in_sample,3,15,base_cost,0.0012000000000000001,0.9875631415851603,1.0003488267962284,-0.0127812267766797
dhv_cvd_positive_signal,12811,12812,12815,2026-04-23 11:35:00+00:00,2026-04-23 11:40:00+00:00,2026-04-23 11:55:00+00:00,77588.2,77704.62,0.0015004858986289449,0.00030048589862894477,3,fixed_3b_exit,True,in_sample,3,15,base_cost,0.0012000000000000001,0.9878598903832123,1.0003488267962284,-0.012484581456464361
dhv_cvd_positive_signal,13470,13471,13474,2026-04-25 18:30:00+00:00,2026-04-25 18:35:00+00:00,2026-04-25 18:50:00+00:00,77350.19,77308.73,-0.000536003854677114,-0.001736003854677114,3,fixed_3b_exit,False,in_sample,3,15,base_cost,0.0012000000000000001,0.9861449618056262,1.0003488267962284,-0.01419891202960899
dhv_cvd_positive_signal,14033,14034,14037,2026-04-27 17:25:00+00:00,2026-04-27 17:30:00+00:00,2026-04-27 17:45:00+00:00,76919.89,76813.53,-0.001382737286805824,-0.002582737286805824,3,fixed_3b_exit,False,in_sample,3,15,base_cost,0.0012000000000000001,0.9835980084425751,1.0003488267962284,-0.016744977256883842
dhv_cvd_positive_signal,14204,14205,14208,2026-04-28 07:40:00+00:00,2026-04-28 07:45:00+00:00,2026-04-28 08:00:00+00:00,76777.4,76804.07,0.000347367845225488,-0.0008526321547745121,3,fixed_3b_exit,False,in_sample,3,15,base_cost,0.0012000000000000001,0.9827593611532047,1.0003488267962284,-0.017583332105618243
dhv_cvd_positive_signal,14302,14303,14306,2026-04-28 15:50:00+00:00,2026-04-28 15:55:00+00:00,2026-04-28 16:10:00+00:00,76066.38,76020.45,-0.0006038147207741984,-0.0018038147207741985,3,fixed_3b_exit,False,in_sample,3,15,base_cost,0.0012000000000000001,0.980986645350578,1.0003488267962284,-0.019355429753100006
dhv_cvd_positive_signal,14647,14648,14651,2026-04-29 20:35:00+00:00,2026-04-29 20:40:00+00:00,2026-04-29 20:55:00+00:00,75773.61,75676.79,-0.0012777535609034274,-0.0024777535609034275,3,fixed_3b_exit,False,in_sample,3,15,base_cost,0.0012000000000000001,0.9785560021968619,1.0003488267962284,-0.02178522532900984
dhv_cvd_positive_signal,15857,15858,15861,2026-05-04 01:25:00+00:00,2026-05-04 01:30:00+00:00,2026-05-04 01:45:00+00:00,78949.6,78980.23,0.0003879690334085417,-0.0008120309665914584,3,fixed_3b_exit,False,in_sample,3,15,base_cost,0.0012000000000000001,0.9777613844205342,1.0003488267962284,-0.022579566018019914
dhv_cvd_positive_signal,16431,16432,16435,2026-05-06 01:15:00+00:00,2026-05-06 01:20:00+00:00,2026-05-06 01:35:00+00:00,81294.65,81320.02,0.0003120746568194832,-0.0008879253431805169,3,fixed_3b_exit,False,in_sample,3,15,base_cost,0.0012000000000000001,0.9768932053077239,1.0003488267962284,-0.023447442392295015
dhv_cvd_positive_signal,16919,16920,16923,2026-05-07 17:55:00+00:00,2026-05-07 18:00:00+00:00,2026-05-07 18:15:00+00:00,80140.0,80170.0,0.000374344896431289,-0.0008256551035687111,3,fixed_3b_exit,False,in_sample,3,15,base_cost,0.0012000000000000001,0.97608662844712,1.0003488267962284,-0.02425373799538688
dhv_cvd_positive_signal,2512,2513,2516,2026-03-18 17:20:00+00:00,2026-03-18 17:25:00+00:00,2026-03-18 17:40:00+00:00,71479.91,71590.62,0.0015488267962284752,0.0015488267962284752,3,fixed_3b_exit,True,in_sample,3,15,no_cost,0.0,1.0015488267962285,1.0015488267962285,0.0
dhv_cvd_positive_signal,2757,2758,2761,2026-03-19 13:45:00+00:00,2026-03-19 13:50:00+00:00,2026-03-19 14:05:00+00:00,70068.47,69637.8,-0.006146416498033935,-0.006146416498033935,3,fixed_3b_exit,False,in_sample,3,15,no_cost,0.0,0.9953928905636216,1.0015488267962285,-0.006146416498033935
dhv_cvd_positive_signal,3095,3096,3099,2026-03-20 17:55:00+00:00,2026-03-20 18:00:00+00:00,2026-03-20 18:15:00+00:00,69951.44,69959.09,0.00010936157997587515,0.00010936157997587515,3,fixed_3b_exit,True,in_sample,3,15,no_cost,0.0,0.9955017483028303,1.0015488267962285,-0.006037727099877488
dhv_cvd_positive_signal,3721,3722,3725,2026-03-22 22:05:00+00:00,2026-03-22 22:10:00+00:00,2026-03-22 22:25:00+00:00,67912.81,68256.0,0.005053391252695993,0.005053391252695993,3,fixed_3b_exit,True,in_sample,3,15,no_cost,0.0,1.0005324081297475,1.0015488267962285,-0.001014846844494155
dhv_cvd_positive_signal,4216,4217,4220,2026-03-24 15:20:00+00:00,2026-03-24 15:25:00+00:00,2026-03-24 15:40:00+00:00,70029.61,70058.12,0.0004071135052730046,0.0004071135052730046,3,fixed_3b_exit,True,in_sample,3,15,no_cost,0.0,1.0009397383855605,1.0015488267962285,-0.0006081464970772998
dhv_cvd_positive_signal,4254,4255,4258,2026-03-24 18:30:00+00:00,2026-03-24 18:35:00+00:00,2026-03-24 18:50:00+00:00,69741.8,69527.86,-0.0030676007788729143,-0.0030676007788729143,3,fixed_3b_exit,False,in_sample,3,15,no_cost,0.0,0.9978692548644841,1.0015488267962285,-0.0036738817252821576
dhv_cvd_positive_signal,4840,4841,4844,2026-03-26 19:20:00+00:00,2026-03-26 19:25:00+00:00,2026-03-26 19:40:00+00:00,68435.96,68633.12,0.0028809415400907756,0.0028809415400907756,3,fixed_3b_exit,True,in_sample,3,15,no_cost,0.0,1.0007440578524025,1.0015488267962285,-0.0008035244236671568
dhv_cvd_positive_signal,5082,5083,5086,2026-03-27 15:30:00+00:00,2026-03-27 15:35:00+00:00,2026-03-27 15:50:00+00:00,66473.52,66212.42,-0.003927879853511729,-0.003927879853511729,3,fixed_3b_exit,False,in_sample,3,15,no_cost,0.0,0.9968132554290424,1.0015488267962285,-0.004728248129783452
dhv_cvd_positive_signal,5484,5485,5488,2026-03-29 01:00:00+00:00,2026-03-29 01:05:00+00:00,2026-03-29 01:20:00+00:00,66500.53,66542.94,0.0006377392781682367,0.0006377392781682367,3,fixed_3b_exit,True,in_sample,3,15,no_cost,0.0,0.9974489623950282,1.0015488267962285,-0.004093524241164492
dhv_cvd_positive_signal,6183,6184,6187,2026-03-31 11:15:00+00:00,2026-03-31 11:20:00+00:00,2026-03-31 11:35:00+00:00,66650.94,66817.79,0.0025033405380328055,0.0025033405380328055,3,fixed_3b_exit,True,in_sample,3,15,no_cost,0.0,0.9999459168172105,1.0015488267962285,-0.0016004311883079936
dhv_cvd_positive_signal,7459,7460,7463,2026-04-04 21:35:00+00:00,2026-04-04 21:40:00+00:00,2026-04-04 21:55:00+00:00,67311.17,67359.2,0.0007135517032315075,0.0007135517032315075,3,fixed_3b_exit,True,in_sample,3,15,no_cost,0.0,1.0006594299292948,1.0015488267962285,-0.0008880214754768412
dhv_cvd_positive_signal,7595,7596,7599,2026-04-05 08:55:00+00:00,2026-04-05 09:00:00+00:00,2026-04-05 09:15:00+00:00,66971.11,66956.52,-0.00021785513186201033,-0.00021785513186201033,3,fixed_3b_exit,False,in_sample,3,15,no_cost,0.0,1.0004414311372385,1.0015488267962285,-0.0011056831473033046
dhv_cvd_positive_signal,9793,9794,9797,2026-04-13 00:05:00+00:00,2026-04-13 00:10:00+00:00,2026-04-13 00:25:00+00:00,70916.18,70982.39,0.0009336374294273142,0.0009336374294273142,3,fixed_3b_exit,True,in_sample,3,15,no_cost,0.0,1.001375480703298,1.0015488267962285,-0.0001730780250475128
dhv_cvd_positive_signal,11808,11809,11812,2026-04-20 00:00:00+00:00,2026-04-20 00:05:00+00:00,2026-04-20 00:20:00+00:00,74071.14,74248.0,0.0023877045769782335,0.0023877045769782335,3,fixed_3b_exit,True,in_sample,3,15,no_cost,0.0,1.003766469521847,1.003766469521847,0.0
dhv_cvd_positive_signal,11818,11819,11822,2026-04-20 00:50:00+00:00,2026-04-20 00:55:00+00:00,2026-04-20 01:10:00+00:00,74280.01,74360.0,0.0010768711528177377,0.0010768711528177377,3,fixed_3b_exit,True,in_sample,3,15,no_cost,0.0,1.0048473966770406,1.0048473966770406,0.0
dhv_cvd_positive_signal,12324,12325,12328,2026-04-21 19:00:00+00:00,2026-04-21 19:05:00+00:00,2026-04-21 19:20:00+00:00,75692.04,75832.43,0.001854752494449885,0.001854752494449885,3,fixed_3b_exit,True,in_sample,3,15,no_cost,0.0,1.0067111398925688,1.0067111398925688,0.0
dhv_cvd_positive_signal,12811,12812,12815,2026-04-23 11:35:00+00:00,2026-04-23 11:40:00+00:00,2026-04-23 11:55:00+00:00,77588.2,77704.62,0.0015004858986289449,0.0015004858986289449,3,fixed_3b_exit,True,in_sample,3,15,no_cost,0.0,1.0082216957619703,1.0082216957619703,0.0
dhv_cvd_positive_signal,13470,13471,13474,2026-04-25 18:30:00+00:00,2026-04-25 18:35:00+00:00,2026-04-25 18:50:00+00:00,77350.19,77308.73,-0.000536003854677114,-0.000536003854677114,3,fixed_3b_exit,False,in_sample,3,15,no_cost,0.0,1.0076812850466728,1.0082216957619703,-0.000536003854677114
dhv_cvd_positive_signal,14033,14034,14037,2026-04-27 17:25:00+00:00,2026-04-27 17:30:00+00:00,2026-04-27 17:45:00+00:00,76919.89,76813.53,-0.001382737286805824,-0.001382737286805824,3,fixed_3b_exit,False,in_sample,3,15,no_cost,0.0,1.0062879265606224,1.0082216957619703,-0.001917999988967134
dhv_cvd_positive_signal,14204,14205,14208,2026-04-28 07:40:00+00:00,2026-04-28 07:45:00+00:00,2026-04-28 08:00:00+00:00,76777.4,76804.07,0.000347367845225488,0.000347367845225488,3,fixed_3b_exit,True,in_sample,3,15,no_cost,0.0,1.0066374786293482,1.0082216957619703,-0.0015712983952650417
dhv_cvd_positive_signal,14302,14303,14306,2026-04-28 15:50:00+00:00,2026-04-28 15:55:00+00:00,2026-04-28 16:10:00+00:00,76066.38,76020.45,-0.0006038147207741984,-0.0006038147207741984,3,fixed_3b_exit,False,in_sample,3,15,no_cost,0.0,1.0060296561012687,1.0082216957619703,-0.002174164342937379
dhv_cvd_positive_signal,14647,14648,14651,2026-04-29 20:35:00+00:00,2026-04-29 20:40:00+00:00,2026-04-29 20:55:00+00:00,75773.61,75676.79,-0.0012777535609034274,-0.0012777535609034274,3,fixed_3b_exit,False,in_sample,3,15,no_cost,0.0,1.004744198125811,1.0082216957619703,-0.00344913985760964
dhv_cvd_positive_signal,15857,15858,15861,2026-05-04 01:25:00+00:00,2026-05-04 01:30:00+00:00,2026-05-04 01:45:00+00:00,78949.6,78980.23,0.0003879690334085417,0.0003879690334085417,3,fixed_3b_exit,True,in_sample,3,15,no_cost,0.0,1.0051340077611806,1.0082216957619703,-0.0030625089836577857
dhv_cvd_positive_signal,16431,16432,16435,2026-05-06 01:15:00+00:00,2026-05-06 01:20:00+00:00,2026-05-06 01:35:00+00:00,81294.65,81320.02,0.0003120746568194832,0.0003120746568194832,3,fixed_3b_exit,True,in_sample,3,15,no_cost,0.0,1.0054476846117102,1.0082216957619703,-0.0027513900582784023
dhv_cvd_positive_signal,16919,16920,16923,2026-05-07 17:55:00+00:00,2026-05-07 18:00:00+00:00,2026-05-07 18:15:00+00:00,80140.0,80170.0,0.000374344896431289,0.000374344896431289,3,fixed_3b_exit,True,in_sample,3,15,no_cost,0.0,1.0058240688210733,1.0082216957619703,-0.0023780751306734516
dhv_cvd_positive_signal,2512,2513,2519,2026-03-18 17:20:00+00:00,2026-03-18 17:25:00+00:00,2026-03-18 17:55:00+00:00,71479.91,71595.21,0.001613040643168251,0.0004130406431682508,6,fixed_6b_exit,True,in_sample,6,30,base_cost,0.0012000000000000001,1.0004130406431682,1.0004130406431682,0.0
dhv_cvd_positive_signal,2757,2758,2764,2026-03-19 13:45:00+00:00,2026-03-19 13:50:00+00:00,2026-03-19 14:20:00+00:00,70068.47,69350.57,-0.010245692534744832,-0.011445692534744832,6,fixed_6b_exit,False,in_sample,6,30,base_cost,0.0012000000000000001,0.9889626205722173,1.0004130406431682,-0.011445692534744811
dhv_cvd_positive_signal,3095,3096,3102,2026-03-20 17:55:00+00:00,2026-03-20 18:00:00+00:00,2026-03-20 18:30:00+00:00,69951.44,69691.88,-0.003710574078246265,-0.0049105740782462645,6,fixed_6b_exit,False,in_sample,6,30,base_cost,0.0012000000000000001,0.9841062463632809,1.0004130406431682,-0.01630006169192233
dhv_cvd_positive_signal,3721,3722,3728,2026-03-22 22:05:00+00:00,2026-03-22 22:10:00+00:00,2026-03-22 22:40:00+00:00,67912.81,68135.8,0.0032834747965810873,0.002083474796581087,6,fixed_6b_exit,True,in_sample,6,30,base_cost,0.0012000000000000001,0.9861566069247367,1.0004130406431682,-0.014250547663059221
dhv_cvd_positive_signal,4216,4217,4223,2026-03-24 15:20:00+00:00,2026-03-24 15:25:00+00:00,2026-03-24 15:55:00+00:00,70029.61,69873.04,-0.0022357685556153584,-0.0034357685556153585,6,fixed_6b_exit,False,in_sample,6,30,base_cost,0.0012000000000000001,0.9827684010637524,1.0004130406431682,-0.01763735463511351
dhv_cvd_positive_signal,4254,4255,4261,2026-03-24 18:30:00+00:00,2026-03-24 18:35:00+00:00,2026-03-24 19:05:00+00:00,69741.8,69603.49,-0.001983172215228146,-0.0031831722152281462,6,fixed_6b_exit,False,in_sample,6,30,base_cost,0.0012000000000000001,0.9796400799954821,1.0004130406431682,-0.020764384113116985
dhv_cvd_positive_signal,4840,4841,4847,2026-03-26 19:20:00+00:00,2026-03-26 19:25:00+00:00,2026-03-26 19:55:00+00:00,68435.96,68534.36,0.0014378405738737499,0.00023784057387374975,6,fixed_6b_exit,True,in_sample,6,30,base_cost,0.0012000000000000001,0.9798730781542978,1.0004130406431682,-0.02053148215227696
dhv_cvd_positive_signal,5082,5083,5089,2026-03-27 15:30:00+00:00,2026-03-27 15:35:00+00:00,2026-03-27 16:05:00+00:00,66473.52,65836.81,-0.009578400542050503,-0.010778400542050502,6,fixed_6b_exit,False,in_sample,6,30,base_cost,0.0012000000000000001,0.9693116136375789,1.0004130406431682,-0.031088586155968212
dhv_cvd_positive_signal,5484,5485,5491,2026-03-29 01:00:00+00:00,2026-03-29 01:05:00+00:00,2026-03-29 01:35:00+00:00,66500.53,66390.47,-0.0016550244035649087,-0.0028550244035649088,6,fixed_6b_exit,False,in_sample,6,30,base_cost,0.0012000000000000001,0.9665442053259847,1.0004130406431682,-0.03385485188738546
dhv_cvd_positive_signal,6183,6184,6190,2026-03-31 11:15:00+00:00,2026-03-31 11:20:00+00:00,2026-03-31 11:50:00+00:00,66650.94,66603.67,-0.0007092173043621308,-0.001909217304362131,6,fixed_6b_exit,False,in_sample,6,30,base_cost,0.0012000000000000001,0.9646988624037455,1.0004130406431682,-0.03569943292268751
dhv_cvd_positive_signal,7459,7460,7466,2026-04-04 21:35:00+00:00,2026-04-04 21:40:00+00:00,2026-04-04 22:10:00+00:00,67311.17,67389.64,0.0011657797658248814,-3.42202341751187e-05,6,fixed_6b_exit,False,in_sample,6,30,base_cost,0.0012000000000000001,0.9646658501827655,1.0004130406431682,-0.03573243151390815
dhv_cvd_positive_signal,7595,7596,7602,2026-04-05 08:55:00+00:00,2026-04-05 09:00:00+00:00,2026-04-05 09:30:00+00:00,66971.11,66996.93,0.0003855393766056814,-0.0008144606233943187,6,fixed_6b_exit,False,in_sample,6,30,base_cost,0.0012000000000000001,0.9638801678330585,1.0004130406431682,-0.0365177894788562
dhv_cvd_positive_signal,9793,9794,9800,2026-04-13 00:05:00+00:00,2026-04-13 00:10:00+00:00,2026-04-13 00:40:00+00:00,70916.18,71063.99,0.0020842916242811427,0.0008842916242811426,6,fixed_6b_exit,True,in_sample,6,30,base_cost,0.0012000000000000001,0.964732518992284,1.0004130406431682,-0.035665790229948535
dhv_cvd_positive_signal,11808,11809,11815,2026-04-20 00:00:00+00:00,2026-04-20 00:05:00+00:00,2026-04-20 00:35:00+00:00,74071.14,74155.88,0.0011440353152389893,-5.596468476101084e-05,6,fixed_6b_exit,False,in_sample,6,30,base_cost,0.0012000000000000001,0.9646785280409799,1.0004130406431682,-0.03571975889000256
dhv_cvd_positive_signal,11818,11819,11825,2026-04-20 00:50:00+00:00,2026-04-20 00:55:00+00:00,2026-04-20 01:25:00+00:00,74280.01,74298.03,0.00024259555161609825,-0.0009574044483839019,6,fixed_6b_exit,False,in_sample,6,30,base_cost,0.0012000000000000001,0.963754940526973,1.0004130406431682,-0.036642965082330003
dhv_cvd_positive_signal,12324,12325,12331,2026-04-21 19:00:00+00:00,2026-04-21 19:05:00+00:00,2026-04-21 19:35:00+00:00,75692.04,75255.19,-0.005771412687516353,-0.006971412687516353,6,fixed_6b_exit,False,in_sample,6,30,base_cost,0.0012000000000000001,0.9570362071069267,1.0004130406431682,-0.043358924538163146
dhv_cvd_positive_signal,12811,12812,12818,2026-04-23 11:35:00+00:00,2026-04-23 11:40:00+00:00,2026-04-23 12:10:00+00:00,77588.2,77714.64,0.0016296292477464558,0.0004296292477464557,6,fixed_6b_exit,True,in_sample,6,30,base_cost,0.0012000000000000001,0.9574473778526521,1.0004130406431682,-0.04294792355254917
dhv_cvd_positive_signal,13470,13471,13477,2026-04-25 18:30:00+00:00,2026-04-25 18:35:00+00:00,2026-04-25 19:05:00+00:00,77350.19,77300.0,-0.0006488671844244731,-0.0018488671844244732,6,fixed_6b_exit,False,in_sample,6,30,base_cost,0.0012000000000000001,0.9556771848149271,1.0004130406431682,-0.04471738573047812
dhv_cvd_positive_signal,14033,14034,14040,2026-04-27 17:25:00+00:00,2026-04-27 17:30:00+00:00,2026-04-27 18:00:00+00:00,76919.89,76770.26,-0.0019452705925606661,-0.0031452705925606663,6,fixed_6b_exit,False,in_sample,6,30,base_cost,0.0012000000000000001,0.9526713214695476,1.0004130406431682,-0.047722008044724484
dhv_cvd_positive_signal,14204,14205,14211,2026-04-28 07:40:00+00:00,2026-04-28 07:45:00+00:00,2026-04-28 08:15:00+00:00,76777.4,76886.68,0.001423335512794166,0.00022333551279416592,6,fixed_6b_exit,True,in_sample,6,30,base_cost,0.0012000000000000001,0.9528840868076522,1.0004130406431682,-0.04750933055106865
dhv_cvd_positive_signal,14302,14303,14309,2026-04-28 15:50:00+00:00,2026-04-28 15:55:00+00:00,2026-04-28 16:25:00+00:00,76066.38,75954.58,-0.001469768904475366,-0.002669768904475366,6,fixed_6b_exit,False,in_sample,6,30,base_cost,0.0012000000000000001,0.9503401065031238,1.0004130406431682,-0.05005226052216627
dhv_cvd_positive_signal,14647,14648,14654,2026-04-29 20:35:00+00:00,2026-04-29 20:40:00+00:00,2026-04-29 21:10:00+00:00,75773.61,75794.67,0.0002779331748876679,-0.0009220668251123322,6,fixed_6b_exit,False,in_sample,6,30,base_cost,0.0012000000000000001,0.9494638294183436,1.0004130406431682,-0.0509281758183292
dhv_cvd_positive_signal,15857,15858,15864,2026-05-04 01:25:00+00:00,2026-05-04 01:30:00+00:00,2026-05-04 02:00:00+00:00,78949.6,79730.01,0.009884913919766314,0.008684913919766314,6,fixed_6b_exit,True,in_sample,6,30,base_cost,0.0012000000000000001,0.9577098410467735,1.0004130406431682,-0.04268556872163587
dhv_cvd_positive_signal,16431,16432,16438,2026-05-06 01:15:00+00:00,2026-05-06 01:20:00+00:00,2026-05-06 01:50:00+00:00,81294.65,81446.69,0.0018702337730711616,0.0006702337730711615,6,fixed_6b_exit,True,in_sample,6,30,base_cost,0.0012000000000000001,0.9583517305270456,1.0004130406431682,-0.04204394425834479
dhv_cvd_positive_signal,16919,16920,16926,2026-05-07 17:55:00+00:00,2026-05-07 18:00:00+00:00,2026-05-07 18:30:00+00:00,80140.0,80183.58,0.0005437983528824297,-0.0006562016471175704,6,fixed_6b_exit,False,in_sample,6,30,base_cost,0.0012000000000000001,0.9577228585429558,1.0004130406431682,-0.0426725565999887
dhv_cvd_positive_signal,2512,2513,2519,2026-03-18 17:20:00+00:00,2026-03-18 17:25:00+00:00,2026-03-18 17:55:00+00:00,71479.91,71595.21,0.001613040643168251,0.001613040643168251,6,fixed_6b_exit,True,in_sample,6,30,no_cost,0.0,1.0016130406431683,1.0016130406431683,0.0
dhv_cvd_positive_signal,2757,2758,2764,2026-03-19 13:45:00+00:00,2026-03-19 13:50:00+00:00,2026-03-19 14:20:00+00:00,70068.47,69350.57,-0.010245692534744832,-0.010245692534744832,6,fixed_6b_exit,False,in_sample,6,30,no_cost,0.0,0.9913508213899475,1.0016130406431683,-0.010245692534744832
dhv_cvd_positive_signal,3095,3096,3102,2026-03-20 17:55:00+00:00,2026-03-20 18:00:00+00:00,2026-03-20 18:30:00+00:00,69951.44,69691.88,-0.003710574078246265,-0.003710574078246265,6,fixed_6b_exit,False,in_sample,6,30,no_cost,0.0,0.9876723407296498,1.0016130406431683,-0.013918249211857914
dhv_cvd_positive_signal,3721,3722,3728,2026-03-22 22:05:00+00:00,2026-03-22 22:10:00+00:00,2026-03-22 22:40:00+00:00,67912.81,68135.8,0.0032834747965810873,0.0032834747965810873,6,fixed_6b_exit,True,in_sample,6,30,no_cost,0.0,0.9909153379677159,1.0016130406431683,-0.010680474635776482
dhv_cvd_positive_signal,4216,4217,4223,2026-03-24 15:20:00+00:00,2026-03-24 15:25:00+00:00,2026-03-24 15:55:00+00:00,70029.61,69873.04,-0.0022357685556153584,-0.0022357685556153584,6,fixed_6b_exit,False,in_sample,6,30,no_cost,0.0,0.9886998806138108,1.0016130406431683,-0.012892364122042088
dhv_cvd_positive_signal,4254,4255,4261,2026-03-24 18:30:00+00:00,2026-03-24 18:35:00+00:00,2026-03-24 19:05:00+00:00,69741.8,69603.49,-0.001983172215228146,-0.001983172215228146,6,fixed_6b_exit,False,in_sample,6,30,no_cost,0.0,0.9867391184813781,1.0016130406431683,-0.014849968558954818
dhv_cvd_positive_signal,4840,4841,4847,2026-03-26 19:20:00+00:00,2026-03-26 19:25:00+00:00,2026-03-26 19:55:00+00:00,68435.96,68534.36,0.0014378405738737499,0.0014378405738737499,6,fixed_6b_exit,True,in_sample,6,30,no_cost,0.0,0.988157892021759,1.0016130406431683,-0.01343347987239596
dhv_cvd_positive_signal,5082,5083,5089,2026-03-27 15:30:00+00:00,2026-03-27 15:35:00+00:00,2026-03-27 16:05:00+00:00,66473.52,65836.81,-0.009578400542050503,-0.009578400542050503,6,fixed_6b_exit,False,in_sample,6,30,no_cost,0.0,0.9786929199331863,1.0016130406431683,-0.02288320916355502
dhv_cvd_positive_signal,5484,5485,5491,2026-03-29 01:00:00+00:00,2026-03-29 01:05:00+00:00,2026-03-29 01:35:00+00:00,66500.53,66390.47,-0.0016550244035649087,-0.0016550244035649087,6,fixed_6b_exit,False,in_sample,6,30,no_cost,0.0,0.9770731592671007,1.0016130406431683,-0.02450036129752231
dhv_cvd_positive_signal,6183,6184,6190,2026-03-31 11:15:00+00:00,2026-03-31 11:20:00+00:00,2026-03-31 11:50:00+00:00,66650.94,66603.67,-0.0007092173043621308,-0.0007092173043621308,6,fixed_6b_exit,False,in_sample,6,30,no_cost,0.0,0.9763802020749207,1.0016130406431683,-0.025192202521689078
dhv_cvd_positive_signal,7459,7460,7466,2026-04-04 21:35:00+00:00,2026-04-04 21:40:00+00:00,2026-04-04 22:10:00+00:00,67311.17,67389.64,0.0011657797658248814,0.0011657797658248814,6,fixed_6b_exit,True,in_sample,6,30,no_cost,0.0,0.9775184463582517,1.0016130406431683,-0.024055791315820585
dhv_cvd_positive_signal,7595,7596,7602,2026-04-05 08:55:00+00:00,2026-04-05 09:00:00+00:00,2026-04-05 09:30:00+00:00,66971.11,66996.93,0.0003855393766056814,0.0003855393766056814,6,fixed_6b_exit,True,in_sample,6,30,no_cost,0.0,0.9778953182106812,1.0016130406431683,-0.023679526394002504
dhv_cvd_positive_signal,9793,9794,9800,2026-04-13 00:05:00+00:00,2026-04-13 00:10:00+00:00,2026-04-13 00:40:00+00:00,70916.18,71063.99,0.0020842916242811427,0.0020842916242811427,6,fixed_6b_exit,True,in_sample,6,30,no_cost,0.0,0.9799335372318515,1.0016130406431683,-0.021644589808251347
dhv_cvd_positive_signal,11808,11809,11815,2026-04-20 00:00:00+00:00,2026-04-20 00:05:00+00:00,2026-04-20 00:35:00+00:00,74071.14,74155.88,0.0011440353152389893,0.0011440353152389893,6,fixed_6b_exit,True,in_sample,6,30,no_cost,0.0,0.9810546158050318,1.0016130406431683,-0.02052531666813684
dhv_cvd_positive_signal,11818,11819,11825,2026-04-20 00:50:00+00:00,2026-04-20 00:55:00+00:00,2026-04-20 01:25:00+00:00,74280.01,74298.03,0.00024259555161609825,0.00024259555161609825,6,fixed_6b_exit,True,in_sample,6,30,no_cost,0.0,0.9812926152907185,1.0016130406431683,-0.020287700467039982
dhv_cvd_positive_signal,12324,12325,12331,2026-04-21 19:00:00+00:00,2026-04-21 19:05:00+00:00,2026-04-21 19:35:00+00:00,75692.04,75255.19,-0.005771412687516353,-0.005771412687516353,6,fixed_6b_exit,False,in_sample,6,30,no_cost,0.0,0.9756291706406636,1.0016130406431683,-0.025942024462680346
dhv_cvd_positive_signal,12811,12812,12818,2026-04-23 11:35:00+00:00,2026-04-23 11:40:00+00:00,2026-04-23 12:10:00+00:00,77588.2,77714.64,0.0016296292477464558,0.0016296292477464558,6,fixed_6b_exit,True,in_sample,6,30,no_cost,0.0,0.9772190844720942,1.0016130406431683,-0.02435467109674405
dhv_cvd_positive_signal,13470,13471,13477,2026-04-25 18:30:00+00:00,2026-04-25 18:35:00+00:00,2026-04-25 19:05:00+00:00,77350.19,77300.0,-0.0006488671844244731,-0.0006488671844244731,6,fixed_6b_exit,False,in_sample,6,30,no_cost,0.0,0.9765849990761869,1.0016130406431683,-0.024987735334306427
dhv_cvd_positive_signal,14033,14034,14040,2026-04-27 17:25:00+00:00,2026-04-27 17:30:00+00:00,2026-04-27 18:00:00+00:00,76919.89,76770.26,-0.0019452705925606661,-0.0019452705925606661,6,fixed_6b_exit,False,in_sample,6,30,no_cost,0.0,0.9746852769963481,1.0016130406431683,-0.026884398020146527
dhv_cvd_positive_signal,14204,14205,14211,2026-04-28 07:40:00+00:00,2026-04-28 07:45:00+00:00,2026-04-28 08:15:00+00:00,76777.4,76886.68,0.001423335512794166,0.001423335512794166,6,fixed_6b_exit,True,in_sample,6,30,no_cost,0.0,0.9760725811648946,1.0016130406431683,-0.025499328025794576
dhv_cvd_positive_signal,14302,14303,14309,2026-04-28 15:50:00+00:00,2026-04-28 15:55:00+00:00,2026-04-28 16:25:00+00:00,76066.38,75954.58,-0.001469768904475366,-0.001469768904475366,6,fixed_6b_exit,False,in_sample,6,30,no_cost,0.0,0.9746379800365874,1.0016130406431683,-0.026931618810852598
dhv_cvd_positive_signal,14647,14648,14654,2026-04-29 20:35:00+00:00,2026-04-29 20:40:00+00:00,2026-04-29 21:10:00+00:00,75773.61,75794.67,0.0002779331748876679,0.0002779331748876679,6,fixed_6b_exit,True,in_sample,6,30,no_cost,0.0,0.9749088642647451,1.0016130406431683,-0.02666117082628594
dhv_cvd_positive_signal,15857,15858,15864,2026-05-04 01:25:00+00:00,2026-05-04 01:30:00+00:00,2026-05-04 02:00:00+00:00,78949.6,79730.01,0.009884913919766314,0.009884913919766314,6,fixed_6b_exit,True,in_sample,6,30,no_cost,0.0,0.9845457544676193,1.0016130406431683,-0.01703980028513763
dhv_cvd_positive_signal,16431,16432,16438,2026-05-06 01:15:00+00:00,2026-05-06 01:20:00+00:00,2026-05-06 01:50:00+00:00,81294.65,81446.69,0.0018702337730711616,0.0018702337730711616,6,fixed_6b_exit,True,in_sample,6,30,no_cost,0.0,0.9863870851887584,1.0016130406431683,-0.015201434922046064
dhv_cvd_positive_signal,16919,16920,16926,2026-05-07 17:55:00+00:00,2026-05-07 18:00:00+00:00,2026-05-07 18:30:00+00:00,80140.0,80183.58,0.0005437983528824297,0.0005437983528824297,6,fixed_6b_exit,True,in_sample,6,30,no_cost,0.0,0.9869234808609886,1.0016130406431683,-0.014665903084435716
dhv_cvd_positive_signal,2512,2513,2525,2026-03-18 17:20:00+00:00,2026-03-18 17:25:00+00:00,2026-03-18 18:25:00+00:00,71479.91,71684.6,0.0028636018148315845,0.0016636018148315844,12,fixed_12b_exit,True,in_sample,12,60,base_cost,0.0012000000000000001,1.0016636018148315,1.0016636018148315,0.0
dhv_cvd_positive_signal,2757,2758,2770,2026-03-19 13:45:00+00:00,2026-03-19 13:50:00+00:00,2026-03-19 14:50:00+00:00,70068.47,69493.62,-0.008204118057665633,-0.009404118057665632,12,fixed_12b_exit,False,in_sample,12,60,base_cost,0.0012000000000000001,0.9922438390492982,1.0016636018148315,-0.009404118057665611
dhv_cvd_positive_signal,3095,3096,3108,2026-03-20 17:55:00+00:00,2026-03-20 18:00:00+00:00,2026-03-20 19:00:00+00:00,69951.44,69865.47,-0.0012289954288289273,-0.0024289954288289274,12,fixed_12b_exit,False,in_sample,12,60,base_cost,0.0012000000000000001,0.9898336832999639,1.0016636018148315,-0.011810270926720268
dhv_cvd_positive_signal,3721,3722,3734,2026-03-22 22:05:00+00:00,2026-03-22 22:10:00+00:00,2026-03-22 23:10:00+00:00,67912.81,68327.15,0.006101058106710688,0.004901058106710689,12,fixed_12b_exit,True,in_sample,12,60,base_cost,0.0012000000000000001,0.9946849156977964,1.0016636018148315,-0.006967095644077492
dhv_cvd_positive_signal,4216,4217,4229,2026-03-24 15:20:00+00:00,2026-03-24 15:25:00+00:00,2026-03-24 16:25:00+00:00,70029.61,69798.32,-0.003302745795671247,-0.004502745795671247,12,fixed_12b_exit,False,in_sample,12,60,base_cost,0.0012000000000000001,0.9902061023756206,1.0016636018148315,-0.011438470379129262
dhv_cvd_positive_signal,4254,4255,4267,2026-03-24 18:30:00+00:00,2026-03-24 18:35:00+00:00,2026-03-24 19:35:00+00:00,69741.8,69431.13,-0.004454573871050083,-0.005654573871050082,12,fixed_12b_exit,False,in_sample,12,60,base_cost,0.0012000000000000001,0.984606908822173,1.0016636018148315,-0.017028364574448784
dhv_cvd_positive_signal,4840,4841,4853,2026-03-26 19:20:00+00:00,2026-03-26 19:25:00+00:00,2026-03-26 20:25:00+00:00,68435.96,69168.99,0.010711181665311598,0.009511181665311598,12,fixed_12b_exit,True,in_sample,12,60,base_cost,0.0012000000000000001,0.9939716840009015,1.0016636018148315,-0.007679142778068027
dhv_cvd_positive_signal,5082,5083,5095,2026-03-27 15:30:00+00:00,2026-03-27 15:35:00+00:00,2026-03-27 16:35:00+00:00,66473.52,65852.37,-0.009344322370772762,-0.010544322370772762,12,fixed_12b_exit,False,in_sample,12,60,base_cost,0.0012000000000000001,0.9834909261373762,1.0016636018148315,-0.018142493791857617
dhv_cvd_positive_signal,5484,5485,5497,2026-03-29 01:00:00+00:00,2026-03-29 01:05:00+00:00,2026-03-29 02:05:00+00:00,66500.53,66596.97,0.001450214005813244,0.0002502140058132439,12,fixed_12b_exit,True,in_sample,12,60,base_cost,0.0012000000000000001,0.983737009341686,1.0016636018148315,-0.017896819292091526
dhv_cvd_positive_signal,6183,6184,6196,2026-03-31 11:15:00+00:00,2026-03-31 11:20:00+00:00,2026-03-31 12:20:00+00:00,66650.94,66634.01,-0.00025400992094049,-0.0014540099209404901,12,fixed_12b_exit,False,in_sample,12,60,base_cost,0.0012000000000000001,0.9823066459705069,1.0016636018148315,-0.01932480706022799
dhv_cvd_positive_signal,7459,7460,7472,2026-04-04 21:35:00+00:00,2026-04-04 21:40:00+00:00,2026-04-04 22:40:00+00:00,67311.17,67465.19,0.0022881789159214794,0.0010881789159214793,12,fixed_12b_exit,True,in_sample,12,60,base_cost,0.0012000000000000001,0.9833755713516215,1.0016636018148315,-0.018257656991903737
dhv_cvd_positive_signal,7595,7596,7608,2026-04-05 08:55:00+00:00,2026-04-05 09:00:00+00:00,2026-04-05 10:00:00+00:00,66971.11,67032.87,0.0009221886870323104,-0.00027781131296768973,12,fixed_12b_exit,False,in_sample,12,60,base_cost,0.0012000000000000001,0.983102378493004,1.0016636018148315,-0.018530396121210768
dhv_cvd_positive_signal,9793,9794,9806,2026-04-13 00:05:00+00:00,2026-04-13 00:10:00+00:00,2026-04-13 01:10:00+00:00,70916.18,71132.95,0.003056707228167088,0.001856707228167088,12,fixed_12b_exit,True,in_sample,12,60,base_cost,0.0012000000000000001,0.9849277117851801,1.0016636018148315,-0.01670809441346277
dhv_cvd_positive_signal,11808,11809,11821,2026-04-20 00:00:00+00:00,2026-04-20 00:05:00+00:00,2026-04-20 01:05:00+00:00,74071.14,74280.04,0.002820261710566374,0.001620261710566374,12,fixed_12b_exit,True,in_sample,12,60,base_cost,0.0012000000000000001,0.9865235524442613,1.0016636018148315,-0.01511490418853123
dhv_cvd_positive_signal,12324,12325,12337,2026-04-21 19:00:00+00:00,2026-04-21 19:05:00+00:00,2026-04-21 20:05:00+00:00,75692.04,75358.75,-0.0044032371171393025,-0.005603237117139302,12,fixed_12b_exit,False,in_sample,12,60,base_cost,0.0012000000000000001,0.9809958270582735,1.0016636018148315,-0.020633448913499275
dhv_cvd_positive_signal,12811,12812,12824,2026-04-23 11:35:00+00:00,2026-04-23 11:40:00+00:00,2026-04-23 12:40:00+00:00,77588.2,77764.49,0.0022721238538851996,0.0010721238538851994,12,fixed_12b_exit,True,in_sample,12,60,base_cost,0.0012000000000000001,0.9820475760850245,1.0016636018148315,-0.01958344667238221
dhv_cvd_positive_signal,13470,13471,13483,2026-04-25 18:30:00+00:00,2026-04-25 18:35:00+00:00,2026-04-25 19:35:00+00:00,77350.19,77223.17,-0.0016421420555011723,-0.0028421420555011724,12,fixed_12b_exit,False,in_sample,12,60,base_cost,0.0012000000000000001,0.9792564573685303,1.0016636018148315,-0.022369929790504117
dhv_cvd_positive_signal,14033,14034,14046,2026-04-27 17:25:00+00:00,2026-04-27 17:30:00+00:00,2026-04-27 18:30:00+00:00,76919.89,76721.67,-0.0025769667637330906,-0.0037769667637330907,12,fixed_12b_exit,False,in_sample,12,60,base_cost,0.0012000000000000001,0.9755578382758784,1.0016636018148315,-0.026062406072911326
dhv_cvd_positive_signal,14204,14205,14217,2026-04-28 07:40:00+00:00,2026-04-28 07:45:00+00:00,2026-04-28 08:45:00+00:00,76777.4,76813.5,0.00047019044666796184,-0.0007298095533320383,12,fixed_12b_exit,False,in_sample,12,60,base_cost,0.0012000000000000001,0.9748458668456768,1.0016636018148315,-0.02677319503330844
dhv_cvd_positive_signal,14302,14303,14315,2026-04-28 15:50:00+00:00,2026-04-28 15:55:00+00:00,2026-04-28 16:55:00+00:00,76066.38,76125.04,0.0007711685504159238,-0.0004288314495840763,12,fixed_12b_exit,False,in_sample,12,60,base_cost,0.0012000000000000001,0.9744278222794763,1.0016636018148315,-0.027190545294856427
dhv_cvd_positive_signal,14647,14648,14660,2026-04-29 20:35:00+00:00,2026-04-29 20:40:00+00:00,2026-04-29 21:40:00+00:00,75773.61,75942.49,0.002228744281815409,0.001028744281815409,12,fixed_12b_exit,True,in_sample,12,60,base_cost,0.0012000000000000001,0.9754302593296881,1.0016636018148315,-0.026189773131032656
dhv_cvd_positive_signal,15857,15858,15870,2026-05-04 01:25:00+00:00,2026-05-04 01:30:00+00:00,2026-05-04 02:30:00+00:00,78949.6,79751.86,0.01016167276338309,0.00896167276338309,12,fixed_12b_exit,True,in_sample,12,60,base_cost,0.0012000000000000001,0.9841717461173025,1.0016636018148315,-0.01746280454419724
dhv_cvd_positive_signal,16431,16432,16444,2026-05-06 01:15:00+00:00,2026-05-06 01:20:00+00:00,2026-05-06 02:20:00+00:00,81294.65,81289.76,-6.015155978900122e-05,-0.0012601515597890013,12,fixed_12b_exit,False,in_sample,12,60,base_cost,0.0012000000000000001,0.9829315405563326,1.0016636018148315,-0.01870095032360153
dhv_cvd_positive_signal,16919,16920,16932,2026-05-07 17:55:00+00:00,2026-05-07 18:00:00+00:00,2026-05-07 19:00:00+00:00,80140.0,80080.83,-0.0007383329173945574,-0.0019383329173945575,12,fixed_12b_exit,False,in_sample,12,60,base_cost,0.0012000000000000001,0.9810262919957269,1.0016636018148315,-0.020603034573397294
dhv_cvd_positive_signal,2512,2513,2525,2026-03-18 17:20:00+00:00,2026-03-18 17:25:00+00:00,2026-03-18 18:25:00+00:00,71479.91,71684.6,0.0028636018148315845,0.0028636018148315845,12,fixed_12b_exit,True,in_sample,12,60,no_cost,0.0,1.0028636018148316,1.0028636018148316,0.0
dhv_cvd_positive_signal,2757,2758,2770,2026-03-19 13:45:00+00:00,2026-03-19 13:50:00+00:00,2026-03-19 14:50:00+00:00,70068.47,69493.62,-0.008204118057665633,-0.008204118057665633,12,fixed_12b_exit,False,in_sample,12,60,no_cost,0.0,0.9946359904298069,1.0028636018148316,-0.008204118057665633
dhv_cvd_positive_signal,3095,3096,3108,2026-03-20 17:55:00+00:00,2026-03-20 18:00:00+00:00,2026-03-20 19:00:00+00:00,69951.44,69865.47,-0.0012289954288289273,-0.0012289954288289273,12,fixed_12b_exit,False,in_sample,12,60,no_cost,0.0,0.9934135873442199,1.0028636018148316,-0.009423030662904175
dhv_cvd_positive_signal,3721,3722,3734,2026-03-22 22:05:00+00:00,2026-03-22 22:10:00+00:00,2026-03-22 23:10:00+00:00,67912.81,68327.15,0.006101058106710688,0.006101058106710688,12,fixed_12b_exit,True,in_sample,12,60,no_cost,0.0,0.9994744613646029,1.0028636018148316,-0.003379463013809092
dhv_cvd_positive_signal,4216,4217,4229,2026-03-24 15:20:00+00:00,2026-03-24 15:25:00+00:00,2026-03-24 16:25:00+00:00,70029.61,69798.32,-0.003302745795671247,-0.003302745795671247,12,fixed_12b_exit,False,in_sample,12,60,no_cost,0.0,0.9961734512894502,1.0028636018148316,-0.006671047302219901
dhv_cvd_positive_signal,4254,4255,4267,2026-03-24 18:30:00+00:00,2026-03-24 18:35:00+00:00,2026-03-24 19:35:00+00:00,69741.8,69431.13,-0.004454573871050083,-0.004454573871050083,12,fixed_12b_exit,False,in_sample,12,60,no_cost,0.0,0.9917359230623025,1.0028636018148316,-0.011095904500264875
dhv_cvd_positive_signal,4840,4841,4853,2026-03-26 19:20:00+00:00,2026-03-26 19:25:00+00:00,2026-03-26 20:25:00+00:00,68435.96,69168.99,0.010711181665311598,0.010711181665311598,12,fixed_12b_exit,True,in_sample,12,60,no_cost,0.0,1.0023585866982383,1.0028636018148316,-0.0005035730837966712
dhv_cvd_positive_signal,5082,5083,5095,2026-03-27 15:30:00+00:00,2026-03-27 15:35:00+00:00,2026-03-27 16:35:00+00:00,66473.52,65852.37,-0.009344322370772762,-0.009344322370772762,12,fixed_12b_exit,False,in_sample,12,60,no_cost,0.0,0.9929922249330178,1.0028636018148316,-0.009843189905337169
dhv_cvd_positive_signal,5484,5485,5497,2026-03-29 01:00:00+00:00,2026-03-29 01:05:00+00:00,2026-03-29 02:05:00+00:00,66500.53,66596.97,0.001450214005813244,0.001450214005813244,12,fixed_12b_exit,True,in_sample,12,60,no_cost,0.0,0.9944322761652793,1.0028636018148316,-0.008407250631386476
dhv_cvd_positive_signal,6183,6184,6196,2026-03-31 11:15:00+00:00,2026-03-31 11:20:00+00:00,2026-03-31 12:20:00+00:00,66650.94,66634.01,-0.00025400992094049,-0.00025400992094049,12,fixed_12b_exit,False,in_sample,12,60,no_cost,0.0,0.9941796805014299,1.0028636018148316,-0.00865912502725874
dhv_cvd_positive_signal,7459,7460,7472,2026-04-04 21:35:00+00:00,2026-04-04 21:40:00+00:00,2026-04-04 22:40:00+00:00,67311.17,67465.19,0.0022881789159214794,0.0022881789159214794,12,fixed_12b_exit,True,in_sample,12,60,no_cost,0.0,0.9964545414849908,1.0028636018148316,-0.006390759738654994
dhv_cvd_positive_signal,7595,7596,7608,2026-04-05 08:55:00+00:00,2026-04-05 09:00:00+00:00,2026-04-05 10:00:00+00:00,66971.11,67032.87,0.0009221886870323104,0.0009221886870323104,12,fixed_12b_exit,True,in_sample,12,60,no_cost,0.0,0.9973734605902902,1.0028636018148316,-0.005474464537955304
dhv_cvd_positive_signal,9793,9794,9806,2026-04-13 00:05:00+00:00,2026-04-13 00:10:00+00:00,2026-04-13 01:10:00+00:00,70916.18,71132.95,0.003056707228167088,0.003056707228167088,12,fixed_12b_exit,True,in_sample,12,60,no_cost,0.0,1.0004221392564585,1.0028636018148316,-0.002434491145111739
dhv_cvd_positive_signal,11808,11809,11821,2026-04-20 00:00:00+00:00,2026-04-20 00:05:00+00:00,2026-04-20 01:05:00+00:00,74071.14,74280.04,0.002820261710566374,0.002820261710566374,12,fixed_12b_exit,True,in_sample,12,60,no_cost,0.0,1.0032435915102065,1.0032435915102065,0.0
dhv_cvd_positive_signal,12324,12325,12337,2026-04-21 19:00:00+00:00,2026-04-21 19:05:00+00:00,2026-04-21 20:05:00+00:00,75692.04,75358.75,-0.0044032371171393025,-0.0044032371171393025,12,fixed_12b_exit,False,in_sample,12,60,no_cost,0.0,0.9988260720905366,1.0032435915102065,-0.0044032371171393025
dhv_cvd_positive_signal,12811,12812,12824,2026-04-23 11:35:00+00:00,2026-04-23 11:40:00+00:00,2026-04-23 12:40:00+00:00,77588.2,77764.49,0.0022721238538851996,0.0022721238538851996,12,fixed_12b_exit,True,in_sample,12,60,no_cost,0.0,1.001095528634816,1.0032435915102065,-0.002141117963342265
dhv_cvd_positive_signal,13470,13471,13483,2026-04-25 18:30:00+00:00,2026-04-25 18:35:00+00:00,2026-04-25 19:35:00+00:00,77350.19,77223.17,-0.0016421420555011723,-0.0016421420555011723,12,fixed_12b_exit,False,in_sample,12,60,no_cost,0.0,0.9994515875656705,1.0032435915102065,-0.0037797439989900594
dhv_cvd_positive_signal,14033,14034,14046,2026-04-27 17:25:00+00:00,2026-04-27 17:30:00+00:00,2026-04-27 18:30:00+00:00,76919.89,76721.67,-0.0025769667637330906,-0.0025769667637330906,12,fixed_12b_exit,False,in_sample,12,60,no_cost,0.0,0.9968760340425535,1.0032435915102065,-0.00634697048806232
dhv_cvd_positive_signal,14204,14205,14217,2026-04-28 07:40:00+00:00,2026-04-28 07:45:00+00:00,2026-04-28 08:45:00+00:00,76777.4,76813.5,0.00047019044666796184,0.00047019044666796184,12,fixed_12b_exit,True,in_sample,12,60,no_cost,0.0,0.9973447556302726,1.0032435915102065,-0.005879764326283121
dhv_cvd_positive_signal,14302,14303,14315,2026-04-28 15:50:00+00:00,2026-04-28 15:55:00+00:00,2026-04-28 16:55:00+00:00,76066.38,76125.04,0.0007711685504159238,0.0007711685504159238,12,fixed_12b_exit,True,in_sample,12,60,no_cost,0.0,0.9981138765397369,1.0032435915102065,-0.005113130065199534
dhv_cvd_positive_signal,14647,14648,14660,2026-04-29 20:35:00+00:00,2026-04-29 20:40:00+00:00,2026-04-29 21:40:00+00:00,75773.61,75942.49,0.002228744281815409,0.002228744281815409,12,fixed_12b_exit,True,in_sample,12,60,no_cost,0.0,1.0003384171346754,1.0032435915102065,-0.0028957816427791494
dhv_cvd_positive_signal,15857,15858,15870,2026-05-04 01:25:00+00:00,2026-05-04 01:30:00+00:00,2026-05-04 02:30:00+00:00,78949.6,79751.86,0.01016167276338309,0.01016167276338309,12,fixed_12b_exit,True,in_sample,12,60,no_cost,0.0,1.0105035287822386,1.0105035287822386,0.0
dhv_cvd_positive_signal,16431,16432,16444,2026-05-06 01:15:00+00:00,2026-05-06 01:20:00+00:00,2026-05-06 02:20:00+00:00,81294.65,81289.76,-6.015155978900122e-05,-6.015155978900122e-05,12,fixed_12b_exit,False,in_sample,12,60,no_cost,0.0,1.01044274541881,1.0105035287822386,-6.015155978900122e-05
dhv_cvd_positive_signal,16919,16920,16932,2026-05-07 17:55:00+00:00,2026-05-07 18:00:00+00:00,2026-05-07 19:00:00+00:00,80140.0,80080.83,-0.0007383329173945574,-0.0007383329173945574,12,fixed_12b_exit,False,in_sample,12,60,no_cost,0.0,1.0096967022787249,1.0105035287822386,-0.0007984400653068269
dhv_score4_buy60_cvdpos_signal,3095,3096,3099,2026-03-20 17:55:00+00:00,2026-03-20 18:00:00+00:00,2026-03-20 18:15:00+00:00,69951.44,69959.09,0.00010936157997587515,-0.001090638420024125,3,fixed_3b_exit,False,in_sample,3,15,base_cost,0.0012000000000000001,0.9989093615799759,0.9989093615799759,0.0
dhv_score4_buy60_cvdpos_signal,3721,3722,3725,2026-03-22 22:05:00+00:00,2026-03-22 22:10:00+00:00,2026-03-22 22:25:00+00:00,67912.81,68256.0,0.005053391252695993,0.0038533912526959933,3,fixed_3b_exit,True,in_sample,3,15,base_cost,0.0012000000000000001,1.0027585501761243,1.0027585501761243,0.0
dhv_score4_buy60_cvdpos_signal,7460,7461,7464,2026-04-04 21:40:00+00:00,2026-04-04 21:45:00+00:00,2026-04-04 22:00:00+00:00,67357.97,67374.91,0.0002514921396830072,-0.0009485078603169929,3,fixed_3b_exit,False,in_sample,3,15,base_cost,0.0012000000000000001,1.0018074258092822,1.0027585501761243,-0.0009485078603169717
dhv_score4_buy60_cvdpos_signal,9797,9798,9801,2026-04-13 00:25:00+00:00,2026-04-13 00:30:00+00:00,2026-04-13 00:45:00+00:00,71084.77,71133.92,0.0006914279950542834,-0.0005085720049457167,3,fixed_3b_exit,False,in_sample,3,15,base_cost,0.0012000000000000001,1.001297934598169,1.0027585501761243,-0.001456597480718358
dhv_score4_buy60_cvdpos_signal,11808,11809,11812,2026-04-20 00:00:00+00:00,2026-04-20 00:05:00+00:00,2026-04-20 00:20:00+00:00,74071.14,74248.0,0.0023877045769782335,0.0011877045769782333,3,fixed_3b_exit,True,in_sample,3,15,base_cost,0.0012000000000000001,1.00248718073801,1.0027585501761243,-0.00027062291123480797
dhv_score4_buy60_cvdpos_signal,12815,12816,12819,2026-04-23 11:55:00+00:00,2026-04-23 12:00:00+00:00,2026-04-23 12:15:00+00:00,77768.87,77680.74,-0.00113322978718855,-0.00233322978718855,3,fixed_3b_exit,False,in_sample,3,15,base_cost,0.0012000000000000001,1.0001481477866374,1.0027585501761243,-0.002603221272985734
dhv_score4_buy60_cvdpos_signal,14204,14205,14208,2026-04-28 07:40:00+00:00,2026-04-28 07:45:00+00:00,2026-04-28 08:00:00+00:00,76777.4,76804.07,0.000347367845225488,-0.0008526321547745121,3,fixed_3b_exit,False,in_sample,3,15,base_cost,0.0012000000000000001,0.9992953893162964,1.0027585501761243,-0.0034536338375968922
dhv_score4_buy60_cvdpos_signal,15857,15858,15861,2026-05-04 01:25:00+00:00,2026-05-04 01:30:00+00:00,2026-05-04 01:45:00+00:00,78949.6,78980.23,0.0003879690334085417,-0.0008120309665914584,3,fixed_3b_exit,False,in_sample,3,15,base_cost,0.0012000000000000001,0.9984839305153995,1.0027585501761243,-0.004262860346564867
dhv_score4_buy60_cvdpos_signal,16920,16921,16924,2026-05-07 18:00:00+00:00,2026-05-07 18:05:00+00:00,2026-05-07 18:20:00+00:00,80118.43,80197.93,0.0009922810519378267,-0.00020771894806217344,3,fixed_3b_exit,False,in_sample,3,15,base_cost,0.0012000000000000001,0.9982765264836959,1.0027585501761243,-0.00446969381776019
dhv_score4_buy60_cvdpos_signal,3095,3096,3099,2026-03-20 17:55:00+00:00,2026-03-20 18:00:00+00:00,2026-03-20 18:15:00+00:00,69951.44,69959.09,0.00010936157997587515,0.00010936157997587515,3,fixed_3b_exit,True,in_sample,3,15,no_cost,0.0,1.0001093615799759,1.0001093615799759,0.0
dhv_score4_buy60_cvdpos_signal,3721,3722,3725,2026-03-22 22:05:00+00:00,2026-03-22 22:10:00+00:00,2026-03-22 22:25:00+00:00,67912.81,68256.0,0.005053391252695993,0.005053391252695993,3,fixed_3b_exit,True,in_sample,3,15,no_cost,0.0,1.0051633054795235,1.0051633054795235,0.0
dhv_score4_buy60_cvdpos_signal,7460,7461,7464,2026-04-04 21:40:00+00:00,2026-04-04 21:45:00+00:00,2026-04-04 22:00:00+00:00,67357.97,67374.91,0.0002514921396830072,0.0002514921396830072,3,fixed_3b_exit,True,in_sample,3,15,no_cost,0.0,1.0054160961499494,1.0054160961499494,0.0
dhv_score4_buy60_cvdpos_signal,9797,9798,9801,2026-04-13 00:25:00+00:00,2026-04-13 00:30:00+00:00,2026-04-13 00:45:00+00:00,71084.77,71133.92,0.0006914279950542834,0.0006914279950542834,3,fixed_3b_exit,True,in_sample,3,15,no_cost,0.0,1.0061112689855056,1.0061112689855056,0.0
dhv_score4_buy60_cvdpos_signal,11808,11809,11812,2026-04-20 00:00:00+00:00,2026-04-20 00:05:00+00:00,2026-04-20 00:20:00+00:00,74071.14,74248.0,0.0023877045769782335,0.0023877045769782335,3,fixed_3b_exit,True,in_sample,3,15,no_cost,0.0,1.0085135654674118,1.0085135654674118,0.0
dhv_score4_buy60_cvdpos_signal,12815,12816,12819,2026-04-23 11:55:00+00:00,2026-04-23 12:00:00+00:00,2026-04-23 12:15:00+00:00,77768.87,77680.74,-0.00113322978718855,-0.00113322978718855,3,fixed_3b_exit,False,in_sample,3,15,no_cost,0.0,1.0073706878542403,1.0085135654674118,-0.00113322978718855
dhv_score4_buy60_cvdpos_signal,14204,14205,14208,2026-04-28 07:40:00+00:00,2026-04-28 07:45:00+00:00,2026-04-28 08:00:00+00:00,76777.4,76804.07,0.000347367845225488,0.000347367845225488,3,fixed_3b_exit,True,in_sample,3,15,no_cost,0.0,1.0077206160394236,1.0085135654674118,-0.0007862555895523649
dhv_score4_buy60_cvdpos_signal,15857,15858,15861,2026-05-04 01:25:00+00:00,2026-05-04 01:30:00+00:00,2026-05-04 01:45:00+00:00,78949.6,78980.23,0.0003879690334085417,0.0003879690334085417,3,fixed_3b_exit,True,in_sample,3,15,no_cost,0.0,1.0081115804327743,1.0085135654674118,-0.0003985915989649369
dhv_score4_buy60_cvdpos_signal,16920,16921,16924,2026-05-07 18:00:00+00:00,2026-05-07 18:05:00+00:00,2026-05-07 18:20:00+00:00,80118.43,80197.93,0.0009922810519378267,0.0009922810519378267,3,fixed_3b_exit,True,in_sample,3,15,no_cost,0.0,1.0091119104522768,1.0091119104522768,0.0
dhv_score4_buy60_cvdpos_signal,3095,3096,3102,2026-03-20 17:55:00+00:00,2026-03-20 18:00:00+00:00,2026-03-20 18:30:00+00:00,69951.44,69691.88,-0.003710574078246265,-0.0049105740782462645,6,fixed_6b_exit,False,in_sample,6,30,base_cost,0.0012000000000000001,0.9950894259217538,0.9950894259217538,0.0
dhv_score4_buy60_cvdpos_signal,3721,3722,3728,2026-03-22 22:05:00+00:00,2026-03-22 22:10:00+00:00,2026-03-22 22:40:00+00:00,67912.81,68135.8,0.0032834747965810873,0.002083474796581087,6,fixed_6b_exit,True,in_sample,6,30,base_cost,0.0012000000000000001,0.997162669661006,0.997162669661006,0.0
dhv_score4_buy60_cvdpos_signal,7460,7461,7467,2026-04-04 21:40:00+00:00,2026-04-04 21:45:00+00:00,2026-04-04 22:15:00+00:00,67357.97,67440.44,0.001224353999979444,2.435399997944383e-05,6,fixed_6b_exit,True,in_sample,6,30,base_cost,0.0012000000000000001,0.9971869545606423,0.9971869545606423,0.0
dhv_score4_buy60_cvdpos_signal,9797,9798,9804,2026-04-13 00:25:00+00:00,2026-04-13 00:30:00+00:00,2026-04-13 01:00:00+00:00,71084.77,71173.99,0.0012551211743387913,5.512117433879122e-05,6,fixed_6b_exit,True,in_sample,6,30,base_cost,0.0012000000000000001,0.997241920676613,0.997241920676613,0.0
dhv_score4_buy60_cvdpos_signal,11808,11809,11815,2026-04-20 00:00:00+00:00,2026-04-20 00:05:00+00:00,2026-04-20 00:35:00+00:00,74071.14,74155.88,0.0011440353152389893,-5.596468476101084e-05,6,fixed_6b_exit,False,in_sample,6,30,base_cost,0.0012000000000000001,0.9971861103468919,0.997241920676613,-5.596468476098959e-05
dhv_score4_buy60_cvdpos_signal,12815,12816,12822,2026-04-23 11:55:00+00:00,2026-04-23 12:00:00+00:00,2026-04-23 12:30:00+00:00,77768.87,77761.34,-9.682537498612032e-05,-0.0012968253749861204,6,fixed_6b_exit,False,in_sample,6,30,base_cost,0.0012000000000000001,0.9958929340954104,0.997241920676613,-0.0013527174833237732
dhv_score4_buy60_cvdpos_signal,14204,14205,14211,2026-04-28 07:40:00+00:00,2026-04-28 07:45:00+00:00,2026-04-28 08:15:00+00:00,76777.4,76886.68,0.001423335512794166,0.00022333551279416592,6,fixed_6b_exit,True,in_sample,6,30,base_cost,0.0012000000000000001,0.9961153523545345,0.997241920676613,-0.0011296840803824981
dhv_score4_buy60_cvdpos_signal,15857,15858,15864,2026-05-04 01:25:00+00:00,2026-05-04 01:30:00+00:00,2026-05-04 02:00:00+00:00,78949.6,79730.01,0.009884913919766314,0.008684913919766314,6,fixed_6b_exit,True,in_sample,6,30,base_cost,0.0012000000000000001,1.0047665284438914,1.0047665284438914,0.0
dhv_score4_buy60_cvdpos_signal,16920,16921,16927,2026-05-07 18:00:00+00:00,2026-05-07 18:05:00+00:00,2026-05-07 18:35:00+00:00,80118.43,80235.54,0.0014617111194015209,0.00026171111940152076,6,fixed_6b_exit,True,in_sample,6,30,base_cost,0.0012000000000000001,1.0050294870167875,1.0050294870167875,0.0
dhv_score4_buy60_cvdpos_signal,3095,3096,3102,2026-03-20 17:55:00+00:00,2026-03-20 18:00:00+00:00,2026-03-20 18:30:00+00:00,69951.44,69691.88,-0.003710574078246265,-0.003710574078246265,6,fixed_6b_exit,False,in_sample,6,30,no_cost,0.0,0.9962894259217537,0.9962894259217537,0.0
dhv_score4_buy60_cvdpos_signal,3721,3722,3728,2026-03-22 22:05:00+00:00,2026-03-22 22:10:00+00:00,2026-03-22 22:40:00+00:00,67912.81,68135.8,0.0032834747965810873,0.0032834747965810873,6,fixed_6b_exit,True,in_sample,6,30,no_cost,0.0,0.999560717141868,0.999560717141868,0.0
dhv_score4_buy60_cvdpos_signal,7460,7461,7467,2026-04-04 21:40:00+00:00,2026-04-04 21:45:00+00:00,2026-04-04 22:15:00+00:00,67357.97,67440.44,0.001224353999979444,0.001224353999979444,6,fixed_6b_exit,True,in_sample,6,30,no_cost,0.0,1.000784533304123,1.000784533304123,0.0
dhv_score4_buy60_cvdpos_signal,9797,9798,9804,2026-04-13 00:25:00+00:00,2026-04-13 00:30:00+00:00,2026-04-13 01:00:00+00:00,71084.77,71173.99,0.0012551211743387913,0.0012551211743387913,6,fixed_6b_exit,True,in_sample,6,30,no_cost,0.0,1.0020406391628238,1.0020406391628238,0.0
dhv_score4_buy60_cvdpos_signal,11808,11809,11815,2026-04-20 00:00:00+00:00,2026-04-20 00:05:00+00:00,2026-04-20 00:35:00+00:00,74071.14,74155.88,0.0011440353152389893,0.0011440353152389893,6,fixed_6b_exit,True,in_sample,6,30,no_cost,0.0,1.0031870090413308,1.0031870090413308,0.0
dhv_score4_buy60_cvdpos_signal,12815,12816,12822,2026-04-23 11:55:00+00:00,2026-04-23 12:00:00+00:00,2026-04-23 12:30:00+00:00,77768.87,77761.34,-9.682537498612032e-05,-9.682537498612032e-05,6,fixed_6b_exit,False,in_sample,6,30,no_cost,0.0,1.0030898750829993,1.0031870090413308,-9.68253749860093e-05
dhv_score4_buy60_cvdpos_signal,14204,14205,14211,2026-04-28 07:40:00+00:00,2026-04-28 07:45:00+00:00,2026-04-28 08:15:00+00:00,76777.4,76886.68,0.001423335512794166,0.001423335512794166,6,fixed_6b_exit,True,in_sample,6,30,no_cost,0.0,1.0045176085247292,1.0045176085247292,0.0
dhv_score4_buy60_cvdpos_signal,15857,15858,15864,2026-05-04 01:25:00+00:00,2026-05-04 01:30:00+00:00,2026-05-04 02:00:00+00:00,78949.6,79730.01,0.009884913919766314,0.009884913919766314,6,fixed_6b_exit,True,in_sample,6,30,no_cost,0.0,1.0144471786158855,1.0144471786158855,0.0
dhv_score4_buy60_cvdpos_signal,16920,16921,16927,2026-05-07 18:00:00+00:00,2026-05-07 18:05:00+00:00,2026-05-07 18:35:00+00:00,80118.43,80235.54,0.0014617111194015209,0.0014617111194015209,6,fixed_6b_exit,True,in_sample,6,30,no_cost,0.0,1.015930007336914,1.015930007336914,0.0
dhv_score4_buy60_cvdpos_signal,3095,3096,3108,2026-03-20 17:55:00+00:00,2026-03-20 18:00:00+00:00,2026-03-20 19:00:00+00:00,69951.44,69865.47,-0.0012289954288289273,-0.0024289954288289274,12,fixed_12b_exit,False,in_sample,12,60,base_cost,0.0012000000000000001,0.9975710045711711,0.9975710045711711,0.0
dhv_score4_buy60_cvdpos_signal,3721,3722,3734,2026-03-22 22:05:00+00:00,2026-03-22 22:10:00+00:00,2026-03-22 23:10:00+00:00,67912.81,68327.15,0.006101058106710688,0.004901058106710689,12,fixed_12b_exit,True,in_sample,12,60,base_cost,0.0012000000000000001,1.002460158030144,1.002460158030144,0.0
dhv_score4_buy60_cvdpos_signal,7460,7461,7473,2026-04-04 21:40:00+00:00,2026-04-04 21:45:00+00:00,2026-04-04 22:45:00+00:00,67357.97,67401.55,0.0006469909945325814,-0.0005530090054674188,12,fixed_12b_exit,False,in_sample,12,60,base_cost,0.0012000000000000001,1.001905788535131,1.002460158030144,-0.0005530090054673975
dhv_score4_buy60_cvdpos_signal,9797,9798,9810,2026-04-13 00:25:00+00:00,2026-04-13 00:30:00+00:00,2026-04-13 01:30:00+00:00,71084.77,71141.85,0.0008029849431883118,-0.0003970150568116883,12,fixed_12b_exit,False,in_sample,12,60,base_cost,0.0012000000000000001,1.0015080168515758,1.002460158030144,-0.0009498045093774277
dhv_score4_buy60_cvdpos_signal,11808,11809,11821,2026-04-20 00:00:00+00:00,2026-04-20 00:05:00+00:00,2026-04-20 01:05:00+00:00,74071.14,74280.04,0.002820261710566374,0.001620261710566374,12,fixed_12b_exit,True,in_sample,12,60,base_cost,0.0012000000000000001,1.0031307219441055,1.0031307219441055,0.0
dhv_score4_buy60_cvdpos_signal,12815,12816,12828,2026-04-23 11:55:00+00:00,2026-04-23 12:00:00+00:00,2026-04-23 13:00:00+00:00,77768.87,77825.05,0.0007223970208132258,-0.00047760297918677435,12,fixed_12b_exit,False,in_sample,12,60,base_cost,0.0012000000000000001,1.0026516237227912,1.0031307219441055,-0.0004776029791867531
dhv_score4_buy60_cvdpos_signal,14204,14205,14217,2026-04-28 07:40:00+00:00,2026-04-28 07:45:00+00:00,2026-04-28 08:45:00+00:00,76777.4,76813.5,0.00047019044666796184,-0.0007298095533320383,12,fixed_12b_exit,False,in_sample,12,60,base_cost,0.0012000000000000001,1.0019198789891344,1.0031307219441055,-0.0012070639733019473
dhv_score4_buy60_cvdpos_signal,15857,15858,15870,2026-05-04 01:25:00+00:00,2026-05-04 01:30:00+00:00,2026-05-04 02:30:00+00:00,78949.6,79751.86,0.01016167276338309,0.00896167276338309,12,fixed_12b_exit,True,in_sample,12,60,base_cost,0.0012000000000000001,1.0108987570797632,1.0108987570797632,0.0
dhv_score4_buy60_cvdpos_signal,16920,16921,16933,2026-05-07 18:00:00+00:00,2026-05-07 18:05:00+00:00,2026-05-07 19:05:00+00:00,80118.43,80100.03,-0.00022966001705215788,-0.001429660017052158,12,fixed_12b_exit,False,in_sample,12,60,base_cost,0.0012000000000000001,1.0094535155454785,1.0108987570797632,-0.0014296600170522478
dhv_score4_buy60_cvdpos_signal,3095,3096,3108,2026-03-20 17:55:00+00:00,2026-03-20 18:00:00+00:00,2026-03-20 19:00:00+00:00,69951.44,69865.47,-0.0012289954288289273,-0.0012289954288289273,12,fixed_12b_exit,False,in_sample,12,60,no_cost,0.0,0.9987710045711711,0.9987710045711711,0.0
dhv_score4_buy60_cvdpos_signal,3721,3722,3734,2026-03-22 22:05:00+00:00,2026-03-22 22:10:00+00:00,2026-03-22 23:10:00+00:00,67912.81,68327.15,0.006101058106710688,0.006101058106710688,12,fixed_12b_exit,True,in_sample,12,60,no_cost,0.0,1.0048645645053575,1.0048645645053575,0.0
dhv_score4_buy60_cvdpos_signal,7460,7461,7473,2026-04-04 21:40:00+00:00,2026-04-04 21:45:00+00:00,2026-04-04 22:45:00+00:00,67357.97,67401.55,0.0006469909945325814,0.0006469909945325814,12,fixed_12b_exit,True,in_sample,12,60,no_cost,0.0,1.0055147028293174,1.0055147028293174,0.0
dhv_score4_buy60_cvdpos_signal,9797,9798,9810,2026-04-13 00:25:00+00:00,2026-04-13 00:30:00+00:00,2026-04-13 01:30:00+00:00,71084.77,71141.85,0.0008029849431883118,0.0008029849431883118,12,fixed_12b_exit,True,in_sample,12,60,no_cost,0.0,1.0063221159958438,1.0063221159958438,0.0
dhv_score4_buy60_cvdpos_signal,11808,11809,11821,2026-04-20 00:00:00+00:00,2026-04-20 00:05:00+00:00,2026-04-20 01:05:00+00:00,74071.14,74280.04,0.002820261710566374,0.002820261710566374,12,fixed_12b_exit,True,in_sample,12,60,no_cost,0.0,1.009160207728083,1.009160207728083,0.0
dhv_score4_buy60_cvdpos_signal,12815,12816,12828,2026-04-23 11:55:00+00:00,2026-04-23 12:00:00+00:00,2026-04-23 13:00:00+00:00,77768.87,77825.05,0.0007223970208132258,0.0007223970208132258,12,fixed_12b_exit,True,in_sample,12,60,no_cost,0.0,1.009889222055669,1.009889222055669,0.0
dhv_score4_buy60_cvdpos_signal,14204,14205,14217,2026-04-28 07:40:00+00:00,2026-04-28 07:45:00+00:00,2026-04-28 08:45:00+00:00,76777.4,76813.5,0.00047019044666796184,0.00047019044666796184,12,fixed_12b_exit,True,in_sample,12,60,no_cost,0.0,1.0103640623200725,1.0103640623200725,0.0
dhv_score4_buy60_cvdpos_signal,15857,15858,15870,2026-05-04 01:25:00+00:00,2026-05-04 01:30:00+00:00,2026-05-04 02:30:00+00:00,78949.6,79751.86,0.01016167276338309,0.01016167276338309,12,fixed_12b_exit,True,in_sample,12,60,no_cost,0.0,1.0206310512932515,1.0206310512932515,0.0
dhv_score4_buy60_cvdpos_signal,16920,16921,16933,2026-05-07 18:00:00+00:00,2026-05-07 18:05:00+00:00,2026-05-07 19:05:00+00:00,80118.43,80100.03,-0.00022966001705215788,-0.00022966001705215788,12,fixed_12b_exit,False,in_sample,12,60,no_cost,0.0,1.0203966531486075,1.0206310512932515,-0.00022966001705215788
dhv_score4_buy60_signal,3095,3096,3099,2026-03-20 17:55:00+00:00,2026-03-20 18:00:00+00:00,2026-03-20 18:15:00+00:00,69951.44,69959.09,0.00010936157997587515,-0.001090638420024125,3,fixed_3b_exit,False,in_sample,3,15,base_cost,0.0012000000000000001,0.9989093615799759,0.9989093615799759,0.0
dhv_score4_buy60_signal,3721,3722,3725,2026-03-22 22:05:00+00:00,2026-03-22 22:10:00+00:00,2026-03-22 22:25:00+00:00,67912.81,68256.0,0.005053391252695993,0.0038533912526959933,3,fixed_3b_exit,True,in_sample,3,15,base_cost,0.0012000000000000001,1.0027585501761243,1.0027585501761243,0.0
dhv_score4_buy60_signal,7460,7461,7464,2026-04-04 21:40:00+00:00,2026-04-04 21:45:00+00:00,2026-04-04 22:00:00+00:00,67357.97,67374.91,0.0002514921396830072,-0.0009485078603169929,3,fixed_3b_exit,False,in_sample,3,15,base_cost,0.0012000000000000001,1.0018074258092822,1.0027585501761243,-0.0009485078603169717
dhv_score4_buy60_signal,9797,9798,9801,2026-04-13 00:25:00+00:00,2026-04-13 00:30:00+00:00,2026-04-13 00:45:00+00:00,71084.77,71133.92,0.0006914279950542834,-0.0005085720049457167,3,fixed_3b_exit,False,in_sample,3,15,base_cost,0.0012000000000000001,1.001297934598169,1.0027585501761243,-0.001456597480718358
dhv_score4_buy60_signal,11808,11809,11812,2026-04-20 00:00:00+00:00,2026-04-20 00:05:00+00:00,2026-04-20 00:20:00+00:00,74071.14,74248.0,0.0023877045769782335,0.0011877045769782333,3,fixed_3b_exit,True,in_sample,3,15,base_cost,0.0012000000000000001,1.00248718073801,1.0027585501761243,-0.00027062291123480797
dhv_score4_buy60_signal,12815,12816,12819,2026-04-23 11:55:00+00:00,2026-04-23 12:00:00+00:00,2026-04-23 12:15:00+00:00,77768.87,77680.74,-0.00113322978718855,-0.00233322978718855,3,fixed_3b_exit,False,in_sample,3,15,base_cost,0.0012000000000000001,1.0001481477866374,1.0027585501761243,-0.002603221272985734
dhv_score4_buy60_signal,14204,14205,14208,2026-04-28 07:40:00+00:00,2026-04-28 07:45:00+00:00,2026-04-28 08:00:00+00:00,76777.4,76804.07,0.000347367845225488,-0.0008526321547745121,3,fixed_3b_exit,False,in_sample,3,15,base_cost,0.0012000000000000001,0.9992953893162964,1.0027585501761243,-0.0034536338375968922
dhv_score4_buy60_signal,15857,15858,15861,2026-05-04 01:25:00+00:00,2026-05-04 01:30:00+00:00,2026-05-04 01:45:00+00:00,78949.6,78980.23,0.0003879690334085417,-0.0008120309665914584,3,fixed_3b_exit,False,in_sample,3,15,base_cost,0.0012000000000000001,0.9984839305153995,1.0027585501761243,-0.004262860346564867
dhv_score4_buy60_signal,16920,16921,16924,2026-05-07 18:00:00+00:00,2026-05-07 18:05:00+00:00,2026-05-07 18:20:00+00:00,80118.43,80197.93,0.0009922810519378267,-0.00020771894806217344,3,fixed_3b_exit,False,in_sample,3,15,base_cost,0.0012000000000000001,0.9982765264836959,1.0027585501761243,-0.00446969381776019
dhv_score4_buy60_signal,3095,3096,3099,2026-03-20 17:55:00+00:00,2026-03-20 18:00:00+00:00,2026-03-20 18:15:00+00:00,69951.44,69959.09,0.00010936157997587515,0.00010936157997587515,3,fixed_3b_exit,True,in_sample,3,15,no_cost,0.0,1.0001093615799759,1.0001093615799759,0.0
dhv_score4_buy60_signal,3721,3722,3725,2026-03-22 22:05:00+00:00,2026-03-22 22:10:00+00:00,2026-03-22 22:25:00+00:00,67912.81,68256.0,0.005053391252695993,0.005053391252695993,3,fixed_3b_exit,True,in_sample,3,15,no_cost,0.0,1.0051633054795235,1.0051633054795235,0.0
dhv_score4_buy60_signal,7460,7461,7464,2026-04-04 21:40:00+00:00,2026-04-04 21:45:00+00:00,2026-04-04 22:00:00+00:00,67357.97,67374.91,0.0002514921396830072,0.0002514921396830072,3,fixed_3b_exit,True,in_sample,3,15,no_cost,0.0,1.0054160961499494,1.0054160961499494,0.0
dhv_score4_buy60_signal,9797,9798,9801,2026-04-13 00:25:00+00:00,2026-04-13 00:30:00+00:00,2026-04-13 00:45:00+00:00,71084.77,71133.92,0.0006914279950542834,0.0006914279950542834,3,fixed_3b_exit,True,in_sample,3,15,no_cost,0.0,1.0061112689855056,1.0061112689855056,0.0
dhv_score4_buy60_signal,11808,11809,11812,2026-04-20 00:00:00+00:00,2026-04-20 00:05:00+00:00,2026-04-20 00:20:00+00:00,74071.14,74248.0,0.0023877045769782335,0.0023877045769782335,3,fixed_3b_exit,True,in_sample,3,15,no_cost,0.0,1.0085135654674118,1.0085135654674118,0.0
dhv_score4_buy60_signal,12815,12816,12819,2026-04-23 11:55:00+00:00,2026-04-23 12:00:00+00:00,2026-04-23 12:15:00+00:00,77768.87,77680.74,-0.00113322978718855,-0.00113322978718855,3,fixed_3b_exit,False,in_sample,3,15,no_cost,0.0,1.0073706878542403,1.0085135654674118,-0.00113322978718855
dhv_score4_buy60_signal,14204,14205,14208,2026-04-28 07:40:00+00:00,2026-04-28 07:45:00+00:00,2026-04-28 08:00:00+00:00,76777.4,76804.07,0.000347367845225488,0.000347367845225488,3,fixed_3b_exit,True,in_sample,3,15,no_cost,0.0,1.0077206160394236,1.0085135654674118,-0.0007862555895523649
dhv_score4_buy60_signal,15857,15858,15861,2026-05-04 01:25:00+00:00,2026-05-04 01:30:00+00:00,2026-05-04 01:45:00+00:00,78949.6,78980.23,0.0003879690334085417,0.0003879690334085417,3,fixed_3b_exit,True,in_sample,3,15,no_cost,0.0,1.0081115804327743,1.0085135654674118,-0.0003985915989649369
dhv_score4_buy60_signal,16920,16921,16924,2026-05-07 18:00:00+00:00,2026-05-07 18:05:00+00:00,2026-05-07 18:20:00+00:00,80118.43,80197.93,0.0009922810519378267,0.0009922810519378267,3,fixed_3b_exit,True,in_sample,3,15,no_cost,0.0,1.0091119104522768,1.0091119104522768,0.0
dhv_score4_buy60_signal,3095,3096,3102,2026-03-20 17:55:00+00:00,2026-03-20 18:00:00+00:00,2026-03-20 18:30:00+00:00,69951.44,69691.88,-0.003710574078246265,-0.0049105740782462645,6,fixed_6b_exit,False,in_sample,6,30,base_cost,0.0012000000000000001,0.9950894259217538,0.9950894259217538,0.0
dhv_score4_buy60_signal,3721,3722,3728,2026-03-22 22:05:00+00:00,2026-03-22 22:10:00+00:00,2026-03-22 22:40:00+00:00,67912.81,68135.8,0.0032834747965810873,0.002083474796581087,6,fixed_6b_exit,True,in_sample,6,30,base_cost,0.0012000000000000001,0.997162669661006,0.997162669661006,0.0
dhv_score4_buy60_signal,7460,7461,7467,2026-04-04 21:40:00+00:00,2026-04-04 21:45:00+00:00,2026-04-04 22:15:00+00:00,67357.97,67440.44,0.001224353999979444,2.435399997944383e-05,6,fixed_6b_exit,True,in_sample,6,30,base_cost,0.0012000000000000001,0.9971869545606423,0.9971869545606423,0.0
dhv_score4_buy60_signal,9797,9798,9804,2026-04-13 00:25:00+00:00,2026-04-13 00:30:00+00:00,2026-04-13 01:00:00+00:00,71084.77,71173.99,0.0012551211743387913,5.512117433879122e-05,6,fixed_6b_exit,True,in_sample,6,30,base_cost,0.0012000000000000001,0.997241920676613,0.997241920676613,0.0
dhv_score4_buy60_signal,11808,11809,11815,2026-04-20 00:00:00+00:00,2026-04-20 00:05:00+00:00,2026-04-20 00:35:00+00:00,74071.14,74155.88,0.0011440353152389893,-5.596468476101084e-05,6,fixed_6b_exit,False,in_sample,6,30,base_cost,0.0012000000000000001,0.9971861103468919,0.997241920676613,-5.596468476098959e-05
dhv_score4_buy60_signal,12815,12816,12822,2026-04-23 11:55:00+00:00,2026-04-23 12:00:00+00:00,2026-04-23 12:30:00+00:00,77768.87,77761.34,-9.682537498612032e-05,-0.0012968253749861204,6,fixed_6b_exit,False,in_sample,6,30,base_cost,0.0012000000000000001,0.9958929340954104,0.997241920676613,-0.0013527174833237732
dhv_score4_buy60_signal,14204,14205,14211,2026-04-28 07:40:00+00:00,2026-04-28 07:45:00+00:00,2026-04-28 08:15:00+00:00,76777.4,76886.68,0.001423335512794166,0.00022333551279416592,6,fixed_6b_exit,True,in_sample,6,30,base_cost,0.0012000000000000001,0.9961153523545345,0.997241920676613,-0.0011296840803824981
dhv_score4_buy60_signal,15857,15858,15864,2026-05-04 01:25:00+00:00,2026-05-04 01:30:00+00:00,2026-05-04 02:00:00+00:00,78949.6,79730.01,0.009884913919766314,0.008684913919766314,6,fixed_6b_exit,True,in_sample,6,30,base_cost,0.0012000000000000001,1.0047665284438914,1.0047665284438914,0.0
dhv_score4_buy60_signal,16920,16921,16927,2026-05-07 18:00:00+00:00,2026-05-07 18:05:00+00:00,2026-05-07 18:35:00+00:00,80118.43,80235.54,0.0014617111194015209,0.00026171111940152076,6,fixed_6b_exit,True,in_sample,6,30,base_cost,0.0012000000000000001,1.0050294870167875,1.0050294870167875,0.0
dhv_score4_buy60_signal,3095,3096,3102,2026-03-20 17:55:00+00:00,2026-03-20 18:00:00+00:00,2026-03-20 18:30:00+00:00,69951.44,69691.88,-0.003710574078246265,-0.003710574078246265,6,fixed_6b_exit,False,in_sample,6,30,no_cost,0.0,0.9962894259217537,0.9962894259217537,0.0
dhv_score4_buy60_signal,3721,3722,3728,2026-03-22 22:05:00+00:00,2026-03-22 22:10:00+00:00,2026-03-22 22:40:00+00:00,67912.81,68135.8,0.0032834747965810873,0.0032834747965810873,6,fixed_6b_exit,True,in_sample,6,30,no_cost,0.0,0.999560717141868,0.999560717141868,0.0
dhv_score4_buy60_signal,7460,7461,7467,2026-04-04 21:40:00+00:00,2026-04-04 21:45:00+00:00,2026-04-04 22:15:00+00:00,67357.97,67440.44,0.001224353999979444,0.001224353999979444,6,fixed_6b_exit,True,in_sample,6,30,no_cost,0.0,1.000784533304123,1.000784533304123,0.0
dhv_score4_buy60_signal,9797,9798,9804,2026-04-13 00:25:00+00:00,2026-04-13 00:30:00+00:00,2026-04-13 01:00:00+00:00,71084.77,71173.99,0.0012551211743387913,0.0012551211743387913,6,fixed_6b_exit,True,in_sample,6,30,no_cost,0.0,1.0020406391628238,1.0020406391628238,0.0
dhv_score4_buy60_signal,11808,11809,11815,2026-04-20 00:00:00+00:00,2026-04-20 00:05:00+00:00,2026-04-20 00:35:00+00:00,74071.14,74155.88,0.0011440353152389893,0.0011440353152389893,6,fixed_6b_exit,True,in_sample,6,30,no_cost,0.0,1.0031870090413308,1.0031870090413308,0.0
dhv_score4_buy60_signal,12815,12816,12822,2026-04-23 11:55:00+00:00,2026-04-23 12:00:00+00:00,2026-04-23 12:30:00+00:00,77768.87,77761.34,-9.682537498612032e-05,-9.682537498612032e-05,6,fixed_6b_exit,False,in_sample,6,30,no_cost,0.0,1.0030898750829993,1.0031870090413308,-9.68253749860093e-05
dhv_score4_buy60_signal,14204,14205,14211,2026-04-28 07:40:00+00:00,2026-04-28 07:45:00+00:00,2026-04-28 08:15:00+00:00,76777.4,76886.68,0.001423335512794166,0.001423335512794166,6,fixed_6b_exit,True,in_sample,6,30,no_cost,0.0,1.0045176085247292,1.0045176085247292,0.0
dhv_score4_buy60_signal,15857,15858,15864,2026-05-04 01:25:00+00:00,2026-05-04 01:30:00+00:00,2026-05-04 02:00:00+00:00,78949.6,79730.01,0.009884913919766314,0.009884913919766314,6,fixed_6b_exit,True,in_sample,6,30,no_cost,0.0,1.0144471786158855,1.0144471786158855,0.0
dhv_score4_buy60_signal,16920,16921,16927,2026-05-07 18:00:00+00:00,2026-05-07 18:05:00+00:00,2026-05-07 18:35:00+00:00,80118.43,80235.54,0.0014617111194015209,0.0014617111194015209,6,fixed_6b_exit,True,in_sample,6,30,no_cost,0.0,1.015930007336914,1.015930007336914,0.0
dhv_score4_buy60_signal,3095,3096,3108,2026-03-20 17:55:00+00:00,2026-03-20 18:00:00+00:00,2026-03-20 19:00:00+00:00,69951.44,69865.47,-0.0012289954288289273,-0.0024289954288289274,12,fixed_12b_exit,False,in_sample,12,60,base_cost,0.0012000000000000001,0.9975710045711711,0.9975710045711711,0.0
dhv_score4_buy60_signal,3721,3722,3734,2026-03-22 22:05:00+00:00,2026-03-22 22:10:00+00:00,2026-03-22 23:10:00+00:00,67912.81,68327.15,0.006101058106710688,0.004901058106710689,12,fixed_12b_exit,True,in_sample,12,60,base_cost,0.0012000000000000001,1.002460158030144,1.002460158030144,0.0
dhv_score4_buy60_signal,7460,7461,7473,2026-04-04 21:40:00+00:00,2026-04-04 21:45:00+00:00,2026-04-04 22:45:00+00:00,67357.97,67401.55,0.0006469909945325814,-0.0005530090054674188,12,fixed_12b_exit,False,in_sample,12,60,base_cost,0.0012000000000000001,1.001905788535131,1.002460158030144,-0.0005530090054673975
dhv_score4_buy60_signal,9797,9798,9810,2026-04-13 00:25:00+00:00,2026-04-13 00:30:00+00:00,2026-04-13 01:30:00+00:00,71084.77,71141.85,0.0008029849431883118,-0.0003970150568116883,12,fixed_12b_exit,False,in_sample,12,60,base_cost,0.0012000000000000001,1.0015080168515758,1.002460158030144,-0.0009498045093774277
dhv_score4_buy60_signal,11808,11809,11821,2026-04-20 00:00:00+00:00,2026-04-20 00:05:00+00:00,2026-04-20 01:05:00+00:00,74071.14,74280.04,0.002820261710566374,0.001620261710566374,12,fixed_12b_exit,True,in_sample,12,60,base_cost,0.0012000000000000001,1.0031307219441055,1.0031307219441055,0.0
dhv_score4_buy60_signal,12815,12816,12828,2026-04-23 11:55:00+00:00,2026-04-23 12:00:00+00:00,2026-04-23 13:00:00+00:00,77768.87,77825.05,0.0007223970208132258,-0.00047760297918677435,12,fixed_12b_exit,False,in_sample,12,60,base_cost,0.0012000000000000001,1.0026516237227912,1.0031307219441055,-0.0004776029791867531
dhv_score4_buy60_signal,14204,14205,14217,2026-04-28 07:40:00+00:00,2026-04-28 07:45:00+00:00,2026-04-28 08:45:00+00:00,76777.4,76813.5,0.00047019044666796184,-0.0007298095533320383,12,fixed_12b_exit,False,in_sample,12,60,base_cost,0.0012000000000000001,1.0019198789891344,1.0031307219441055,-0.0012070639733019473
dhv_score4_buy60_signal,15857,15858,15870,2026-05-04 01:25:00+00:00,2026-05-04 01:30:00+00:00,2026-05-04 02:30:00+00:00,78949.6,79751.86,0.01016167276338309,0.00896167276338309,12,fixed_12b_exit,True,in_sample,12,60,base_cost,0.0012000000000000001,1.0108987570797632,1.0108987570797632,0.0
dhv_score4_buy60_signal,16920,16921,16933,2026-05-07 18:00:00+00:00,2026-05-07 18:05:00+00:00,2026-05-07 19:05:00+00:00,80118.43,80100.03,-0.00022966001705215788,-0.001429660017052158,12,fixed_12b_exit,False,in_sample,12,60,base_cost,0.0012000000000000001,1.0094535155454785,1.0108987570797632,-0.0014296600170522478
dhv_score4_buy60_signal,3095,3096,3108,2026-03-20 17:55:00+00:00,2026-03-20 18:00:00+00:00,2026-03-20 19:00:00+00:00,69951.44,69865.47,-0.0012289954288289273,-0.0012289954288289273,12,fixed_12b_exit,False,in_sample,12,60,no_cost,0.0,0.9987710045711711,0.9987710045711711,0.0
dhv_score4_buy60_signal,3721,3722,3734,2026-03-22 22:05:00+00:00,2026-03-22 22:10:00+00:00,2026-03-22 23:10:00+00:00,67912.81,68327.15,0.006101058106710688,0.006101058106710688,12,fixed_12b_exit,True,in_sample,12,60,no_cost,0.0,1.0048645645053575,1.0048645645053575,0.0
dhv_score4_buy60_signal,7460,7461,7473,2026-04-04 21:40:00+00:00,2026-04-04 21:45:00+00:00,2026-04-04 22:45:00+00:00,67357.97,67401.55,0.0006469909945325814,0.0006469909945325814,12,fixed_12b_exit,True,in_sample,12,60,no_cost,0.0,1.0055147028293174,1.0055147028293174,0.0
dhv_score4_buy60_signal,9797,9798,9810,2026-04-13 00:25:00+00:00,2026-04-13 00:30:00+00:00,2026-04-13 01:30:00+00:00,71084.77,71141.85,0.0008029849431883118,0.0008029849431883118,12,fixed_12b_exit,True,in_sample,12,60,no_cost,0.0,1.0063221159958438,1.0063221159958438,0.0
dhv_score4_buy60_signal,11808,11809,11821,2026-04-20 00:00:00+00:00,2026-04-20 00:05:00+00:00,2026-04-20 01:05:00+00:00,74071.14,74280.04,0.002820261710566374,0.002820261710566374,12,fixed_12b_exit,True,in_sample,12,60,no_cost,0.0,1.009160207728083,1.009160207728083,0.0
dhv_score4_buy60_signal,12815,12816,12828,2026-04-23 11:55:00+00:00,2026-04-23 12:00:00+00:00,2026-04-23 13:00:00+00:00,77768.87,77825.05,0.0007223970208132258,0.0007223970208132258,12,fixed_12b_exit,True,in_sample,12,60,no_cost,0.0,1.009889222055669,1.009889222055669,0.0
dhv_score4_buy60_signal,14204,14205,14217,2026-04-28 07:40:00+00:00,2026-04-28 07:45:00+00:00,2026-04-28 08:45:00+00:00,76777.4,76813.5,0.00047019044666796184,0.00047019044666796184,12,fixed_12b_exit,True,in_sample,12,60,no_cost,0.0,1.0103640623200725,1.0103640623200725,0.0
dhv_score4_buy60_signal,15857,15858,15870,2026-05-04 01:25:00+00:00,2026-05-04 01:30:00+00:00,2026-05-04 02:30:00+00:00,78949.6,79751.86,0.01016167276338309,0.01016167276338309,12,fixed_12b_exit,True,in_sample,12,60,no_cost,0.0,1.0206310512932515,1.0206310512932515,0.0
dhv_score4_buy60_signal,16920,16921,16933,2026-05-07 18:00:00+00:00,2026-05-07 18:05:00+00:00,2026-05-07 19:05:00+00:00,80118.43,80100.03,-0.00022966001705215788,-0.00022966001705215788,12,fixed_12b_exit,False,in_sample,12,60,no_cost,0.0,1.0203966531486075,1.0206310512932515,-0.00022966001705215788
dhv_score4_signal,2757,2758,2761,2026-03-19 13:45:00+00:00,2026-03-19 13:50:00+00:00,2026-03-19 14:05:00+00:00,70068.47,69637.8,-0.006146416498033935,-0.007346416498033935,3,fixed_3b_exit,False,in_sample,3,15,base_cost,0.0012000000000000001,0.9926535835019661,0.9926535835019661,0.0
dhv_score4_signal,3095,3096,3099,2026-03-20 17:55:00+00:00,2026-03-20 18:00:00+00:00,2026-03-20 18:15:00+00:00,69951.44,69959.09,0.00010936157997587515,-0.001090638420024125,3,fixed_3b_exit,False,in_sample,3,15,base_cost,0.0012000000000000001,0.9915709573660242,0.9926535835019661,-0.0010906384200241037
dhv_score4_signal,3721,3722,3725,2026-03-22 22:05:00+00:00,2026-03-22 22:10:00+00:00,2026-03-22 22:25:00+00:00,67912.81,68256.0,0.005053391252695993,0.0038533912526959933,3,fixed_3b_exit,True,in_sample,3,15,base_cost,0.0012000000000000001,0.9953918682195657,0.9953918682195657,0.0
dhv_score4_signal,4216,4217,4220,2026-03-24 15:20:00+00:00,2026-03-24 15:25:00+00:00,2026-03-24 15:40:00+00:00,70029.61,70058.12,0.0004071135052730046,-0.0007928864947269955,3,fixed_3b_exit,False,in_sample,3,15,base_cost,0.0012000000000000001,0.9946026354502934,0.9953918682195657,-0.0007928864947269743
dhv_score4_signal,5082,5083,5086,2026-03-27 15:30:00+00:00,2026-03-27 15:35:00+00:00,2026-03-27 15:50:00+00:00,66473.52,66212.42,-0.003927879853511729,-0.005127879853511728,3,fixed_3b_exit,False,in_sample,3,15,base_cost,0.0012000000000000001,0.9895024326337182,0.9953918682195657,-0.00591670052155624
dhv_score4_signal,6183,6184,6187,2026-03-31 11:15:00+00:00,2026-03-31 11:20:00+00:00,2026-03-31 11:35:00+00:00,66650.94,66817.79,0.0025033405380328055,0.0013033405380328054,3,fixed_3b_exit,True,in_sample,3,15,base_cost,0.0012000000000000001,0.9907920912666517,0.9953918682195657,-0.004621071459164683
dhv_score4_signal,7460,7461,7464,2026-04-04 21:40:00+00:00,2026-04-04 21:45:00+00:00,2026-04-04 22:00:00+00:00,67357.97,67374.91,0.0002514921396830072,-0.0009485078603169929,3,fixed_3b_exit,False,in_sample,3,15,base_cost,0.0012000000000000001,0.9898523171801453,0.9953918682195657,-0.005565196196879563
dhv_score4_signal,9797,9798,9801,2026-04-13 00:25:00+00:00,2026-04-13 00:30:00+00:00,2026-04-13 00:45:00+00:00,71084.77,71133.92,0.0006914279950542834,-0.0005085720049457167,3,fixed_3b_exit,False,in_sample,3,15,base_cost,0.0012000000000000001,0.9893489060025968,0.9953918682195657,-0.006070937898837503
dhv_score4_signal,11808,11809,11812,2026-04-20 00:00:00+00:00,2026-04-20 00:05:00+00:00,2026-04-20 00:20:00+00:00,74071.14,74248.0,0.0023877045769782335,0.0011877045769782333,3,fixed_3b_exit,True,in_sample,3,15,base_cost,0.0012000000000000001,0.9905239602264845,0.9953918682195657,-0.004890443802588407
dhv_score4_signal,12815,12816,12819,2026-04-23 11:55:00+00:00,2026-04-23 12:00:00+00:00,2026-04-23 12:15:00+00:00,77768.87,77680.74,-0.00113322978718855,-0.00233322978718855,3,fixed_3b_exit,False,in_sample,3,15,base_cost,0.0012000000000000001,0.9882128402175601,0.9953918682195657,-0.007212263060624169
dhv_score4_signal,14033,14034,14037,2026-04-27 17:25:00+00:00,2026-04-27 17:30:00+00:00,2026-04-27 17:45:00+00:00,76919.89,76813.53,-0.001382737286805824,-0.002582737286805824,3,fixed_3b_exit,False,in_sample,3,15,base_cost,0.0012000000000000001,0.9856605460678299,0.9953918682195657,-0.009776372966700975
dhv_score4_signal,14204,14205,14208,2026-04-28 07:40:00+00:00,2026-04-28 07:45:00+00:00,2026-04-28 08:00:00+00:00,76777.4,76804.07,0.000347367845225488,-0.0008526321547745121,3,fixed_3b_exit,False,in_sample,3,15,base_cost,0.0012000000000000001,0.9848201401925599,0.9953918682195657,-0.010620669471527067
dhv_score4_signal,15857,15858,15861,2026-05-04 01:25:00+00:00,2026-05-04 01:30:00+00:00,2026-05-04 01:45:00+00:00,78949.6,78980.23,0.0003879690334085417,-0.0008120309665914584,3,fixed_3b_exit,False,in_sample,3,15,base_cost,0.0012000000000000001,0.9840204357422007,0.9953918682195657,-0.011424076125621574
dhv_score4_signal,16920,16921,16924,2026-05-07 18:00:00+00:00,2026-05-07 18:05:00+00:00,2026-05-07 18:20:00+00:00,80118.43,80197.93,0.0009922810519378267,-0.00020771894806217344,3,fixed_3b_exit,False,in_sample,3,15,base_cost,0.0012000000000000001,0.9838160360524166,0.9953918682195657,-0.011629422076608331
dhv_score4_signal,2757,2758,2761,2026-03-19 13:45:00+00:00,2026-03-19 13:50:00+00:00,2026-03-19 14:05:00+00:00,70068.47,69637.8,-0.006146416498033935,-0.006146416498033935,3,fixed_3b_exit,False,in_sample,3,15,no_cost,0.0,0.9938535835019661,0.9938535835019661,0.0
dhv_score4_signal,3095,3096,3099,2026-03-20 17:55:00+00:00,2026-03-20 18:00:00+00:00,2026-03-20 18:15:00+00:00,69951.44,69959.09,0.00010936157997587515,0.00010936157997587515,3,fixed_3b_exit,True,in_sample,3,15,no_cost,0.0,0.9939622729001225,0.9939622729001225,0.0
dhv_score4_signal,3721,3722,3725,2026-03-22 22:05:00+00:00,2026-03-22 22:10:00+00:00,2026-03-22 22:25:00+00:00,67912.81,68256.0,0.005053391252695993,0.005053391252695993,3,fixed_3b_exit,True,in_sample,3,15,no_cost,0.0,0.9989851531555058,0.9989851531555058,0.0
dhv_score4_signal,4216,4217,4220,2026-03-24 15:20:00+00:00,2026-03-24 15:25:00+00:00,2026-03-24 15:40:00+00:00,70029.61,70058.12,0.0004071135052730046,0.0004071135052730046,3,fixed_3b_exit,True,in_sample,3,15,no_cost,0.0,0.9993918535029227,0.9993918535029227,0.0
dhv_score4_signal,5082,5083,5086,2026-03-27 15:30:00+00:00,2026-03-27 15:35:00+00:00,2026-03-27 15:50:00+00:00,66473.52,66212.42,-0.003927879853511729,-0.003927879853511729,3,fixed_3b_exit,False,in_sample,3,15,no_cost,0.0,0.9954663623757848,0.9993918535029227,-0.003927879853511729
dhv_score4_signal,6183,6184,6187,2026-03-31 11:15:00+00:00,2026-03-31 11:20:00+00:00,2026-03-31 11:35:00+00:00,66650.94,66817.79,0.0025033405380328055,0.0025033405380328055,3,fixed_3b_exit,True,in_sample,3,15,no_cost,0.0,0.9979583536749681,0.9993918535029227,-0.0014343721363447859
dhv_score4_signal,7460,7461,7464,2026-04-04 21:40:00+00:00,2026-04-04 21:45:00+00:00,2026-04-04 22:00:00+00:00,67357.97,67374.91,0.0002514921396830072,0.0002514921396830072,3,fixed_3b_exit,True,in_sample,3,15,no_cost,0.0,0.9982093323566483,0.9993918535029227,-0.001183240729979551
dhv_score4_signal,9797,9798,9801,2026-04-13 00:25:00+00:00,2026-04-13 00:30:00+00:00,2026-04-13 00:45:00+00:00,71084.77,71133.92,0.0006914279950542834,0.0006914279950542834,3,fixed_3b_exit,True,in_sample,3,15,no_cost,0.0,0.9988995222339642,0.9993918535029227,-0.0004926308606908458
dhv_score4_signal,11808,11809,11812,2026-04-20 00:00:00+00:00,2026-04-20 00:05:00+00:00,2026-04-20 00:20:00+00:00,74071.14,74248.0,0.0023877045769782335,0.0023877045769782335,3,fixed_3b_exit,True,in_sample,3,15,no_cost,0.0,1.0012845991951436,1.0012845991951436,0.0
dhv_score4_signal,12815,12816,12819,2026-04-23 11:55:00+00:00,2026-04-23 12:00:00+00:00,2026-04-23 12:15:00+00:00,77768.87,77680.74,-0.00113322978718855,-0.00113322978718855,3,fixed_3b_exit,False,in_sample,3,15,no_cost,0.0,1.0001499136618826,1.0012845991951436,-0.001133229787188439
dhv_score4_signal,14033,14034,14037,2026-04-27 17:25:00+00:00,2026-04-27 17:30:00+00:00,2026-04-27 17:45:00+00:00,76919.89,76813.53,-0.001382737286805824,-0.001382737286805824,3,fixed_3b_exit,False,in_sample,3,15,no_cost,0.0,0.9987669690838666,1.0012845991951436,-0.0025144001149129958
dhv_score4_signal,14204,14205,14208,2026-04-28 07:40:00+00:00,2026-04-28 07:45:00+00:00,2026-04-28 08:00:00+00:00,76777.4,76804.07,0.000347367845225488,0.000347367845225488,3,fixed_3b_exit,True,in_sample,3,15,no_cost,0.0,0.9991139086137997,1.0012845991951436,-0.002167905691437544
dhv_score4_signal,15857,15858,15861,2026-05-04 01:25:00+00:00,2026-05-04 01:30:00+00:00,2026-05-04 01:45:00+00:00,78949.6,78980.23,0.0003879690334085417,0.0003879690334085417,3,fixed_3b_exit,True,in_sample,3,15,no_cost,0.0,0.9995015338711896,1.0012845991951436,-0.0017807777383046508
dhv_score4_signal,16920,16921,16924,2026-05-07 18:00:00+00:00,2026-05-07 18:05:00+00:00,2026-05-07 18:20:00+00:00,80118.43,80197.93,0.0009922810519378267,0.0009922810519378267,3,fixed_3b_exit,True,in_sample,3,15,no_cost,0.0,1.0004933203046327,1.0012845991951436,-0.0007902637183743177
dhv_score4_signal,2757,2758,2764,2026-03-19 13:45:00+00:00,2026-03-19 13:50:00+00:00,2026-03-19 14:20:00+00:00,70068.47,69350.57,-0.010245692534744832,-0.011445692534744832,6,fixed_6b_exit,False,in_sample,6,30,base_cost,0.0012000000000000001,0.9885543074652552,0.9885543074652552,0.0
dhv_score4_signal,3095,3096,3102,2026-03-20 17:55:00+00:00,2026-03-20 18:00:00+00:00,2026-03-20 18:30:00+00:00,69951.44,69691.88,-0.003710574078246265,-0.0049105740782462645,6,fixed_6b_exit,False,in_sample,6,30,base_cost,0.0012000000000000001,0.9836999383080777,0.9885543074652552,-0.004910574078246244
dhv_score4_signal,3721,3722,3728,2026-03-22 22:05:00+00:00,2026-03-22 22:10:00+00:00,2026-03-22 22:40:00+00:00,67912.81,68135.8,0.0032834747965810873,0.002083474796581087,6,fixed_6b_exit,True,in_sample,6,30,base_cost,0.0012000000000000001,0.9857494523369408,0.9885543074652552,-0.0028373303389940263
dhv_score4_signal,4216,4217,4223,2026-03-24 15:20:00+00:00,2026-03-24 15:25:00+00:00,2026-03-24 15:55:00+00:00,70029.61,69873.04,-0.0022357685556153584,-0.0034357685556153585,6,fixed_6b_exit,False,in_sample,6,30,base_cost,0.0012000000000000001,0.9823626453648865,0.9885543074652552,-0.006263350484248753
dhv_score4_signal,5082,5083,5089,2026-03-27 15:30:00+00:00,2026-03-27 15:35:00+00:00,2026-03-27 16:05:00+00:00,66473.52,65836.81,-0.009578400542050503,-0.010778400542050502,6,fixed_6b_exit,False,in_sample,6,30,base_cost,0.0012000000000000001,0.9717743472955954,0.9885543074652552,-0.016974242126044814
dhv_score4_signal,6183,6184,6190,2026-03-31 11:15:00+00:00,2026-03-31 11:20:00+00:00,2026-03-31 11:50:00+00:00,66650.94,66603.67,-0.0007092173043621308,-0.001909217304362131,6,fixed_6b_exit,False,in_sample,6,30,base_cost,0.0012000000000000001,0.9699190188958035,0.9885543074652552,-0.018851051913611472
dhv_score4_signal,7460,7461,7467,2026-04-04 21:40:00+00:00,2026-04-04 21:45:00+00:00,2026-04-04 22:15:00+00:00,67357.97,67440.44,0.001224353999979444,2.435399997944383e-05,6,fixed_6b_exit,True,in_sample,6,30,base_cost,0.0012000000000000001,0.9699426403035696,0.9885543074652552,-0.018827157012149986
dhv_score4_signal,9797,9798,9804,2026-04-13 00:25:00+00:00,2026-04-13 00:30:00+00:00,2026-04-13 01:00:00+00:00,71084.77,71173.99,0.0012551211743387913,5.512117433879122e-05,6,fixed_6b_exit,True,in_sample,6,30,base_cost,0.0012000000000000001,0.9699961046809443,0.9885543074652552,-0.018773073612815327
dhv_score4_signal,11808,11809,11815,2026-04-20 00:00:00+00:00,2026-04-20 00:05:00+00:00,2026-04-20 00:35:00+00:00,74071.14,74155.88,0.0011440353152389893,-5.596468476101084e-05,6,fixed_6b_exit,False,in_sample,6,30,base_cost,0.0012000000000000001,0.9699418191547264,0.9885543074652552,-0.018827987668429524
dhv_score4_signal,12815,12816,12822,2026-04-23 11:55:00+00:00,2026-04-23 12:00:00+00:00,2026-04-23 12:30:00+00:00,77768.87,77761.34,-9.682537498612032e-05,-0.0012968253749861204,6,fixed_6b_exit,False,in_sample,6,30,base_cost,0.0012000000000000001,0.9686839739913864,0.9885543074652552,-0.02010039643124728
dhv_score4_signal,14033,14034,14040,2026-04-27 17:25:00+00:00,2026-04-27 17:30:00+00:00,2026-04-27 18:00:00+00:00,76919.89,76770.26,-0.0019452705925606661,-0.0031452705925606663,6,fixed_6b_exit,False,in_sample,6,30,base_cost,0.0012000000000000001,0.9656372007745065,0.9885543074652552,-0.023182445838013876
dhv_score4_signal,14204,14205,14211,2026-04-28 07:40:00+00:00,2026-04-28 07:45:00+00:00,2026-04-28 08:15:00+00:00,76777.4,76886.68,0.001423335512794166,0.00022333551279416592,6,fixed_6b_exit,True,in_sample,6,30,base_cost,0.0012000000000000001,0.9658528618539145,0.9885543074652552,-0.022964287788649007
dhv_score4_signal,15857,15858,15864,2026-05-04 01:25:00+00:00,2026-05-04 01:30:00+00:00,2026-05-04 02:00:00+00:00,78949.6,79730.01,0.009884913919766314,0.008684913919766314,6,fixed_6b_exit,True,in_sample,6,30,base_cost,0.0012000000000000001,0.9742412108182756,0.9885543074652552,-0.014478816731555821
dhv_score4_signal,16920,16921,16927,2026-05-07 18:00:00+00:00,2026-05-07 18:05:00+00:00,2026-05-07 18:35:00+00:00,80118.43,80235.54,0.0014617111194015209,0.00026171111940152076,6,fixed_6b_exit,True,in_sample,6,30,base_cost,0.0012000000000000001,0.9744961805761259,0.9885543074652552,-0.014220894879488855
dhv_score4_signal,2757,2758,2764,2026-03-19 13:45:00+00:00,2026-03-19 13:50:00+00:00,2026-03-19 14:20:00+00:00,70068.47,69350.57,-0.010245692534744832,-0.010245692534744832,6,fixed_6b_exit,False,in_sample,6,30,no_cost,0.0,0.9897543074652552,0.9897543074652552,0.0
dhv_score4_signal,3095,3096,3102,2026-03-20 17:55:00+00:00,2026-03-20 18:00:00+00:00,2026-03-20 18:30:00+00:00,69951.44,69691.88,-0.003710574078246265,-0.003710574078246265,6,fixed_6b_exit,False,in_sample,6,30,no_cost,0.0,0.986081750788142,0.9897543074652552,-0.003710574078246265
dhv_score4_signal,3721,3722,3728,2026-03-22 22:05:00+00:00,2026-03-22 22:10:00+00:00,2026-03-22 22:40:00+00:00,67912.81,68135.8,0.0032834747965810873,0.0032834747965810873,6,fixed_6b_exit,True,in_sample,6,30,no_cost,0.0,0.9893195253642234,0.9897543074652552,-0.0004392828581319952
dhv_score4_signal,4216,4217,4223,2026-03-24 15:20:00+00:00,2026-03-24 15:25:00+00:00,2026-03-24 15:55:00+00:00,70029.61,69873.04,-0.0022357685556153584,-0.0022357685556153584,6,fixed_6b_exit,False,in_sample,6,30,no_cost,0.0,0.9871076358779578,0.9897543074652552,-0.0026740692789460896
dhv_score4_signal,5082,5083,5089,2026-03-27 15:30:00+00:00,2026-03-27 15:35:00+00:00,2026-03-27 16:05:00+00:00,66473.52,65836.81,-0.009578400542050503,-0.009578400542050503,6,fixed_6b_exit,False,in_sample,6,30,no_cost,0.0,0.9776527235634022,0.9897543074652552,-0.012226856514365614
dhv_score4_signal,6183,6184,6190,2026-03-31 11:15:00+00:00,2026-03-31 11:20:00+00:00,2026-03-31 11:50:00+00:00,66650.94,66603.67,-0.0007092173043621308,-0.0007092173043621308,6,fixed_6b_exit,False,in_sample,6,30,no_cost,0.0,0.9769593553341942,0.9897543074652552,-0.012927402320509818
dhv_score4_signal,7460,7461,7467,2026-04-04 21:40:00+00:00,2026-04-04 21:45:00+00:00,2026-04-04 22:15:00+00:00,67357.97,67440.44,0.001224353999979444,0.001224353999979444,6,fixed_6b_exit,True,in_sample,6,30,no_cost,0.0,0.9781554994287149,0.9897543074652552,-0.011718876037270953
dhv_score4_signal,9797,9798,9804,2026-04-13 00:25:00+00:00,2026-04-13 00:30:00+00:00,2026-04-13 01:00:00+00:00,71084.77,71173.99,0.0012551211743387913,0.0012551211743387913,6,fixed_6b_exit,True,in_sample,6,30,no_cost,0.0,0.9793832031078439,0.9897543074652552,-0.010478463472385902
dhv_score4_signal,11808,11809,11815,2026-04-20 00:00:00+00:00,2026-04-20 00:05:00+00:00,2026-04-20 00:35:00+00:00,74071.14,74155.88,0.0011440353152389893,0.0011440353152389893,6,fixed_6b_exit,True,in_sample,6,30,no_cost,0.0,0.9805036520793511,0.9897543074652552,-0.009346415889408766
dhv_score4_signal,12815,12816,12822,2026-04-23 11:55:00+00:00,2026-04-23 12:00:00+00:00,2026-04-23 12:30:00+00:00,77768.87,77761.34,-9.682537498612032e-05,-9.682537498612032e-05,6,fixed_6b_exit,False,in_sample,6,30,no_cost,0.0,0.9804087144455632,0.9897543074652552,-0.009442336294171683
dhv_score4_signal,14033,14034,14040,2026-04-27 17:25:00+00:00,2026-04-27 17:30:00+00:00,2026-04-27 18:00:00+00:00,76919.89,76770.26,-0.0019452705925606661,-0.0019452705925606661,6,fixed_6b_exit,False,in_sample,6,30,no_cost,0.0,0.978501554204662,0.9897543074652552,-0.011369238987614327
dhv_score4_signal,14204,14205,14211,2026-04-28 07:40:00+00:00,2026-04-28 07:45:00+00:00,2026-04-28 08:15:00+00:00,76777.4,76886.68,0.001423335512794166,0.001423335512794166,6,fixed_6b_exit,True,in_sample,6,30,no_cost,0.0,0.9798942902160858,0.9897543074652552,-0.009962085716424651
dhv_score4_signal,15857,15858,15864,2026-05-04 01:25:00+00:00,2026-05-04 01:30:00+00:00,2026-05-04 02:00:00+00:00,78949.6,79730.01,0.009884913919766314,0.009884913919766314,6,fixed_6b_exit,True,in_sample,6,30,no_cost,0.0,0.9895804609253422,0.9897543074652552,-0.00017564615642662318
dhv_score4_signal,16920,16921,16927,2026-05-07 18:00:00+00:00,2026-05-07 18:05:00+00:00,2026-05-07 18:35:00+00:00,80118.43,80235.54,0.0014617111194015209,0.0014617111194015209,6,fixed_6b_exit,True,in_sample,6,30,no_cost,0.0,0.9910269416886193,0.9910269416886193,0.0
dhv_score4_signal,2757,2758,2770,2026-03-19 13:45:00+00:00,2026-03-19 13:50:00+00:00,2026-03-19 14:50:00+00:00,70068.47,69493.62,-0.008204118057665633,-0.009404118057665632,12,fixed_12b_exit,False,in_sample,12,60,base_cost,0.0012000000000000001,0.9905958819423344,0.9905958819423344,0.0
dhv_score4_signal,3095,3096,3108,2026-03-20 17:55:00+00:00,2026-03-20 18:00:00+00:00,2026-03-20 19:00:00+00:00,69951.44,69865.47,-0.0012289954288289273,-0.0024289954288289274,12,fixed_12b_exit,False,in_sample,12,60,base_cost,0.0012000000000000001,0.9881897290732797,0.9905958819423344,-0.002428995428828906
dhv_score4_signal,3721,3722,3734,2026-03-22 22:05:00+00:00,2026-03-22 22:10:00+00:00,2026-03-22 23:10:00+00:00,67912.81,68327.15,0.006101058106710688,0.004901058106710689,12,fixed_12b_exit,True,in_sample,12,60,base_cost,0.0012000000000000001,0.9930329043559225,0.9930329043559225,0.0
dhv_score4_signal,4216,4217,4229,2026-03-24 15:20:00+00:00,2026-03-24 15:25:00+00:00,2026-03-24 16:25:00+00:00,70029.61,69798.32,-0.003302745795671247,-0.004502745795671247,12,fixed_12b_exit,False,in_sample,12,60,base_cost,0.0012000000000000001,0.9885615296208707,0.9930329043559225,-0.004502745795671226
dhv_score4_signal,5082,5083,5095,2026-03-27 15:30:00+00:00,2026-03-27 15:35:00+00:00,2026-03-27 16:35:00+00:00,66473.52,65852.37,-0.009344322370772762,-0.010544322370772762,12,fixed_12b_exit,False,in_sample,12,60,base_cost,0.0012000000000000001,0.9781378181692041,0.9930329043559225,-0.014999589763220689
dhv_score4_signal,6183,6184,6196,2026-03-31 11:15:00+00:00,2026-03-31 11:20:00+00:00,2026-03-31 12:20:00+00:00,66650.94,66634.01,-0.00025400992094049,-0.0014540099209404901,12,fixed_12b_exit,False,in_sample,12,60,base_cost,0.0012000000000000001,0.976715596077539,0.9930329043559225,-0.016431790131835378
dhv_score4_signal,7460,7461,7473,2026-04-04 21:40:00+00:00,2026-04-04 21:45:00+00:00,2026-04-04 22:45:00+00:00,67357.97,67401.55,0.0006469909945325814,-0.0005530090054674188,12,fixed_12b_exit,False,in_sample,12,60,base_cost,0.0012000000000000001,0.9761754635571277,0.9930329043559225,-0.016975712209383875
dhv_score4_signal,9797,9798,9810,2026-04-13 00:25:00+00:00,2026-04-13 00:30:00+00:00,2026-04-13 01:30:00+00:00,71084.77,71141.85,0.0008029849431883118,-0.0003970150568116883,12,fixed_12b_exit,False,in_sample,12,60,base_cost,0.0012000000000000001,0.9757879072000054,0.9930329043559225,-0.017365987652848358
dhv_score4_signal,11808,11809,11821,2026-04-20 00:00:00+00:00,2026-04-20 00:05:00+00:00,2026-04-20 01:05:00+00:00,74071.14,74280.04,0.002820261710566374,0.001620261710566374,12,fixed_12b_exit,True,in_sample,12,60,base_cost,0.0012000000000000001,0.9773689389836752,0.9930329043559225,-0.01577386338714215
dhv_score4_signal,12815,12816,12828,2026-04-23 11:55:00+00:00,2026-04-23 12:00:00+00:00,2026-04-23 13:00:00+00:00,77768.87,77825.05,0.0007223970208132258,-0.00047760297918677435,12,fixed_12b_exit,False,in_sample,12,60,base_cost,0.0012000000000000001,0.9769021446666519,0.9930329043559225,-0.016243932722181942
dhv_score4_signal,14033,14034,14046,2026-04-27 17:25:00+00:00,2026-04-27 17:30:00+00:00,2026-04-27 18:30:00+00:00,76919.89,76721.67,-0.0025769667637330906,-0.0037769667637330907,12,fixed_12b_exit,False,in_sample,12,60,base_cost,0.0012000000000000001,0.9732124177348265,0.9930329043559225,-0.019959546691911023
dhv_score4_signal,14204,14205,14217,2026-04-28 07:40:00+00:00,2026-04-28 07:45:00+00:00,2026-04-28 08:45:00+00:00,76777.4,76813.5,0.00047019044666796184,-0.0007298095533320383,12,fixed_12b_exit,False,in_sample,12,60,base_cost,0.0012000000000000001,0.9725021580149422,0.9930329043559225,-0.02067478957738711
dhv_score4_signal,15857,15858,15870,2026-05-04 01:25:00+00:00,2026-05-04 01:30:00+00:00,2026-05-04 02:30:00+00:00,78949.6,79751.86,0.01016167276338309,0.00896167276338309,12,fixed_12b_exit,True,in_sample,12,60,base_cost,0.0012000000000000001,0.981217404116756,0.9930329043559225,-0.011898397512648429
dhv_score4_signal,16920,16921,16933,2026-05-07 18:00:00+00:00,2026-05-07 18:05:00+00:00,2026-05-07 19:05:00+00:00,80118.43,80100.03,-0.00022966001705215788,-0.001429660017052158,12,fixed_12b_exit,False,in_sample,12,60,base_cost,0.0012000000000000001,0.9798145968260545,0.9930329043559225,-0.013311046866509746
dhv_score4_signal,2757,2758,2770,2026-03-19 13:45:00+00:00,2026-03-19 13:50:00+00:00,2026-03-19 14:50:00+00:00,70068.47,69493.62,-0.008204118057665633,-0.008204118057665633,12,fixed_12b_exit,False,in_sample,12,60,no_cost,0.0,0.9917958819423344,0.9917958819423344,0.0
dhv_score4_signal,3095,3096,3108,2026-03-20 17:55:00+00:00,2026-03-20 18:00:00+00:00,2026-03-20 19:00:00+00:00,69951.44,69865.47,-0.0012289954288289273,-0.0012289954288289273,12,fixed_12b_exit,False,in_sample,12,60,no_cost,0.0,0.9905769693370959,0.9917958819423344,-0.0012289954288289273
dhv_score4_signal,3721,3722,3734,2026-03-22 22:05:00+00:00,2026-03-22 22:10:00+00:00,2026-03-22 23:10:00+00:00,67912.81,68327.15,0.006101058106710688,0.006101058106710688,12,fixed_12b_exit,True,in_sample,12,60,no_cost,0.0,0.9966205369861909,0.9966205369861909,0.0
dhv_score4_signal,4216,4217,4229,2026-03-24 15:20:00+00:00,2026-03-24 15:25:00+00:00,2026-03-24 16:25:00+00:00,70029.61,69798.32,-0.003302745795671247,-0.003302745795671247,12,fixed_12b_exit,False,in_sample,12,60,no_cost,0.0,0.9933289526977801,0.9966205369861909,-0.003302745795671247
dhv_score4_signal,5082,5083,5095,2026-03-27 15:30:00+00:00,2026-03-27 15:35:00+00:00,2026-03-27 16:35:00+00:00,66473.52,65852.37,-0.009344322370772762,-0.009344322370772762,12,fixed_12b_exit,False,in_sample,12,60,no_cost,0.0,0.98404696674355,0.9966205369861909,-0.012616206245020578
dhv_score4_signal,6183,6184,6196,2026-03-31 11:15:00+00:00,2026-03-31 11:20:00+00:00,2026-03-31 12:20:00+00:00,66650.94,66634.01,-0.00025400992094049,-0.00025400992094049,12,fixed_12b_exit,False,in_sample,12,60,no_cost,0.0,0.9837970090513257,0.9966205369861909,-0.012867011524410166
dhv_score4_signal,7460,7461,7473,2026-04-04 21:40:00+00:00,2026-04-04 21:45:00+00:00,2026-04-04 22:45:00+00:00,67357.97,67401.55,0.0006469909945325814,0.0006469909945325814,12,fixed_12b_exit,True,in_sample,12,60,no_cost,0.0,0.98443351685663,0.9966205369861909,-0.012228345370460358
dhv_score4_signal,9797,9798,9810,2026-04-13 00:25:00+00:00,2026-04-13 00:30:00+00:00,2026-04-13 01:30:00+00:00,71084.77,71141.85,0.0008029849431883118,0.0008029849431883118,12,fixed_12b_exit,True,in_sample,12,60,no_cost,0.0,0.9852240021482358,0.9966205369861909,-0.011435179604484702
dhv_score4_signal,11808,11809,11821,2026-04-20 00:00:00+00:00,2026-04-20 00:05:00+00:00,2026-04-20 01:05:00+00:00,74071.14,74280.04,0.002820261710566374,0.002820261710566374,12,fixed_12b_exit,True,in_sample,12,60,no_cost,0.0,0.9880025916778254,0.9966205369861909,-0.00864716809311028
dhv_score4_signal,12815,12816,12828,2026-04-23 11:55:00+00:00,2026-04-23 12:00:00+00:00,2026-04-23 13:00:00+00:00,77768.87,77825.05,0.0007223970208132258,0.0007223970208132258,12,fixed_12b_exit,True,in_sample,12,60,no_cost,0.0,0.9887163218066093,0.9966205369861909,-0.00793101776076599
dhv_score4_signal,14033,14034,14046,2026-04-27 17:25:00+00:00,2026-04-27 17:30:00+00:00,2026-04-27 18:30:00+00:00,76919.89,76721.67,-0.0025769667637330906,-0.0025769667637330906,12,fixed_12b_exit,False,in_sample,12,60,no_cost,0.0,0.9861684327065532,0.9966205369861909,-0.01048754655532702
dhv_score4_signal,14204,14205,14217,2026-04-28 07:40:00+00:00,2026-04-28 07:45:00+00:00,2026-04-28 08:45:00+00:00,76777.4,76813.5,0.00047019044666796184,0.00047019044666796184,12,fixed_12b_exit,True,in_sample,12,60,no_cost,0.0,0.9866321196824174,0.9966205369861909,-0.010022287252858364
dhv_score4_signal,15857,15858,15870,2026-05-04 01:25:00+00:00,2026-05-04 01:30:00+00:00,2026-05-04 02:30:00+00:00,78949.6,79751.86,0.01016167276338309,0.01016167276338309,12,fixed_12b_exit,True,in_sample,12,60,no_cost,0.0,0.9966579524204732,0.9966579524204732,0.0
dhv_score4_signal,16920,16921,16933,2026-05-07 18:00:00+00:00,2026-05-07 18:05:00+00:00,2026-05-07 19:05:00+00:00,80118.43,80100.03,-0.00022966001705215788,-0.00022966001705215788,12,fixed_12b_exit,False,in_sample,12,60,no_cost,0.0,0.9964290599381251,0.9966579524204732,-0.00022966001705215788
downtrend_highvol_forced_cover_signal,2512,2513,2516,2026-03-18 17:20:00+00:00,2026-03-18 17:25:00+00:00,2026-03-18 17:40:00+00:00,71479.91,71590.62,0.0015488267962284752,0.0003488267962284751,3,fixed_3b_exit,True,in_sample,3,15,base_cost,0.0012000000000000001,1.0003488267962284,1.0003488267962284,0.0
downtrend_highvol_forced_cover_signal,2757,2758,2761,2026-03-19 13:45:00+00:00,2026-03-19 13:50:00+00:00,2026-03-19 14:05:00+00:00,70068.47,69637.8,-0.006146416498033935,-0.007346416498033935,3,fixed_3b_exit,False,in_sample,3,15,base_cost,0.0012000000000000001,0.9929998476712637,1.0003488267962284,-0.007346416498033914
downtrend_highvol_forced_cover_signal,3095,3096,3099,2026-03-20 17:55:00+00:00,2026-03-20 18:00:00+00:00,2026-03-20 18:15:00+00:00,69951.44,69959.09,0.00010936157997587515,-0.001090638420024125,3,fixed_3b_exit,False,in_sample,3,15,base_cost,0.0012000000000000001,0.9919168438863153,1.0003488267962284,-0.008429042633975814
downtrend_highvol_forced_cover_signal,3497,3498,3501,2026-03-22 03:25:00+00:00,2026-03-22 03:30:00+00:00,2026-03-22 03:45:00+00:00,69395.99,69327.21,-0.0009911235505105642,-0.0021911235505105643,3,fixed_3b_exit,False,in_sample,3,15,base_cost,0.0012000000000000001,0.9897434315295279,1.0003488267962284,-0.010601697110662722
downtrend_highvol_forced_cover_signal,3721,3722,3725,2026-03-22 22:05:00+00:00,2026-03-22 22:10:00+00:00,2026-03-22 22:25:00+00:00,67912.81,68256.0,0.005053391252695993,0.0038533912526959933,3,fixed_3b_exit,True,in_sample,3,15,base_cost,0.0012000000000000001,0.9935573002109971,1.0003488267962284,-0.006789158344876811
downtrend_highvol_forced_cover_signal,4216,4217,4220,2026-03-24 15:20:00+00:00,2026-03-24 15:25:00+00:00,2026-03-24 15:40:00+00:00,70029.61,70058.12,0.0004071135052730046,-0.0007928864947269955,3,fixed_3b_exit,False,in_sample,3,15,base_cost,0.0012000000000000001,0.9927695220459224,1.0003488267962284,-0.007576661807641494
downtrend_highvol_forced_cover_signal,4254,4255,4258,2026-03-24 18:30:00+00:00,2026-03-24 18:35:00+00:00,2026-03-24 18:50:00+00:00,69741.8,69527.86,-0.0030676007788729143,-0.004267600778872914,3,fixed_3b_exit,False,in_sample,3,15,base_cost,0.0012000000000000001,0.988532778060398,1.0003488267962284,-0.011811928418682838
downtrend_highvol_forced_cover_signal,4840,4841,4844,2026-03-26 19:20:00+00:00,2026-03-26 19:25:00+00:00,2026-03-26 19:40:00+00:00,68435.96,68633.12,0.0028809415400907756,0.0016809415400907755,3,fixed_3b_exit,True,in_sample,3,15,base_cost,0.0012000000000000001,0.9901944438707809,1.0003488267962284,-0.010150842039739705
downtrend_highvol_forced_cover_signal,5082,5083,5086,2026-03-27 15:30:00+00:00,2026-03-27 15:35:00+00:00,2026-03-27 15:50:00+00:00,66473.52,66212.42,-0.003927879853511729,-0.005127879853511728,3,fixed_3b_exit,False,in_sample,3,15,base_cost,0.0012000000000000001,0.9851168457309967,1.0003488267962284,-0.015226669594859743
downtrend_highvol_forced_cover_signal,5484,5485,5488,2026-03-29 01:00:00+00:00,2026-03-29 01:05:00+00:00,2026-03-29 01:20:00+00:00,66500.53,66542.94,0.0006377392781682367,-0.0005622607218317634,3,fixed_3b_exit,False,in_sample,3,15,base_cost,0.0012000000000000001,0.9845629532222273,1.0003488267962284,-0.015780368958454027
downtrend_highvol_forced_cover_signal,6183,6184,6187,2026-03-31 11:15:00+00:00,2026-03-31 11:20:00+00:00,2026-03-31 11:35:00+00:00,66650.94,66817.79,0.0025033405380328055,0.0013033405380328054,3,fixed_3b_exit,True,in_sample,3,15,base_cost,0.0012000000000000001,0.9858461740314071,1.0003488267962284,-0.014497595614989978
downtrend_highvol_forced_cover_signal,7459,7460,7463,2026-04-04 21:35:00+00:00,2026-04-04 21:40:00+00:00,2026-04-04 21:55:00+00:00,67311.17,67359.2,0.0007135517032315075,-0.0004864482967684926,3,fixed_3b_exit,False,in_sample,3,15,base_cost,0.0012000000000000001,0.9853666108391738,1.0003488267962284,-0.014976991581064247
downtrend_highvol_forced_cover_signal,7595,7596,7599,2026-04-05 08:55:00+00:00,2026-04-05 09:00:00+00:00,2026-04-05 09:15:00+00:00,66971.11,66956.52,-0.00021785513186201033,-0.0014178551318620104,3,fixed_3b_exit,False,in_sample,3,15,base_cost,0.0012000000000000001,0.98396950373323,1.0003488267962284,-0.01637361150855321
downtrend_highvol_forced_cover_signal,9793,9794,9797,2026-04-13 00:05:00+00:00,2026-04-13 00:10:00+00:00,2026-04-13 00:25:00+00:00,70916.18,70982.39,0.0009336374294273142,-0.0002663625705726859,3,fixed_3b_exit,False,in_sample,3,15,base_cost,0.0012000000000000001,0.9837074110868506,1.0003488267962284,-0.016635612761874752
downtrend_highvol_forced_cover_signal,11808,11809,11812,2026-04-20 00:00:00+00:00,2026-04-20 00:05:00+00:00,2026-04-20 00:20:00+00:00,74071.14,74248.0,0.0023877045769782335,0.0011877045769782333,3,fixed_3b_exit,True,in_sample,3,15,base_cost,0.0012000000000000001,0.9848757648814057,1.0003488267962284,-0.01546766637831476
downtrend_highvol_forced_cover_signal,11818,11819,11822,2026-04-20 00:50:00+00:00,2026-04-20 00:55:00+00:00,2026-04-20 01:10:00+00:00,74280.01,74360.0,0.0010768711528177377,-0.0001231288471822624,3,fixed_3b_exit,False,in_sample,3,15,base_cost,0.0012000000000000001,0.9847544982638582,1.0003488267962284,-0.01558889070956726
downtrend_highvol_forced_cover_signal,12324,12325,12328,2026-04-21 19:00:00+00:00,2026-04-21 19:05:00+00:00,2026-04-21 19:20:00+00:00,75692.04,75832.43,0.001854752494449885,0.0006547524944498849,3,fixed_3b_exit,True,in_sample,3,15,base_cost,0.0012000000000000001,0.9853992687280171,1.0003488267962284,-0.014944345080195265
downtrend_highvol_forced_cover_signal,12811,12812,12815,2026-04-23 11:35:00+00:00,2026-04-23 11:40:00+00:00,2026-04-23 11:55:00+00:00,77588.2,77704.62,0.0015004858986289449,0.00030048589862894477,3,fixed_3b_exit,True,in_sample,3,15,base_cost,0.0012000000000000001,0.9856953673127891,1.0003488267962284,-0.014648349746527178
downtrend_highvol_forced_cover_signal,13470,13471,13474,2026-04-25 18:30:00+00:00,2026-04-25 18:35:00+00:00,2026-04-25 18:50:00+00:00,77350.19,77308.73,-0.000536003854677114,-0.001736003854677114,3,fixed_3b_exit,False,in_sample,3,15,base_cost,0.0012000000000000001,0.9839841963555968,1.0003488267962284,-0.016358924009579612
downtrend_highvol_forced_cover_signal,14033,14034,14037,2026-04-27 17:25:00+00:00,2026-04-27 17:30:00+00:00,2026-04-27 17:45:00+00:00,76919.89,76813.53,-0.001382737286805824,-0.002582737286805824,3,fixed_3b_exit,False,in_sample,3,15,base_cost,0.0012000000000000001,0.9814428236820415,1.0003488267962284,-0.018899410493373847
downtrend_highvol_forced_cover_signal,14204,14205,14208,2026-04-28 07:40:00+00:00,2026-04-28 07:45:00+00:00,2026-04-28 08:00:00+00:00,76777.4,76804.07,0.000347367845225488,-0.0008526321547745121,3,fixed_3b_exit,False,in_sample,3,15,base_cost,0.0012000000000000001,0.9806060139724975,1.0003488267962284,-0.01973592840305549
downtrend_highvol_forced_cover_signal,14302,14303,14306,2026-04-28 15:50:00+00:00,2026-04-28 15:55:00+00:00,2026-04-28 16:10:00+00:00,76066.38,76020.45,-0.0006038147207741984,-0.0018038147207741985,3,fixed_3b_exit,False,in_sample,3,15,base_cost,0.0012000000000000001,0.9788371824092142,1.0003488267962284,-0.021504143165648082
downtrend_highvol_forced_cover_signal,14647,14648,14651,2026-04-29 20:35:00+00:00,2026-04-29 20:40:00+00:00,2026-04-29 20:55:00+00:00,75773.61,75676.79,-0.0012777535609034274,-0.0024777535609034275,3,fixed_3b_exit,False,in_sample,3,15,base_cost,0.0012000000000000001,0.9764118650949551,1.0003488267962284,-0.023928614759248568
downtrend_highvol_forced_cover_signal,15857,15858,15861,2026-05-04 01:25:00+00:00,2026-05-04 01:30:00+00:00,2026-05-04 01:45:00+00:00,78949.6,78980.23,0.0003879690334085417,-0.0008120309665914584,3,fixed_3b_exit,False,in_sample,3,15,base_cost,0.0012000000000000001,0.9756189884243507,1.0003488267962284,-0.024721214949667947
downtrend_highvol_forced_cover_signal,16431,16432,16435,2026-05-06 01:15:00+00:00,2026-05-06 01:20:00+00:00,2026-05-06 01:35:00+00:00,81294.65,81320.02,0.0003120746568194832,-0.0008879253431805169,3,fixed_3b_exit,False,in_sample,3,15,base_cost,0.0012000000000000001,0.9747527115992406,1.0003488267962284,-0.025587189699580404
downtrend_highvol_forced_cover_signal,16919,16920,16923,2026-05-07 17:55:00+00:00,2026-05-07 18:00:00+00:00,2026-05-07 18:15:00+00:00,80140.0,80170.0,0.000374344896431289,-0.0008256551035687111,3,fixed_3b_exit,False,in_sample,3,15,base_cost,0.0012000000000000001,0.9739479020481913,1.0003488267962284,-0.026391718609387604
downtrend_highvol_forced_cover_signal,2512,2513,2516,2026-03-18 17:20:00+00:00,2026-03-18 17:25:00+00:00,2026-03-18 17:40:00+00:00,71479.91,71590.62,0.0015488267962284752,0.0015488267962284752,3,fixed_3b_exit,True,in_sample,3,15,no_cost,0.0,1.0015488267962285,1.0015488267962285,0.0
downtrend_highvol_forced_cover_signal,2757,2758,2761,2026-03-19 13:45:00+00:00,2026-03-19 13:50:00+00:00,2026-03-19 14:05:00+00:00,70068.47,69637.8,-0.006146416498033935,-0.006146416498033935,3,fixed_3b_exit,False,in_sample,3,15,no_cost,0.0,0.9953928905636216,1.0015488267962285,-0.006146416498033935
downtrend_highvol_forced_cover_signal,3095,3096,3099,2026-03-20 17:55:00+00:00,2026-03-20 18:00:00+00:00,2026-03-20 18:15:00+00:00,69951.44,69959.09,0.00010936157997587515,0.00010936157997587515,3,fixed_3b_exit,True,in_sample,3,15,no_cost,0.0,0.9955017483028303,1.0015488267962285,-0.006037727099877488
downtrend_highvol_forced_cover_signal,3497,3498,3501,2026-03-22 03:25:00+00:00,2026-03-22 03:30:00+00:00,2026-03-22 03:45:00+00:00,69395.99,69327.21,-0.0009911235505105642,-0.0009911235505105642,3,fixed_3b_exit,False,in_sample,3,15,no_cost,0.0,0.994515083075513,1.0015488267962285,-0.007022866516867898
downtrend_highvol_forced_cover_signal,3721,3722,3725,2026-03-22 22:05:00+00:00,2026-03-22 22:10:00+00:00,2026-03-22 22:25:00+00:00,67912.81,68256.0,0.005053391252695993,0.005053391252695993,3,fixed_3b_exit,True,in_sample,3,15,no_cost,0.0,0.999540756897001,1.0015488267962285,-0.002004964556397093
downtrend_highvol_forced_cover_signal,4216,4217,4220,2026-03-24 15:20:00+00:00,2026-03-24 15:25:00+00:00,2026-03-24 15:40:00+00:00,70029.61,70058.12,0.0004071135052730046,0.0004071135052730046,3,fixed_3b_exit,True,in_sample,3,15,no_cost,0.0,0.9999476834382045,1.0015488267962285,-0.0015986672992726048
downtrend_highvol_forced_cover_signal,4254,4255,4258,2026-03-24 18:30:00+00:00,2026-03-24 18:35:00+00:00,2026-03-24 18:50:00+00:00,69741.8,69527.86,-0.0030676007788729143,-0.0030676007788729143,3,fixed_3b_exit,False,in_sample,3,15,no_cost,0.0,0.9968802431456573,1.0015488267962285,-0.004661364005093094
downtrend_highvol_forced_cover_signal,4840,4841,4844,2026-03-26 19:20:00+00:00,2026-03-26 19:25:00+00:00,2026-03-26 19:40:00+00:00,68435.96,68633.12,0.0028809415400907756,0.0028809415400907756,3,fixed_3b_exit,True,in_sample,3,15,no_cost,0.0,0.9997521968486314,1.0015488267962285,-0.001793851582198136
downtrend_highvol_forced_cover_signal,5082,5083,5086,2026-03-27 15:30:00+00:00,2026-03-27 15:35:00+00:00,2026-03-27 15:50:00+00:00,66473.52,66212.42,-0.003927879853511729,-0.003927879853511729,3,fixed_3b_exit,False,in_sample,3,15,no_cost,0.0,0.9958252903361255,1.0015488267962285,-0.005714685402219977
downtrend_highvol_forced_cover_signal,5484,5485,5488,2026-03-29 01:00:00+00:00,2026-03-29 01:05:00+00:00,2026-03-29 01:20:00+00:00,66500.53,66542.94,0.0006377392781682367,0.0006377392781682367,3,fixed_3b_exit,True,in_sample,3,15,no_cost,0.0,0.9964603672379662,1.0015488267962285,-0.005080590603395163
downtrend_highvol_forced_cover_signal,6183,6184,6187,2026-03-31 11:15:00+00:00,2026-03-31 11:20:00+00:00,2026-03-31 11:35:00+00:00,66650.94,66817.79,0.0025033405380328055,0.0025033405380328055,3,fixed_3b_exit,True,in_sample,3,15,no_cost,0.0,0.9989548468698161,1.0015488267962285,-0.002589968513776908
downtrend_highvol_forced_cover_signal,7459,7460,7463,2026-04-04 21:35:00+00:00,2026-04-04 21:40:00+00:00,2026-04-04 21:55:00+00:00,67311.17,67359.2,0.0007135517032315075,0.0007135517032315075,3,fixed_3b_exit,True,in_sample,3,15,no_cost,0.0,0.9996676528022513,1.0015488267962285,-0.0018782648869897223
downtrend_highvol_forced_cover_signal,7595,7596,7599,2026-04-05 08:55:00+00:00,2026-04-05 09:00:00+00:00,2026-04-05 09:15:00+00:00,66971.11,66956.52,-0.00021785513186201033,-0.00021785513186201033,3,fixed_3b_exit,False,in_sample,3,15,no_cost,0.0,0.9994498700739319,1.0015488267962285,-0.0020957108292071203
downtrend_highvol_forced_cover_signal,9793,9794,9797,2026-04-13 00:05:00+00:00,2026-04-13 00:10:00+00:00,2026-04-13 00:25:00+00:00,70916.18,70982.39,0.0009336374294273142,0.0009336374294273142,3,fixed_3b_exit,True,in_sample,3,15,no_cost,0.0,1.0003829938814692,1.0015488267962285,-0.0011640300338512377
downtrend_highvol_forced_cover_signal,11808,11809,11812,2026-04-20 00:00:00+00:00,2026-04-20 00:05:00+00:00,2026-04-20 00:20:00+00:00,74071.14,74248.0,0.0023877045769782335,0.0023877045769782335,3,fixed_3b_exit,True,in_sample,3,15,no_cost,0.0,1.0027716129346913,1.0027716129346913,0.0
downtrend_highvol_forced_cover_signal,11818,11819,11822,2026-04-20 00:50:00+00:00,2026-04-20 00:55:00+00:00,2026-04-20 01:10:00+00:00,74280.01,74360.0,0.0010768711528177377,0.0010768711528177377,3,fixed_3b_exit,True,in_sample,3,15,no_cost,0.0,1.0038514687575253,1.0038514687575253,0.0
downtrend_highvol_forced_cover_signal,12324,12325,12328,2026-04-21 19:00:00+00:00,2026-04-21 19:05:00+00:00,2026-04-21 19:20:00+00:00,75692.04,75832.43,0.001854752494449885,0.001854752494449885,3,fixed_3b_exit,True,in_sample,3,15,no_cost,0.0,1.0057133647732606,1.0057133647732606,0.0
downtrend_highvol_forced_cover_signal,12811,12812,12815,2026-04-23 11:35:00+00:00,2026-04-23 11:40:00+00:00,2026-04-23 11:55:00+00:00,77588.2,77704.62,0.0015004858986289449,0.0015004858986289449,3,fixed_3b_exit,True,in_sample,3,15,no_cost,0.0,1.0072224234951654,1.0072224234951654,0.0
downtrend_highvol_forced_cover_signal,13470,13471,13474,2026-04-25 18:30:00+00:00,2026-04-25 18:35:00+00:00,2026-04-25 18:50:00+00:00,77350.19,77308.73,-0.000536003854677114,-0.000536003854677114,3,fixed_3b_exit,False,in_sample,3,15,no_cost,0.0,1.0066825483936548,1.0072224234951654,-0.000536003854677114
downtrend_highvol_forced_cover_signal,14033,14034,14037,2026-04-27 17:25:00+00:00,2026-04-27 17:30:00+00:00,2026-04-27 17:45:00+00:00,76919.89,76813.53,-0.001382737286805824,-0.001382737286805824,3,fixed_3b_exit,False,in_sample,3,15,no_cost,0.0,1.0052905708980142,1.0072224234951654,-0.001917999988967134
downtrend_highvol_forced_cover_signal,14204,14205,14208,2026-04-28 07:40:00+00:00,2026-04-28 07:45:00+00:00,2026-04-28 08:00:00+00:00,76777.4,76804.07,0.000347367845225488,0.000347367845225488,3,fixed_3b_exit,True,in_sample,3,15,no_cost,0.0,1.0056397765174525,1.0072224234951654,-0.0015712983952650417
downtrend_highvol_forced_cover_signal,14302,14303,14306,2026-04-28 15:50:00+00:00,2026-04-28 15:55:00+00:00,2026-04-28 16:10:00+00:00,76066.38,76020.45,-0.0006038147207741984,-0.0006038147207741984,3,fixed_3b_exit,False,in_sample,3,15,no_cost,0.0,1.0050325564165952,1.0072224234951654,-0.00217416434293749
downtrend_highvol_forced_cover_signal,14647,14648,14651,2026-04-29 20:35:00+00:00,2026-04-29 20:40:00+00:00,2026-04-29 20:55:00+00:00,75773.61,75676.79,-0.0012777535609034274,-0.0012777535609034274,3,fixed_3b_exit,False,in_sample,3,15,no_cost,0.0,1.0037483724888099,1.0072224234951654,-0.003449139857609862
downtrend_highvol_forced_cover_signal,15857,15858,15861,2026-05-04 01:25:00+00:00,2026-05-04 01:30:00+00:00,2026-05-04 01:45:00+00:00,78949.6,78980.23,0.0003879690334085417,0.0003879690334085417,3,fixed_3b_exit,True,in_sample,3,15,no_cost,0.0,1.0041377957746698,1.0072224234951654,-0.0030625089836578967
downtrend_highvol_forced_cover_signal,16431,16432,16435,2026-05-06 01:15:00+00:00,2026-05-06 01:20:00+00:00,2026-05-06 01:35:00+00:00,81294.65,81320.02,0.0003120746568194832,0.0003120746568194832,3,fixed_3b_exit,True,in_sample,3,15,no_cost,0.0,1.0044511617326857,1.0072224234951654,-0.0027513900582785134
downtrend_highvol_forced_cover_signal,16919,16920,16923,2026-05-07 17:55:00+00:00,2026-05-07 18:00:00+00:00,2026-05-07 18:15:00+00:00,80140.0,80170.0,0.000374344896431289,0.000374344896431289,3,fixed_3b_exit,True,in_sample,3,15,no_cost,0.0,1.0048271728987948,1.0072224234951654,-0.0023780751306736736
downtrend_highvol_forced_cover_signal,2512,2513,2519,2026-03-18 17:20:00+00:00,2026-03-18 17:25:00+00:00,2026-03-18 17:55:00+00:00,71479.91,71595.21,0.001613040643168251,0.0004130406431682508,6,fixed_6b_exit,True,in_sample,6,30,base_cost,0.0012000000000000001,1.0004130406431682,1.0004130406431682,0.0
downtrend_highvol_forced_cover_signal,2757,2758,2764,2026-03-19 13:45:00+00:00,2026-03-19 13:50:00+00:00,2026-03-19 14:20:00+00:00,70068.47,69350.57,-0.010245692534744832,-0.011445692534744832,6,fixed_6b_exit,False,in_sample,6,30,base_cost,0.0012000000000000001,0.9889626205722173,1.0004130406431682,-0.011445692534744811
downtrend_highvol_forced_cover_signal,3095,3096,3102,2026-03-20 17:55:00+00:00,2026-03-20 18:00:00+00:00,2026-03-20 18:30:00+00:00,69951.44,69691.88,-0.003710574078246265,-0.0049105740782462645,6,fixed_6b_exit,False,in_sample,6,30,base_cost,0.0012000000000000001,0.9841062463632809,1.0004130406431682,-0.01630006169192233
downtrend_highvol_forced_cover_signal,3497,3498,3504,2026-03-22 03:25:00+00:00,2026-03-22 03:30:00+00:00,2026-03-22 04:00:00+00:00,69395.99,69399.06,4.423886740423377e-05,-0.0011557611325957663,6,fixed_6b_exit,False,in_sample,6,30,base_cost,0.0012000000000000001,0.9829688546133896,1.0004130406431682,-0.017436983846755627
downtrend_highvol_forced_cover_signal,3721,3722,3728,2026-03-22 22:05:00+00:00,2026-03-22 22:10:00+00:00,2026-03-22 22:40:00+00:00,67912.81,68135.8,0.0032834747965810873,0.002083474796581087,6,fixed_6b_exit,True,in_sample,6,30,base_cost,0.0012000000000000001,0.9850168454478007,1.0004130406431682,-0.015389838566547742
downtrend_highvol_forced_cover_signal,4216,4217,4223,2026-03-24 15:20:00+00:00,2026-03-24 15:25:00+00:00,2026-03-24 15:55:00+00:00,70029.61,69873.04,-0.0022357685556153584,-0.0034357685556153585,6,fixed_6b_exit,False,in_sample,6,30,base_cost,0.0012000000000000001,0.9816325555434597,1.0004130406431682,-0.018772731198740122
downtrend_highvol_forced_cover_signal,4254,4255,4261,2026-03-24 18:30:00+00:00,2026-03-24 18:35:00+00:00,2026-03-24 19:05:00+00:00,69741.8,69603.49,-0.001983172215228146,-0.0031831722152281462,6,fixed_6b_exit,False,in_sample,6,30,base_cost,0.0012000000000000001,0.9785078500670904,1.0004130406431682,-0.021896146577612408
downtrend_highvol_forced_cover_signal,4840,4841,4847,2026-03-26 19:20:00+00:00,2026-03-26 19:25:00+00:00,2026-03-26 19:55:00+00:00,68435.96,68534.36,0.0014378405738737499,0.00023784057387374975,6,fixed_6b_exit,True,in_sample,6,30,base_cost,0.0012000000000000001,0.9787405789356902,1.0004130406431682,-0.021663513795806444
downtrend_highvol_forced_cover_signal,5082,5083,5089,2026-03-27 15:30:00+00:00,2026-03-27 15:35:00+00:00,2026-03-27 16:05:00+00:00,66473.52,65836.81,-0.009578400542050503,-0.010778400542050502,6,fixed_6b_exit,False,in_sample,6,30,base_cost,0.0012000000000000001,0.9681913209491629,1.0004130406431682,-0.032208416309017496
downtrend_highvol_forced_cover_signal,5484,5485,5491,2026-03-29 01:00:00+00:00,2026-03-29 01:05:00+00:00,2026-03-29 01:35:00+00:00,66500.53,66390.47,-0.0016550244035649087,-0.0028550244035649088,6,fixed_6b_exit,False,in_sample,6,30,base_cost,0.0012000000000000001,0.9654271111005334,1.0004130406431682,-0.03497148489801993
downtrend_highvol_forced_cover_signal,6183,6184,6190,2026-03-31 11:15:00+00:00,2026-03-31 11:20:00+00:00,2026-03-31 11:50:00+00:00,66650.94,66603.67,-0.0007092173043621308,-0.001909217304362131,6,fixed_6b_exit,False,in_sample,6,30,base_cost,0.0012000000000000001,0.9635839009539199,1.0004130406431682,-0.036813934038255614
downtrend_highvol_forced_cover_signal,7459,7460,7466,2026-04-04 21:35:00+00:00,2026-04-04 21:40:00+00:00,2026-04-04 22:10:00+00:00,67311.17,67389.64,0.0011657797658248814,-3.42202341751187e-05,6,fixed_6b_exit,False,in_sample,6,30,base_cost,0.0012000000000000001,0.9635509268871819,1.0004130406431682,-0.03684689449098699
downtrend_highvol_forced_cover_signal,7595,7596,7602,2026-04-05 08:55:00+00:00,2026-04-05 09:00:00+00:00,2026-04-05 09:30:00+00:00,66971.11,66996.93,0.0003855393766056814,-0.0008144606233943187,6,fixed_6b_exit,False,in_sample,6,30,base_cost,0.0012000000000000001,0.9627661525985972,1.0004130406431682,-0.03763134476972396
downtrend_highvol_forced_cover_signal,9793,9794,9800,2026-04-13 00:05:00+00:00,2026-04-13 00:10:00+00:00,2026-04-13 00:40:00+00:00,70916.18,71063.99,0.0020842916242811427,0.0008842916242811426,6,fixed_6b_exit,True,in_sample,6,30,base_cost,0.0012000000000000001,0.9636175186434814,1.0004130406431682,-0.03678033022843319
downtrend_highvol_forced_cover_signal,11808,11809,11815,2026-04-20 00:00:00+00:00,2026-04-20 00:05:00+00:00,2026-04-20 00:35:00+00:00,74071.14,74155.88,0.0011440353152389893,-5.596468476101084e-05,6,fixed_6b_exit,False,in_sample,6,30,base_cost,0.0012000000000000001,0.9635635900928204,1.0004130406431682,-0.03683423651360751
downtrend_highvol_forced_cover_signal,11818,11819,11825,2026-04-20 00:50:00+00:00,2026-04-20 00:55:00+00:00,2026-04-20 01:25:00+00:00,74280.01,74298.03,0.00024259555161609825,-0.0009574044483839019,6,fixed_6b_exit,False,in_sample,6,30,base_cost,0.0012000000000000001,0.9626410700253648,1.0004130406431682,-0.037756375700100486
downtrend_highvol_forced_cover_signal,12324,12325,12331,2026-04-21 19:00:00+00:00,2026-04-21 19:05:00+00:00,2026-04-21 19:35:00+00:00,75692.04,75255.19,-0.005771412687516353,-0.006971412687516353,6,fixed_6b_exit,False,in_sample,6,30,base_cost,0.0012000000000000001,0.9559301018562657,1.0004130406431682,-0.04446457311102647
downtrend_highvol_forced_cover_signal,12811,12812,12818,2026-04-23 11:35:00+00:00,2026-04-23 11:40:00+00:00,2026-04-23 12:10:00+00:00,77588.2,77714.64,0.0016296292477464558,0.0004296292477464557,6,fixed_6b_exit,True,in_sample,6,30,base_cost,0.0012000000000000001,0.9563407973868243,1.0004130406431682,-0.04405404714437722
downtrend_highvol_forced_cover_signal,13470,13471,13477,2026-04-25 18:30:00+00:00,2026-04-25 18:35:00+00:00,2026-04-25 19:05:00+00:00,77350.19,77300.0,-0.0006488671844244731,-0.0018488671844244732,6,fixed_6b_exit,False,in_sample,6,30,base_cost,0.0012000000000000001,0.9545726502694095,1.0004130406431682,-0.04582146424669531
downtrend_highvol_forced_cover_signal,14033,14034,14040,2026-04-27 17:25:00+00:00,2026-04-27 17:30:00+00:00,2026-04-27 18:00:00+00:00,76919.89,76770.26,-0.0019452705925606661,-0.0031452705925606663,6,fixed_6b_exit,False,in_sample,6,30,base_cost,0.0012000000000000001,0.9515702609840545,1.0004130406431682,-0.04882261393525267
downtrend_highvol_forced_cover_signal,14204,14205,14211,2026-04-28 07:40:00+00:00,2026-04-28 07:45:00+00:00,2026-04-28 08:15:00+00:00,76777.4,76886.68,0.001423335512794166,0.00022333551279416592,6,fixed_6b_exit,True,in_sample,6,30,base_cost,0.0012000000000000001,0.951782780416251,1.0004130406431682,-0.048610182245977795
downtrend_highvol_forced_cover_signal,14302,14303,14309,2026-04-28 15:50:00+00:00,2026-04-28 15:55:00+00:00,2026-04-28 16:25:00+00:00,76066.38,75954.58,-0.001469768904475366,-0.002669768904475366,6,fixed_6b_exit,False,in_sample,6,30,base_cost,0.0012000000000000001,0.9492417403452805,1.0004130406431682,-0.051150173197451965
downtrend_highvol_forced_cover_signal,14647,14648,14654,2026-04-29 20:35:00+00:00,2026-04-29 20:40:00+00:00,2026-04-29 21:10:00+00:00,75773.61,75794.67,0.0002779331748876679,-0.0009220668251123322,6,fixed_6b_exit,False,in_sample,6,30,base_cost,0.0012000000000000001,0.9483664760274962,1.0004130406431682,-0.05202507614476026
downtrend_highvol_forced_cover_signal,15857,15858,15864,2026-05-04 01:25:00+00:00,2026-05-04 01:30:00+00:00,2026-05-04 02:00:00+00:00,78949.6,79730.01,0.009884913919766314,0.008684913919766314,6,fixed_6b_exit,True,in_sample,6,30,base_cost,0.0012000000000000001,0.956602957236187,1.0004130406431682,-0.04379199553298052
downtrend_highvol_forced_cover_signal,16431,16432,16438,2026-05-06 01:15:00+00:00,2026-05-06 01:20:00+00:00,2026-05-06 01:50:00+00:00,81294.65,81446.69,0.0018702337730711616,0.0006702337730711615,6,fixed_6b_exit,True,in_sample,6,30,base_cost,0.0012000000000000001,0.9572441048455465,1.0004130406431682,-0.04315111263430582
downtrend_highvol_forced_cover_signal,16919,16920,16926,2026-05-07 17:55:00+00:00,2026-05-07 18:00:00+00:00,2026-05-07 18:30:00+00:00,80140.0,80183.58,0.0005437983528824297,-0.0006562016471175704,6,fixed_6b_exit,False,in_sample,6,30,base_cost,0.0012000000000000001,0.9566159596872532,1.0004130406431682,-0.043778998450237805
downtrend_highvol_forced_cover_signal,2512,2513,2519,2026-03-18 17:20:00+00:00,2026-03-18 17:25:00+00:00,2026-03-18 17:55:00+00:00,71479.91,71595.21,0.001613040643168251,0.001613040643168251,6,fixed_6b_exit,True,in_sample,6,30,no_cost,0.0,1.0016130406431683,1.0016130406431683,0.0
downtrend_highvol_forced_cover_signal,2757,2758,2764,2026-03-19 13:45:00+00:00,2026-03-19 13:50:00+00:00,2026-03-19 14:20:00+00:00,70068.47,69350.57,-0.010245692534744832,-0.010245692534744832,6,fixed_6b_exit,False,in_sample,6,30,no_cost,0.0,0.9913508213899475,1.0016130406431683,-0.010245692534744832
downtrend_highvol_forced_cover_signal,3095,3096,3102,2026-03-20 17:55:00+00:00,2026-03-20 18:00:00+00:00,2026-03-20 18:30:00+00:00,69951.44,69691.88,-0.003710574078246265,-0.003710574078246265,6,fixed_6b_exit,False,in_sample,6,30,no_cost,0.0,0.9876723407296498,1.0016130406431683,-0.013918249211857914
downtrend_highvol_forced_cover_signal,3497,3498,3504,2026-03-22 03:25:00+00:00,2026-03-22 03:30:00+00:00,2026-03-22 04:00:00+00:00,69395.99,69399.06,4.423886740423377e-05,4.423886740423377e-05,6,fixed_6b_exit,True,in_sample,6,30,no_cost,0.0,0.9877160342353702,1.0016130406431683,-0.013874626072035046
downtrend_highvol_forced_cover_signal,3721,3722,3728,2026-03-22 22:05:00+00:00,2026-03-22 22:10:00+00:00,2026-03-22 22:40:00+00:00,67912.81,68135.8,0.0032834747965810873,0.0032834747965810873,6,fixed_6b_exit,True,in_sample,6,30,no_cost,0.0,0.9909591749399611,1.0016130406431683,-0.01063670826047347
downtrend_highvol_forced_cover_signal,4216,4217,4223,2026-03-24 15:20:00+00:00,2026-03-24 15:25:00+00:00,2026-03-24 15:55:00+00:00,70029.61,69873.04,-0.0022357685556153584,-0.0022357685556153584,6,fixed_6b_exit,False,in_sample,6,30,no_cost,0.0,0.9887436195767318,1.0016130406431683,-0.012848695598224769
downtrend_highvol_forced_cover_signal,4254,4255,4261,2026-03-24 18:30:00+00:00,2026-03-24 18:35:00+00:00,2026-03-24 19:05:00+00:00,69741.8,69603.49,-0.001983172215228146,-0.001983172215228146,6,fixed_6b_exit,False,in_sample,6,30,no_cost,0.0,0.9867827707024032,1.0016130406431683,-0.014806386637340574
downtrend_highvol_forced_cover_signal,4840,4841,4847,2026-03-26 19:20:00+00:00,2026-03-26 19:25:00+00:00,2026-03-26 19:55:00+00:00,68435.96,68534.36,0.0014378405738737499,0.0014378405738737499,6,fixed_6b_exit,True,in_sample,6,30,no_cost,0.0,0.9882016070077186,1.0016130406431683,-0.0133898352869265
downtrend_highvol_forced_cover_signal,5082,5083,5089,2026-03-27 15:30:00+00:00,2026-03-27 15:35:00+00:00,2026-03-27 16:05:00+00:00,66473.52,65836.81,-0.009578400542050503,-0.009578400542050503,6,fixed_6b_exit,False,in_sample,6,30,no_cost,0.0,0.9787362161995007,1.0016130406431683,-0.022839982623406807
downtrend_highvol_forced_cover_signal,5484,5485,5491,2026-03-29 01:00:00+00:00,2026-03-29 01:05:00+00:00,2026-03-29 01:35:00+00:00,66500.53,66390.47,-0.0016550244035649087,-0.0016550244035649087,6,fixed_6b_exit,False,in_sample,6,30,no_cost,0.0,0.9771163838770377,1.0016130406431683,-0.024457206298352907
downtrend_highvol_forced_cover_signal,6183,6184,6190,2026-03-31 11:15:00+00:00,2026-03-31 11:20:00+00:00,2026-03-31 11:50:00+00:00,66650.94,66603.67,-0.0007092173043621308,-0.0007092173043621308,6,fixed_6b_exit,False,in_sample,6,30,no_cost,0.0,0.9764233960292164,1.0016130406431683,-0.02514907812879197
downtrend_highvol_forced_cover_signal,7459,7460,7466,2026-04-04 21:35:00+00:00,2026-04-04 21:40:00+00:00,2026-04-04 22:10:00+00:00,67311.17,67389.64,0.0011657797658248814,0.0011657797658248814,6,fixed_6b_exit,True,in_sample,6,30,no_cost,0.0,0.9775616906671852,1.0016130406431683,-0.024012616649378704
downtrend_highvol_forced_cover_signal,7595,7596,7602,2026-04-05 08:55:00+00:00,2026-04-05 09:00:00+00:00,2026-04-05 09:30:00+00:00,66971.11,66996.93,0.0003855393766056814,0.0003855393766056814,6,fixed_6b_exit,True,in_sample,6,30,no_cost,0.0,0.9779385791919987,1.0016130406431683,-0.023636335082026783
downtrend_highvol_forced_cover_signal,9793,9794,9800,2026-04-13 00:05:00+00:00,2026-04-13 00:10:00+00:00,2026-04-13 00:40:00+00:00,70916.18,71063.99,0.0020842916242811427,0.0020842916242811427,6,fixed_6b_exit,True,in_sample,6,30,no_cost,0.0,0.97997688838167,1.0016130406431683,-0.021601308472985692
downtrend_highvol_forced_cover_signal,11808,11809,11815,2026-04-20 00:00:00+00:00,2026-04-20 00:05:00+00:00,2026-04-20 00:35:00+00:00,74071.14,74155.88,0.0011440353152389893,0.0011440353152389893,6,fixed_6b_exit,True,in_sample,6,30,no_cost,0.0,0.9810980165500967,1.0016130406431683,-0.020481985817495163
downtrend_highvol_forced_cover_signal,11818,11819,11825,2026-04-20 00:50:00+00:00,2026-04-20 00:55:00+00:00,2026-04-20 01:25:00+00:00,74280.01,74298.03,0.00024259555161609825,0.00024259555161609825,6,fixed_6b_exit,True,in_sample,6,30,no_cost,0.0,0.981336026564611,1.0016130406431683,-0.02024435910452671
downtrend_highvol_forced_cover_signal,12324,12325,12331,2026-04-21 19:00:00+00:00,2026-04-21 19:05:00+00:00,2026-04-21 19:35:00+00:00,75692.04,75255.19,-0.005771412687516353,-0.005771412687516353,6,fixed_6b_exit,False,in_sample,6,30,no_cost,0.0,0.9756723313701792,1.0016130406431683,-0.02589893324105652
downtrend_highvol_forced_cover_signal,12811,12812,12818,2026-04-23 11:35:00+00:00,2026-04-23 11:40:00+00:00,2026-04-23 12:10:00+00:00,77588.2,77714.64,0.0016296292477464558,0.0016296292477464558,6,fixed_6b_exit,True,in_sample,6,30,no_cost,0.0,0.977262315537597,1.0016130406431683,-0.02431150965240514
downtrend_highvol_forced_cover_signal,13470,13471,13477,2026-04-25 18:30:00+00:00,2026-04-25 18:35:00+00:00,2026-04-25 19:05:00+00:00,77350.19,77300.0,-0.0006488671844244731,-0.0006488671844244731,6,fixed_6b_exit,False,in_sample,6,30,no_cost,0.0,0.97662820209047,1.0016130406431683,-0.02494460189601233
downtrend_highvol_forced_cover_signal,14033,14034,14040,2026-04-27 17:25:00+00:00,2026-04-27 17:30:00+00:00,2026-04-27 18:00:00+00:00,76919.89,76770.26,-0.0019452705925606661,-0.0019452705925606661,6,fixed_6b_exit,False,in_sample,6,30,no_cost,0.0,0.974728395969078,1.0016130406431683,-0.026841348488061523
downtrend_highvol_forced_cover_signal,14204,14205,14211,2026-04-28 07:40:00+00:00,2026-04-28 07:45:00+00:00,2026-04-28 08:15:00+00:00,76777.4,76886.68,0.001423335512794166,0.001423335512794166,6,fixed_6b_exit,True,in_sample,6,30,no_cost,0.0,0.9761157615103897,1.0016130406431683,-0.02545621721978175
downtrend_highvol_forced_cover_signal,14302,14303,14309,2026-04-28 15:50:00+00:00,2026-04-28 15:55:00+00:00,2026-04-28 16:25:00+00:00,76066.38,75954.58,-0.001469768904475366,-0.001469768904475366,6,fixed_6b_exit,False,in_sample,6,30,no_cost,0.0,0.9746810969169535,1.0016130406431683,-0.026888571367761793
downtrend_highvol_forced_cover_signal,14647,14648,14654,2026-04-29 20:35:00+00:00,2026-04-29 20:40:00+00:00,2026-04-29 21:10:00+00:00,75773.61,75794.67,0.0002779331748876679,0.0002779331748876679,6,fixed_6b_exit,True,in_sample,6,30,no_cost,0.0,0.9749519931287226,1.0016130406431683,-0.026618111418882595
downtrend_highvol_forced_cover_signal,15857,15858,15864,2026-05-04 01:25:00+00:00,2026-05-04 01:30:00+00:00,2026-05-04 02:00:00+00:00,78949.6,79730.01,0.009884913919766314,0.009884913919766314,6,fixed_6b_exit,True,in_sample,6,30,no_cost,0.0,0.9845893096567047,1.0016130406431683,-0.016996315239198645
downtrend_highvol_forced_cover_signal,16431,16432,16438,2026-05-06 01:15:00+00:00,2026-05-06 01:20:00+00:00,2026-05-06 01:50:00+00:00,81294.65,81446.69,0.0018702337730711616,0.0018702337730711616,6,fixed_6b_exit,True,in_sample,6,30,no_cost,0.0,0.9864307218362295,1.0016130406431683,-0.015157868548905551
downtrend_highvol_forced_cover_signal,16919,16920,16926,2026-05-07 17:55:00+00:00,2026-05-07 18:00:00+00:00,2026-05-07 18:30:00+00:00,80140.0,80183.58,0.0005437983528824297,0.0005437983528824297,6,fixed_6b_exit,True,in_sample,6,30,no_cost,0.0,0.9869671412379967,1.0016130406431683,-0.014622313019973188
downtrend_highvol_forced_cover_signal,2512,2513,2525,2026-03-18 17:20:00+00:00,2026-03-18 17:25:00+00:00,2026-03-18 18:25:00+00:00,71479.91,71684.6,0.0028636018148315845,0.0016636018148315844,12,fixed_12b_exit,True,in_sample,12,60,base_cost,0.0012000000000000001,1.0016636018148315,1.0016636018148315,0.0
downtrend_highvol_forced_cover_signal,2757,2758,2770,2026-03-19 13:45:00+00:00,2026-03-19 13:50:00+00:00,2026-03-19 14:50:00+00:00,70068.47,69493.62,-0.008204118057665633,-0.009404118057665632,12,fixed_12b_exit,False,in_sample,12,60,base_cost,0.0012000000000000001,0.9922438390492982,1.0016636018148315,-0.009404118057665611
downtrend_highvol_forced_cover_signal,3095,3096,3108,2026-03-20 17:55:00+00:00,2026-03-20 18:00:00+00:00,2026-03-20 19:00:00+00:00,69951.44,69865.47,-0.0012289954288289273,-0.0024289954288289274,12,fixed_12b_exit,False,in_sample,12,60,base_cost,0.0012000000000000001,0.9898336832999639,1.0016636018148315,-0.011810270926720268
downtrend_highvol_forced_cover_signal,3497,3498,3510,2026-03-22 03:25:00+00:00,2026-03-22 03:30:00+00:00,2026-03-22 04:30:00+00:00,69395.99,69354.2,-0.0006021961787706642,-0.0018021961787706643,12,fixed_12b_exit,False,in_sample,12,60,base_cost,0.0012000000000000001,0.9880498088183023,1.0016636018148315,-0.013591182680356417
downtrend_highvol_forced_cover_signal,3721,3722,3734,2026-03-22 22:05:00+00:00,2026-03-22 22:10:00+00:00,2026-03-22 23:10:00+00:00,67912.81,68327.15,0.006101058106710688,0.004901058106710689,12,fixed_12b_exit,True,in_sample,12,60,base_cost,0.0012000000000000001,0.9928922983436451,1.0016636018148315,-0.00875673574970115
downtrend_highvol_forced_cover_signal,4216,4217,4229,2026-03-24 15:20:00+00:00,2026-03-24 15:25:00+00:00,2026-03-24 16:25:00+00:00,70029.61,69798.32,-0.003302745795671247,-0.004502745795671247,12,fixed_12b_exit,False,in_sample,12,60,base_cost,0.0012000000000000001,0.9884215567217239,1.0016636018148315,-0.013220052190291653
downtrend_highvol_forced_cover_signal,4254,4255,4267,2026-03-24 18:30:00+00:00,2026-03-24 18:35:00+00:00,2026-03-24 19:35:00+00:00,69741.8,69431.13,-0.004454573871050083,-0.005654573871050082,12,fixed_12b_exit,False,in_sample,12,60,base_cost,0.0012000000000000001,0.9828324540135026,1.0016636018148315,-0.01879987229965263
downtrend_highvol_forced_cover_signal,4840,4841,4853,2026-03-26 19:20:00+00:00,2026-03-26 19:25:00+00:00,2026-03-26 20:25:00+00:00,68435.96,69168.99,0.010711181665311598,0.009511181665311598,12,fixed_12b_exit,True,in_sample,12,60,base_cost,0.0012000000000000001,0.992180352030189,1.0016636018148315,-0.009467499635067766
downtrend_highvol_forced_cover_signal,5082,5083,5095,2026-03-27 15:30:00+00:00,2026-03-27 15:35:00+00:00,2026-03-27 16:35:00+00:00,66473.52,65852.37,-0.009344322370772762,-0.010544322370772762,12,fixed_12b_exit,False,in_sample,12,60,base_cost,0.0012000000000000001,0.9817184825484359,1.0016636018148315,-0.019911993637643177
downtrend_highvol_forced_cover_signal,5484,5485,5497,2026-03-29 01:00:00+00:00,2026-03-29 01:05:00+00:00,2026-03-29 02:05:00+00:00,66500.53,66596.97,0.001450214005813244,0.0002502140058132439,12,fixed_12b_exit,True,in_sample,12,60,base_cost,0.0012000000000000001,0.9819641222625352,1.0016636018148315,-0.019666761891521722
downtrend_highvol_forced_cover_signal,6183,6184,6196,2026-03-31 11:15:00+00:00,2026-03-31 11:20:00+00:00,2026-03-31 12:20:00+00:00,66650.94,66634.01,-0.00025400992094049,-0.0014540099209404901,12,fixed_12b_exit,False,in_sample,12,60,base_cost,0.0012000000000000001,0.9805363366867579,1.0016636018148315,-0.02109217614555914
downtrend_highvol_forced_cover_signal,7459,7460,7472,2026-04-04 21:35:00+00:00,2026-04-04 21:40:00+00:00,2026-04-04 22:40:00+00:00,67311.17,67465.19,0.0022881789159214794,0.0010881789159214793,12,fixed_12b_exit,True,in_sample,12,60,base_cost,0.0012000000000000001,0.9816033356546352,1.0016636018148315,-0.020026949291010232
downtrend_highvol_forced_cover_signal,7595,7596,7608,2026-04-05 08:55:00+00:00,2026-04-05 09:00:00+00:00,2026-04-05 10:00:00+00:00,66971.11,67032.87,0.0009221886870323104,-0.00027781131296768973,12,fixed_12b_exit,False,in_sample,12,60,base_cost,0.0012000000000000001,0.9813306351431436,1.0016636018148315,-0.02029919689090065
downtrend_highvol_forced_cover_signal,9793,9794,9806,2026-04-13 00:05:00+00:00,2026-04-13 00:10:00+00:00,2026-04-13 01:10:00+00:00,70916.18,71132.95,0.003056707228167088,0.001856707228167088,12,fixed_12b_exit,True,in_sample,12,60,base_cost,0.0012000000000000001,0.9831526788266356,1.0016636018148315,-0.018480179328326907
downtrend_highvol_forced_cover_signal,11808,11809,11821,2026-04-20 00:00:00+00:00,2026-04-20 00:05:00+00:00,2026-04-20 01:05:00+00:00,74071.14,74280.04,0.002820261710566374,0.001620261710566374,12,fixed_12b_exit,True,in_sample,12,60,base_cost,0.0012000000000000001,0.984745643467779,1.0016636018148315,-0.016889860344730723
downtrend_highvol_forced_cover_signal,12324,12325,12337,2026-04-21 19:00:00+00:00,2026-04-21 19:05:00+00:00,2026-04-21 20:05:00+00:00,75692.04,75358.75,-0.0044032371171393025,-0.005603237117139302,12,fixed_12b_exit,False,in_sample,12,60,base_cost,0.0012000000000000001,0.9792278801273592,1.0016636018148315,-0.022398459569483053
downtrend_highvol_forced_cover_signal,12811,12812,12824,2026-04-23 11:35:00+00:00,2026-04-23 11:40:00+00:00,2026-04-23 12:40:00+00:00,77588.2,77764.49,0.0022721238538851996,0.0010721238538851994,12,fixed_12b_exit,True,in_sample,12,60,base_cost,0.0012000000000000001,0.9802777336960331,1.0016636018148315,-0.021350349638392663
downtrend_highvol_forced_cover_signal,13470,13471,13483,2026-04-25 18:30:00+00:00,2026-04-25 18:35:00+00:00,2026-04-25 19:35:00+00:00,77350.19,77223.17,-0.0016421420555011723,-0.0028421420555011724,12,fixed_12b_exit,False,in_sample,12,60,base_cost,0.0012000000000000001,0.9774916451230242,1.0016636018148315,-0.024131810967286893
downtrend_highvol_forced_cover_signal,14033,14034,14046,2026-04-27 17:25:00+00:00,2026-04-27 17:30:00+00:00,2026-04-27 18:30:00+00:00,76919.89,76721.67,-0.0025769667637330906,-0.0037769667637330907,12,fixed_12b_exit,False,in_sample,12,60,base_cost,0.0012000000000000001,0.9737996916675677,1.0016636018148315,-0.027817632683047933
downtrend_highvol_forced_cover_signal,14204,14205,14217,2026-04-28 07:40:00+00:00,2026-04-28 07:45:00+00:00,2026-04-28 08:45:00+00:00,76777.4,76813.5,0.00047019044666796184,-0.0007298095533320383,12,fixed_12b_exit,False,in_sample,12,60,base_cost,0.0012000000000000001,0.973089003349557,1.0016636018148315,-0.02852714066229678
downtrend_highvol_forced_cover_signal,14302,14303,14315,2026-04-28 15:50:00+00:00,2026-04-28 15:55:00+00:00,2026-04-28 16:55:00+00:00,76066.38,76125.04,0.0007711685504159238,-0.0004288314495840763,12,fixed_12b_exit,False,in_sample,12,60,base_cost,0.0012000000000000001,0.9726717121816763,1.0016636018148315,-0.028943738776798122
downtrend_highvol_forced_cover_signal,14647,14648,14660,2026-04-29 20:35:00+00:00,2026-04-29 20:40:00+00:00,2026-04-29 21:40:00+00:00,75773.61,75942.49,0.002228744281815409,0.001028744281815409,12,fixed_12b_exit,True,in_sample,12,60,base_cost,0.0012000000000000001,0.9736723426436666,1.0016636018148315,-0.027944770200743818
downtrend_highvol_forced_cover_signal,15857,15858,15870,2026-05-04 01:25:00+00:00,2026-05-04 01:30:00+00:00,2026-05-04 02:30:00+00:00,78949.6,79751.86,0.01016167276338309,0.00896167276338309,12,fixed_12b_exit,True,in_sample,12,60,base_cost,0.0012000000000000001,0.9823980755571957,1.0016636018148315,-0.019233529323347875
downtrend_highvol_forced_cover_signal,16431,16432,16444,2026-05-06 01:15:00+00:00,2026-05-06 01:20:00+00:00,2026-05-06 02:20:00+00:00,81294.65,81289.76,-6.015155978900122e-05,-0.0012601515597890013,12,fixed_12b_exit,False,in_sample,12,60,base_cost,0.0012000000000000001,0.9811601050899487,1.0016636018148315,-0.020469443721159664
downtrend_highvol_forced_cover_signal,16919,16920,16932,2026-05-07 17:55:00+00:00,2026-05-07 18:00:00+00:00,2026-05-07 19:00:00+00:00,80140.0,80080.83,-0.0007383329173945574,-0.0019383329173945575,12,fixed_12b_exit,False,in_sample,12,60,base_cost,0.0012000000000000001,0.9792582901610185,1.0016636018148315,-0.022368100041988748
downtrend_highvol_forced_cover_signal,2512,2513,2525,2026-03-18 17:20:00+00:00,2026-03-18 17:25:00+00:00,2026-03-18 18:25:00+00:00,71479.91,71684.6,0.0028636018148315845,0.0028636018148315845,12,fixed_12b_exit,True,in_sample,12,60,no_cost,0.0,1.0028636018148316,1.0028636018148316,0.0
downtrend_highvol_forced_cover_signal,2757,2758,2770,2026-03-19 13:45:00+00:00,2026-03-19 13:50:00+00:00,2026-03-19 14:50:00+00:00,70068.47,69493.62,-0.008204118057665633,-0.008204118057665633,12,fixed_12b_exit,False,in_sample,12,60,no_cost,0.0,0.9946359904298069,1.0028636018148316,-0.008204118057665633
downtrend_highvol_forced_cover_signal,3095,3096,3108,2026-03-20 17:55:00+00:00,2026-03-20 18:00:00+00:00,2026-03-20 19:00:00+00:00,69951.44,69865.47,-0.0012289954288289273,-0.0012289954288289273,12,fixed_12b_exit,False,in_sample,12,60,no_cost,0.0,0.9934135873442199,1.0028636018148316,-0.009423030662904175
downtrend_highvol_forced_cover_signal,3497,3498,3510,2026-03-22 03:25:00+00:00,2026-03-22 03:30:00+00:00,2026-03-22 04:30:00+00:00,69395.99,69354.2,-0.0006021961787706642,-0.0006021961787706642,12,fixed_12b_exit,False,in_sample,12,60,no_cost,0.0,0.9928153574779823,1.0028636018148316,-0.010019552328617176
downtrend_highvol_forced_cover_signal,3721,3722,3734,2026-03-22 22:05:00+00:00,2026-03-22 22:10:00+00:00,2026-03-22 23:10:00+00:00,67912.81,68327.15,0.006101058106710688,0.006101058106710688,12,fixed_12b_exit,True,in_sample,12,60,no_cost,0.0,0.9988725816631903,1.0028636018148316,-0.003979624092866674
downtrend_highvol_forced_cover_signal,4216,4217,4229,2026-03-24 15:20:00+00:00,2026-03-24 15:25:00+00:00,2026-03-24 16:25:00+00:00,70029.61,69798.32,-0.003302745795671247,-0.003302745795671247,12,fixed_12b_exit,False,in_sample,12,60,no_cost,0.0,0.9955735594436909,1.0028636018148316,-0.007269226201796819
downtrend_highvol_forced_cover_signal,4254,4255,4267,2026-03-24 18:30:00+00:00,2026-03-24 18:35:00+00:00,2026-03-24 19:35:00+00:00,69741.8,69431.13,-0.004454573871050083,-0.004454573871050083,12,fixed_12b_exit,False,in_sample,12,60,no_cost,0.0,0.9911387034790846,1.0028636018148316,-0.01169141876774571
downtrend_highvol_forced_cover_signal,4840,4841,4853,2026-03-26 19:20:00+00:00,2026-03-26 19:25:00+00:00,2026-03-26 20:25:00+00:00,68435.96,69168.99,0.010711181665311598,0.010711181665311598,12,fixed_12b_exit,True,in_sample,12,60,no_cost,0.0,1.0017549701875705,1.0028636018148316,-0.0011054660127806093
downtrend_highvol_forced_cover_signal,5082,5083,5095,2026-03-27 15:30:00+00:00,2026-03-27 15:35:00+00:00,2026-03-27 16:35:00+00:00,66473.52,65852.37,-0.009344322370772762,-0.009344322370772762,12,fixed_12b_exit,False,in_sample,12,60,no_cost,0.0,0.992394248809614,1.0028636018148316,-0.010439458552760073
downtrend_highvol_forced_cover_signal,5484,5485,5497,2026-03-29 01:00:00+00:00,2026-03-29 01:05:00+00:00,2026-03-29 02:05:00+00:00,66500.53,66596.97,0.001450214005813244,0.001450214005813244,12,fixed_12b_exit,True,in_sample,12,60,no_cost,0.0,0.9938334328485262,1.0028636018148316,-0.009004383995953158
downtrend_highvol_forced_cover_signal,6183,6184,6196,2026-03-31 11:15:00+00:00,2026-03-31 11:20:00+00:00,2026-03-31 12:20:00+00:00,66650.94,66634.01,-0.00025400992094049,-0.00025400992094049,12,fixed_12b_exit,False,in_sample,12,60,no_cost,0.0,0.9935809892968204,1.0028636018148316,-0.009256106714026657
downtrend_highvol_forced_cover_signal,7459,7460,7472,2026-04-04 21:35:00+00:00,2026-04-04 21:40:00+00:00,2026-04-04 22:40:00+00:00,67311.17,67465.19,0.0022881789159214794,0.0022881789159214794,12,fixed_12b_exit,True,in_sample,12,60,no_cost,0.0,0.9958544803677898,1.0028636018148316,-0.006989107426331742
downtrend_highvol_forced_cover_signal,7595,7596,7608,2026-04-05 08:55:00+00:00,2026-04-05 09:00:00+00:00,2026-04-05 10:00:00+00:00,66971.11,67032.87,0.0009221886870323104,0.0009221886870323104,12,fixed_12b_exit,True,in_sample,12,60,no_cost,0.0,0.9967728461035154,1.0028636018148316,-0.006073364015100502
downtrend_highvol_forced_cover_signal,9793,9794,9806,2026-04-13 00:05:00+00:00,2026-04-13 00:10:00+00:00,2026-04-13 01:10:00+00:00,70916.18,71132.95,0.003056707228167088,0.003056707228167088,12,fixed_12b_exit,True,in_sample,12,60,no_cost,0.0,0.9998196888670406,1.0028636018148316,-0.003035221282617573
downtrend_highvol_forced_cover_signal,11808,11809,11821,2026-04-20 00:00:00+00:00,2026-04-20 00:05:00+00:00,2026-04-20 01:05:00+00:00,74071.14,74280.04,0.002820261710566374,0.002820261710566374,12,fixed_12b_exit,True,in_sample,12,60,no_cost,0.0,1.0026394420530227,1.0028636018148316,-0.00022351969041778386
downtrend_highvol_forced_cover_signal,12324,12325,12337,2026-04-21 19:00:00+00:00,2026-04-21 19:05:00+00:00,2026-04-21 20:05:00+00:00,75692.04,75358.75,-0.0044032371171393025,-0.0044032371171393025,12,fixed_12b_exit,False,in_sample,12,60,no_cost,0.0,0.9982245828466669,1.0028636018148316,-0.004625772597359856
downtrend_highvol_forced_cover_signal,12811,12812,12824,2026-04-23 11:35:00+00:00,2026-04-23 11:40:00+00:00,2026-04-23 12:40:00+00:00,77588.2,77764.49,0.0022721238538851996,0.0022721238538851996,12,fixed_12b_exit,True,in_sample,12,60,no_cost,0.0,1.0004926727328873,1.0028636018148316,-0.0023641590717359273
downtrend_highvol_forced_cover_signal,13470,13471,13483,2026-04-25 18:30:00+00:00,2026-04-25 18:35:00+00:00,2026-04-25 19:35:00+00:00,77350.19,77223.17,-0.0016421420555011723,-0.0016421420555011723,12,fixed_12b_exit,False,in_sample,12,60,no_cost,0.0,0.9988497216387718,1.0028636018148316,-0.00400241884219954
downtrend_highvol_forced_cover_signal,14033,14034,14046,2026-04-27 17:25:00+00:00,2026-04-27 17:30:00+00:00,2026-04-27 18:30:00+00:00,76919.89,76721.67,-0.0025769667637330906,-0.0025769667637330906,12,fixed_12b_exit,False,in_sample,12,60,no_cost,0.0,0.9962757191041447,1.0028636018148316,-0.006569071505601709
downtrend_highvol_forced_cover_signal,14204,14205,14217,2026-04-28 07:40:00+00:00,2026-04-28 07:45:00+00:00,2026-04-28 08:45:00+00:00,76777.4,76813.5,0.00047019044666796184,0.00047019044666796184,12,fixed_12b_exit,True,in_sample,12,60,no_cost,0.0,0.9967441584295147,1.0028636018148316,-0.006101969773599114
downtrend_highvol_forced_cover_signal,14302,14303,14315,2026-04-28 15:50:00+00:00,2026-04-28 15:55:00+00:00,2026-04-28 16:55:00+00:00,76066.38,76125.04,0.0007711685504159238,0.0007711685504159238,12,fixed_12b_exit,True,in_sample,12,60,no_cost,0.0,0.9975128161773064,1.0028636018148316,-0.005335506870368212
downtrend_highvol_forced_cover_signal,14647,14648,14660,2026-04-29 20:35:00+00:00,2026-04-29 20:40:00+00:00,2026-04-29 21:40:00+00:00,75773.61,75942.49,0.002228744281815409,0.002228744281815409,12,fixed_12b_exit,True,in_sample,12,60,no_cost,0.0,0.9997360171623991,1.0028636018148316,-0.0031186540689807085
downtrend_highvol_forced_cover_signal,15857,15858,15870,2026-05-04 01:25:00+00:00,2026-05-04 01:30:00+00:00,2026-05-04 02:30:00+00:00,78949.6,79751.86,0.01016167276338309,0.01016167276338309,12,fixed_12b_exit,True,in_sample,12,60,no_cost,0.0,1.0098950074185713,1.0098950074185713,0.0
downtrend_highvol_forced_cover_signal,16431,16432,16444,2026-05-06 01:15:00+00:00,2026-05-06 01:20:00+00:00,2026-05-06 02:20:00+00:00,81294.65,81289.76,-6.015155978900122e-05,-6.015155978900122e-05,12,fixed_12b_exit,False,in_sample,12,60,no_cost,0.0,1.009834260658652,1.0098950074185713,-6.015155978900122e-05
downtrend_highvol_forced_cover_signal,16919,16920,16932,2026-05-07 17:55:00+00:00,2026-05-07 18:00:00+00:00,2026-05-07 19:00:00+00:00,80140.0,80080.83,-0.0007383329173945574,-0.0007383329173945574,12,fixed_12b_exit,False,in_sample,12,60,no_cost,0.0,1.0090886667828949,1.0098950074185713,-0.0007984400653069379
dhv_buy60_cvdpos_signal,44,45,48,2026-05-08 03:40:00+00:00,2026-05-08 03:45:00+00:00,2026-05-08 04:00:00+00:00,79590.25,79621.49,0.0003925103891495585,-0.0008074896108504416,3,fixed_3b_exit,False,out_of_sample,3,15,base_cost,0.0012000000000000001,0.9991925103891496,0.9991925103891496,0.0
dhv_buy60_cvdpos_signal,1652,1653,1656,2026-05-13 17:40:00+00:00,2026-05-13 17:45:00+00:00,2026-05-13 18:00:00+00:00,79454.05,79525.93,0.0009046738334923532,-0.0002953261665076469,3,fixed_3b_exit,False,out_of_sample,3,15,base_cost,0.0012000000000000001,0.9988974226954532,0.9991925103891496,-0.00029532616650762566
dhv_buy60_cvdpos_signal,1657,1658,1661,2026-05-13 18:05:00+00:00,2026-05-13 18:10:00+00:00,2026-05-13 18:25:00+00:00,79606.3,79767.98,0.002030995034312477,0.0008309950343124771,3,fixed_3b_exit,True,out_of_sample,3,15,base_cost,0.0012000000000000001,0.9997275014935006,0.9997275014935006,0.0
dhv_buy60_cvdpos_signal,4234,4235,4238,2026-05-22 16:50:00+00:00,2026-05-22 16:55:00+00:00,2026-05-22 17:10:00+00:00,76950.68,76962.78,0.00015724357471569306,-0.001042756425284307,3,fixed_3b_exit,False,out_of_sample,3,15,base_cost,0.0012000000000000001,0.9986850292177849,0.9997275014935006,-0.0010427564252842858
dhv_buy60_cvdpos_signal,5655,5656,5659,2026-05-27 15:15:00+00:00,2026-05-27 15:20:00+00:00,2026-05-27 15:35:00+00:00,75399.88,75394.0,-7.79842089935201e-05,-0.0012779842089935202,3,fixed_3b_exit,False,out_of_sample,3,15,base_cost,0.0012000000000000001,0.9974087255206864,0.9997275014935006,-0.002319408008032431
dhv_buy60_cvdpos_signal,5700,5701,5704,2026-05-27 19:00:00+00:00,2026-05-27 19:05:00+00:00,2026-05-27 19:20:00+00:00,75012.01,75084.25,0.0009630457842684237,-0.00023695421573157642,3,fixed_3b_exit,False,out_of_sample,3,15,base_cost,0.0012000000000000001,0.9971723853183668,0.9997275014935006,-0.0025558126302585027
dhv_buy60_cvdpos_signal,6228,6229,6232,2026-05-29 15:00:00+00:00,2026-05-29 15:05:00+00:00,2026-05-29 15:20:00+00:00,73663.04,73602.0,-0.0008286380795579085,-0.0020286380795579086,3,fixed_3b_exit,False,out_of_sample,3,15,base_cost,0.0012000000000000001,0.9951494834456264,0.9997275014935006,-0.004579265890990447
dhv_buy60_cvdpos_signal,6809,6810,6813,2026-05-31 15:25:00+00:00,2026-05-31 15:30:00+00:00,2026-05-31 15:45:00+00:00,73752.23,73647.01,-0.0014266687258134292,-0.0026266687258134293,3,fixed_3b_exit,False,out_of_sample,3,15,base_cost,0.0012000000000000001,0.9925355554199504,0.9997275014935006,-0.007193906402300776
dhv_buy60_cvdpos_signal,6834,6835,6838,2026-05-31 17:30:00+00:00,2026-05-31 17:35:00+00:00,2026-05-31 17:50:00+00:00,73717.94,73699.66,-0.0002479722032384668,-0.001447972203238467,3,fixed_3b_exit,False,out_of_sample,3,15,base_cost,0.0012000000000000001,0.9910983915249765,0.9997275014935006,-0.008631462029035974
dhv_buy60_cvdpos_signal,7019,7020,7023,2026-06-01 08:55:00+00:00,2026-06-01 09:00:00+00:00,2026-06-01 09:15:00+00:00,72966.16,72993.78,0.00037853163713141846,-0.0008214683628685816,3,fixed_3b_exit,False,out_of_sample,3,15,base_cost,0.0012000000000000001,0.9902842355518487,0.9997275014935006,-0.00944583991892245
dhv_buy60_cvdpos_signal,7254,7255,7258,2026-06-02 04:30:00+00:00,2026-06-02 04:35:00+00:00,2026-06-02 04:50:00+00:00,71037.99,70900.01,-0.0019423409924747004,-0.0031423409924747005,3,fixed_3b_exit,False,out_of_sample,3,15,base_cost,0.0012000000000000001,0.9871724248042727,0.9997275014935006,-0.012558498861411582
dhv_buy60_cvdpos_signal,8154,8155,8158,2026-06-05 07:30:00+00:00,2026-06-05 07:35:00+00:00,2026-06-05 07:50:00+00:00,62768.0,62940.52,0.002748534284986004,0.0015485342849860038,3,fixed_3b_exit,True,out_of_sample,3,15,base_cost,0.0012000000000000001,0.9887010951492748,0.9997275014935006,-0.011029411842480408
dhv_buy60_cvdpos_signal,44,45,48,2026-05-08 03:40:00+00:00,2026-05-08 03:45:00+00:00,2026-05-08 04:00:00+00:00,79590.25,79621.49,0.0003925103891495585,0.0003925103891495585,3,fixed_3b_exit,True,out_of_sample,3,15,no_cost,0.0,1.0003925103891496,1.0003925103891496,0.0
dhv_buy60_cvdpos_signal,1652,1653,1656,2026-05-13 17:40:00+00:00,2026-05-13 17:45:00+00:00,2026-05-13 18:00:00+00:00,79454.05,79525.93,0.0009046738334923532,0.0009046738334923532,3,fixed_3b_exit,True,out_of_sample,3,15,no_cost,0.0,1.0012975393165204,1.0012975393165204,0.0
dhv_buy60_cvdpos_signal,1657,1658,1661,2026-05-13 18:05:00+00:00,2026-05-13 18:10:00+00:00,2026-05-13 18:25:00+00:00,79606.3,79767.98,0.002030995034312477,0.002030995034312477,3,fixed_3b_exit,True,out_of_sample,3,15,no_cost,0.0,1.0033311696467415,1.0033311696467415,0.0
dhv_buy60_cvdpos_signal,4234,4235,4238,2026-05-22 16:50:00+00:00,2026-05-22 16:55:00+00:00,2026-05-22 17:10:00+00:00,76950.68,76962.78,0.00015724357471569306,0.00015724357471569306,3,fixed_3b_exit,True,out_of_sample,3,15,no_cost,0.0,1.0034889370264803,1.0034889370264803,0.0
dhv_buy60_cvdpos_signal,5655,5656,5659,2026-05-27 15:15:00+00:00,2026-05-27 15:20:00+00:00,2026-05-27 15:35:00+00:00,75399.88,75394.0,-7.79842089935201e-05,-7.79842089935201e-05,3,fixed_3b_exit,False,out_of_sample,3,15,no_cost,0.0,1.0034106807354926,1.0034889370264803,-7.79842089935201e-05
dhv_buy60_cvdpos_signal,5700,5701,5704,2026-05-27 19:00:00+00:00,2026-05-27 19:05:00+00:00,2026-05-27 19:20:00+00:00,75012.01,75084.25,0.0009630457842684237,0.0009630457842684237,3,fixed_3b_exit,True,out_of_sample,3,15,no_cost,0.0,1.0043770111614647,1.0043770111614647,0.0
dhv_buy60_cvdpos_signal,6228,6229,6232,2026-05-29 15:00:00+00:00,2026-05-29 15:05:00+00:00,2026-05-29 15:20:00+00:00,73663.04,73602.0,-0.0008286380795579085,-0.0008286380795579085,3,fixed_3b_exit,False,out_of_sample,3,15,no_cost,0.0,1.0035447461237839,1.0043770111614647,-0.0008286380795577974
dhv_buy60_cvdpos_signal,6809,6810,6813,2026-05-31 15:25:00+00:00,2026-05-31 15:30:00+00:00,2026-05-31 15:45:00+00:00,73752.23,73647.01,-0.0014266687258134292,-0.0014266687258134292,3,fixed_3b_exit,False,out_of_sample,3,15,no_cost,0.0,1.0021130202195347,1.0043770111614647,-0.002254124613338071
dhv_buy60_cvdpos_signal,6834,6835,6838,2026-05-31 17:30:00+00:00,2026-05-31 17:35:00+00:00,2026-05-31 17:50:00+00:00,73717.94,73699.66,-0.0002479722032384668,-0.0002479722032384668,3,fixed_3b_exit,False,out_of_sample,3,15,no_cost,0.0,1.001864524046017,1.0043770111614647,-0.002501537856329894
dhv_buy60_cvdpos_signal,7019,7020,7023,2026-06-01 08:55:00+00:00,2026-06-01 09:00:00+00:00,2026-06-01 09:15:00+00:00,72966.16,72993.78,0.00037853163713141846,0.00037853163713141846,3,fixed_3b_exit,True,out_of_sample,3,15,no_cost,0.0,1.002243761464488,1.0043770111614647,-0.0021239531304185766
dhv_buy60_cvdpos_signal,7254,7255,7258,2026-06-02 04:30:00+00:00,2026-06-02 04:35:00+00:00,2026-06-02 04:50:00+00:00,71037.99,70900.01,-0.0019423409924747004,-0.0019423409924747004,3,fixed_3b_exit,False,out_of_sample,3,15,no_cost,0.0,1.0002970623221434,1.0043770111614647,-0.004062168681661871
dhv_buy60_cvdpos_signal,8154,8155,8158,2026-06-05 07:30:00+00:00,2026-06-05 07:35:00+00:00,2026-06-05 07:50:00+00:00,62768.0,62940.52,0.002748534284986004,0.002748534284986004,3,fixed_3b_exit,True,out_of_sample,3,15,no_cost,0.0,1.0030464130931067,1.0043770111614647,-0.0013247994065687108
dhv_buy60_cvdpos_signal,44,45,51,2026-05-08 03:40:00+00:00,2026-05-08 03:45:00+00:00,2026-05-08 04:15:00+00:00,79590.25,79726.1,0.001706867361266129,0.0005068673612661288,6,fixed_6b_exit,True,out_of_sample,6,30,base_cost,0.0012000000000000001,1.000506867361266,1.000506867361266,0.0
dhv_buy60_cvdpos_signal,1652,1653,1659,2026-05-13 17:40:00+00:00,2026-05-13 17:45:00+00:00,2026-05-13 18:15:00+00:00,79454.05,79712.9,0.0032578578436215366,0.0020578578436215365,6,fixed_6b_exit,True,out_of_sample,6,30,base_cost,0.0012000000000000001,1.0025657682658626,1.0025657682658626,0.0
dhv_buy60_cvdpos_signal,4234,4235,4241,2026-05-22 16:50:00+00:00,2026-05-22 16:55:00+00:00,2026-05-22 17:25:00+00:00,76950.68,77060.14,0.0014224695610227656,0.00022246956102276545,6,fixed_6b_exit,True,out_of_sample,6,30,base_cost,0.0012000000000000001,1.0027888086322252,1.0027888086322252,0.0
dhv_buy60_cvdpos_signal,5655,5656,5662,2026-05-27 15:15:00+00:00,2026-05-27 15:20:00+00:00,2026-05-27 15:50:00+00:00,75399.88,75276.15,-0.0016409840440065881,-0.0028409840440065883,6,fixed_6b_exit,False,out_of_sample,6,30,base_cost,0.0012000000000000001,0.9999399016273927,1.0027888086322252,-0.002840984044006567
dhv_buy60_cvdpos_signal,5700,5701,5707,2026-05-27 19:00:00+00:00,2026-05-27 19:05:00+00:00,2026-05-27 19:35:00+00:00,75012.01,75054.01,0.0005599103396909388,-0.0006400896603090613,6,fixed_6b_exit,False,out_of_sample,6,30,base_cost,0.0012000000000000001,0.9992998504354306,1.0027888086322252,-0.0034792552198039672
dhv_buy60_cvdpos_signal,6228,6229,6235,2026-05-29 15:00:00+00:00,2026-05-29 15:05:00+00:00,2026-05-29 15:35:00+00:00,73663.04,74110.93,0.006080254086717085,0.0048802540867170854,6,fixed_6b_exit,True,out_of_sample,6,30,base_cost,0.0012000000000000001,1.0041766876143738,1.0041766876143738,0.0
dhv_buy60_cvdpos_signal,6809,6810,6816,2026-05-31 15:25:00+00:00,2026-05-31 15:30:00+00:00,2026-05-31 16:00:00+00:00,73752.23,73688.99,-0.0008574655979892709,-0.002057465597989271,6,fixed_6b_exit,False,out_of_sample,6,30,base_cost,0.0012000000000000001,1.0021106286253045,1.0041766876143738,-0.0020574655979891388
dhv_buy60_cvdpos_signal,6834,6835,6841,2026-05-31 17:30:00+00:00,2026-05-31 17:35:00+00:00,2026-05-31 18:05:00+00:00,73717.94,73632.87,-0.0011539931799505743,-0.0023539931799505744,6,fixed_6b_exit,False,out_of_sample,6,30,base_cost,0.0012000000000000001,0.9997516670399647,1.0041766876143738,-0.004406615517954071
dhv_buy60_cvdpos_signal,7019,7020,7026,2026-06-01 08:55:00+00:00,2026-06-01 09:00:00+00:00,2026-06-01 09:30:00+00:00,72966.16,72993.64,0.0003766129394775497,-0.0008233870605224504,6,fixed_6b_exit,False,out_of_sample,6,30,base_cost,0.0012000000000000001,0.9989284844535882,1.0041766876143738,-0.005226374228278319
dhv_buy60_cvdpos_signal,7254,7255,7261,2026-06-02 04:30:00+00:00,2026-06-02 04:35:00+00:00,2026-06-02 05:05:00+00:00,71037.99,70682.01,-0.005011121513995742,-0.006211121513995742,6,fixed_6b_exit,False,out_of_sample,6,30,base_cost,0.0012000000000000001,0.9927240182528554,1.0041766876143738,-0.011405034096864552
dhv_buy60_cvdpos_signal,8154,8155,8161,2026-06-05 07:30:00+00:00,2026-06-05 07:35:00+00:00,2026-06-05 08:05:00+00:00,62768.0,62761.78,-9.909508029570802e-05,-0.0012990950802957081,6,fixed_6b_exit,False,out_of_sample,6,30,base_cost,0.0012000000000000001,0.9914343753646517,1.0041766876143738,-0.012689312953474419
dhv_buy60_cvdpos_signal,44,45,51,2026-05-08 03:40:00+00:00,2026-05-08 03:45:00+00:00,2026-05-08 04:15:00+00:00,79590.25,79726.1,0.001706867361266129,0.001706867361266129,6,fixed_6b_exit,True,out_of_sample,6,30,no_cost,0.0,1.0017068673612661,1.0017068673612661,0.0
dhv_buy60_cvdpos_signal,1652,1653,1659,2026-05-13 17:40:00+00:00,2026-05-13 17:45:00+00:00,2026-05-13 18:15:00+00:00,79454.05,79712.9,0.0032578578436215366,0.0032578578436215366,6,fixed_6b_exit,True,out_of_sample,6,30,no_cost,0.0,1.0049702859361085,1.0049702859361085,0.0
dhv_buy60_cvdpos_signal,4234,4235,4241,2026-05-22 16:50:00+00:00,2026-05-22 16:55:00+00:00,2026-05-22 17:25:00+00:00,76950.68,77060.14,0.0014224695610227656,0.0014224695610227656,6,fixed_6b_exit,True,out_of_sample,6,30,no_cost,0.0,1.006399825577585,1.006399825577585,0.0
dhv_buy60_cvdpos_signal,5655,5656,5662,2026-05-27 15:15:00+00:00,2026-05-27 15:20:00+00:00,2026-05-27 15:50:00+00:00,75399.88,75276.15,-0.0016409840440065881,-0.0016409840440065881,6,fixed_6b_exit,False,out_of_sample,6,30,no_cost,0.0,1.0047483395219212,1.006399825577585,-0.0016409840440065881
dhv_buy60_cvdpos_signal,5700,5701,5707,2026-05-27 19:00:00+00:00,2026-05-27 19:05:00+00:00,2026-05-27 19:35:00+00:00,75012.01,75054.01,0.0005599103396909388,0.0005599103396909388,6,fixed_6b_exit,True,out_of_sample,6,30,no_cost,0.0,1.0053109085060068,1.006399825577585,-0.001081992508249141
dhv_buy60_cvdpos_signal,6228,6229,6235,2026-05-29 15:00:00+00:00,2026-05-29 15:05:00+00:00,2026-05-29 15:35:00+00:00,73663.04,74110.93,0.006080254086717085,0.006080254086717085,6,fixed_6b_exit,True,out_of_sample,6,30,no_cost,0.0,1.0114234542658718,1.0114234542658718,0.0
dhv_buy60_cvdpos_signal,6809,6810,6816,2026-05-31 15:25:00+00:00,2026-05-31 15:30:00+00:00,2026-05-31 16:00:00+00:00,73752.23,73688.99,-0.0008574655979892709,-0.0008574655979892709,6,fixed_6b_exit,False,out_of_sample,6,30,no_cost,0.0,1.0105561934488394,1.0114234542658718,-0.0008574655979891599
dhv_buy60_cvdpos_signal,6834,6835,6841,2026-05-31 17:30:00+00:00,2026-05-31 17:35:00+00:00,2026-05-31 18:05:00+00:00,73717.94,73632.87,-0.0011539931799505743,-0.0011539931799505743,6,fixed_6b_exit,False,out_of_sample,6,30,no_cost,0.0,1.0093900184936426,1.0114234542658718,-0.0020104692684875802
dhv_buy60_cvdpos_signal,7019,7020,7026,2026-06-01 08:55:00+00:00,2026-06-01 09:00:00+00:00,2026-06-01 09:30:00+00:00,72966.16,72993.64,0.0003766129394775497,0.0003766129394775497,6,fixed_6b_exit,True,out_of_sample,6,30,no_cost,0.0,1.0097701678355868,1.0114234542658718,-0.0016346134977510696
dhv_buy60_cvdpos_signal,7254,7255,7261,2026-06-02 04:30:00+00:00,2026-06-02 04:35:00+00:00,2026-06-02 05:05:00+00:00,71037.99,70682.01,-0.005011121513995742,-0.005011121513995742,6,fixed_6b_exit,False,out_of_sample,6,30,no_cost,0.0,1.0047100868233547,1.0114234542658718,-0.006637543764881237
dhv_buy60_cvdpos_signal,8154,8155,8161,2026-06-05 07:30:00+00:00,2026-06-05 07:35:00+00:00,2026-06-05 08:05:00+00:00,62768.0,62761.78,-9.909508029570802e-05,-9.909508029570802e-05,6,fixed_6b_exit,False,out_of_sample,6,30,no_cost,0.0,1.004610524996627,1.0114234542658718,-0.006735981097244603
dhv_buy60_cvdpos_signal,44,45,57,2026-05-08 03:40:00+00:00,2026-05-08 03:45:00+00:00,2026-05-08 04:45:00+00:00,79590.25,79625.01,0.00043673691187051666,-0.0007632630881294834,12,fixed_12b_exit,False,out_of_sample,12,60,base_cost,0.0012000000000000001,0.9992367369118705,0.9992367369118705,0.0
dhv_buy60_cvdpos_signal,1652,1653,1665,2026-05-13 17:40:00+00:00,2026-05-13 17:45:00+00:00,2026-05-13 18:45:00+00:00,79454.05,79580.18,0.0015874584114967671,0.00038745841149676703,12,fixed_12b_exit,True,out_of_sample,12,60,base_cost,0.0012000000000000001,0.9996238995906636,0.9996238995906636,0.0
dhv_buy60_cvdpos_signal,4234,4235,4247,2026-05-22 16:50:00+00:00,2026-05-22 16:55:00+00:00,2026-05-22 17:55:00+00:00,76950.68,76750.0,-0.0026079041796640556,-0.0038079041796640557,12,fixed_12b_exit,False,out_of_sample,12,60,base_cost,0.0012000000000000001,0.9958174275653202,0.9996238995906636,-0.0038079041796640345
dhv_buy60_cvdpos_signal,5655,5656,5668,2026-05-27 15:15:00+00:00,2026-05-27 15:20:00+00:00,2026-05-27 16:20:00+00:00,75399.88,75063.36,-0.004463137076610835,-0.005663137076610834,12,fixed_12b_exit,False,out_of_sample,12,60,base_cost,0.0012000000000000001,0.9901779769697399,0.9996238995906636,-0.009449476572930826
dhv_buy60_cvdpos_signal,5700,5701,5713,2026-05-27 19:00:00+00:00,2026-05-27 19:05:00+00:00,2026-05-27 20:05:00+00:00,75012.01,75271.99,0.0034658450026869847,0.0022658450026869846,12,fixed_12b_exit,True,out_of_sample,12,60,base_cost,0.0012000000000000001,0.9924215667906273,0.9996238995906636,-0.007205042619514712
dhv_buy60_cvdpos_signal,6228,6229,6241,2026-05-29 15:00:00+00:00,2026-05-29 15:05:00+00:00,2026-05-29 16:05:00+00:00,73663.04,73900.01,0.003216945703028218,0.0020169457030282177,12,fixed_12b_exit,True,out_of_sample,12,60,base_cost,0.0012000000000000001,0.9944232272053581,0.9996238995906636,-0.005202629096238143
dhv_buy60_cvdpos_signal,6809,6810,6822,2026-05-31 15:25:00+00:00,2026-05-31 15:30:00+00:00,2026-05-31 16:30:00+00:00,73752.23,73438.65,-0.004251803640378138,-0.0054518036403781375,12,fixed_12b_exit,False,out_of_sample,12,60,base_cost,0.0012000000000000001,0.9890018270352035,0.9996238995906636,-0.0106260690243698
dhv_buy60_cvdpos_signal,6834,6835,6847,2026-05-31 17:30:00+00:00,2026-05-31 17:35:00+00:00,2026-05-31 18:35:00+00:00,73717.94,73667.21,-0.0006881635596436286,-0.0018881635596436287,12,fixed_12b_exit,False,out_of_sample,12,60,base_cost,0.0012000000000000001,0.9871344298249747,0.9996238995906636,-0.01249416882769927
dhv_buy60_cvdpos_signal,7019,7020,7032,2026-06-01 08:55:00+00:00,2026-06-01 09:00:00+00:00,2026-06-01 10:00:00+00:00,72966.16,72783.15,-0.0025081489830355297,-0.00370814898303553,12,fixed_12b_exit,False,out_of_sample,12,60,base_cost,0.0012000000000000001,0.9834739882928999,0.9996238995906636,-0.016155987571302433
dhv_buy60_cvdpos_signal,7254,7255,7267,2026-06-02 04:30:00+00:00,2026-06-02 04:35:00+00:00,2026-06-02 05:35:00+00:00,71037.99,70610.03,-0.006024382165092268,-0.007224382165092268,12,fixed_12b_exit,False,out_of_sample,12,60,base_cost,0.0012000000000000001,0.9763689963520445,0.9996238995906636,-0.023263652707925075
dhv_buy60_cvdpos_signal,8154,8155,8167,2026-06-05 07:30:00+00:00,2026-06-05 07:35:00+00:00,2026-06-05 08:35:00+00:00,62768.0,62533.31,-0.003739007137394834,-0.004939007137394834,12,fixed_12b_exit,False,out_of_sample,12,60,base_cost,0.0012000000000000001,0.9715467029103307,0.9996238995906636,-0.02808776049855366
dhv_buy60_cvdpos_signal,44,45,57,2026-05-08 03:40:00+00:00,2026-05-08 03:45:00+00:00,2026-05-08 04:45:00+00:00,79590.25,79625.01,0.00043673691187051666,0.00043673691187051666,12,fixed_12b_exit,True,out_of_sample,12,60,no_cost,0.0,1.0004367369118705,1.0004367369118705,0.0
dhv_buy60_cvdpos_signal,1652,1653,1665,2026-05-13 17:40:00+00:00,2026-05-13 17:45:00+00:00,2026-05-13 18:45:00+00:00,79454.05,79580.18,0.0015874584114967671,0.0015874584114967671,12,fixed_12b_exit,True,out_of_sample,12,60,no_cost,0.0,1.0020248886250516,1.0020248886250516,0.0
dhv_buy60_cvdpos_signal,4234,4235,4247,2026-05-22 16:50:00+00:00,2026-05-22 16:55:00+00:00,2026-05-22 17:55:00+00:00,76950.68,76750.0,-0.0026079041796640556,-0.0026079041796640556,12,fixed_12b_exit,False,out_of_sample,12,60,no_cost,0.0,0.9994117037298789,1.0020248886250516,-0.0026079041796640556
dhv_buy60_cvdpos_signal,5655,5656,5668,2026-05-27 15:15:00+00:00,2026-05-27 15:20:00+00:00,2026-05-27 16:20:00+00:00,75399.88,75063.36,-0.004463137076610835,-0.004463137076610835,12,fixed_12b_exit,False,out_of_sample,12,60,no_cost,0.0,0.9949511923001633,1.0020248886250516,-0.00705940182243836
dhv_buy60_cvdpos_signal,5700,5701,5713,2026-05-27 19:00:00+00:00,2026-05-27 19:05:00+00:00,2026-05-27 20:05:00+00:00,75012.01,75271.99,0.0034658450026869847,0.0034658450026869847,12,fixed_12b_exit,True,out_of_sample,12,60,no_cost,0.0,0.9983995389179142,1.0020248886250516,-0.003618023612279697
dhv_buy60_cvdpos_signal,6228,6229,6241,2026-05-29 15:00:00+00:00,2026-05-29 15:05:00+00:00,2026-05-29 16:05:00+00:00,73663.04,73900.01,0.003216945703028218,0.003216945703028218,12,fixed_12b_exit,True,out_of_sample,12,60,no_cost,0.0,1.0016113360245416,1.0020248886250516,-0.00041271689476440887
dhv_buy60_cvdpos_signal,6809,6810,6822,2026-05-31 15:25:00+00:00,2026-05-31 15:30:00+00:00,2026-05-31 16:30:00+00:00,73752.23,73438.65,-0.004251803640378138,-0.004251803640378138,12,fixed_12b_exit,False,out_of_sample,12,60,no_cost,0.0,0.9973526812997884,1.0020248886250516,-0.004662765743946973
dhv_buy60_cvdpos_signal,6834,6835,6847,2026-05-31 17:30:00+00:00,2026-05-31 17:35:00+00:00,2026-05-31 18:35:00+00:00,73717.94,73667.21,-0.0006881635596436286,-0.0006881635596436286,12,fixed_12b_exit,False,out_of_sample,12,60,no_cost,0.0,0.996666339528405,1.0020248886250516,-0.005347720558118496
dhv_buy60_cvdpos_signal,7019,7020,7032,2026-06-01 08:55:00+00:00,2026-06-01 09:00:00+00:00,2026-06-01 10:00:00+00:00,72966.16,72783.15,-0.0025081489830355297,-0.0025081489830355297,12,fixed_12b_exit,False,out_of_sample,12,60,no_cost,0.0,0.994166551862491,1.0020248886250516,-0.0078424566612747
dhv_buy60_cvdpos_signal,7254,7255,7267,2026-06-02 04:30:00+00:00,2026-06-02 04:35:00+00:00,2026-06-02 05:35:00+00:00,71037.99,70610.03,-0.006024382165092268,-0.006024382165092268,12,fixed_12b_exit,False,out_of_sample,12,60,no_cost,0.0,0.9881773126183193,1.0020248886250516,-0.013819592870326303
dhv_buy60_cvdpos_signal,8154,8155,8167,2026-06-05 07:30:00+00:00,2026-06-05 07:35:00+00:00,2026-06-05 08:35:00+00:00,62768.0,62533.31,-0.003739007137394834,-0.003739007137394834,12,fixed_12b_exit,False,out_of_sample,12,60,no_cost,0.0,0.9844825105934277,1.0020248886250516,-0.017506928451343162
dhv_buy60_signal,44,45,48,2026-05-08 03:40:00+00:00,2026-05-08 03:45:00+00:00,2026-05-08 04:00:00+00:00,79590.25,79621.49,0.0003925103891495585,-0.0008074896108504416,3,fixed_3b_exit,False,out_of_sample,3,15,base_cost,0.0012000000000000001,0.9991925103891496,0.9991925103891496,0.0
dhv_buy60_signal,1652,1653,1656,2026-05-13 17:40:00+00:00,2026-05-13 17:45:00+00:00,2026-05-13 18:00:00+00:00,79454.05,79525.93,0.0009046738334923532,-0.0002953261665076469,3,fixed_3b_exit,False,out_of_sample,3,15,base_cost,0.0012000000000000001,0.9988974226954532,0.9991925103891496,-0.00029532616650762566
dhv_buy60_signal,1657,1658,1661,2026-05-13 18:05:00+00:00,2026-05-13 18:10:00+00:00,2026-05-13 18:25:00+00:00,79606.3,79767.98,0.002030995034312477,0.0008309950343124771,3,fixed_3b_exit,True,out_of_sample,3,15,base_cost,0.0012000000000000001,0.9997275014935006,0.9997275014935006,0.0
dhv_buy60_signal,4234,4235,4238,2026-05-22 16:50:00+00:00,2026-05-22 16:55:00+00:00,2026-05-22 17:10:00+00:00,76950.68,76962.78,0.00015724357471569306,-0.001042756425284307,3,fixed_3b_exit,False,out_of_sample,3,15,base_cost,0.0012000000000000001,0.9986850292177849,0.9997275014935006,-0.0010427564252842858
dhv_buy60_signal,5655,5656,5659,2026-05-27 15:15:00+00:00,2026-05-27 15:20:00+00:00,2026-05-27 15:35:00+00:00,75399.88,75394.0,-7.79842089935201e-05,-0.0012779842089935202,3,fixed_3b_exit,False,out_of_sample,3,15,base_cost,0.0012000000000000001,0.9974087255206864,0.9997275014935006,-0.002319408008032431
dhv_buy60_signal,5700,5701,5704,2026-05-27 19:00:00+00:00,2026-05-27 19:05:00+00:00,2026-05-27 19:20:00+00:00,75012.01,75084.25,0.0009630457842684237,-0.00023695421573157642,3,fixed_3b_exit,False,out_of_sample,3,15,base_cost,0.0012000000000000001,0.9971723853183668,0.9997275014935006,-0.0025558126302585027
dhv_buy60_signal,6228,6229,6232,2026-05-29 15:00:00+00:00,2026-05-29 15:05:00+00:00,2026-05-29 15:20:00+00:00,73663.04,73602.0,-0.0008286380795579085,-0.0020286380795579086,3,fixed_3b_exit,False,out_of_sample,3,15,base_cost,0.0012000000000000001,0.9951494834456264,0.9997275014935006,-0.004579265890990447
dhv_buy60_signal,6809,6810,6813,2026-05-31 15:25:00+00:00,2026-05-31 15:30:00+00:00,2026-05-31 15:45:00+00:00,73752.23,73647.01,-0.0014266687258134292,-0.0026266687258134293,3,fixed_3b_exit,False,out_of_sample,3,15,base_cost,0.0012000000000000001,0.9925355554199504,0.9997275014935006,-0.007193906402300776
dhv_buy60_signal,6834,6835,6838,2026-05-31 17:30:00+00:00,2026-05-31 17:35:00+00:00,2026-05-31 17:50:00+00:00,73717.94,73699.66,-0.0002479722032384668,-0.001447972203238467,3,fixed_3b_exit,False,out_of_sample,3,15,base_cost,0.0012000000000000001,0.9910983915249765,0.9997275014935006,-0.008631462029035974
dhv_buy60_signal,7019,7020,7023,2026-06-01 08:55:00+00:00,2026-06-01 09:00:00+00:00,2026-06-01 09:15:00+00:00,72966.16,72993.78,0.00037853163713141846,-0.0008214683628685816,3,fixed_3b_exit,False,out_of_sample,3,15,base_cost,0.0012000000000000001,0.9902842355518487,0.9997275014935006,-0.00944583991892245
dhv_buy60_signal,7254,7255,7258,2026-06-02 04:30:00+00:00,2026-06-02 04:35:00+00:00,2026-06-02 04:50:00+00:00,71037.99,70900.01,-0.0019423409924747004,-0.0031423409924747005,3,fixed_3b_exit,False,out_of_sample,3,15,base_cost,0.0012000000000000001,0.9871724248042727,0.9997275014935006,-0.012558498861411582
dhv_buy60_signal,8154,8155,8158,2026-06-05 07:30:00+00:00,2026-06-05 07:35:00+00:00,2026-06-05 07:50:00+00:00,62768.0,62940.52,0.002748534284986004,0.0015485342849860038,3,fixed_3b_exit,True,out_of_sample,3,15,base_cost,0.0012000000000000001,0.9887010951492748,0.9997275014935006,-0.011029411842480408
dhv_buy60_signal,44,45,48,2026-05-08 03:40:00+00:00,2026-05-08 03:45:00+00:00,2026-05-08 04:00:00+00:00,79590.25,79621.49,0.0003925103891495585,0.0003925103891495585,3,fixed_3b_exit,True,out_of_sample,3,15,no_cost,0.0,1.0003925103891496,1.0003925103891496,0.0
dhv_buy60_signal,1652,1653,1656,2026-05-13 17:40:00+00:00,2026-05-13 17:45:00+00:00,2026-05-13 18:00:00+00:00,79454.05,79525.93,0.0009046738334923532,0.0009046738334923532,3,fixed_3b_exit,True,out_of_sample,3,15,no_cost,0.0,1.0012975393165204,1.0012975393165204,0.0
dhv_buy60_signal,1657,1658,1661,2026-05-13 18:05:00+00:00,2026-05-13 18:10:00+00:00,2026-05-13 18:25:00+00:00,79606.3,79767.98,0.002030995034312477,0.002030995034312477,3,fixed_3b_exit,True,out_of_sample,3,15,no_cost,0.0,1.0033311696467415,1.0033311696467415,0.0
dhv_buy60_signal,4234,4235,4238,2026-05-22 16:50:00+00:00,2026-05-22 16:55:00+00:00,2026-05-22 17:10:00+00:00,76950.68,76962.78,0.00015724357471569306,0.00015724357471569306,3,fixed_3b_exit,True,out_of_sample,3,15,no_cost,0.0,1.0034889370264803,1.0034889370264803,0.0
dhv_buy60_signal,5655,5656,5659,2026-05-27 15:15:00+00:00,2026-05-27 15:20:00+00:00,2026-05-27 15:35:00+00:00,75399.88,75394.0,-7.79842089935201e-05,-7.79842089935201e-05,3,fixed_3b_exit,False,out_of_sample,3,15,no_cost,0.0,1.0034106807354926,1.0034889370264803,-7.79842089935201e-05
dhv_buy60_signal,5700,5701,5704,2026-05-27 19:00:00+00:00,2026-05-27 19:05:00+00:00,2026-05-27 19:20:00+00:00,75012.01,75084.25,0.0009630457842684237,0.0009630457842684237,3,fixed_3b_exit,True,out_of_sample,3,15,no_cost,0.0,1.0043770111614647,1.0043770111614647,0.0
dhv_buy60_signal,6228,6229,6232,2026-05-29 15:00:00+00:00,2026-05-29 15:05:00+00:00,2026-05-29 15:20:00+00:00,73663.04,73602.0,-0.0008286380795579085,-0.0008286380795579085,3,fixed_3b_exit,False,out_of_sample,3,15,no_cost,0.0,1.0035447461237839,1.0043770111614647,-0.0008286380795577974
dhv_buy60_signal,6809,6810,6813,2026-05-31 15:25:00+00:00,2026-05-31 15:30:00+00:00,2026-05-31 15:45:00+00:00,73752.23,73647.01,-0.0014266687258134292,-0.0014266687258134292,3,fixed_3b_exit,False,out_of_sample,3,15,no_cost,0.0,1.0021130202195347,1.0043770111614647,-0.002254124613338071
dhv_buy60_signal,6834,6835,6838,2026-05-31 17:30:00+00:00,2026-05-31 17:35:00+00:00,2026-05-31 17:50:00+00:00,73717.94,73699.66,-0.0002479722032384668,-0.0002479722032384668,3,fixed_3b_exit,False,out_of_sample,3,15,no_cost,0.0,1.001864524046017,1.0043770111614647,-0.002501537856329894
dhv_buy60_signal,7019,7020,7023,2026-06-01 08:55:00+00:00,2026-06-01 09:00:00+00:00,2026-06-01 09:15:00+00:00,72966.16,72993.78,0.00037853163713141846,0.00037853163713141846,3,fixed_3b_exit,True,out_of_sample,3,15,no_cost,0.0,1.002243761464488,1.0043770111614647,-0.0021239531304185766
dhv_buy60_signal,7254,7255,7258,2026-06-02 04:30:00+00:00,2026-06-02 04:35:00+00:00,2026-06-02 04:50:00+00:00,71037.99,70900.01,-0.0019423409924747004,-0.0019423409924747004,3,fixed_3b_exit,False,out_of_sample,3,15,no_cost,0.0,1.0002970623221434,1.0043770111614647,-0.004062168681661871
dhv_buy60_signal,8154,8155,8158,2026-06-05 07:30:00+00:00,2026-06-05 07:35:00+00:00,2026-06-05 07:50:00+00:00,62768.0,62940.52,0.002748534284986004,0.002748534284986004,3,fixed_3b_exit,True,out_of_sample,3,15,no_cost,0.0,1.0030464130931067,1.0043770111614647,-0.0013247994065687108
dhv_buy60_signal,44,45,51,2026-05-08 03:40:00+00:00,2026-05-08 03:45:00+00:00,2026-05-08 04:15:00+00:00,79590.25,79726.1,0.001706867361266129,0.0005068673612661288,6,fixed_6b_exit,True,out_of_sample,6,30,base_cost,0.0012000000000000001,1.000506867361266,1.000506867361266,0.0
dhv_buy60_signal,1652,1653,1659,2026-05-13 17:40:00+00:00,2026-05-13 17:45:00+00:00,2026-05-13 18:15:00+00:00,79454.05,79712.9,0.0032578578436215366,0.0020578578436215365,6,fixed_6b_exit,True,out_of_sample,6,30,base_cost,0.0012000000000000001,1.0025657682658626,1.0025657682658626,0.0
dhv_buy60_signal,4234,4235,4241,2026-05-22 16:50:00+00:00,2026-05-22 16:55:00+00:00,2026-05-22 17:25:00+00:00,76950.68,77060.14,0.0014224695610227656,0.00022246956102276545,6,fixed_6b_exit,True,out_of_sample,6,30,base_cost,0.0012000000000000001,1.0027888086322252,1.0027888086322252,0.0
dhv_buy60_signal,5655,5656,5662,2026-05-27 15:15:00+00:00,2026-05-27 15:20:00+00:00,2026-05-27 15:50:00+00:00,75399.88,75276.15,-0.0016409840440065881,-0.0028409840440065883,6,fixed_6b_exit,False,out_of_sample,6,30,base_cost,0.0012000000000000001,0.9999399016273927,1.0027888086322252,-0.002840984044006567
dhv_buy60_signal,5700,5701,5707,2026-05-27 19:00:00+00:00,2026-05-27 19:05:00+00:00,2026-05-27 19:35:00+00:00,75012.01,75054.01,0.0005599103396909388,-0.0006400896603090613,6,fixed_6b_exit,False,out_of_sample,6,30,base_cost,0.0012000000000000001,0.9992998504354306,1.0027888086322252,-0.0034792552198039672
dhv_buy60_signal,6228,6229,6235,2026-05-29 15:00:00+00:00,2026-05-29 15:05:00+00:00,2026-05-29 15:35:00+00:00,73663.04,74110.93,0.006080254086717085,0.0048802540867170854,6,fixed_6b_exit,True,out_of_sample,6,30,base_cost,0.0012000000000000001,1.0041766876143738,1.0041766876143738,0.0
dhv_buy60_signal,6809,6810,6816,2026-05-31 15:25:00+00:00,2026-05-31 15:30:00+00:00,2026-05-31 16:00:00+00:00,73752.23,73688.99,-0.0008574655979892709,-0.002057465597989271,6,fixed_6b_exit,False,out_of_sample,6,30,base_cost,0.0012000000000000001,1.0021106286253045,1.0041766876143738,-0.0020574655979891388
dhv_buy60_signal,6834,6835,6841,2026-05-31 17:30:00+00:00,2026-05-31 17:35:00+00:00,2026-05-31 18:05:00+00:00,73717.94,73632.87,-0.0011539931799505743,-0.0023539931799505744,6,fixed_6b_exit,False,out_of_sample,6,30,base_cost,0.0012000000000000001,0.9997516670399647,1.0041766876143738,-0.004406615517954071
dhv_buy60_signal,7019,7020,7026,2026-06-01 08:55:00+00:00,2026-06-01 09:00:00+00:00,2026-06-01 09:30:00+00:00,72966.16,72993.64,0.0003766129394775497,-0.0008233870605224504,6,fixed_6b_exit,False,out_of_sample,6,30,base_cost,0.0012000000000000001,0.9989284844535882,1.0041766876143738,-0.005226374228278319
dhv_buy60_signal,7254,7255,7261,2026-06-02 04:30:00+00:00,2026-06-02 04:35:00+00:00,2026-06-02 05:05:00+00:00,71037.99,70682.01,-0.005011121513995742,-0.006211121513995742,6,fixed_6b_exit,False,out_of_sample,6,30,base_cost,0.0012000000000000001,0.9927240182528554,1.0041766876143738,-0.011405034096864552
dhv_buy60_signal,8154,8155,8161,2026-06-05 07:30:00+00:00,2026-06-05 07:35:00+00:00,2026-06-05 08:05:00+00:00,62768.0,62761.78,-9.909508029570802e-05,-0.0012990950802957081,6,fixed_6b_exit,False,out_of_sample,6,30,base_cost,0.0012000000000000001,0.9914343753646517,1.0041766876143738,-0.012689312953474419
dhv_buy60_signal,44,45,51,2026-05-08 03:40:00+00:00,2026-05-08 03:45:00+00:00,2026-05-08 04:15:00+00:00,79590.25,79726.1,0.001706867361266129,0.001706867361266129,6,fixed_6b_exit,True,out_of_sample,6,30,no_cost,0.0,1.0017068673612661,1.0017068673612661,0.0
dhv_buy60_signal,1652,1653,1659,2026-05-13 17:40:00+00:00,2026-05-13 17:45:00+00:00,2026-05-13 18:15:00+00:00,79454.05,79712.9,0.0032578578436215366,0.0032578578436215366,6,fixed_6b_exit,True,out_of_sample,6,30,no_cost,0.0,1.0049702859361085,1.0049702859361085,0.0
dhv_buy60_signal,4234,4235,4241,2026-05-22 16:50:00+00:00,2026-05-22 16:55:00+00:00,2026-05-22 17:25:00+00:00,76950.68,77060.14,0.0014224695610227656,0.0014224695610227656,6,fixed_6b_exit,True,out_of_sample,6,30,no_cost,0.0,1.006399825577585,1.006399825577585,0.0
dhv_buy60_signal,5655,5656,5662,2026-05-27 15:15:00+00:00,2026-05-27 15:20:00+00:00,2026-05-27 15:50:00+00:00,75399.88,75276.15,-0.0016409840440065881,-0.0016409840440065881,6,fixed_6b_exit,False,out_of_sample,6,30,no_cost,0.0,1.0047483395219212,1.006399825577585,-0.0016409840440065881
dhv_buy60_signal,5700,5701,5707,2026-05-27 19:00:00+00:00,2026-05-27 19:05:00+00:00,2026-05-27 19:35:00+00:00,75012.01,75054.01,0.0005599103396909388,0.0005599103396909388,6,fixed_6b_exit,True,out_of_sample,6,30,no_cost,0.0,1.0053109085060068,1.006399825577585,-0.001081992508249141
dhv_buy60_signal,6228,6229,6235,2026-05-29 15:00:00+00:00,2026-05-29 15:05:00+00:00,2026-05-29 15:35:00+00:00,73663.04,74110.93,0.006080254086717085,0.006080254086717085,6,fixed_6b_exit,True,out_of_sample,6,30,no_cost,0.0,1.0114234542658718,1.0114234542658718,0.0
dhv_buy60_signal,6809,6810,6816,2026-05-31 15:25:00+00:00,2026-05-31 15:30:00+00:00,2026-05-31 16:00:00+00:00,73752.23,73688.99,-0.0008574655979892709,-0.0008574655979892709,6,fixed_6b_exit,False,out_of_sample,6,30,no_cost,0.0,1.0105561934488394,1.0114234542658718,-0.0008574655979891599
dhv_buy60_signal,6834,6835,6841,2026-05-31 17:30:00+00:00,2026-05-31 17:35:00+00:00,2026-05-31 18:05:00+00:00,73717.94,73632.87,-0.0011539931799505743,-0.0011539931799505743,6,fixed_6b_exit,False,out_of_sample,6,30,no_cost,0.0,1.0093900184936426,1.0114234542658718,-0.0020104692684875802
dhv_buy60_signal,7019,7020,7026,2026-06-01 08:55:00+00:00,2026-06-01 09:00:00+00:00,2026-06-01 09:30:00+00:00,72966.16,72993.64,0.0003766129394775497,0.0003766129394775497,6,fixed_6b_exit,True,out_of_sample,6,30,no_cost,0.0,1.0097701678355868,1.0114234542658718,-0.0016346134977510696
dhv_buy60_signal,7254,7255,7261,2026-06-02 04:30:00+00:00,2026-06-02 04:35:00+00:00,2026-06-02 05:05:00+00:00,71037.99,70682.01,-0.005011121513995742,-0.005011121513995742,6,fixed_6b_exit,False,out_of_sample,6,30,no_cost,0.0,1.0047100868233547,1.0114234542658718,-0.006637543764881237
dhv_buy60_signal,8154,8155,8161,2026-06-05 07:30:00+00:00,2026-06-05 07:35:00+00:00,2026-06-05 08:05:00+00:00,62768.0,62761.78,-9.909508029570802e-05,-9.909508029570802e-05,6,fixed_6b_exit,False,out_of_sample,6,30,no_cost,0.0,1.004610524996627,1.0114234542658718,-0.006735981097244603
dhv_buy60_signal,44,45,57,2026-05-08 03:40:00+00:00,2026-05-08 03:45:00+00:00,2026-05-08 04:45:00+00:00,79590.25,79625.01,0.00043673691187051666,-0.0007632630881294834,12,fixed_12b_exit,False,out_of_sample,12,60,base_cost,0.0012000000000000001,0.9992367369118705,0.9992367369118705,0.0
dhv_buy60_signal,1652,1653,1665,2026-05-13 17:40:00+00:00,2026-05-13 17:45:00+00:00,2026-05-13 18:45:00+00:00,79454.05,79580.18,0.0015874584114967671,0.00038745841149676703,12,fixed_12b_exit,True,out_of_sample,12,60,base_cost,0.0012000000000000001,0.9996238995906636,0.9996238995906636,0.0
dhv_buy60_signal,4234,4235,4247,2026-05-22 16:50:00+00:00,2026-05-22 16:55:00+00:00,2026-05-22 17:55:00+00:00,76950.68,76750.0,-0.0026079041796640556,-0.0038079041796640557,12,fixed_12b_exit,False,out_of_sample,12,60,base_cost,0.0012000000000000001,0.9958174275653202,0.9996238995906636,-0.0038079041796640345
dhv_buy60_signal,5655,5656,5668,2026-05-27 15:15:00+00:00,2026-05-27 15:20:00+00:00,2026-05-27 16:20:00+00:00,75399.88,75063.36,-0.004463137076610835,-0.005663137076610834,12,fixed_12b_exit,False,out_of_sample,12,60,base_cost,0.0012000000000000001,0.9901779769697399,0.9996238995906636,-0.009449476572930826
dhv_buy60_signal,5700,5701,5713,2026-05-27 19:00:00+00:00,2026-05-27 19:05:00+00:00,2026-05-27 20:05:00+00:00,75012.01,75271.99,0.0034658450026869847,0.0022658450026869846,12,fixed_12b_exit,True,out_of_sample,12,60,base_cost,0.0012000000000000001,0.9924215667906273,0.9996238995906636,-0.007205042619514712
dhv_buy60_signal,6228,6229,6241,2026-05-29 15:00:00+00:00,2026-05-29 15:05:00+00:00,2026-05-29 16:05:00+00:00,73663.04,73900.01,0.003216945703028218,0.0020169457030282177,12,fixed_12b_exit,True,out_of_sample,12,60,base_cost,0.0012000000000000001,0.9944232272053581,0.9996238995906636,-0.005202629096238143
dhv_buy60_signal,6809,6810,6822,2026-05-31 15:25:00+00:00,2026-05-31 15:30:00+00:00,2026-05-31 16:30:00+00:00,73752.23,73438.65,-0.004251803640378138,-0.0054518036403781375,12,fixed_12b_exit,False,out_of_sample,12,60,base_cost,0.0012000000000000001,0.9890018270352035,0.9996238995906636,-0.0106260690243698
dhv_buy60_signal,6834,6835,6847,2026-05-31 17:30:00+00:00,2026-05-31 17:35:00+00:00,2026-05-31 18:35:00+00:00,73717.94,73667.21,-0.0006881635596436286,-0.0018881635596436287,12,fixed_12b_exit,False,out_of_sample,12,60,base_cost,0.0012000000000000001,0.9871344298249747,0.9996238995906636,-0.01249416882769927
dhv_buy60_signal,7019,7020,7032,2026-06-01 08:55:00+00:00,2026-06-01 09:00:00+00:00,2026-06-01 10:00:00+00:00,72966.16,72783.15,-0.0025081489830355297,-0.00370814898303553,12,fixed_12b_exit,False,out_of_sample,12,60,base_cost,0.0012000000000000001,0.9834739882928999,0.9996238995906636,-0.016155987571302433
dhv_buy60_signal,7254,7255,7267,2026-06-02 04:30:00+00:00,2026-06-02 04:35:00+00:00,2026-06-02 05:35:00+00:00,71037.99,70610.03,-0.006024382165092268,-0.007224382165092268,12,fixed_12b_exit,False,out_of_sample,12,60,base_cost,0.0012000000000000001,0.9763689963520445,0.9996238995906636,-0.023263652707925075
dhv_buy60_signal,8154,8155,8167,2026-06-05 07:30:00+00:00,2026-06-05 07:35:00+00:00,2026-06-05 08:35:00+00:00,62768.0,62533.31,-0.003739007137394834,-0.004939007137394834,12,fixed_12b_exit,False,out_of_sample,12,60,base_cost,0.0012000000000000001,0.9715467029103307,0.9996238995906636,-0.02808776049855366
dhv_buy60_signal,44,45,57,2026-05-08 03:40:00+00:00,2026-05-08 03:45:00+00:00,2026-05-08 04:45:00+00:00,79590.25,79625.01,0.00043673691187051666,0.00043673691187051666,12,fixed_12b_exit,True,out_of_sample,12,60,no_cost,0.0,1.0004367369118705,1.0004367369118705,0.0
dhv_buy60_signal,1652,1653,1665,2026-05-13 17:40:00+00:00,2026-05-13 17:45:00+00:00,2026-05-13 18:45:00+00:00,79454.05,79580.18,0.0015874584114967671,0.0015874584114967671,12,fixed_12b_exit,True,out_of_sample,12,60,no_cost,0.0,1.0020248886250516,1.0020248886250516,0.0
dhv_buy60_signal,4234,4235,4247,2026-05-22 16:50:00+00:00,2026-05-22 16:55:00+00:00,2026-05-22 17:55:00+00:00,76950.68,76750.0,-0.0026079041796640556,-0.0026079041796640556,12,fixed_12b_exit,False,out_of_sample,12,60,no_cost,0.0,0.9994117037298789,1.0020248886250516,-0.0026079041796640556
dhv_buy60_signal,5655,5656,5668,2026-05-27 15:15:00+00:00,2026-05-27 15:20:00+00:00,2026-05-27 16:20:00+00:00,75399.88,75063.36,-0.004463137076610835,-0.004463137076610835,12,fixed_12b_exit,False,out_of_sample,12,60,no_cost,0.0,0.9949511923001633,1.0020248886250516,-0.00705940182243836
dhv_buy60_signal,5700,5701,5713,2026-05-27 19:00:00+00:00,2026-05-27 19:05:00+00:00,2026-05-27 20:05:00+00:00,75012.01,75271.99,0.0034658450026869847,0.0034658450026869847,12,fixed_12b_exit,True,out_of_sample,12,60,no_cost,0.0,0.9983995389179142,1.0020248886250516,-0.003618023612279697
dhv_buy60_signal,6228,6229,6241,2026-05-29 15:00:00+00:00,2026-05-29 15:05:00+00:00,2026-05-29 16:05:00+00:00,73663.04,73900.01,0.003216945703028218,0.003216945703028218,12,fixed_12b_exit,True,out_of_sample,12,60,no_cost,0.0,1.0016113360245416,1.0020248886250516,-0.00041271689476440887
dhv_buy60_signal,6809,6810,6822,2026-05-31 15:25:00+00:00,2026-05-31 15:30:00+00:00,2026-05-31 16:30:00+00:00,73752.23,73438.65,-0.004251803640378138,-0.004251803640378138,12,fixed_12b_exit,False,out_of_sample,12,60,no_cost,0.0,0.9973526812997884,1.0020248886250516,-0.004662765743946973
dhv_buy60_signal,6834,6835,6847,2026-05-31 17:30:00+00:00,2026-05-31 17:35:00+00:00,2026-05-31 18:35:00+00:00,73717.94,73667.21,-0.0006881635596436286,-0.0006881635596436286,12,fixed_12b_exit,False,out_of_sample,12,60,no_cost,0.0,0.996666339528405,1.0020248886250516,-0.005347720558118496
dhv_buy60_signal,7019,7020,7032,2026-06-01 08:55:00+00:00,2026-06-01 09:00:00+00:00,2026-06-01 10:00:00+00:00,72966.16,72783.15,-0.0025081489830355297,-0.0025081489830355297,12,fixed_12b_exit,False,out_of_sample,12,60,no_cost,0.0,0.994166551862491,1.0020248886250516,-0.0078424566612747
dhv_buy60_signal,7254,7255,7267,2026-06-02 04:30:00+00:00,2026-06-02 04:35:00+00:00,2026-06-02 05:35:00+00:00,71037.99,70610.03,-0.006024382165092268,-0.006024382165092268,12,fixed_12b_exit,False,out_of_sample,12,60,no_cost,0.0,0.9881773126183193,1.0020248886250516,-0.013819592870326303
dhv_buy60_signal,8154,8155,8167,2026-06-05 07:30:00+00:00,2026-06-05 07:35:00+00:00,2026-06-05 08:35:00+00:00,62768.0,62533.31,-0.003739007137394834,-0.003739007137394834,12,fixed_12b_exit,False,out_of_sample,12,60,no_cost,0.0,0.9844825105934277,1.0020248886250516,-0.017506928451343162
dhv_cvd_positive_signal,44,45,48,2026-05-08 03:40:00+00:00,2026-05-08 03:45:00+00:00,2026-05-08 04:00:00+00:00,79590.25,79621.49,0.0003925103891495585,-0.0008074896108504416,3,fixed_3b_exit,False,out_of_sample,3,15,base_cost,0.0012000000000000001,0.9991925103891496,0.9991925103891496,0.0
dhv_cvd_positive_signal,1647,1648,1651,2026-05-13 17:15:00+00:00,2026-05-13 17:20:00+00:00,2026-05-13 17:35:00+00:00,79300.0,79356.61,0.0007138713745271641,-0.000486128625472836,3,fixed_3b_exit,False,out_of_sample,3,15,base_cost,0.0012000000000000001,0.9987067743074913,0.9991925103891496,-0.00048612862547281477
dhv_cvd_positive_signal,1652,1653,1656,2026-05-13 17:40:00+00:00,2026-05-13 17:45:00+00:00,2026-05-13 18:00:00+00:00,79454.05,79525.93,0.0009046738334923532,-0.0002953261665076469,3,fixed_3b_exit,False,out_of_sample,3,15,base_cost,0.0012000000000000001,0.99841183006437,0.9991925103891496,-0.0007813112254770882
dhv_cvd_positive_signal,1657,1658,1661,2026-05-13 18:05:00+00:00,2026-05-13 18:10:00+00:00,2026-05-13 18:25:00+00:00,79606.3,79767.98,0.002030995034312477,0.0008309950343124771,3,fixed_3b_exit,True,out_of_sample,3,15,base_cost,0.0012000000000000001,0.9992415053373522,0.9992415053373522,0.0
dhv_cvd_positive_signal,3074,3075,3078,2026-05-18 16:10:00+00:00,2026-05-18 16:15:00+00:00,2026-05-18 16:30:00+00:00,76605.67,76383.9,-0.0028949554256232357,-0.004094955425623235,3,fixed_3b_exit,False,out_of_sample,3,15,base_cost,0.0012000000000000001,0.9951496559135631,0.9992415053373522,-0.004094955425623215
dhv_cvd_positive_signal,4234,4235,4238,2026-05-22 16:50:00+00:00,2026-05-22 16:55:00+00:00,2026-05-22 17:10:00+00:00,76950.68,76962.78,0.00015724357471569306,-0.001042756425284307,3,fixed_3b_exit,False,out_of_sample,3,15,base_cost,0.0012000000000000001,0.9941119572157397,0.9992415053373522,-0.0051334418098262224
dhv_cvd_positive_signal,4800,4801,4804,2026-05-24 16:00:00+00:00,2026-05-24 16:05:00+00:00,2026-05-24 16:20:00+00:00,76584.45,76611.08,0.0003477207187621012,-0.0008522792812378989,3,fixed_3b_exit,False,out_of_sample,3,15,base_cost,0.0012000000000000001,0.9932646961913739,0.9992415053373522,-0.005981345964968243
dhv_cvd_positive_signal,5655,5656,5659,2026-05-27 15:15:00+00:00,2026-05-27 15:20:00+00:00,2026-05-27 15:35:00+00:00,75399.88,75394.0,-7.79842089935201e-05,-0.0012779842089935202,3,fixed_3b_exit,False,out_of_sample,3,15,base_cost,0.0012000000000000001,0.9919953195942907,0.9992415053373522,-0.0072516861082698725
dhv_cvd_positive_signal,5700,5701,5704,2026-05-27 19:00:00+00:00,2026-05-27 19:05:00+00:00,2026-05-27 19:20:00+00:00,75012.01,75084.25,0.0009630457842684237,-0.00023695421573157642,3,fixed_3b_exit,False,out_of_sample,3,15,base_cost,0.0012000000000000001,0.9917602621213268,0.9992415053373522,-0.007486922006406882
dhv_cvd_positive_signal,6228,6229,6232,2026-05-29 15:00:00+00:00,2026-05-29 15:05:00+00:00,2026-05-29 15:20:00+00:00,73663.04,73602.0,-0.0008286380795579085,-0.0020286380795579086,3,fixed_3b_exit,False,out_of_sample,3,15,base_cost,0.0012000000000000001,0.9897483394877952,0.9992415053373522,-0.009500371830883925
dhv_cvd_positive_signal,6809,6810,6813,2026-05-31 15:25:00+00:00,2026-05-31 15:30:00+00:00,2026-05-31 15:45:00+00:00,73752.23,73647.01,-0.0014266687258134292,-0.0026266687258134293,3,fixed_3b_exit,False,out_of_sample,3,15,base_cost,0.0012000000000000001,0.9871485984780368,0.9992415053373522,-0.012102086227125608
dhv_cvd_positive_signal,6834,6835,6838,2026-05-31 17:30:00+00:00,2026-05-31 17:35:00+00:00,2026-05-31 17:50:00+00:00,73717.94,73699.66,-0.0002479722032384668,-0.001447972203238467,3,fixed_3b_exit,False,out_of_sample,3,15,base_cost,0.0012000000000000001,0.9857192347469749,0.9992415053373522,-0.013532534945905894
dhv_cvd_positive_signal,7019,7020,7023,2026-06-01 08:55:00+00:00,2026-06-01 09:00:00+00:00,2026-06-01 09:15:00+00:00,72966.16,72993.78,0.00037853163713141846,-0.0008214683628685816,3,fixed_3b_exit,False,out_of_sample,3,15,base_cost,0.0012000000000000001,0.9849094975809592,0.9992415053373522,-0.014342886759446949
dhv_cvd_positive_signal,7254,7255,7258,2026-06-02 04:30:00+00:00,2026-06-02 04:35:00+00:00,2026-06-02 04:50:00+00:00,71037.99,70900.01,-0.0019423409924747004,-0.0031423409924747005,3,fixed_3b_exit,False,out_of_sample,3,15,base_cost,0.0012000000000000001,0.981814576092833,0.9992415053373522,-0.017440157510906995
dhv_cvd_positive_signal,7491,7492,7495,2026-06-03 00:15:00+00:00,2026-06-03 00:20:00+00:00,2026-06-03 00:35:00+00:00,66884.37,67049.42,0.0024676916295989226,0.0012676916295989225,3,fixed_3b_exit,True,out_of_sample,3,15,base_cost,0.0012000000000000001,0.983059214212764,0.9992415053373522,-0.016194574623003666
dhv_cvd_positive_signal,8153,8154,8157,2026-06-05 07:25:00+00:00,2026-06-05 07:30:00+00:00,2026-06-05 07:45:00+00:00,62445.84,62850.01,0.006472328661124571,0.0052723286611245715,3,fixed_3b_exit,True,out_of_sample,3,15,base_cost,0.0012000000000000001,0.9882422254834404,0.9992415053373522,-0.011007629081818737
dhv_cvd_positive_signal,44,45,48,2026-05-08 03:40:00+00:00,2026-05-08 03:45:00+00:00,2026-05-08 04:00:00+00:00,79590.25,79621.49,0.0003925103891495585,0.0003925103891495585,3,fixed_3b_exit,True,out_of_sample,3,15,no_cost,0.0,1.0003925103891496,1.0003925103891496,0.0
dhv_cvd_positive_signal,1647,1648,1651,2026-05-13 17:15:00+00:00,2026-05-13 17:20:00+00:00,2026-05-13 17:35:00+00:00,79300.0,79356.61,0.0007138713745271641,0.0007138713745271641,3,fixed_3b_exit,True,out_of_sample,3,15,no_cost,0.0,1.0011066619656077,1.0011066619656077,0.0
dhv_cvd_positive_signal,1652,1653,1656,2026-05-13 17:40:00+00:00,2026-05-13 17:45:00+00:00,2026-05-13 18:00:00+00:00,79454.05,79525.93,0.0009046738334923532,0.0009046738334923532,3,fixed_3b_exit,True,out_of_sample,3,15,no_cost,0.0,1.002012336967223,1.002012336967223,0.0
dhv_cvd_positive_signal,1657,1658,1661,2026-05-13 18:05:00+00:00,2026-05-13 18:10:00+00:00,2026-05-13 18:25:00+00:00,79606.3,79767.98,0.002030995034312477,0.002030995034312477,3,fixed_3b_exit,True,out_of_sample,3,15,no_cost,0.0,1.0040474190479232,1.0040474190479232,0.0
dhv_cvd_positive_signal,3074,3075,3078,2026-05-18 16:10:00+00:00,2026-05-18 16:15:00+00:00,2026-05-18 16:30:00+00:00,76605.67,76383.9,-0.0028949554256232357,-0.0028949554256232357,3,fixed_3b_exit,False,out_of_sample,3,15,no_cost,0.0,1.0011407465245674,1.0040474190479232,-0.0028949554256232357
dhv_cvd_positive_signal,4234,4235,4238,2026-05-22 16:50:00+00:00,2026-05-22 16:55:00+00:00,2026-05-22 17:10:00+00:00,76950.68,76962.78,0.00015724357471569306,0.00015724357471569306,3,fixed_3b_exit,True,out_of_sample,3,15,no_cost,0.0,1.0012981694743446,1.0040474190479232,-0.00273816706404717
dhv_cvd_positive_signal,4800,4801,4804,2026-05-24 16:00:00+00:00,2026-05-24 16:05:00+00:00,2026-05-24 16:20:00+00:00,76584.45,76611.08,0.0003477207187621012,0.0003477207187621012,3,fixed_3b_exit,True,out_of_sample,3,15,no_cost,0.0,1.0016463415935293,1.0040474190479232,-0.0023913984627047524
dhv_cvd_positive_signal,5655,5656,5659,2026-05-27 15:15:00+00:00,2026-05-27 15:20:00+00:00,2026-05-27 15:35:00+00:00,75399.88,75394.0,-7.79842089935201e-05,-7.79842089935201e-05,3,fixed_3b_exit,False,out_of_sample,3,15,no_cost,0.0,1.001568228995889,1.0040474190479232,-0.0024691961803806617
dhv_cvd_positive_signal,5700,5701,5704,2026-05-27 19:00:00+00:00,2026-05-27 19:05:00+00:00,2026-05-27 19:20:00+00:00,75012.01,75084.25,0.0009630457842684237,0.0009630457842684237,3,fixed_3b_exit,True,out_of_sample,3,15,no_cost,0.0,1.0025327850564807,1.0040474190479232,-0.0015085283450841924
dhv_cvd_positive_signal,6228,6229,6232,2026-05-29 15:00:00+00:00,2026-05-29 15:05:00+00:00,2026-05-29 15:20:00+00:00,73663.04,73602.0,-0.0008286380795579085,-0.0008286380795579085,3,fixed_3b_exit,False,out_of_sample,3,15,no_cost,0.0,1.0017020482147776,1.0040474190479232,-0.002335916400611371
dhv_cvd_positive_signal,6809,6810,6813,2026-05-31 15:25:00+00:00,2026-05-31 15:30:00+00:00,2026-05-31 15:45:00+00:00,73752.23,73647.01,-0.0014266687258134292,-0.0014266687258134292,3,fixed_3b_exit,False,out_of_sample,3,15,no_cost,0.0,1.0002729512300064,1.0040474190479232,-0.0037592525475499405
dhv_cvd_positive_signal,6834,6835,6838,2026-05-31 17:30:00+00:00,2026-05-31 17:35:00+00:00,2026-05-31 17:50:00+00:00,73717.94,73699.66,-0.0002479722032384668,-0.0002479722032384668,3,fixed_3b_exit,False,out_of_sample,3,15,no_cost,0.0,1.00002491134245,1.0040474190479232,-0.004006292560651659
dhv_cvd_positive_signal,7019,7020,7023,2026-06-01 08:55:00+00:00,2026-06-01 09:00:00+00:00,2026-06-01 09:15:00+00:00,72966.16,72993.78,0.00037853163713141846,0.00037853163713141846,3,fixed_3b_exit,True,out_of_sample,3,15,no_cost,0.0,1.0004034524093126,1.0040474190479232,-0.0036292774320020316
dhv_cvd_positive_signal,7254,7255,7258,2026-06-02 04:30:00+00:00,2026-06-02 04:35:00+00:00,2026-06-02 04:50:00+00:00,71037.99,70900.01,-0.0019423409924747004,-0.0019423409924747004,3,fixed_3b_exit,False,out_of_sample,3,15,no_cost,0.0,0.9984603277746847,1.0040474190479232,-0.005564569130147579
dhv_cvd_positive_signal,7491,7492,7495,2026-06-03 00:15:00+00:00,2026-06-03 00:20:00+00:00,2026-06-03 00:35:00+00:00,66884.37,67049.42,0.0024676916295989226,0.0024676916295989226,3,fixed_3b_exit,True,out_of_sample,3,15,no_cost,0.0,1.0009242199680208,1.0040474190479232,-0.0031106091412135273
dhv_cvd_positive_signal,8153,8154,8157,2026-06-05 07:25:00+00:00,2026-06-05 07:30:00+00:00,2026-06-05 07:45:00+00:00,62445.84,62850.01,0.006472328661124571,0.006472328661124571,3,fixed_3b_exit,True,out_of_sample,3,15,no_cost,0.0,1.0074025304845335,1.0074025304845335,0.0
dhv_cvd_positive_signal,44,45,51,2026-05-08 03:40:00+00:00,2026-05-08 03:45:00+00:00,2026-05-08 04:15:00+00:00,79590.25,79726.1,0.001706867361266129,0.0005068673612661288,6,fixed_6b_exit,True,out_of_sample,6,30,base_cost,0.0012000000000000001,1.000506867361266,1.000506867361266,0.0
dhv_cvd_positive_signal,1647,1648,1654,2026-05-13 17:15:00+00:00,2026-05-13 17:20:00+00:00,2026-05-13 17:50:00+00:00,79300.0,79466.06,0.0020940731399747836,0.0008940731399747835,6,fixed_6b_exit,True,out_of_sample,6,30,base_cost,0.0012000000000000001,1.001401393677734,1.001401393677734,0.0
dhv_cvd_positive_signal,1657,1658,1664,2026-05-13 18:05:00+00:00,2026-05-13 18:10:00+00:00,2026-05-13 18:40:00+00:00,79606.3,79647.29,0.0005149089958960129,-0.0006850910041039872,6,fixed_6b_exit,False,out_of_sample,6,30,base_cost,0.0012000000000000001,1.0007153425914281,1.001401393677734,-0.000685091004103966
dhv_cvd_positive_signal,3074,3075,3081,2026-05-18 16:10:00+00:00,2026-05-18 16:15:00+00:00,2026-05-18 16:45:00+00:00,76605.67,76434.07,-0.002240043067308073,-0.003440043067308073,6,fixed_6b_exit,False,out_of_sample,6,30,base_cost,0.0012000000000000001,0.9972728387147977,1.001401393677734,-0.004122777328852911
dhv_cvd_positive_signal,4234,4235,4241,2026-05-22 16:50:00+00:00,2026-05-22 16:55:00+00:00,2026-05-22 17:25:00+00:00,76950.68,77060.14,0.0014224695610227656,0.00022246956102276545,6,fixed_6b_exit,True,out_of_sample,6,30,base_cost,0.0012000000000000001,0.9974947015654464,1.001401393677734,-0.0039012249602927707
dhv_cvd_positive_signal,4800,4801,4807,2026-05-24 16:00:00+00:00,2026-05-24 16:05:00+00:00,2026-05-24 16:35:00+00:00,76584.45,76515.19,-0.0009043611333631185,-0.0021043611333631186,6,fixed_6b_exit,False,out_of_sample,6,30,base_cost,0.0012000000000000001,0.9953956124847364,1.001401393677734,-0.005997376507477004
dhv_cvd_positive_signal,5655,5656,5662,2026-05-27 15:15:00+00:00,2026-05-27 15:20:00+00:00,2026-05-27 15:50:00+00:00,75399.88,75276.15,-0.0016409840440065881,-0.0028409840440065883,6,fixed_6b_exit,False,out_of_sample,6,30,base_cost,0.0012000000000000001,0.9925677094321931,1.001401393677734,-0.008821322100520002
dhv_cvd_positive_signal,5700,5701,5707,2026-05-27 19:00:00+00:00,2026-05-27 19:05:00+00:00,2026-05-27 19:35:00+00:00,75012.01,75054.01,0.0005599103396909388,-0.0006400896603090613,6,fixed_6b_exit,False,out_of_sample,6,30,base_cost,0.0012000000000000001,0.9919323771042289,1.001401393677734,-0.009455765323762244
dhv_cvd_positive_signal,6228,6229,6235,2026-05-29 15:00:00+00:00,2026-05-29 15:05:00+00:00,2026-05-29 15:35:00+00:00,73663.04,74110.93,0.006080254086717085,0.0048802540867170854,6,fixed_6b_exit,True,out_of_sample,6,30,base_cost,0.0012000000000000001,0.9967732591413387,1.001401393677734,-0.004621657774409482
dhv_cvd_positive_signal,6809,6810,6816,2026-05-31 15:25:00+00:00,2026-05-31 15:30:00+00:00,2026-05-31 16:00:00+00:00,73752.23,73688.99,-0.0008574655979892709,-0.002057465597989271,6,fixed_6b_exit,False,out_of_sample,6,30,base_cost,0.0012000000000000001,0.9947224324516598,1.001401393677734,-0.006669614470522278
dhv_cvd_positive_signal,6834,6835,6841,2026-05-31 17:30:00+00:00,2026-05-31 17:35:00+00:00,2026-05-31 18:05:00+00:00,73717.94,73632.87,-0.0011539931799505743,-0.0023539931799505744,6,fixed_6b_exit,False,out_of_sample,6,30,base_cost,0.0012000000000000001,0.9923808626297248,1.001401393677734,-0.00900790742349622
dhv_cvd_positive_signal,7019,7020,7026,2026-06-01 08:55:00+00:00,2026-06-01 09:00:00+00:00,2026-06-01 09:30:00+00:00,72966.16,72993.64,0.0003766129394775497,-0.0008233870605224504,6,fixed_6b_exit,False,out_of_sample,6,30,base_cost,0.0012000000000000001,0.9915637490683255,1.001401393677734,-0.009823877489603783
dhv_cvd_positive_signal,7254,7255,7261,2026-06-02 04:30:00+00:00,2026-06-02 04:35:00+00:00,2026-06-02 05:05:00+00:00,71037.99,70682.01,-0.005011121513995742,-0.006211121513995742,6,fixed_6b_exit,False,out_of_sample,6,30,base_cost,0.0012000000000000001,0.985405026133989,1.001401393677734,-0.01597398170677289
dhv_cvd_positive_signal,7491,7492,7498,2026-06-03 00:15:00+00:00,2026-06-03 00:20:00+00:00,2026-06-03 00:50:00+00:00,66884.37,67024.59,0.002096453924885555,0.000896453924885555,6,fixed_6b_exit,True,out_of_sample,6,30,base_cost,0.0012000000000000001,0.9862883963372686,1.001401393677734,-0.015091847720484552
dhv_cvd_positive_signal,8153,8154,8160,2026-06-05 07:25:00+00:00,2026-06-05 07:30:00+00:00,2026-06-05 08:00:00+00:00,62445.84,62873.96,0.006855861014921194,0.005655861014921194,6,fixed_6b_exit,True,out_of_sample,6,30,base_cost,0.0012000000000000001,0.9918667064275817,1.001401393677734,-0.009521344098728735
dhv_cvd_positive_signal,44,45,51,2026-05-08 03:40:00+00:00,2026-05-08 03:45:00+00:00,2026-05-08 04:15:00+00:00,79590.25,79726.1,0.001706867361266129,0.001706867361266129,6,fixed_6b_exit,True,out_of_sample,6,30,no_cost,0.0,1.0017068673612661,1.0017068673612661,0.0
dhv_cvd_positive_signal,1647,1648,1654,2026-05-13 17:15:00+00:00,2026-05-13 17:20:00+00:00,2026-05-13 17:50:00+00:00,79300.0,79466.06,0.0020940731399747836,0.0020940731399747836,6,fixed_6b_exit,True,out_of_sample,6,30,no_cost,0.0,1.0038045148063357,1.0038045148063357,0.0
dhv_cvd_positive_signal,1657,1658,1664,2026-05-13 18:05:00+00:00,2026-05-13 18:10:00+00:00,2026-05-13 18:40:00+00:00,79606.3,79647.29,0.0005149089958960129,0.0005149089958960129,6,fixed_6b_exit,True,out_of_sample,6,30,no_cost,0.0,1.0043213827811306,1.0043213827811306,0.0
dhv_cvd_positive_signal,3074,3075,3081,2026-05-18 16:10:00+00:00,2026-05-18 16:15:00+00:00,2026-05-18 16:45:00+00:00,76605.67,76434.07,-0.002240043067308073,-0.002240043067308073,6,fixed_6b_exit,False,out_of_sample,6,30,no_cost,0.0,1.0020716596302826,1.0043213827811306,-0.002240043067307962
dhv_cvd_positive_signal,4234,4235,4241,2026-05-22 16:50:00+00:00,2026-05-22 16:55:00+00:00,2026-05-22 17:25:00+00:00,76950.68,77060.14,0.0014224695610227656,0.0014224695610227656,6,fixed_6b_exit,True,out_of_sample,6,30,no_cost,0.0,1.0034970760640702,1.0043213827811306,-0.0008207598993638099
dhv_cvd_positive_signal,4800,4801,4807,2026-05-24 16:00:00+00:00,2026-05-24 16:05:00+00:00,2026-05-24 16:35:00+00:00,76584.45,76515.19,-0.0009043611333631185,-0.0009043611333631185,6,fixed_6b_exit,False,out_of_sample,6,30,no_cost,0.0,1.0025895523110344,1.0043213827811306,-0.0017243787693740353
dhv_cvd_positive_signal,5655,5656,5662,2026-05-27 15:15:00+00:00,2026-05-27 15:20:00+00:00,2026-05-27 15:50:00+00:00,75399.88,75276.15,-0.0016409840440065881,-0.0016409840440065881,6,fixed_6b_exit,False,out_of_sample,6,30,no_cost,0.0,1.0009443188530043,1.0043213827811306,-0.0033625331353343
dhv_cvd_positive_signal,5700,5701,5707,2026-05-27 19:00:00+00:00,2026-05-27 19:05:00+00:00,2026-05-27 19:35:00+00:00,75012.01,75054.01,0.0005599103396909388,0.0005599103396909388,6,fixed_6b_exit,True,out_of_sample,6,30,no_cost,0.0,1.001504757926585,1.0043213827811306,-0.0028045055127133844
dhv_cvd_positive_signal,6228,6229,6235,2026-05-29 15:00:00+00:00,2026-05-29 15:05:00+00:00,2026-05-29 15:35:00+00:00,73663.04,74110.93,0.006080254086717085,0.006080254086717085,6,fixed_6b_exit,True,out_of_sample,6,30,no_cost,0.0,1.0075941613238346,1.0075941613238346,0.0
dhv_cvd_positive_signal,6809,6810,6816,2026-05-31 15:25:00+00:00,2026-05-31 15:30:00+00:00,2026-05-31 16:00:00+00:00,73752.23,73688.99,-0.0008574655979892709,-0.0008574655979892709,6,fixed_6b_exit,False,out_of_sample,6,30,no_cost,0.0,1.0067301839937646,1.0075941613238346,-0.0008574655979892709
dhv_cvd_positive_signal,6834,6835,6841,2026-05-31 17:30:00+00:00,2026-05-31 17:35:00+00:00,2026-05-31 18:05:00+00:00,73717.94,73632.87,-0.0011539931799505743,-0.0011539931799505743,6,fixed_6b_exit,False,out_of_sample,6,30,no_cost,0.0,1.0055684242273855,1.0075941613238346,-0.0020104692684876913
dhv_cvd_positive_signal,7019,7020,7026,2026-06-01 08:55:00+00:00,2026-06-01 09:00:00+00:00,2026-06-01 09:30:00+00:00,72966.16,72993.64,0.0003766129394775497,0.0003766129394775497,6,fixed_6b_exit,True,out_of_sample,6,30,no_cost,0.0,1.0059471343074795,1.0075941613238346,-0.0016346134977510696
dhv_cvd_positive_signal,7254,7255,7261,2026-06-02 04:30:00+00:00,2026-06-02 04:35:00+00:00,2026-06-02 05:05:00+00:00,71037.99,70682.01,-0.005011121513995742,-0.005011121513995742,6,fixed_6b_exit,False,out_of_sample,6,30,no_cost,0.0,1.000906210980809,1.0075941613238346,-0.006637543764881237
dhv_cvd_positive_signal,7491,7492,7498,2026-06-03 00:15:00+00:00,2026-06-03 00:20:00+00:00,2026-06-03 00:50:00+00:00,66884.37,67024.59,0.002096453924885555,0.002096453924885555,6,fixed_6b_exit,True,out_of_sample,6,30,no_cost,0.0,1.003004564735262,1.0075941613238346,-0.004555005144673219
dhv_cvd_positive_signal,8153,8154,8160,2026-06-05 07:25:00+00:00,2026-06-05 07:30:00+00:00,2026-06-05 08:00:00+00:00,62445.84,62873.96,0.006855861014921194,0.006855861014921194,6,fixed_6b_exit,True,out_of_sample,6,30,no_cost,0.0,1.0098810246284184,1.0098810246284184,0.0
dhv_cvd_positive_signal,44,45,57,2026-05-08 03:40:00+00:00,2026-05-08 03:45:00+00:00,2026-05-08 04:45:00+00:00,79590.25,79625.01,0.00043673691187051666,-0.0007632630881294834,12,fixed_12b_exit,False,out_of_sample,12,60,base_cost,0.0012000000000000001,0.9992367369118705,0.9992367369118705,0.0
dhv_cvd_positive_signal,1647,1648,1660,2026-05-13 17:15:00+00:00,2026-05-13 17:20:00+00:00,2026-05-13 18:20:00+00:00,79300.0,79774.15,0.005979192938209366,0.004779192938209366,12,fixed_12b_exit,True,out_of_sample,12,60,base_cost,0.0012000000000000001,1.0040122820685191,1.0040122820685191,0.0
dhv_cvd_positive_signal,3074,3075,3087,2026-05-18 16:10:00+00:00,2026-05-18 16:15:00+00:00,2026-05-18 17:15:00+00:00,76605.67,76662.01,0.0007354546993714184,-0.0004645453006285817,12,fixed_12b_exit,False,out_of_sample,12,60,base_cost,0.0012000000000000001,1.0035458728811109,1.0040122820685191,-0.0004645453006285605
dhv_cvd_positive_signal,4234,4235,4247,2026-05-22 16:50:00+00:00,2026-05-22 16:55:00+00:00,2026-05-22 17:55:00+00:00,76950.68,76750.0,-0.0026079041796640556,-0.0038079041796640557,12,fixed_12b_exit,False,out_of_sample,12,60,base_cost,0.0012000000000000001,0.9997244663572823,1.0040122820685191,-0.004270680536300642
dhv_cvd_positive_signal,4800,4801,4813,2026-05-24 16:00:00+00:00,2026-05-24 16:05:00+00:00,2026-05-24 17:05:00+00:00,76584.45,76706.02,0.0015873979639471347,0.0003873979639471346,12,fixed_12b_exit,True,out_of_sample,12,60,base_cost,0.0012000000000000001,1.000111757580057,1.0040122820685191,-0.0038849370252981297
dhv_cvd_positive_signal,5655,5656,5668,2026-05-27 15:15:00+00:00,2026-05-27 15:20:00+00:00,2026-05-27 16:20:00+00:00,75399.88,75063.36,-0.004463137076610835,-0.005663137076610834,12,fixed_12b_exit,False,out_of_sample,12,60,base_cost,0.0012000000000000001,0.9944479876049511,1.0040122820685191,-0.009526073171000626
dhv_cvd_positive_signal,5700,5701,5713,2026-05-27 19:00:00+00:00,2026-05-27 19:05:00+00:00,2026-05-27 20:05:00+00:00,75012.01,75271.99,0.0034658450026869847,0.0022658450026869846,12,fixed_12b_exit,True,out_of_sample,12,60,base_cost,0.0012000000000000001,0.9967012526080978,1.0040122820685191,-0.007281812773603402
dhv_cvd_positive_signal,6228,6229,6241,2026-05-29 15:00:00+00:00,2026-05-29 15:05:00+00:00,2026-05-29 16:05:00+00:00,73663.04,73900.01,0.003216945703028218,0.0020169457030282177,12,fixed_12b_exit,True,out_of_sample,12,60,base_cost,0.0012000000000000001,0.9987115449167485,1.0040122820685191,-0.005279554091559224
dhv_cvd_positive_signal,6809,6810,6822,2026-05-31 15:25:00+00:00,2026-05-31 15:30:00+00:00,2026-05-31 16:30:00+00:00,73752.23,73438.65,-0.004251803640378138,-0.0054518036403781375,12,fixed_12b_exit,False,out_of_sample,12,60,base_cost,0.0012000000000000001,0.9932667656804838,1.0040122820685191,-0.010702574639721352
dhv_cvd_positive_signal,6834,6835,6847,2026-05-31 17:30:00+00:00,2026-05-31 17:35:00+00:00,2026-05-31 18:35:00+00:00,73717.94,73667.21,-0.0006881635596436286,-0.0018881635596436287,12,fixed_12b_exit,False,out_of_sample,12,60,base_cost,0.0012000000000000001,0.9913913155685208,1.0040122820685191,-0.012570529987935952
dhv_cvd_positive_signal,7019,7020,7032,2026-06-01 08:55:00+00:00,2026-06-01 09:00:00+00:00,2026-06-01 10:00:00+00:00,72966.16,72783.15,-0.0025081489830355297,-0.00370814898303553,12,fixed_12b_exit,False,out_of_sample,12,60,base_cost,0.0012000000000000001,0.9877150888699051,1.0040122820685191,-0.016232065572980514
dhv_cvd_positive_signal,7254,7255,7267,2026-06-02 04:30:00+00:00,2026-06-02 04:35:00+00:00,2026-06-02 05:35:00+00:00,71037.99,70610.03,-0.006024382165092268,-0.007224382165092268,12,fixed_12b_exit,False,out_of_sample,12,60,base_cost,0.0012000000000000001,0.9805794575976808,1.0040122820685191,-0.02333918109304478
dhv_cvd_positive_signal,7491,7492,7504,2026-06-03 00:15:00+00:00,2026-06-03 00:20:00+00:00,2026-06-03 01:20:00+00:00,66884.37,66944.21,0.0008946783830066085,-0.0003053216169933916,12,fixed_12b_exit,False,out_of_sample,12,60,base_cost,0.0012000000000000001,0.9802800654920967,1.0040122820685191,-0.023637376753527395
dhv_cvd_positive_signal,8153,8154,8166,2026-06-05 07:25:00+00:00,2026-06-05 07:30:00+00:00,2026-06-05 08:30:00+00:00,62445.84,62702.44,0.004109160834412817,0.002909160834412817,12,fixed_12b_exit,True,out_of_sample,12,60,base_cost,0.0012000000000000001,0.9831318578653818,1.0040122820685191,-0.02079698084979431
dhv_cvd_positive_signal,44,45,57,2026-05-08 03:40:00+00:00,2026-05-08 03:45:00+00:00,2026-05-08 04:45:00+00:00,79590.25,79625.01,0.00043673691187051666,0.00043673691187051666,12,fixed_12b_exit,True,out_of_sample,12,60,no_cost,0.0,1.0004367369118705,1.0004367369118705,0.0
dhv_cvd_positive_signal,1647,1648,1660,2026-05-13 17:15:00+00:00,2026-05-13 17:20:00+00:00,2026-05-13 18:20:00+00:00,79300.0,79774.15,0.005979192938209366,0.005979192938209366,12,fixed_12b_exit,True,out_of_sample,12,60,no_cost,0.0,1.0064185411843392,1.0064185411843392,0.0
dhv_cvd_positive_signal,3074,3075,3087,2026-05-18 16:10:00+00:00,2026-05-18 16:15:00+00:00,2026-05-18 17:15:00+00:00,76605.67,76662.01,0.0007354546993714184,0.0007354546993714184,12,fixed_12b_exit,True,out_of_sample,12,60,no_cost,0.0,1.0071587164299878,1.0071587164299878,0.0
dhv_cvd_positive_signal,4234,4235,4247,2026-05-22 16:50:00+00:00,2026-05-22 16:55:00+00:00,2026-05-22 17:55:00+00:00,76950.68,76750.0,-0.0026079041796640556,-0.0026079041796640556,12,fixed_12b_exit,False,out_of_sample,12,60,no_cost,0.0,1.004532143003825,1.0071587164299878,-0.0026079041796639446
dhv_cvd_positive_signal,4800,4801,4813,2026-05-24 16:00:00+00:00,2026-05-24 16:05:00+00:00,2026-05-24 17:05:00+00:00,76584.45,76706.02,0.0015873979639471347,0.0015873979639471347,12,fixed_12b_exit,True,out_of_sample,12,60,no_cost,0.0,1.0061267352823486,1.0071587164299878,-0.0010246459975018496
dhv_cvd_positive_signal,5655,5656,5668,2026-05-27 15:15:00+00:00,2026-05-27 15:20:00+00:00,2026-05-27 16:20:00+00:00,75399.88,75063.36,-0.004463137076610835,-0.004463137076610835,12,fixed_12b_exit,False,out_of_sample,12,60,no_cost,0.0,1.0016362537463406,1.0071587164299878,-0.005483209938570877
dhv_cvd_positive_signal,5700,5701,5713,2026-05-27 19:00:00+00:00,2026-05-27 19:05:00+00:00,2026-05-27 20:05:00+00:00,75012.01,75271.99,0.0034658450026869847,0.0034658450026869847,12,fixed_12b_exit,True,out_of_sample,12,60,no_cost,0.0,1.0051077697508974,1.0071587164299878,-0.002036368891648155
dhv_cvd_positive_signal,6228,6229,6241,2026-05-29 15:00:00+00:00,2026-05-29 15:05:00+00:00,2026-05-29 16:05:00+00:00,73663.04,73900.01,0.003216945703028218,0.003216945703028218,12,fixed_12b_exit,True,out_of_sample,12,60,no_cost,0.0,1.008341146871878,1.008341146871878,0.0
dhv_cvd_positive_signal,6809,6810,6822,2026-05-31 15:25:00+00:00,2026-05-31 15:30:00+00:00,2026-05-31 16:30:00+00:00,73752.23,73438.65,-0.004251803640378138,-0.004251803640378138,12,fixed_12b_exit,False,out_of_sample,12,60,no_cost,0.0,1.004053878312865,1.008341146871878,-0.004251803640378138
dhv_cvd_positive_signal,6834,6835,6847,2026-05-31 17:30:00+00:00,2026-05-31 17:35:00+00:00,2026-05-31 18:35:00+00:00,73717.94,73667.21,-0.0006881635596436286,-0.0006881635596436286,12,fixed_12b_exit,False,out_of_sample,12,60,no_cost,0.0,1.0033629250218912,1.008341146871878,-0.004937041263693764
dhv_cvd_positive_signal,7019,7020,7032,2026-06-01 08:55:00+00:00,2026-06-01 09:00:00+00:00,2026-06-01 10:00:00+00:00,72966.16,72783.15,-0.0025081489830355297,-0.0025081489830355297,12,fixed_12b_exit,False,out_of_sample,12,60,no_cost,0.0,1.000846341321882,1.008341146871878,-0.0074328074117044896
dhv_cvd_positive_signal,7254,7255,7267,2026-06-02 04:30:00+00:00,2026-06-02 04:35:00+00:00,2026-06-02 05:35:00+00:00,71037.99,70610.03,-0.006024382165092268,-0.006024382165092268,12,fixed_12b_exit,False,out_of_sample,12,60,no_cost,0.0,0.9948168604732246,1.008341146871878,-0.013412411504389099
dhv_cvd_positive_signal,7491,7492,7504,2026-06-03 00:15:00+00:00,2026-06-03 00:20:00+00:00,2026-06-03 01:20:00+00:00,66884.37,66944.21,0.0008946783830066085,0.0008946783830066085,12,fixed_12b_exit,True,out_of_sample,12,60,no_cost,0.0,0.9957069016133405,1.008341146871878,-0.012529732916019443
dhv_cvd_positive_signal,8153,8154,8166,2026-06-05 07:25:00+00:00,2026-06-05 07:30:00+00:00,2026-06-05 08:30:00+00:00,62445.84,62702.44,0.004109160834412817,0.004109160834412817,12,fixed_12b_exit,True,out_of_sample,12,60,no_cost,0.0,0.9997984214160046,1.008341146871878,-0.00847205876937085
dhv_score4_buy60_cvdpos_signal,4234,4235,4238,2026-05-22 16:50:00+00:00,2026-05-22 16:55:00+00:00,2026-05-22 17:10:00+00:00,76950.68,76962.78,0.00015724357471569306,-0.001042756425284307,3,fixed_3b_exit,False,out_of_sample,3,15,base_cost,0.0012000000000000001,0.9989572435747157,0.9989572435747157,0.0
dhv_score4_buy60_cvdpos_signal,5656,5657,5660,2026-05-27 15:20:00+00:00,2026-05-27 15:25:00+00:00,2026-05-27 15:40:00+00:00,75352.89,75202.01,-0.002002312054653843,-0.003202312054653843,3,fixed_3b_exit,False,out_of_sample,3,15,base_cost,0.0012000000000000001,0.9957582707515327,0.9989572435747157,-0.003202312054653822
dhv_score4_buy60_cvdpos_signal,6228,6229,6232,2026-05-29 15:00:00+00:00,2026-05-29 15:05:00+00:00,2026-05-29 15:20:00+00:00,73663.04,73602.0,-0.0008286380795579085,-0.0020286380795579086,3,fixed_3b_exit,False,out_of_sample,3,15,base_cost,0.0012000000000000001,0.9937382376054514,0.9989572435747157,-0.005224453802034956
dhv_score4_buy60_cvdpos_signal,7019,7020,7023,2026-06-01 08:55:00+00:00,2026-06-01 09:00:00+00:00,2026-06-01 09:15:00+00:00,72966.16,72993.78,0.00037853163713141846,-0.0008214683628685816,3,fixed_3b_exit,False,out_of_sample,3,15,base_cost,0.0012000000000000001,0.9929219130822858,0.9989572435747157,-0.006041630441391832
dhv_score4_buy60_cvdpos_signal,8154,8155,8158,2026-06-05 07:30:00+00:00,2026-06-05 07:35:00+00:00,2026-06-05 07:50:00+00:00,62768.0,62940.52,0.002748534284986004,0.0015485342849860038,3,fixed_3b_exit,True,out_of_sample,3,15,base_cost,0.0012000000000000001,0.9944594867070076,0.9989572435747157,-0.004502451828281573
dhv_score4_buy60_cvdpos_signal,4234,4235,4238,2026-05-22 16:50:00+00:00,2026-05-22 16:55:00+00:00,2026-05-22 17:10:00+00:00,76950.68,76962.78,0.00015724357471569306,0.00015724357471569306,3,fixed_3b_exit,True,out_of_sample,3,15,no_cost,0.0,1.0001572435747157,1.0001572435747157,0.0
dhv_score4_buy60_cvdpos_signal,5656,5657,5660,2026-05-27 15:20:00+00:00,2026-05-27 15:25:00+00:00,2026-05-27 15:40:00+00:00,75352.89,75202.01,-0.002002312054653843,-0.002002312054653843,3,fixed_3b_exit,False,out_of_sample,3,15,no_cost,0.0,0.9981546166693567,1.0001572435747157,-0.002002312054653843
dhv_score4_buy60_cvdpos_signal,6228,6229,6232,2026-05-29 15:00:00+00:00,2026-05-29 15:05:00+00:00,2026-05-29 15:20:00+00:00,73663.04,73602.0,-0.0008286380795579085,-0.0008286380795579085,3,fixed_3b_exit,False,out_of_sample,3,15,no_cost,0.0,0.9973275077446979,1.0001572435747157,-0.0028292909421960832
dhv_score4_buy60_cvdpos_signal,7019,7020,7023,2026-06-01 08:55:00+00:00,2026-06-01 09:00:00+00:00,2026-06-01 09:15:00+00:00,72966.16,72993.78,0.00037853163713141846,0.00037853163713141846,3,fixed_3b_exit,True,out_of_sample,3,15,no_cost,0.0,0.9977050277589607,1.0001572435747157,-0.0024518302811968873
dhv_score4_buy60_cvdpos_signal,8154,8155,8158,2026-06-05 07:30:00+00:00,2026-06-05 07:35:00+00:00,2026-06-05 07:50:00+00:00,62768.0,62940.52,0.002748534284986004,0.002748534284986004,3,fixed_3b_exit,True,out_of_sample,3,15,no_cost,0.0,1.0004472542340592,1.0004472542340592,0.0
dhv_score4_buy60_cvdpos_signal,4234,4235,4241,2026-05-22 16:50:00+00:00,2026-05-22 16:55:00+00:00,2026-05-22 17:25:00+00:00,76950.68,77060.14,0.0014224695610227656,0.00022246956102276545,6,fixed_6b_exit,True,out_of_sample,6,30,base_cost,0.0012000000000000001,1.0002224695610227,1.0002224695610227,0.0
dhv_score4_buy60_cvdpos_signal,5656,5657,5663,2026-05-27 15:20:00+00:00,2026-05-27 15:25:00+00:00,2026-05-27 15:55:00+00:00,75352.89,75326.01,-0.00035672155374533165,-0.0015567215537453318,6,fixed_6b_exit,False,out_of_sample,6,30,base_cost,0.0012000000000000001,0.9986654016841167,1.0002224695610227,-0.0015567215537453105
dhv_score4_buy60_cvdpos_signal,6228,6229,6235,2026-05-29 15:00:00+00:00,2026-05-29 15:05:00+00:00,2026-05-29 15:35:00+00:00,73663.04,74110.93,0.006080254086717085,0.0048802540867170854,6,fixed_6b_exit,True,out_of_sample,6,30,base_cost,0.0012000000000000001,1.0035391425919484,1.0035391425919484,0.0
dhv_score4_buy60_cvdpos_signal,7019,7020,7026,2026-06-01 08:55:00+00:00,2026-06-01 09:00:00+00:00,2026-06-01 09:30:00+00:00,72966.16,72993.64,0.0003766129394775497,-0.0008233870605224504,6,fixed_6b_exit,False,out_of_sample,6,30,base_cost,0.0012000000000000001,1.0027128414472104,1.0035391425919484,-0.0008233870605224292
dhv_score4_buy60_cvdpos_signal,8154,8155,8161,2026-06-05 07:30:00+00:00,2026-06-05 07:35:00+00:00,2026-06-05 08:05:00+00:00,62768.0,62761.78,-9.909508029570802e-05,-0.0012990950802957081,6,fixed_6b_exit,False,out_of_sample,6,30,base_cost,0.0012000000000000001,1.001410222127937,1.0035391425919484,-0.0021214124827385605
dhv_score4_buy60_cvdpos_signal,4234,4235,4241,2026-05-22 16:50:00+00:00,2026-05-22 16:55:00+00:00,2026-05-22 17:25:00+00:00,76950.68,77060.14,0.0014224695610227656,0.0014224695610227656,6,fixed_6b_exit,True,out_of_sample,6,30,no_cost,0.0,1.0014224695610228,1.0014224695610228,0.0
dhv_score4_buy60_cvdpos_signal,5656,5657,5663,2026-05-27 15:20:00+00:00,2026-05-27 15:25:00+00:00,2026-05-27 15:55:00+00:00,75352.89,75326.01,-0.00035672155374533165,-0.00035672155374533165,6,fixed_6b_exit,False,out_of_sample,6,30,no_cost,0.0,1.0010652405817255,1.0014224695610228,-0.00035672155374533165
dhv_score4_buy60_cvdpos_signal,6228,6229,6235,2026-05-29 15:00:00+00:00,2026-05-29 15:05:00+00:00,2026-05-29 15:35:00+00:00,73663.04,74110.93,0.006080254086717085,0.006080254086717085,6,fixed_6b_exit,True,out_of_sample,6,30,no_cost,0.0,1.0071519716018429,1.0071519716018429,0.0
dhv_score4_buy60_cvdpos_signal,7019,7020,7026,2026-06-01 08:55:00+00:00,2026-06-01 09:00:00+00:00,2026-06-01 09:30:00+00:00,72966.16,72993.64,0.0003766129394775497,0.0003766129394775497,6,fixed_6b_exit,True,out_of_sample,6,30,no_cost,0.0,1.0075312780663686,1.0075312780663686,0.0
dhv_score4_buy60_cvdpos_signal,8154,8155,8161,2026-06-05 07:30:00+00:00,2026-06-05 07:35:00+00:00,2026-06-05 08:05:00+00:00,62768.0,62761.78,-9.909508029570802e-05,-9.909508029570802e-05,6,fixed_6b_exit,False,out_of_sample,6,30,no_cost,0.0,1.007431436673468,1.0075312780663686,-9.909508029581904e-05
dhv_score4_buy60_cvdpos_signal,4234,4235,4247,2026-05-22 16:50:00+00:00,2026-05-22 16:55:00+00:00,2026-05-22 17:55:00+00:00,76950.68,76750.0,-0.0026079041796640556,-0.0038079041796640557,12,fixed_12b_exit,False,out_of_sample,12,60,base_cost,0.0012000000000000001,0.996192095820336,0.996192095820336,0.0
dhv_score4_buy60_cvdpos_signal,5656,5657,5669,2026-05-27 15:20:00+00:00,2026-05-27 15:25:00+00:00,2026-05-27 16:25:00+00:00,75352.89,75098.01,-0.0033824847328350893,-0.004582484732835089,12,fixed_12b_exit,False,out_of_sample,12,60,base_cost,0.0012000000000000001,0.9916270607502683,0.996192095820336,-0.004582484732835068
dhv_score4_buy60_cvdpos_signal,6228,6229,6241,2026-05-29 15:00:00+00:00,2026-05-29 15:05:00+00:00,2026-05-29 16:05:00+00:00,73663.04,73900.01,0.003216945703028218,0.0020169457030282177,12,fixed_12b_exit,True,out_of_sample,12,60,base_cost,0.0012000000000000001,0.993627118689455,0.996192095820336,-0.002574781652697977
dhv_score4_buy60_cvdpos_signal,7019,7020,7032,2026-06-01 08:55:00+00:00,2026-06-01 09:00:00+00:00,2026-06-01 10:00:00+00:00,72966.16,72783.15,-0.0025081489830355297,-0.00370814898303553,12,fixed_12b_exit,False,out_of_sample,12,60,base_cost,0.0012000000000000001,0.9899426012997702,0.996192095820336,-0.006273382961766494
dhv_score4_buy60_cvdpos_signal,8154,8155,8167,2026-06-05 07:30:00+00:00,2026-06-05 07:35:00+00:00,2026-06-05 08:35:00+00:00,62768.0,62533.31,-0.003739007137394834,-0.004939007137394834,12,fixed_12b_exit,False,out_of_sample,12,60,base_cost,0.0012000000000000001,0.9850532677263394,0.996192095820336,-0.011181405815937628
dhv_score4_buy60_cvdpos_signal,4234,4235,4247,2026-05-22 16:50:00+00:00,2026-05-22 16:55:00+00:00,2026-05-22 17:55:00+00:00,76950.68,76750.0,-0.0026079041796640556,-0.0026079041796640556,12,fixed_12b_exit,False,out_of_sample,12,60,no_cost,0.0,0.9973920958203359,0.9973920958203359,0.0
dhv_score4_buy60_cvdpos_signal,5656,5657,5669,2026-05-27 15:20:00+00:00,2026-05-27 15:25:00+00:00,2026-05-27 16:25:00+00:00,75352.89,75098.01,-0.0033824847328350893,-0.0033824847328350893,12,fixed_12b_exit,False,out_of_sample,12,60,no_cost,0.0,0.9940184322835732,0.9973920958203359,-0.0033824847328350893
dhv_score4_buy60_cvdpos_signal,6228,6229,6241,2026-05-29 15:00:00+00:00,2026-05-29 15:05:00+00:00,2026-05-29 16:05:00+00:00,73663.04,73900.01,0.003216945703028218,0.003216945703028218,12,fixed_12b_exit,True,out_of_sample,12,60,no_cost,0.0,0.9972161356080387,0.9973920958203359,-0.00017642029953379712
dhv_score4_buy60_cvdpos_signal,7019,7020,7032,2026-06-01 08:55:00+00:00,2026-06-01 09:00:00+00:00,2026-06-01 10:00:00+00:00,72966.16,72783.15,-0.0025081489830355297,-0.0025081489830355297,12,fixed_12b_exit,False,out_of_sample,12,60,no_cost,0.0,0.9947149689716468,0.9973920958203359,-0.002684126794174402
dhv_score4_buy60_cvdpos_signal,8154,8155,8167,2026-06-05 07:30:00+00:00,2026-06-05 07:35:00+00:00,2026-06-05 08:35:00+00:00,62768.0,62533.31,-0.003739007137394834,-0.003739007137394834,12,fixed_12b_exit,False,out_of_sample,12,60,no_cost,0.0,0.9909957226029883,0.9973920958203359,-0.006413097962328251
dhv_score4_buy60_signal,4234,4235,4238,2026-05-22 16:50:00+00:00,2026-05-22 16:55:00+00:00,2026-05-22 17:10:00+00:00,76950.68,76962.78,0.00015724357471569306,-0.001042756425284307,3,fixed_3b_exit,False,out_of_sample,3,15,base_cost,0.0012000000000000001,0.9989572435747157,0.9989572435747157,0.0
dhv_score4_buy60_signal,5656,5657,5660,2026-05-27 15:20:00+00:00,2026-05-27 15:25:00+00:00,2026-05-27 15:40:00+00:00,75352.89,75202.01,-0.002002312054653843,-0.003202312054653843,3,fixed_3b_exit,False,out_of_sample,3,15,base_cost,0.0012000000000000001,0.9957582707515327,0.9989572435747157,-0.003202312054653822
dhv_score4_buy60_signal,6228,6229,6232,2026-05-29 15:00:00+00:00,2026-05-29 15:05:00+00:00,2026-05-29 15:20:00+00:00,73663.04,73602.0,-0.0008286380795579085,-0.0020286380795579086,3,fixed_3b_exit,False,out_of_sample,3,15,base_cost,0.0012000000000000001,0.9937382376054514,0.9989572435747157,-0.005224453802034956
dhv_score4_buy60_signal,7019,7020,7023,2026-06-01 08:55:00+00:00,2026-06-01 09:00:00+00:00,2026-06-01 09:15:00+00:00,72966.16,72993.78,0.00037853163713141846,-0.0008214683628685816,3,fixed_3b_exit,False,out_of_sample,3,15,base_cost,0.0012000000000000001,0.9929219130822858,0.9989572435747157,-0.006041630441391832
dhv_score4_buy60_signal,8154,8155,8158,2026-06-05 07:30:00+00:00,2026-06-05 07:35:00+00:00,2026-06-05 07:50:00+00:00,62768.0,62940.52,0.002748534284986004,0.0015485342849860038,3,fixed_3b_exit,True,out_of_sample,3,15,base_cost,0.0012000000000000001,0.9944594867070076,0.9989572435747157,-0.004502451828281573
dhv_score4_buy60_signal,4234,4235,4238,2026-05-22 16:50:00+00:00,2026-05-22 16:55:00+00:00,2026-05-22 17:10:00+00:00,76950.68,76962.78,0.00015724357471569306,0.00015724357471569306,3,fixed_3b_exit,True,out_of_sample,3,15,no_cost,0.0,1.0001572435747157,1.0001572435747157,0.0
dhv_score4_buy60_signal,5656,5657,5660,2026-05-27 15:20:00+00:00,2026-05-27 15:25:00+00:00,2026-05-27 15:40:00+00:00,75352.89,75202.01,-0.002002312054653843,-0.002002312054653843,3,fixed_3b_exit,False,out_of_sample,3,15,no_cost,0.0,0.9981546166693567,1.0001572435747157,-0.002002312054653843
dhv_score4_buy60_signal,6228,6229,6232,2026-05-29 15:00:00+00:00,2026-05-29 15:05:00+00:00,2026-05-29 15:20:00+00:00,73663.04,73602.0,-0.0008286380795579085,-0.0008286380795579085,3,fixed_3b_exit,False,out_of_sample,3,15,no_cost,0.0,0.9973275077446979,1.0001572435747157,-0.0028292909421960832
dhv_score4_buy60_signal,7019,7020,7023,2026-06-01 08:55:00+00:00,2026-06-01 09:00:00+00:00,2026-06-01 09:15:00+00:00,72966.16,72993.78,0.00037853163713141846,0.00037853163713141846,3,fixed_3b_exit,True,out_of_sample,3,15,no_cost,0.0,0.9977050277589607,1.0001572435747157,-0.0024518302811968873
dhv_score4_buy60_signal,8154,8155,8158,2026-06-05 07:30:00+00:00,2026-06-05 07:35:00+00:00,2026-06-05 07:50:00+00:00,62768.0,62940.52,0.002748534284986004,0.002748534284986004,3,fixed_3b_exit,True,out_of_sample,3,15,no_cost,0.0,1.0004472542340592,1.0004472542340592,0.0
dhv_score4_buy60_signal,4234,4235,4241,2026-05-22 16:50:00+00:00,2026-05-22 16:55:00+00:00,2026-05-22 17:25:00+00:00,76950.68,77060.14,0.0014224695610227656,0.00022246956102276545,6,fixed_6b_exit,True,out_of_sample,6,30,base_cost,0.0012000000000000001,1.0002224695610227,1.0002224695610227,0.0
dhv_score4_buy60_signal,5656,5657,5663,2026-05-27 15:20:00+00:00,2026-05-27 15:25:00+00:00,2026-05-27 15:55:00+00:00,75352.89,75326.01,-0.00035672155374533165,-0.0015567215537453318,6,fixed_6b_exit,False,out_of_sample,6,30,base_cost,0.0012000000000000001,0.9986654016841167,1.0002224695610227,-0.0015567215537453105
dhv_score4_buy60_signal,6228,6229,6235,2026-05-29 15:00:00+00:00,2026-05-29 15:05:00+00:00,2026-05-29 15:35:00+00:00,73663.04,74110.93,0.006080254086717085,0.0048802540867170854,6,fixed_6b_exit,True,out_of_sample,6,30,base_cost,0.0012000000000000001,1.0035391425919484,1.0035391425919484,0.0
dhv_score4_buy60_signal,7019,7020,7026,2026-06-01 08:55:00+00:00,2026-06-01 09:00:00+00:00,2026-06-01 09:30:00+00:00,72966.16,72993.64,0.0003766129394775497,-0.0008233870605224504,6,fixed_6b_exit,False,out_of_sample,6,30,base_cost,0.0012000000000000001,1.0027128414472104,1.0035391425919484,-0.0008233870605224292
dhv_score4_buy60_signal,8154,8155,8161,2026-06-05 07:30:00+00:00,2026-06-05 07:35:00+00:00,2026-06-05 08:05:00+00:00,62768.0,62761.78,-9.909508029570802e-05,-0.0012990950802957081,6,fixed_6b_exit,False,out_of_sample,6,30,base_cost,0.0012000000000000001,1.001410222127937,1.0035391425919484,-0.0021214124827385605
dhv_score4_buy60_signal,4234,4235,4241,2026-05-22 16:50:00+00:00,2026-05-22 16:55:00+00:00,2026-05-22 17:25:00+00:00,76950.68,77060.14,0.0014224695610227656,0.0014224695610227656,6,fixed_6b_exit,True,out_of_sample,6,30,no_cost,0.0,1.0014224695610228,1.0014224695610228,0.0
dhv_score4_buy60_signal,5656,5657,5663,2026-05-27 15:20:00+00:00,2026-05-27 15:25:00+00:00,2026-05-27 15:55:00+00:00,75352.89,75326.01,-0.00035672155374533165,-0.00035672155374533165,6,fixed_6b_exit,False,out_of_sample,6,30,no_cost,0.0,1.0010652405817255,1.0014224695610228,-0.00035672155374533165
dhv_score4_buy60_signal,6228,6229,6235,2026-05-29 15:00:00+00:00,2026-05-29 15:05:00+00:00,2026-05-29 15:35:00+00:00,73663.04,74110.93,0.006080254086717085,0.006080254086717085,6,fixed_6b_exit,True,out_of_sample,6,30,no_cost,0.0,1.0071519716018429,1.0071519716018429,0.0
dhv_score4_buy60_signal,7019,7020,7026,2026-06-01 08:55:00+00:00,2026-06-01 09:00:00+00:00,2026-06-01 09:30:00+00:00,72966.16,72993.64,0.0003766129394775497,0.0003766129394775497,6,fixed_6b_exit,True,out_of_sample,6,30,no_cost,0.0,1.0075312780663686,1.0075312780663686,0.0
dhv_score4_buy60_signal,8154,8155,8161,2026-06-05 07:30:00+00:00,2026-06-05 07:35:00+00:00,2026-06-05 08:05:00+00:00,62768.0,62761.78,-9.909508029570802e-05,-9.909508029570802e-05,6,fixed_6b_exit,False,out_of_sample,6,30,no_cost,0.0,1.007431436673468,1.0075312780663686,-9.909508029581904e-05
dhv_score4_buy60_signal,4234,4235,4247,2026-05-22 16:50:00+00:00,2026-05-22 16:55:00+00:00,2026-05-22 17:55:00+00:00,76950.68,76750.0,-0.0026079041796640556,-0.0038079041796640557,12,fixed_12b_exit,False,out_of_sample,12,60,base_cost,0.0012000000000000001,0.996192095820336,0.996192095820336,0.0
dhv_score4_buy60_signal,5656,5657,5669,2026-05-27 15:20:00+00:00,2026-05-27 15:25:00+00:00,2026-05-27 16:25:00+00:00,75352.89,75098.01,-0.0033824847328350893,-0.004582484732835089,12,fixed_12b_exit,False,out_of_sample,12,60,base_cost,0.0012000000000000001,0.9916270607502683,0.996192095820336,-0.004582484732835068
dhv_score4_buy60_signal,6228,6229,6241,2026-05-29 15:00:00+00:00,2026-05-29 15:05:00+00:00,2026-05-29 16:05:00+00:00,73663.04,73900.01,0.003216945703028218,0.0020169457030282177,12,fixed_12b_exit,True,out_of_sample,12,60,base_cost,0.0012000000000000001,0.993627118689455,0.996192095820336,-0.002574781652697977
dhv_score4_buy60_signal,7019,7020,7032,2026-06-01 08:55:00+00:00,2026-06-01 09:00:00+00:00,2026-06-01 10:00:00+00:00,72966.16,72783.15,-0.0025081489830355297,-0.00370814898303553,12,fixed_12b_exit,False,out_of_sample,12,60,base_cost,0.0012000000000000001,0.9899426012997702,0.996192095820336,-0.006273382961766494
dhv_score4_buy60_signal,8154,8155,8167,2026-06-05 07:30:00+00:00,2026-06-05 07:35:00+00:00,2026-06-05 08:35:00+00:00,62768.0,62533.31,-0.003739007137394834,-0.004939007137394834,12,fixed_12b_exit,False,out_of_sample,12,60,base_cost,0.0012000000000000001,0.9850532677263394,0.996192095820336,-0.011181405815937628
dhv_score4_buy60_signal,4234,4235,4247,2026-05-22 16:50:00+00:00,2026-05-22 16:55:00+00:00,2026-05-22 17:55:00+00:00,76950.68,76750.0,-0.0026079041796640556,-0.0026079041796640556,12,fixed_12b_exit,False,out_of_sample,12,60,no_cost,0.0,0.9973920958203359,0.9973920958203359,0.0
dhv_score4_buy60_signal,5656,5657,5669,2026-05-27 15:20:00+00:00,2026-05-27 15:25:00+00:00,2026-05-27 16:25:00+00:00,75352.89,75098.01,-0.0033824847328350893,-0.0033824847328350893,12,fixed_12b_exit,False,out_of_sample,12,60,no_cost,0.0,0.9940184322835732,0.9973920958203359,-0.0033824847328350893
dhv_score4_buy60_signal,6228,6229,6241,2026-05-29 15:00:00+00:00,2026-05-29 15:05:00+00:00,2026-05-29 16:05:00+00:00,73663.04,73900.01,0.003216945703028218,0.003216945703028218,12,fixed_12b_exit,True,out_of_sample,12,60,no_cost,0.0,0.9972161356080387,0.9973920958203359,-0.00017642029953379712
dhv_score4_buy60_signal,7019,7020,7032,2026-06-01 08:55:00+00:00,2026-06-01 09:00:00+00:00,2026-06-01 10:00:00+00:00,72966.16,72783.15,-0.0025081489830355297,-0.0025081489830355297,12,fixed_12b_exit,False,out_of_sample,12,60,no_cost,0.0,0.9947149689716468,0.9973920958203359,-0.002684126794174402
dhv_score4_buy60_signal,8154,8155,8167,2026-06-05 07:30:00+00:00,2026-06-05 07:35:00+00:00,2026-06-05 08:35:00+00:00,62768.0,62533.31,-0.003739007137394834,-0.003739007137394834,12,fixed_12b_exit,False,out_of_sample,12,60,no_cost,0.0,0.9909957226029883,0.9973920958203359,-0.006413097962328251
dhv_score4_signal,1647,1648,1651,2026-05-13 17:15:00+00:00,2026-05-13 17:20:00+00:00,2026-05-13 17:35:00+00:00,79300.0,79356.61,0.0007138713745271641,-0.000486128625472836,3,fixed_3b_exit,False,out_of_sample,3,15,base_cost,0.0012000000000000001,0.9995138713745272,0.9995138713745272,0.0
dhv_score4_signal,4234,4235,4238,2026-05-22 16:50:00+00:00,2026-05-22 16:55:00+00:00,2026-05-22 17:10:00+00:00,76950.68,76962.78,0.00015724357471569306,-0.001042756425284307,3,fixed_3b_exit,False,out_of_sample,3,15,base_cost,0.0012000000000000001,0.9984716218629907,0.9995138713745272,-0.0010427564252842858
dhv_score4_signal,4800,4801,4804,2026-05-24 16:00:00+00:00,2026-05-24 16:05:00+00:00,2026-05-24 16:20:00+00:00,76584.45,76611.08,0.0003477207187621012,-0.0008522792812378989,3,fixed_3b_exit,False,out_of_sample,3,15,base_cost,0.0012000000000000001,0.9976206451867728,0.9995138713745272,-0.0018941469868254401
dhv_score4_signal,5656,5657,5660,2026-05-27 15:20:00+00:00,2026-05-27 15:25:00+00:00,2026-05-27 15:40:00+00:00,75352.89,75202.01,-0.002002312054653843,-0.003202312054653843,3,fixed_3b_exit,False,out_of_sample,3,15,base_cost,0.0012000000000000001,0.9944259525687197,0.9995138713745272,-0.005090393391750103
dhv_score4_signal,6228,6229,6232,2026-05-29 15:00:00+00:00,2026-05-29 15:05:00+00:00,2026-05-29 15:20:00+00:00,73663.04,73602.0,-0.0008286380795579085,-0.0020286380795579086,3,fixed_3b_exit,False,out_of_sample,3,15,base_cost,0.0012000000000000001,0.9924086222140381,0.9995138713745272,-0.007108704905433583
dhv_score4_signal,7019,7020,7023,2026-06-01 08:55:00+00:00,2026-06-01 09:00:00+00:00,2026-06-01 09:15:00+00:00,72966.16,72993.78,0.00037853163713141846,-0.0008214683628685816,3,fixed_3b_exit,False,out_of_sample,3,15,base_cost,0.0012000000000000001,0.9915933899278513,0.9995138713745272,-0.007924333692121421
dhv_score4_signal,8154,8155,8158,2026-06-05 07:30:00+00:00,2026-06-05 07:35:00+00:00,2026-06-05 07:50:00+00:00,62768.0,62940.52,0.002748534284986004,0.0015485342849860038,3,fixed_3b_exit,True,out_of_sample,3,15,base_cost,0.0012000000000000001,0.9931289062889199,0.9995138713745272,-0.006388070509543486
dhv_score4_signal,1647,1648,1651,2026-05-13 17:15:00+00:00,2026-05-13 17:20:00+00:00,2026-05-13 17:35:00+00:00,79300.0,79356.61,0.0007138713745271641,0.0007138713745271641,3,fixed_3b_exit,True,out_of_sample,3,15,no_cost,0.0,1.0007138713745272,1.0007138713745272,0.0
dhv_score4_signal,4234,4235,4238,2026-05-22 16:50:00+00:00,2026-05-22 16:55:00+00:00,2026-05-22 17:10:00+00:00,76950.68,76962.78,0.00015724357471569306,0.00015724357471569306,3,fixed_3b_exit,True,out_of_sample,3,15,no_cost,0.0,1.0008712272009297,1.0008712272009297,0.0
dhv_score4_signal,4800,4801,4804,2026-05-24 16:00:00+00:00,2026-05-24 16:05:00+00:00,2026-05-24 16:20:00+00:00,76584.45,76611.08,0.0003477207187621012,0.0003477207187621012,3,fixed_3b_exit,True,out_of_sample,3,15,no_cost,0.0,1.0012192508634403,1.0012192508634403,0.0
dhv_score4_signal,5656,5657,5660,2026-05-27 15:20:00+00:00,2026-05-27 15:25:00+00:00,2026-05-27 15:40:00+00:00,75352.89,75202.01,-0.002002312054653843,-0.002002312054653843,3,fixed_3b_exit,False,out_of_sample,3,15,no_cost,0.0,0.999214497488085,1.0012192508634403,-0.002002312054653843
dhv_score4_signal,6228,6229,6232,2026-05-29 15:00:00+00:00,2026-05-29 15:05:00+00:00,2026-05-29 15:20:00+00:00,73663.04,73602.0,-0.0008286380795579085,-0.0008286380795579085,3,fixed_3b_exit,False,out_of_sample,3,15,no_cost,0.0,0.99838651030582,1.0012192508634403,-0.0028292909421960832
dhv_score4_signal,7019,7020,7023,2026-06-01 08:55:00+00:00,2026-06-01 09:00:00+00:00,2026-06-01 09:15:00+00:00,72966.16,72993.78,0.00037853163713141846,0.00037853163713141846,3,fixed_3b_exit,True,out_of_sample,3,15,no_cost,0.0,0.9987644311860561,1.0012192508634403,-0.0024518302811968873
dhv_score4_signal,8154,8155,8158,2026-06-05 07:30:00+00:00,2026-06-05 07:35:00+00:00,2026-06-05 07:50:00+00:00,62768.0,62940.52,0.002748534284986004,0.002748534284986004,3,fixed_3b_exit,True,out_of_sample,3,15,no_cost,0.0,1.0015095694677956,1.0015095694677956,0.0
dhv_score4_signal,1647,1648,1654,2026-05-13 17:15:00+00:00,2026-05-13 17:20:00+00:00,2026-05-13 17:50:00+00:00,79300.0,79466.06,0.0020940731399747836,0.0008940731399747835,6,fixed_6b_exit,True,out_of_sample,6,30,base_cost,0.0012000000000000001,1.0008940731399747,1.0008940731399747,0.0
dhv_score4_signal,4234,4235,4241,2026-05-22 16:50:00+00:00,2026-05-22 16:55:00+00:00,2026-05-22 17:25:00+00:00,76950.68,77060.14,0.0014224695610227656,0.00022246956102276545,6,fixed_6b_exit,True,out_of_sample,6,30,base_cost,0.0012000000000000001,1.0011167416050564,1.0011167416050564,0.0
dhv_score4_signal,4800,4801,4807,2026-05-24 16:00:00+00:00,2026-05-24 16:05:00+00:00,2026-05-24 16:35:00+00:00,76584.45,76515.19,-0.0009043611333631185,-0.0021043611333631186,6,fixed_6b_exit,False,out_of_sample,6,30,base_cost,0.0012000000000000001,0.9990100304440636,1.0011167416050564,-0.0021043611333630974
dhv_score4_signal,5656,5657,5663,2026-05-27 15:20:00+00:00,2026-05-27 15:25:00+00:00,2026-05-27 15:55:00+00:00,75352.89,75326.01,-0.00035672155374533165,-0.0015567215537453318,6,fixed_6b_exit,False,out_of_sample,6,30,base_cost,0.0012000000000000001,0.9974548499972635,1.0011167416050564,-0.0036578067827752747
dhv_score4_signal,6228,6229,6235,2026-05-29 15:00:00+00:00,2026-05-29 15:05:00+00:00,2026-05-29 15:35:00+00:00,73663.04,74110.93,0.006080254086717085,0.0048802540867170854,6,fixed_6b_exit,True,out_of_sample,6,30,base_cost,0.0012000000000000001,1.0023226831052783,1.0023226831052783,0.0
dhv_score4_signal,7019,7020,7026,2026-06-01 08:55:00+00:00,2026-06-01 09:00:00+00:00,2026-06-01 09:30:00+00:00,72966.16,72993.64,0.0003766129394775497,-0.0008233870605224504,6,fixed_6b_exit,False,out_of_sample,6,30,base_cost,0.0012000000000000001,1.0014973835775414,1.0023226831052783,-0.0008233870605223181
dhv_score4_signal,8154,8155,8161,2026-06-05 07:30:00+00:00,2026-06-05 07:35:00+00:00,2026-06-05 08:05:00+00:00,62768.0,62761.78,-9.909508029570802e-05,-0.0012990950802957081,6,fixed_6b_exit,False,out_of_sample,6,30,base_cost,0.0012000000000000001,1.0001963432536067,1.0023226831052783,-0.0021214124827385605
dhv_score4_signal,1647,1648,1654,2026-05-13 17:15:00+00:00,2026-05-13 17:20:00+00:00,2026-05-13 17:50:00+00:00,79300.0,79466.06,0.0020940731399747836,0.0020940731399747836,6,fixed_6b_exit,True,out_of_sample,6,30,no_cost,0.0,1.0020940731399748,1.0020940731399748,0.0
dhv_score4_signal,4234,4235,4241,2026-05-22 16:50:00+00:00,2026-05-22 16:55:00+00:00,2026-05-22 17:25:00+00:00,76950.68,77060.14,0.0014224695610227656,0.0014224695610227656,6,fixed_6b_exit,True,out_of_sample,6,30,no_cost,0.0,1.0035195214562977,1.0035195214562977,0.0
dhv_score4_signal,4800,4801,4807,2026-05-24 16:00:00+00:00,2026-05-24 16:05:00+00:00,2026-05-24 16:35:00+00:00,76584.45,76515.19,-0.0009043611333631185,-0.0009043611333631185,6,fixed_6b_exit,False,out_of_sample,6,30,no_cost,0.0,1.0026119774045215,1.0035195214562977,-0.0009043611333632295
dhv_score4_signal,5656,5657,5663,2026-05-27 15:20:00+00:00,2026-05-27 15:25:00+00:00,2026-05-27 15:55:00+00:00,75352.89,75326.01,-0.00035672155374533165,-0.00035672155374533165,6,fixed_6b_exit,False,out_of_sample,6,30,no_cost,0.0,1.002254324102138,1.0035195214562977,-0.0012607600819999343
dhv_score4_signal,6228,6229,6235,2026-05-29 15:00:00+00:00,2026-05-29 15:05:00+00:00,2026-05-29 15:35:00+00:00,73663.04,74110.93,0.006080254086717085,0.006080254086717085,6,fixed_6b_exit,True,out_of_sample,6,30,no_cost,0.0,1.0083482850521899,1.0083482850521899,0.0
dhv_score4_signal,7019,7020,7026,2026-06-01 08:55:00+00:00,2026-06-01 09:00:00+00:00,2026-06-01 09:30:00+00:00,72966.16,72993.64,0.0003766129394775497,0.0003766129394775497,6,fixed_6b_exit,True,out_of_sample,6,30,no_cost,0.0,1.0087280420638405,1.0087280420638405,0.0
dhv_score4_signal,8154,8155,8161,2026-06-05 07:30:00+00:00,2026-06-05 07:35:00+00:00,2026-06-05 08:05:00+00:00,62768.0,62761.78,-9.909508029570802e-05,-9.909508029570802e-05,6,fixed_6b_exit,False,out_of_sample,6,30,no_cost,0.0,1.0086280820775155,1.0087280420638405,-9.909508029581904e-05
dhv_score4_signal,1647,1648,1660,2026-05-13 17:15:00+00:00,2026-05-13 17:20:00+00:00,2026-05-13 18:20:00+00:00,79300.0,79774.15,0.005979192938209366,0.004779192938209366,12,fixed_12b_exit,True,out_of_sample,12,60,base_cost,0.0012000000000000001,1.0047791929382093,1.0047791929382093,0.0
dhv_score4_signal,4234,4235,4247,2026-05-22 16:50:00+00:00,2026-05-22 16:55:00+00:00,2026-05-22 17:55:00+00:00,76950.68,76750.0,-0.0026079041796640556,-0.0038079041796640557,12,fixed_12b_exit,False,out_of_sample,12,60,base_cost,0.0012000000000000001,1.0009530900497805,1.0047791929382093,-0.0038079041796639235
dhv_score4_signal,4800,4801,4813,2026-05-24 16:00:00+00:00,2026-05-24 16:05:00+00:00,2026-05-24 17:05:00+00:00,76584.45,76706.02,0.0015873979639471347,0.0003873979639471346,12,fixed_12b_exit,True,out_of_sample,12,60,base_cost,0.0012000000000000001,1.0013408572388722,1.0047791929382093,-0.0034219813900430163
dhv_score4_signal,5656,5657,5669,2026-05-27 15:20:00+00:00,2026-05-27 15:25:00+00:00,2026-05-27 16:25:00+00:00,75352.89,75098.01,-0.0033824847328350893,-0.004582484732835089,12,fixed_12b_exit,False,out_of_sample,12,60,base_cost,0.0012000000000000001,0.9967522280482111,1.0047791929382093,-0.007988784945402227
dhv_score4_signal,6228,6229,6241,2026-05-29 15:00:00+00:00,2026-05-29 15:05:00+00:00,2026-05-29 16:05:00+00:00,73663.04,73900.01,0.003216945703028218,0.0020169457030282177,12,fixed_12b_exit,True,out_of_sample,12,60,base_cost,0.0012000000000000001,0.9987626231715566,1.0047791929382093,-0.005987952187842205
dhv_score4_signal,7019,7020,7032,2026-06-01 08:55:00+00:00,2026-06-01 09:00:00+00:00,2026-06-01 10:00:00+00:00,72966.16,72783.15,-0.0025081489830355297,-0.00370814898303553,12,fixed_12b_exit,False,out_of_sample,12,60,base_cost,0.0012000000000000001,0.9950590625661492,1.0047791929382093,-0.009673896952061889
dhv_score4_signal,8154,8155,8167,2026-06-05 07:30:00+00:00,2026-06-05 07:35:00+00:00,2026-06-05 08:35:00+00:00,62768.0,62533.31,-0.003739007137394834,-0.004939007137394834,12,fixed_12b_exit,False,out_of_sample,12,60,base_cost,0.0012000000000000001,0.9901444587540056,1.0047791929382093,-0.014565124643364014
dhv_score4_signal,1647,1648,1660,2026-05-13 17:15:00+00:00,2026-05-13 17:20:00+00:00,2026-05-13 18:20:00+00:00,79300.0,79774.15,0.005979192938209366,0.005979192938209366,12,fixed_12b_exit,True,out_of_sample,12,60,no_cost,0.0,1.0059791929382094,1.0059791929382094,0.0
dhv_score4_signal,4234,4235,4247,2026-05-22 16:50:00+00:00,2026-05-22 16:55:00+00:00,2026-05-22 17:55:00+00:00,76950.68,76750.0,-0.0026079041796640556,-0.0026079041796640556,12,fixed_12b_exit,False,out_of_sample,12,60,no_cost,0.0,1.0033556955962908,1.0059791929382094,-0.0026079041796640556
dhv_score4_signal,4800,4801,4813,2026-05-24 16:00:00+00:00,2026-05-24 16:05:00+00:00,2026-05-24 17:05:00+00:00,76584.45,76706.02,0.0015873979639471347,0.0015873979639471347,12,fixed_12b_exit,True,out_of_sample,12,60,no_cost,0.0,1.004948420384595,1.0059791929382094,-0.0010246459975018496
dhv_score4_signal,5656,5657,5669,2026-05-27 15:20:00+00:00,2026-05-27 15:25:00+00:00,2026-05-27 16:25:00+00:00,75352.89,75098.01,-0.0033824847328350893,-0.0033824847328350893,12,fixed_12b_exit,False,out_of_sample,12,60,no_cost,0.0,1.0015491976953574,1.0059791929382094,-0.004403664880893832
dhv_score4_signal,6228,6229,6241,2026-05-29 15:00:00+00:00,2026-05-29 15:05:00+00:00,2026-05-29 16:05:00+00:00,73663.04,73900.01,0.003216945703028218,0.003216945703028218,12,fixed_12b_exit,True,out_of_sample,12,60,no_cost,0.0,1.004771127083255,1.0059791929382094,-0.0012008855286818054
dhv_score4_signal,7019,7020,7032,2026-06-01 08:55:00+00:00,2026-06-01 09:00:00+00:00,2026-06-01 10:00:00+00:00,72966.16,72783.15,-0.0025081489830355297,-0.0025081489830355297,12,fixed_12b_exit,False,out_of_sample,12,60,no_cost,0.0,1.0022510114026775,1.0059791929382094,-0.003706022511899887
dhv_score4_signal,8154,8155,8167,2026-06-05 07:30:00+00:00,2026-06-05 07:35:00+00:00,2026-06-05 08:35:00+00:00,62768.0,62533.31,-0.003739007137394834,-0.003739007137394834,12,fixed_12b_exit,False,out_of_sample,12,60,no_cost,0.0,0.9985035877175816,1.0059791929382094,-0.0074311728046714265
downtrend_highvol_forced_cover_signal,44,45,48,2026-05-08 03:40:00+00:00,2026-05-08 03:45:00+00:00,2026-05-08 04:00:00+00:00,79590.25,79621.49,0.0003925103891495585,-0.0008074896108504416,3,fixed_3b_exit,False,out_of_sample,3,15,base_cost,0.0012000000000000001,0.9991925103891496,0.9991925103891496,0.0
downtrend_highvol_forced_cover_signal,1647,1648,1651,2026-05-13 17:15:00+00:00,2026-05-13 17:20:00+00:00,2026-05-13 17:35:00+00:00,79300.0,79356.61,0.0007138713745271641,-0.000486128625472836,3,fixed_3b_exit,False,out_of_sample,3,15,base_cost,0.0012000000000000001,0.9987067743074913,0.9991925103891496,-0.00048612862547281477
downtrend_highvol_forced_cover_signal,1652,1653,1656,2026-05-13 17:40:00+00:00,2026-05-13 17:45:00+00:00,2026-05-13 18:00:00+00:00,79454.05,79525.93,0.0009046738334923532,-0.0002953261665076469,3,fixed_3b_exit,False,out_of_sample,3,15,base_cost,0.0012000000000000001,0.99841183006437,0.9991925103891496,-0.0007813112254770882
downtrend_highvol_forced_cover_signal,1657,1658,1661,2026-05-13 18:05:00+00:00,2026-05-13 18:10:00+00:00,2026-05-13 18:25:00+00:00,79606.3,79767.98,0.002030995034312477,0.0008309950343124771,3,fixed_3b_exit,True,out_of_sample,3,15,base_cost,0.0012000000000000001,0.9992415053373522,0.9992415053373522,0.0
downtrend_highvol_forced_cover_signal,3074,3075,3078,2026-05-18 16:10:00+00:00,2026-05-18 16:15:00+00:00,2026-05-18 16:30:00+00:00,76605.67,76383.9,-0.0028949554256232357,-0.004094955425623235,3,fixed_3b_exit,False,out_of_sample,3,15,base_cost,0.0012000000000000001,0.9951496559135631,0.9992415053373522,-0.004094955425623215
downtrend_highvol_forced_cover_signal,4234,4235,4238,2026-05-22 16:50:00+00:00,2026-05-22 16:55:00+00:00,2026-05-22 17:10:00+00:00,76950.68,76962.78,0.00015724357471569306,-0.001042756425284307,3,fixed_3b_exit,False,out_of_sample,3,15,base_cost,0.0012000000000000001,0.9941119572157397,0.9992415053373522,-0.0051334418098262224
downtrend_highvol_forced_cover_signal,4800,4801,4804,2026-05-24 16:00:00+00:00,2026-05-24 16:05:00+00:00,2026-05-24 16:20:00+00:00,76584.45,76611.08,0.0003477207187621012,-0.0008522792812378989,3,fixed_3b_exit,False,out_of_sample,3,15,base_cost,0.0012000000000000001,0.9932646961913739,0.9992415053373522,-0.005981345964968243
downtrend_highvol_forced_cover_signal,5655,5656,5659,2026-05-27 15:15:00+00:00,2026-05-27 15:20:00+00:00,2026-05-27 15:35:00+00:00,75399.88,75394.0,-7.79842089935201e-05,-0.0012779842089935202,3,fixed_3b_exit,False,out_of_sample,3,15,base_cost,0.0012000000000000001,0.9919953195942907,0.9992415053373522,-0.0072516861082698725
downtrend_highvol_forced_cover_signal,5700,5701,5704,2026-05-27 19:00:00+00:00,2026-05-27 19:05:00+00:00,2026-05-27 19:20:00+00:00,75012.01,75084.25,0.0009630457842684237,-0.00023695421573157642,3,fixed_3b_exit,False,out_of_sample,3,15,base_cost,0.0012000000000000001,0.9917602621213268,0.9992415053373522,-0.007486922006406882
downtrend_highvol_forced_cover_signal,6228,6229,6232,2026-05-29 15:00:00+00:00,2026-05-29 15:05:00+00:00,2026-05-29 15:20:00+00:00,73663.04,73602.0,-0.0008286380795579085,-0.0020286380795579086,3,fixed_3b_exit,False,out_of_sample,3,15,base_cost,0.0012000000000000001,0.9897483394877952,0.9992415053373522,-0.009500371830883925
downtrend_highvol_forced_cover_signal,6809,6810,6813,2026-05-31 15:25:00+00:00,2026-05-31 15:30:00+00:00,2026-05-31 15:45:00+00:00,73752.23,73647.01,-0.0014266687258134292,-0.0026266687258134293,3,fixed_3b_exit,False,out_of_sample,3,15,base_cost,0.0012000000000000001,0.9871485984780368,0.9992415053373522,-0.012102086227125608
downtrend_highvol_forced_cover_signal,6834,6835,6838,2026-05-31 17:30:00+00:00,2026-05-31 17:35:00+00:00,2026-05-31 17:50:00+00:00,73717.94,73699.66,-0.0002479722032384668,-0.001447972203238467,3,fixed_3b_exit,False,out_of_sample,3,15,base_cost,0.0012000000000000001,0.9857192347469749,0.9992415053373522,-0.013532534945905894
downtrend_highvol_forced_cover_signal,7019,7020,7023,2026-06-01 08:55:00+00:00,2026-06-01 09:00:00+00:00,2026-06-01 09:15:00+00:00,72966.16,72993.78,0.00037853163713141846,-0.0008214683628685816,3,fixed_3b_exit,False,out_of_sample,3,15,base_cost,0.0012000000000000001,0.9849094975809592,0.9992415053373522,-0.014342886759446949
downtrend_highvol_forced_cover_signal,7113,7114,7117,2026-06-01 16:45:00+00:00,2026-06-01 16:50:00+00:00,2026-06-01 17:05:00+00:00,71426.15,71564.02,0.001930245435320499,0.0007302454353204989,3,fixed_3b_exit,True,out_of_sample,3,15,base_cost,0.0012000000000000001,0.9856287232457714,0.9992415053373522,-0.013623115151711995
downtrend_highvol_forced_cover_signal,7254,7255,7258,2026-06-02 04:30:00+00:00,2026-06-02 04:35:00+00:00,2026-06-02 04:50:00+00:00,71037.99,70900.01,-0.0019423409924747004,-0.0031423409924747005,3,fixed_3b_exit,False,out_of_sample,3,15,base_cost,0.0012000000000000001,0.9825315417053557,0.9992415053373522,-0.01672264767100029
downtrend_highvol_forced_cover_signal,7491,7492,7495,2026-06-03 00:15:00+00:00,2026-06-03 00:20:00+00:00,2026-06-03 00:35:00+00:00,66884.37,67049.42,0.0024676916295989226,0.0012676916295989225,3,fixed_3b_exit,True,out_of_sample,3,15,base_cost,0.0012000000000000001,0.9837770887165924,0.9992415053373522,-0.015476155201878727
downtrend_highvol_forced_cover_signal,8153,8154,8157,2026-06-05 07:25:00+00:00,2026-06-05 07:30:00+00:00,2026-06-05 07:45:00+00:00,62445.84,62850.01,0.006472328661124571,0.0052723286611245715,3,fixed_3b_exit,True,out_of_sample,3,15,base_cost,0.0012000000000000001,0.9889638848575905,0.9992415053373522,-0.010285421917389237
downtrend_highvol_forced_cover_signal,44,45,48,2026-05-08 03:40:00+00:00,2026-05-08 03:45:00+00:00,2026-05-08 04:00:00+00:00,79590.25,79621.49,0.0003925103891495585,0.0003925103891495585,3,fixed_3b_exit,True,out_of_sample,3,15,no_cost,0.0,1.0003925103891496,1.0003925103891496,0.0
downtrend_highvol_forced_cover_signal,1647,1648,1651,2026-05-13 17:15:00+00:00,2026-05-13 17:20:00+00:00,2026-05-13 17:35:00+00:00,79300.0,79356.61,0.0007138713745271641,0.0007138713745271641,3,fixed_3b_exit,True,out_of_sample,3,15,no_cost,0.0,1.0011066619656077,1.0011066619656077,0.0
downtrend_highvol_forced_cover_signal,1652,1653,1656,2026-05-13 17:40:00+00:00,2026-05-13 17:45:00+00:00,2026-05-13 18:00:00+00:00,79454.05,79525.93,0.0009046738334923532,0.0009046738334923532,3,fixed_3b_exit,True,out_of_sample,3,15,no_cost,0.0,1.002012336967223,1.002012336967223,0.0
downtrend_highvol_forced_cover_signal,1657,1658,1661,2026-05-13 18:05:00+00:00,2026-05-13 18:10:00+00:00,2026-05-13 18:25:00+00:00,79606.3,79767.98,0.002030995034312477,0.002030995034312477,3,fixed_3b_exit,True,out_of_sample,3,15,no_cost,0.0,1.0040474190479232,1.0040474190479232,0.0
downtrend_highvol_forced_cover_signal,3074,3075,3078,2026-05-18 16:10:00+00:00,2026-05-18 16:15:00+00:00,2026-05-18 16:30:00+00:00,76605.67,76383.9,-0.0028949554256232357,-0.0028949554256232357,3,fixed_3b_exit,False,out_of_sample,3,15,no_cost,0.0,1.0011407465245674,1.0040474190479232,-0.0028949554256232357
downtrend_highvol_forced_cover_signal,4234,4235,4238,2026-05-22 16:50:00+00:00,2026-05-22 16:55:00+00:00,2026-05-22 17:10:00+00:00,76950.68,76962.78,0.00015724357471569306,0.00015724357471569306,3,fixed_3b_exit,True,out_of_sample,3,15,no_cost,0.0,1.0012981694743446,1.0040474190479232,-0.00273816706404717
downtrend_highvol_forced_cover_signal,4800,4801,4804,2026-05-24 16:00:00+00:00,2026-05-24 16:05:00+00:00,2026-05-24 16:20:00+00:00,76584.45,76611.08,0.0003477207187621012,0.0003477207187621012,3,fixed_3b_exit,True,out_of_sample,3,15,no_cost,0.0,1.0016463415935293,1.0040474190479232,-0.0023913984627047524
downtrend_highvol_forced_cover_signal,5655,5656,5659,2026-05-27 15:15:00+00:00,2026-05-27 15:20:00+00:00,2026-05-27 15:35:00+00:00,75399.88,75394.0,-7.79842089935201e-05,-7.79842089935201e-05,3,fixed_3b_exit,False,out_of_sample,3,15,no_cost,0.0,1.001568228995889,1.0040474190479232,-0.0024691961803806617
downtrend_highvol_forced_cover_signal,5700,5701,5704,2026-05-27 19:00:00+00:00,2026-05-27 19:05:00+00:00,2026-05-27 19:20:00+00:00,75012.01,75084.25,0.0009630457842684237,0.0009630457842684237,3,fixed_3b_exit,True,out_of_sample,3,15,no_cost,0.0,1.0025327850564807,1.0040474190479232,-0.0015085283450841924
downtrend_highvol_forced_cover_signal,6228,6229,6232,2026-05-29 15:00:00+00:00,2026-05-29 15:05:00+00:00,2026-05-29 15:20:00+00:00,73663.04,73602.0,-0.0008286380795579085,-0.0008286380795579085,3,fixed_3b_exit,False,out_of_sample,3,15,no_cost,0.0,1.0017020482147776,1.0040474190479232,-0.002335916400611371
downtrend_highvol_forced_cover_signal,6809,6810,6813,2026-05-31 15:25:00+00:00,2026-05-31 15:30:00+00:00,2026-05-31 15:45:00+00:00,73752.23,73647.01,-0.0014266687258134292,-0.0014266687258134292,3,fixed_3b_exit,False,out_of_sample,3,15,no_cost,0.0,1.0002729512300064,1.0040474190479232,-0.0037592525475499405
downtrend_highvol_forced_cover_signal,6834,6835,6838,2026-05-31 17:30:00+00:00,2026-05-31 17:35:00+00:00,2026-05-31 17:50:00+00:00,73717.94,73699.66,-0.0002479722032384668,-0.0002479722032384668,3,fixed_3b_exit,False,out_of_sample,3,15,no_cost,0.0,1.00002491134245,1.0040474190479232,-0.004006292560651659
downtrend_highvol_forced_cover_signal,7019,7020,7023,2026-06-01 08:55:00+00:00,2026-06-01 09:00:00+00:00,2026-06-01 09:15:00+00:00,72966.16,72993.78,0.00037853163713141846,0.00037853163713141846,3,fixed_3b_exit,True,out_of_sample,3,15,no_cost,0.0,1.0004034524093126,1.0040474190479232,-0.0036292774320020316
downtrend_highvol_forced_cover_signal,7113,7114,7117,2026-06-01 16:45:00+00:00,2026-06-01 16:50:00+00:00,2026-06-01 17:05:00+00:00,71426.15,71564.02,0.001930245435320499,0.001930245435320499,3,fixed_3b_exit,True,out_of_sample,3,15,no_cost,0.0,1.0023344766068045,1.0040474190479232,-0.0017060373928782235
downtrend_highvol_forced_cover_signal,7254,7255,7258,2026-06-02 04:30:00+00:00,2026-06-02 04:35:00+00:00,2026-06-02 04:50:00+00:00,71037.99,70900.01,-0.0019423409924747004,-0.0019423409924747004,3,fixed_3b_exit,False,out_of_sample,3,15,no_cost,0.0,1.0003876012647204,1.0040474190479232,-0.003645064678990173
downtrend_highvol_forced_cover_signal,7491,7492,7495,2026-06-03 00:15:00+00:00,2026-06-03 00:20:00+00:00,2026-06-03 00:35:00+00:00,66884.37,67049.42,0.0024676916295989226,0.0024676916295989226,3,fixed_3b_exit,True,out_of_sample,3,15,no_cost,0.0,1.002856249374716,1.0040474190479232,-0.001186367944988831
downtrend_highvol_forced_cover_signal,8153,8154,8157,2026-06-05 07:25:00+00:00,2026-06-05 07:30:00+00:00,2026-06-05 07:45:00+00:00,62445.84,62850.01,0.006472328661124571,0.006472328661124571,3,fixed_3b_exit,True,out_of_sample,3,15,no_cost,0.0,1.0093470646205318,1.0093470646205318,0.0
downtrend_highvol_forced_cover_signal,44,45,51,2026-05-08 03:40:00+00:00,2026-05-08 03:45:00+00:00,2026-05-08 04:15:00+00:00,79590.25,79726.1,0.001706867361266129,0.0005068673612661288,6,fixed_6b_exit,True,out_of_sample,6,30,base_cost,0.0012000000000000001,1.000506867361266,1.000506867361266,0.0
downtrend_highvol_forced_cover_signal,1647,1648,1654,2026-05-13 17:15:00+00:00,2026-05-13 17:20:00+00:00,2026-05-13 17:50:00+00:00,79300.0,79466.06,0.0020940731399747836,0.0008940731399747835,6,fixed_6b_exit,True,out_of_sample,6,30,base_cost,0.0012000000000000001,1.001401393677734,1.001401393677734,0.0
downtrend_highvol_forced_cover_signal,1657,1658,1664,2026-05-13 18:05:00+00:00,2026-05-13 18:10:00+00:00,2026-05-13 18:40:00+00:00,79606.3,79647.29,0.0005149089958960129,-0.0006850910041039872,6,fixed_6b_exit,False,out_of_sample,6,30,base_cost,0.0012000000000000001,1.0007153425914281,1.001401393677734,-0.000685091004103966
downtrend_highvol_forced_cover_signal,3074,3075,3081,2026-05-18 16:10:00+00:00,2026-05-18 16:15:00+00:00,2026-05-18 16:45:00+00:00,76605.67,76434.07,-0.002240043067308073,-0.003440043067308073,6,fixed_6b_exit,False,out_of_sample,6,30,base_cost,0.0012000000000000001,0.9972728387147977,1.001401393677734,-0.004122777328852911
downtrend_highvol_forced_cover_signal,4234,4235,4241,2026-05-22 16:50:00+00:00,2026-05-22 16:55:00+00:00,2026-05-22 17:25:00+00:00,76950.68,77060.14,0.0014224695610227656,0.00022246956102276545,6,fixed_6b_exit,True,out_of_sample,6,30,base_cost,0.0012000000000000001,0.9974947015654464,1.001401393677734,-0.0039012249602927707
downtrend_highvol_forced_cover_signal,4800,4801,4807,2026-05-24 16:00:00+00:00,2026-05-24 16:05:00+00:00,2026-05-24 16:35:00+00:00,76584.45,76515.19,-0.0009043611333631185,-0.0021043611333631186,6,fixed_6b_exit,False,out_of_sample,6,30,base_cost,0.0012000000000000001,0.9953956124847364,1.001401393677734,-0.005997376507477004
downtrend_highvol_forced_cover_signal,5655,5656,5662,2026-05-27 15:15:00+00:00,2026-05-27 15:20:00+00:00,2026-05-27 15:50:00+00:00,75399.88,75276.15,-0.0016409840440065881,-0.0028409840440065883,6,fixed_6b_exit,False,out_of_sample,6,30,base_cost,0.0012000000000000001,0.9925677094321931,1.001401393677734,-0.008821322100520002
downtrend_highvol_forced_cover_signal,5700,5701,5707,2026-05-27 19:00:00+00:00,2026-05-27 19:05:00+00:00,2026-05-27 19:35:00+00:00,75012.01,75054.01,0.0005599103396909388,-0.0006400896603090613,6,fixed_6b_exit,False,out_of_sample,6,30,base_cost,0.0012000000000000001,0.9919323771042289,1.001401393677734,-0.009455765323762244
downtrend_highvol_forced_cover_signal,6228,6229,6235,2026-05-29 15:00:00+00:00,2026-05-29 15:05:00+00:00,2026-05-29 15:35:00+00:00,73663.04,74110.93,0.006080254086717085,0.0048802540867170854,6,fixed_6b_exit,True,out_of_sample,6,30,base_cost,0.0012000000000000001,0.9967732591413387,1.001401393677734,-0.004621657774409482
downtrend_highvol_forced_cover_signal,6809,6810,6816,2026-05-31 15:25:00+00:00,2026-05-31 15:30:00+00:00,2026-05-31 16:00:00+00:00,73752.23,73688.99,-0.0008574655979892709,-0.002057465597989271,6,fixed_6b_exit,False,out_of_sample,6,30,base_cost,0.0012000000000000001,0.9947224324516598,1.001401393677734,-0.006669614470522278
downtrend_highvol_forced_cover_signal,6834,6835,6841,2026-05-31 17:30:00+00:00,2026-05-31 17:35:00+00:00,2026-05-31 18:05:00+00:00,73717.94,73632.87,-0.0011539931799505743,-0.0023539931799505744,6,fixed_6b_exit,False,out_of_sample,6,30,base_cost,0.0012000000000000001,0.9923808626297248,1.001401393677734,-0.00900790742349622
downtrend_highvol_forced_cover_signal,7019,7020,7026,2026-06-01 08:55:00+00:00,2026-06-01 09:00:00+00:00,2026-06-01 09:30:00+00:00,72966.16,72993.64,0.0003766129394775497,-0.0008233870605224504,6,fixed_6b_exit,False,out_of_sample,6,30,base_cost,0.0012000000000000001,0.9915637490683255,1.001401393677734,-0.009823877489603783
downtrend_highvol_forced_cover_signal,7113,7114,7120,2026-06-01 16:45:00+00:00,2026-06-01 16:50:00+00:00,2026-06-01 17:20:00+00:00,71426.15,71545.68,0.0016734767308612675,0.00047347673086126736,6,fixed_6b_exit,True,out_of_sample,6,30,base_cost,0.0012000000000000001,0.9920332314306748,1.001401393677734,-0.00935505213614074
downtrend_highvol_forced_cover_signal,7254,7255,7261,2026-06-02 04:30:00+00:00,2026-06-02 04:35:00+00:00,2026-06-02 05:05:00+00:00,71037.99,70682.01,-0.005011121513995742,-0.006211121513995742,6,fixed_6b_exit,False,out_of_sample,6,30,base_cost,0.0012000000000000001,0.985871592484337,1.001401393677734,-0.015508068284549092
downtrend_highvol_forced_cover_signal,7491,7492,7498,2026-06-03 00:15:00+00:00,2026-06-03 00:20:00+00:00,2026-06-03 00:50:00+00:00,66884.37,67024.59,0.002096453924885555,0.000896453924885555,6,fixed_6b_exit,True,out_of_sample,6,30,base_cost,0.0012000000000000001,0.9867553809428526,1.001401393677734,-0.01462551662834477
downtrend_highvol_forced_cover_signal,8153,8154,8160,2026-06-05 07:25:00+00:00,2026-06-05 07:30:00+00:00,2026-06-05 08:00:00+00:00,62445.84,62873.96,0.006855861014921194,0.005655861014921194,6,fixed_6b_exit,True,out_of_sample,6,30,base_cost,0.0012000000000000001,0.992336332233191,1.001401393677734,-0.009052375502744958
downtrend_highvol_forced_cover_signal,44,45,51,2026-05-08 03:40:00+00:00,2026-05-08 03:45:00+00:00,2026-05-08 04:15:00+00:00,79590.25,79726.1,0.001706867361266129,0.001706867361266129,6,fixed_6b_exit,True,out_of_sample,6,30,no_cost,0.0,1.0017068673612661,1.0017068673612661,0.0
downtrend_highvol_forced_cover_signal,1647,1648,1654,2026-05-13 17:15:00+00:00,2026-05-13 17:20:00+00:00,2026-05-13 17:50:00+00:00,79300.0,79466.06,0.0020940731399747836,0.0020940731399747836,6,fixed_6b_exit,True,out_of_sample,6,30,no_cost,0.0,1.0038045148063357,1.0038045148063357,0.0
downtrend_highvol_forced_cover_signal,1657,1658,1664,2026-05-13 18:05:00+00:00,2026-05-13 18:10:00+00:00,2026-05-13 18:40:00+00:00,79606.3,79647.29,0.0005149089958960129,0.0005149089958960129,6,fixed_6b_exit,True,out_of_sample,6,30,no_cost,0.0,1.0043213827811306,1.0043213827811306,0.0
downtrend_highvol_forced_cover_signal,3074,3075,3081,2026-05-18 16:10:00+00:00,2026-05-18 16:15:00+00:00,2026-05-18 16:45:00+00:00,76605.67,76434.07,-0.002240043067308073,-0.002240043067308073,6,fixed_6b_exit,False,out_of_sample,6,30,no_cost,0.0,1.0020716596302826,1.0043213827811306,-0.002240043067307962
downtrend_highvol_forced_cover_signal,4234,4235,4241,2026-05-22 16:50:00+00:00,2026-05-22 16:55:00+00:00,2026-05-22 17:25:00+00:00,76950.68,77060.14,0.0014224695610227656,0.0014224695610227656,6,fixed_6b_exit,True,out_of_sample,6,30,no_cost,0.0,1.0034970760640702,1.0043213827811306,-0.0008207598993638099
downtrend_highvol_forced_cover_signal,4800,4801,4807,2026-05-24 16:00:00+00:00,2026-05-24 16:05:00+00:00,2026-05-24 16:35:00+00:00,76584.45,76515.19,-0.0009043611333631185,-0.0009043611333631185,6,fixed_6b_exit,False,out_of_sample,6,30,no_cost,0.0,1.0025895523110344,1.0043213827811306,-0.0017243787693740353
downtrend_highvol_forced_cover_signal,5655,5656,5662,2026-05-27 15:15:00+00:00,2026-05-27 15:20:00+00:00,2026-05-27 15:50:00+00:00,75399.88,75276.15,-0.0016409840440065881,-0.0016409840440065881,6,fixed_6b_exit,False,out_of_sample,6,30,no_cost,0.0,1.0009443188530043,1.0043213827811306,-0.0033625331353343
downtrend_highvol_forced_cover_signal,5700,5701,5707,2026-05-27 19:00:00+00:00,2026-05-27 19:05:00+00:00,2026-05-27 19:35:00+00:00,75012.01,75054.01,0.0005599103396909388,0.0005599103396909388,6,fixed_6b_exit,True,out_of_sample,6,30,no_cost,0.0,1.001504757926585,1.0043213827811306,-0.0028045055127133844
downtrend_highvol_forced_cover_signal,6228,6229,6235,2026-05-29 15:00:00+00:00,2026-05-29 15:05:00+00:00,2026-05-29 15:35:00+00:00,73663.04,74110.93,0.006080254086717085,0.006080254086717085,6,fixed_6b_exit,True,out_of_sample,6,30,no_cost,0.0,1.0075941613238346,1.0075941613238346,0.0
downtrend_highvol_forced_cover_signal,6809,6810,6816,2026-05-31 15:25:00+00:00,2026-05-31 15:30:00+00:00,2026-05-31 16:00:00+00:00,73752.23,73688.99,-0.0008574655979892709,-0.0008574655979892709,6,fixed_6b_exit,False,out_of_sample,6,30,no_cost,0.0,1.0067301839937646,1.0075941613238346,-0.0008574655979892709
downtrend_highvol_forced_cover_signal,6834,6835,6841,2026-05-31 17:30:00+00:00,2026-05-31 17:35:00+00:00,2026-05-31 18:05:00+00:00,73717.94,73632.87,-0.0011539931799505743,-0.0011539931799505743,6,fixed_6b_exit,False,out_of_sample,6,30,no_cost,0.0,1.0055684242273855,1.0075941613238346,-0.0020104692684876913
downtrend_highvol_forced_cover_signal,7019,7020,7026,2026-06-01 08:55:00+00:00,2026-06-01 09:00:00+00:00,2026-06-01 09:30:00+00:00,72966.16,72993.64,0.0003766129394775497,0.0003766129394775497,6,fixed_6b_exit,True,out_of_sample,6,30,no_cost,0.0,1.0059471343074795,1.0075941613238346,-0.0016346134977510696
downtrend_highvol_forced_cover_signal,7113,7114,7120,2026-06-01 16:45:00+00:00,2026-06-01 16:50:00+00:00,2026-06-01 17:20:00+00:00,71426.15,71545.68,0.0016734767308612675,0.0016734767308612675,6,fixed_6b_exit,True,out_of_sample,6,30,no_cost,0.0,1.0076305634292197,1.0076305634292197,0.0
downtrend_highvol_forced_cover_signal,7254,7255,7261,2026-06-02 04:30:00+00:00,2026-06-02 04:35:00+00:00,2026-06-02 05:05:00+00:00,71037.99,70682.01,-0.005011121513995742,-0.005011121513995742,6,fixed_6b_exit,False,out_of_sample,6,30,no_cost,0.0,1.00258120423466,1.0076305634292197,-0.005011121513995631
downtrend_highvol_forced_cover_signal,7491,7492,7498,2026-06-03 00:15:00+00:00,2026-06-03 00:20:00+00:00,2026-06-03 00:50:00+00:00,66884.37,67024.59,0.002096453924885555,0.002096453924885555,6,fixed_6b_exit,True,out_of_sample,6,30,no_cost,0.0,1.0046830695352942,1.0076305634292197,-0.00292517317447627
downtrend_highvol_forced_cover_signal,8153,8154,8160,2026-06-05 07:25:00+00:00,2026-06-05 07:30:00+00:00,2026-06-05 08:00:00+00:00,62445.84,62873.96,0.006855861014921194,0.006855861014921194,6,fixed_6b_exit,True,out_of_sample,6,30,no_cost,0.0,1.0115710370240725,1.0115710370240725,0.0
downtrend_highvol_forced_cover_signal,44,45,57,2026-05-08 03:40:00+00:00,2026-05-08 03:45:00+00:00,2026-05-08 04:45:00+00:00,79590.25,79625.01,0.00043673691187051666,-0.0007632630881294834,12,fixed_12b_exit,False,out_of_sample,12,60,base_cost,0.0012000000000000001,0.9992367369118705,0.9992367369118705,0.0
downtrend_highvol_forced_cover_signal,1647,1648,1660,2026-05-13 17:15:00+00:00,2026-05-13 17:20:00+00:00,2026-05-13 18:20:00+00:00,79300.0,79774.15,0.005979192938209366,0.004779192938209366,12,fixed_12b_exit,True,out_of_sample,12,60,base_cost,0.0012000000000000001,1.0040122820685191,1.0040122820685191,0.0
downtrend_highvol_forced_cover_signal,3074,3075,3087,2026-05-18 16:10:00+00:00,2026-05-18 16:15:00+00:00,2026-05-18 17:15:00+00:00,76605.67,76662.01,0.0007354546993714184,-0.0004645453006285817,12,fixed_12b_exit,False,out_of_sample,12,60,base_cost,0.0012000000000000001,1.0035458728811109,1.0040122820685191,-0.0004645453006285605
downtrend_highvol_forced_cover_signal,4234,4235,4247,2026-05-22 16:50:00+00:00,2026-05-22 16:55:00+00:00,2026-05-22 17:55:00+00:00,76950.68,76750.0,-0.0026079041796640556,-0.0038079041796640557,12,fixed_12b_exit,False,out_of_sample,12,60,base_cost,0.0012000000000000001,0.9997244663572823,1.0040122820685191,-0.004270680536300642
downtrend_highvol_forced_cover_signal,4800,4801,4813,2026-05-24 16:00:00+00:00,2026-05-24 16:05:00+00:00,2026-05-24 17:05:00+00:00,76584.45,76706.02,0.0015873979639471347,0.0003873979639471346,12,fixed_12b_exit,True,out_of_sample,12,60,base_cost,0.0012000000000000001,1.000111757580057,1.0040122820685191,-0.0038849370252981297
downtrend_highvol_forced_cover_signal,5655,5656,5668,2026-05-27 15:15:00+00:00,2026-05-27 15:20:00+00:00,2026-05-27 16:20:00+00:00,75399.88,75063.36,-0.004463137076610835,-0.005663137076610834,12,fixed_12b_exit,False,out_of_sample,12,60,base_cost,0.0012000000000000001,0.9944479876049511,1.0040122820685191,-0.009526073171000626
downtrend_highvol_forced_cover_signal,5700,5701,5713,2026-05-27 19:00:00+00:00,2026-05-27 19:05:00+00:00,2026-05-27 20:05:00+00:00,75012.01,75271.99,0.0034658450026869847,0.0022658450026869846,12,fixed_12b_exit,True,out_of_sample,12,60,base_cost,0.0012000000000000001,0.9967012526080978,1.0040122820685191,-0.007281812773603402
downtrend_highvol_forced_cover_signal,6228,6229,6241,2026-05-29 15:00:00+00:00,2026-05-29 15:05:00+00:00,2026-05-29 16:05:00+00:00,73663.04,73900.01,0.003216945703028218,0.0020169457030282177,12,fixed_12b_exit,True,out_of_sample,12,60,base_cost,0.0012000000000000001,0.9987115449167485,1.0040122820685191,-0.005279554091559224
downtrend_highvol_forced_cover_signal,6809,6810,6822,2026-05-31 15:25:00+00:00,2026-05-31 15:30:00+00:00,2026-05-31 16:30:00+00:00,73752.23,73438.65,-0.004251803640378138,-0.0054518036403781375,12,fixed_12b_exit,False,out_of_sample,12,60,base_cost,0.0012000000000000001,0.9932667656804838,1.0040122820685191,-0.010702574639721352
downtrend_highvol_forced_cover_signal,6834,6835,6847,2026-05-31 17:30:00+00:00,2026-05-31 17:35:00+00:00,2026-05-31 18:35:00+00:00,73717.94,73667.21,-0.0006881635596436286,-0.0018881635596436287,12,fixed_12b_exit,False,out_of_sample,12,60,base_cost,0.0012000000000000001,0.9913913155685208,1.0040122820685191,-0.012570529987935952
downtrend_highvol_forced_cover_signal,7019,7020,7032,2026-06-01 08:55:00+00:00,2026-06-01 09:00:00+00:00,2026-06-01 10:00:00+00:00,72966.16,72783.15,-0.0025081489830355297,-0.00370814898303553,12,fixed_12b_exit,False,out_of_sample,12,60,base_cost,0.0012000000000000001,0.9877150888699051,1.0040122820685191,-0.016232065572980514
downtrend_highvol_forced_cover_signal,7113,7114,7126,2026-06-01 16:45:00+00:00,2026-06-01 16:50:00+00:00,2026-06-01 17:50:00+00:00,71426.15,71715.98,0.004057757557981212,0.002857757557981212,12,fixed_12b_exit,True,out_of_sample,12,60,base_cost,0.0012000000000000001,0.9905377391302551,1.0040122820685191,-0.013420695323072218
downtrend_highvol_forced_cover_signal,7254,7255,7267,2026-06-02 04:30:00+00:00,2026-06-02 04:35:00+00:00,2026-06-02 05:35:00+00:00,71037.99,70610.03,-0.006024382165092268,-0.007224382165092268,12,fixed_12b_exit,False,out_of_sample,12,60,base_cost,0.0012000000000000001,0.9833817159538317,1.0040122820685191,-0.02054812125622929
downtrend_highvol_forced_cover_signal,7491,7492,7504,2026-06-03 00:15:00+00:00,2026-06-03 00:20:00+00:00,2026-06-03 01:20:00+00:00,66884.37,66944.21,0.0008946783830066085,-0.0003053216169933916,12,fixed_12b_exit,False,out_of_sample,12,60,base_cost,0.0012000000000000001,0.983081468258195,1.0040122820685191,-0.020847169087614525
downtrend_highvol_forced_cover_signal,8153,8154,8166,2026-06-05 07:25:00+00:00,2026-06-05 07:30:00+00:00,2026-06-05 08:30:00+00:00,62445.84,62702.44,0.004109160834412817,0.002909160834412817,12,fixed_12b_exit,True,out_of_sample,12,60,base_cost,0.0012000000000000001,0.9859414103626887,1.0040122820685191,-0.01799865602101991
downtrend_highvol_forced_cover_signal,44,45,57,2026-05-08 03:40:00+00:00,2026-05-08 03:45:00+00:00,2026-05-08 04:45:00+00:00,79590.25,79625.01,0.00043673691187051666,0.00043673691187051666,12,fixed_12b_exit,True,out_of_sample,12,60,no_cost,0.0,1.0004367369118705,1.0004367369118705,0.0
downtrend_highvol_forced_cover_signal,1647,1648,1660,2026-05-13 17:15:00+00:00,2026-05-13 17:20:00+00:00,2026-05-13 18:20:00+00:00,79300.0,79774.15,0.005979192938209366,0.005979192938209366,12,fixed_12b_exit,True,out_of_sample,12,60,no_cost,0.0,1.0064185411843392,1.0064185411843392,0.0
downtrend_highvol_forced_cover_signal,3074,3075,3087,2026-05-18 16:10:00+00:00,2026-05-18 16:15:00+00:00,2026-05-18 17:15:00+00:00,76605.67,76662.01,0.0007354546993714184,0.0007354546993714184,12,fixed_12b_exit,True,out_of_sample,12,60,no_cost,0.0,1.0071587164299878,1.0071587164299878,0.0
downtrend_highvol_forced_cover_signal,4234,4235,4247,2026-05-22 16:50:00+00:00,2026-05-22 16:55:00+00:00,2026-05-22 17:55:00+00:00,76950.68,76750.0,-0.0026079041796640556,-0.0026079041796640556,12,fixed_12b_exit,False,out_of_sample,12,60,no_cost,0.0,1.004532143003825,1.0071587164299878,-0.0026079041796639446
downtrend_highvol_forced_cover_signal,4800,4801,4813,2026-05-24 16:00:00+00:00,2026-05-24 16:05:00+00:00,2026-05-24 17:05:00+00:00,76584.45,76706.02,0.0015873979639471347,0.0015873979639471347,12,fixed_12b_exit,True,out_of_sample,12,60,no_cost,0.0,1.0061267352823486,1.0071587164299878,-0.0010246459975018496
downtrend_highvol_forced_cover_signal,5655,5656,5668,2026-05-27 15:15:00+00:00,2026-05-27 15:20:00+00:00,2026-05-27 16:20:00+00:00,75399.88,75063.36,-0.004463137076610835,-0.004463137076610835,12,fixed_12b_exit,False,out_of_sample,12,60,no_cost,0.0,1.0016362537463406,1.0071587164299878,-0.005483209938570877
downtrend_highvol_forced_cover_signal,5700,5701,5713,2026-05-27 19:00:00+00:00,2026-05-27 19:05:00+00:00,2026-05-27 20:05:00+00:00,75012.01,75271.99,0.0034658450026869847,0.0034658450026869847,12,fixed_12b_exit,True,out_of_sample,12,60,no_cost,0.0,1.0051077697508974,1.0071587164299878,-0.002036368891648155
downtrend_highvol_forced_cover_signal,6228,6229,6241,2026-05-29 15:00:00+00:00,2026-05-29 15:05:00+00:00,2026-05-29 16:05:00+00:00,73663.04,73900.01,0.003216945703028218,0.003216945703028218,12,fixed_12b_exit,True,out_of_sample,12,60,no_cost,0.0,1.008341146871878,1.008341146871878,0.0
downtrend_highvol_forced_cover_signal,6809,6810,6822,2026-05-31 15:25:00+00:00,2026-05-31 15:30:00+00:00,2026-05-31 16:30:00+00:00,73752.23,73438.65,-0.004251803640378138,-0.004251803640378138,12,fixed_12b_exit,False,out_of_sample,12,60,no_cost,0.0,1.004053878312865,1.008341146871878,-0.004251803640378138
downtrend_highvol_forced_cover_signal,6834,6835,6847,2026-05-31 17:30:00+00:00,2026-05-31 17:35:00+00:00,2026-05-31 18:35:00+00:00,73717.94,73667.21,-0.0006881635596436286,-0.0006881635596436286,12,fixed_12b_exit,False,out_of_sample,12,60,no_cost,0.0,1.0033629250218912,1.008341146871878,-0.004937041263693764
downtrend_highvol_forced_cover_signal,7019,7020,7032,2026-06-01 08:55:00+00:00,2026-06-01 09:00:00+00:00,2026-06-01 10:00:00+00:00,72966.16,72783.15,-0.0025081489830355297,-0.0025081489830355297,12,fixed_12b_exit,False,out_of_sample,12,60,no_cost,0.0,1.000846341321882,1.008341146871878,-0.0074328074117044896
downtrend_highvol_forced_cover_signal,7113,7114,7126,2026-06-01 16:45:00+00:00,2026-06-01 16:50:00+00:00,2026-06-01 17:50:00+00:00,71426.15,71715.98,0.004057757557981212,0.004057757557981212,12,fixed_12b_exit,True,out_of_sample,12,60,no_cost,0.0,1.0049075331277586,1.008341146871878,-0.0034052103841752945
downtrend_highvol_forced_cover_signal,7254,7255,7267,2026-06-02 04:30:00+00:00,2026-06-02 04:35:00+00:00,2026-06-02 05:35:00+00:00,71037.99,70610.03,-0.006024382165092268,-0.006024382165092268,12,fixed_12b_exit,False,out_of_sample,12,60,no_cost,0.0,0.9988535861076169,1.008341146871878,-0.0094090782605607
downtrend_highvol_forced_cover_signal,7491,7492,7504,2026-06-03 00:15:00+00:00,2026-06-03 00:20:00+00:00,2026-06-03 01:20:00+00:00,66884.37,66944.21,0.0008946783830066085,0.0008946783830066085,12,fixed_12b_exit,True,out_of_sample,12,60,no_cost,0.0,0.999747238818896,1.008341146871878,-0.008522817976477803
downtrend_highvol_forced_cover_signal,8153,8154,8166,2026-06-05 07:25:00+00:00,2026-06-05 07:30:00+00:00,2026-06-05 08:30:00+00:00,62445.84,62702.44,0.004109160834412817,0.004109160834412817,12,fixed_12b_exit,True,out_of_sample,12,60,no_cost,0.0,1.003855361016963,1.008341146871878,-0.004448678771892811
